item_name,item_description,item_price,item_image
2 Pieces Parotta And Beef Curry,,21.0,https://images.deliveryhero.io/image/talabat/Menuitems/mmw_638184795739903623?width=172&amp;height=172
Eranadan Beef Roast Full,Tender pieces of beef cooked with shallots and traditional masalas,28.95,https://images.deliveryhero.io/image/talabat/Menuitems/mmw_638184819494665279?width=172&amp;height=172
Kottayam Beef Fry,"Kerala Beef Preparation with an appetising marinade of red chilly, fenel seeds, garam masala and sallow lelel in coconut oil",29.75,https://images.deliveryhero.io/image/talabat/Menuitems/mmw_638184705338028171?width=172&amp;height=172
Pot Tea - Samavor Fresh Milk Tea,Traditional Samavor tea served in disposible flask for 3-4 people,20.0,
Fresh Milk Coffee ,Fresh milk coffee served in disposable flask for 3-4 person,26.0,
Zaffron Black Tea,Zaffron sulaimani for serve 3 -4 portion flask.,12.95,
Beef Coconut Fry,Kerala beef preperation with appetizing marinatedof red chilly,29.75,
Chciken Dry Fry,typically made in crumbled coconut & spices,27.0,
Kerala Chicken Skewer 3 Pc,"Kerala masala coated chicken supreme, season chilli, curry leafs organic honey glaze",30.0,
Chilly Chicken Biryani,Jeerkasala rice toasted and put on dum in Chineese gravy,24.75,
Pothi Porotta Chicken,Malabari way of double porta between 2 pieces kerala chicken curry topped and wrapped in banana leaf,19.95,
Kozhikoden Kozhi Nirachathu,,49.95,
Paal Kappa Beef,Tapioca Mix In Coconut Milk And Topitup With Beef Roast,27.95,https://images.deliveryhero.io/image/talabat/Menuitems/mmw_638321910761011657?width=172&amp;height=172
Paal Kappa Chicken,Tapioca mix with coconut milk and topitup with chicken roast.,26.95,
Lemon Coriander Soup Chicken,Overnight spiced stock and flash fire herbs infused soup,18.95,https://images.deliveryhero.io/image/talabat/Menuitems/mmw_638184688599468271?width=172&amp;height=172
Sweet Corn Soup Veg,,13.95,https://images.deliveryhero.io/image/talabat/Menuitems/mmw_638184689397311466?width=172&amp;height=172
Sweet Corn Soup Chicken,,15.75,https://images.deliveryhero.io/image/talabat/Menuitems/mmw_638184689891830058?width=172&amp;height=172
Hot And Sour Veg Soup,"Thick savoury, spicy, sour and healthy soup in well balanced veg sauce ",14.75,https://images.deliveryhero.io/image/talabat/Menuitems/mmw_638184690458754759?width=172&amp;height=172
Hot And Sour Non Veg Soup,"Thick savoury, spicy, sour and healthy soup in well balanced Chicken sauce ",16.75,https://images.deliveryhero.io/image/talabat/Menuitems/mmw_638184695843295766?width=172&amp;height=172
Green Salad,Regular green salad cut veggies and leafy,10.95,https://images.deliveryhero.io/image/talabat/Menuitems/mmw_638184695143562506?width=172&amp;height=172
Malabari Caesar Salad,"Romaine lettuce dressed in temperd caesar dressing, crusted rusk and roasted mix flax seeds",18.75,https://images.deliveryhero.io/image/talabat/Menuitems/mmw_638185194764876106?width=172&amp;height=172
Thenga Manga Salad,"Julienne raw pappaya, mango, grated coconut, Thai jaggery and tamarind dressing",17.75,https://images.deliveryhero.io/image/talabat/Menuitems/mmw_638184696063421387?width=172&amp;height=172
Adaminde Poricha Koyi Salad,Gourmet mayo and green salad tossed in smoked chicken,19.75,
Gobi Manchurian Dry,"Gobi manchurian is the result of the adaption of chinese cooking, seasoning techniques to suit Indian taste and has become a staple of Indian chinese cuisine",19.0,https://images.deliveryhero.io/image/talabat/Menuitems/mmw_638185193157604151?width=172&amp;height=172
Chilly Paneer Dry,"Batter fried paneer with green chilly, diced pimentos and onion in chilly soya sauce",25.0,https://images.deliveryhero.io/image/talabat/Menuitems/mmw_638184698632830612?width=172&amp;height=172
Honey Chilli Potato Fry,Crispy gourmet potato fry tossed in honey chilli seasame sauce,16.5,https://images.deliveryhero.io/image/talabat/Menuitems/mmw_638184696851158765?width=172&amp;height=172
Crispy Beetroot Undapuri,Crispy Beetroot undapuri served 3 pieces,25.0,
Chicken Pottitherichathu,Crunchy laces wrapped chicken supreme served with dynamite sauce,22.5,https://images.deliveryhero.io/image/talabat/Menuitems/mmw_638184742591733013?width=172&amp;height=172
Kerala Chicken Skewer 3 Pieces,"Keralan masala coated chicken supreme, season chilly, curry leaf and organic honey glazed",30.0,https://images.deliveryhero.io/image/talabat/Menuitems/mmw_638184698117205283?width=172&amp;height=172
Chicken Dry Fry Full,Typically made in crumbled coconut and spices ,27.0,https://images.deliveryhero.io/image/talabat/Menuitems/mmw_638184698770123478?width=172&amp;height=172
Chicken Dry Fry Half,Typically made in crumbled coconut and spices ,16.0,
Squid Ring Fry,Baby squid marinated in mild kerala masala and deep crispy fried,32.0,https://images.deliveryhero.io/image/talabat/Menuitems/mmw_638213708738807207?width=172&amp;height=172
Kottayam Beef Fry,"Kerala Beef Preparation with an appetising marinade of red chilly, fenel seeds, garam masala and sallow lelel in coconut oil",29.75,https://images.deliveryhero.io/image/talabat/Menuitems/mmw_638184705338028171?width=172&amp;height=172
Dynamite Chicken,Our gourmet dynamite souce tossed in your preference,39.0,https://images.deliveryhero.io/image/talabat/Menuitems/mmw_638184744352029784?width=172&amp;height=172
Dynamite Prawns,Our gourmet dynamite souce tossed in your preference,39.0,https://images.deliveryhero.io/image/talabat/Menuitems/mmw_638184740558888310?width=172&amp;height=172
Pan Fried Prawns Skewer,Tawa Masala temperd prawn and chilly coriander salsa,32.0,https://images.deliveryhero.io/image/talabat/Menuitems/mmw_638184701546269768?width=172&amp;height=172
Dynamite Squid,Our gourmet dynamite souce tossed in your preference,39.0,https://images.deliveryhero.io/image/talabat/Menuitems/mmw_638184740920244267?width=172&amp;height=172
Korean Hot Dog Per Stick,"Chicken, cheese, sausage, cheese ball, batter fried and korean spicy sauce",16.95,https://images.deliveryhero.io/image/talabat/Menuitems/mmw_638184705565166990?width=172&amp;height=172
Chicken Pazhampori per stick,Typically made in crumbled coconut and spices,14.95,
Chilli Garlic Noodles Veg,"Asian chinese-style garlic noodles recipe includes noodles cooked with dry red chilies, red chili sauce for a vibrant and lightly spicy dish",22.0,https://images.deliveryhero.io/image/talabat/Menuitems/mmw_638186957472633818?width=172&amp;height=172
Chilli Garlic Noodles Chicken,"Asian chinese-style garlic noodles recipe includes noodles cooked with dry red chilies, red chili sauce for a vibrant and lightly spicy dish",24.0,https://images.deliveryhero.io/image/talabat/Menuitems/mmw_638186955970011015?width=172&amp;height=172
Paal Kappa Beef ,Beef potli wrap in banana leaf accompanied with tapioca cooked in coconut milk,29.95,https://images.deliveryhero.io/image/talabat/Menuitems/mmw_638295178514665304?width=172&amp;height=172
Paal Kappa Chicken ,Chicken potli wrap in banana leaf accompanied with tapioca cooked in coconut milk,27.95,https://images.deliveryhero.io/image/talabat/Menuitems/mmw_638295180302827046?width=172&amp;height=172
Kerala Porata,,2.15,https://images.deliveryhero.io/image/talabat/Menuitems/mmw_638184814310483550?width=172&amp;height=172
Wheat Porata,,2.5,
Thattu Dosa 2 Pieces,,4.0,https://images.deliveryhero.io/image/talabat/Menuitems/mmw_638184817454393580?width=172&amp;height=172
Kallappam 2 Pieces,,4.0,https://images.deliveryhero.io/image/talabat/Menuitems/mmw_638213705789968204?width=172&amp;height=172
Idiyappam 2 Pieces,,4.0,https://images.deliveryhero.io/image/talabat/Menuitems/mmw_638184816736995947?width=172&amp;height=172
Nice Pathiri 2 Pieces,,4.0,https://images.deliveryhero.io/image/talabat/Menuitems/mmw_638184813468525668?width=172&amp;height=172
Mixed Veg Curry,Veggies tossed in light coconut korma gravy,15.95,https://images.deliveryhero.io/image/talabat/Menuitems/mmw_638186914022598478?width=172&amp;height=172
Paneer Mango Curry,Slow Cooked Yellow mango gravy finished with virgin coconut milk,24.95,https://images.deliveryhero.io/image/talabat/Menuitems/mmw_638186925487290766?width=172&amp;height=172
Paneer Butter Masala,"Rich creamy curry made with paneer, spices, onions, tomatoes cashew and butter",25.95,https://images.deliveryhero.io/image/talabat/Menuitems/mmw_638186925898775425?width=172&amp;height=172
Chilly Paneer Gravy,Indo Chinese Appetizer made by tossing fried paneer in sweet and sour and spicy Chilly sauce,24.95,
Gobi Manchurian Gravy,Gobi Manchurian is the result of the adaption of chinese cooking and seasoning techniques to suit indian taste and has become a staple of indian chinese cuisine,19.0,https://images.deliveryhero.io/image/talabat/Menuitems/mmw_638186927342991610?width=172&amp;height=172
Kozhikkodan Kozhi Chaar Full,Traditional kerala style chicken curry,25.95,https://images.deliveryhero.io/image/talabat/Menuitems/mmw_638186928723169523?width=172&amp;height=172
Kozhikkodan Kozhi Chaar Half,Traditional kerala style chicken curry.,14.95,
Monjathi Kozhi Curry Full,Chicken cooked in slow braised yellow gravy,26.95,https://images.deliveryhero.io/image/talabat/Menuitems/mmw_638184817882297676?width=172&amp;height=172
Monjathi Kozhi Curry Half,Chicken cooked in slow braised yellow gravy,15.95,
Manavatti Chicken Roast Full,Roasted chicken in creamy traditional masala,25.95,https://images.deliveryhero.io/image/talabat/Menuitems/mmw_638184818435338205?width=172&amp;height=172
Manavatti Chicken Roast Half,Roasted chicken in creamy traditional masala.,14.95,
Malabari Chilly Chicken,Authentic chili chicken got twisted a bit to give an experience,28.95,https://images.deliveryhero.io/image/talabat/Menuitems/mmw_638184817489764294?width=172&amp;height=172
Malabari Butter Chicken,Tomato cashew gravy cooked with chicken 65 pieces,32.95,https://images.deliveryhero.io/image/talabat/Menuitems/mmw_638184819330406767?width=172&amp;height=172
Kondotty Beef Curry Full,Beef pieces along with flavorful kerala homely curry,27.95,https://images.deliveryhero.io/image/talabat/Menuitems/mmw_638184819921947808?width=172&amp;height=172
Kondotty Beef Curry Half,Beef pieces along with flavorful kerala homely curry,15.95,https://images.deliveryhero.io/image/talabat/Menuitems/mmw_638266725205638081?width=172&amp;height=172
Eranadan Beef Roast Full,Tender pieces of beef cooked with shallots and traditional masalas,28.95,https://images.deliveryhero.io/image/talabat/Menuitems/mmw_638184819494665279?width=172&amp;height=172
Eranadan Beef Roast Half,Tender pieces of beef cooked with shallots and traditional masalas,15.95,
King Fish Mango Curry,Fish cooked in fresh coconut base gravy and spices with raw mango slices,25.75,https://images.deliveryhero.io/image/talabat/Menuitems/mmw_638186931886368613?width=172&amp;height=172
King Fish Mulakittathu,Spicy and tangry red prawns curry,25.75,https://images.deliveryhero.io/image/talabat/Menuitems/mmw_638186931958799706?width=172&amp;height=172
Prawns Mango Curry,Prawns cooked in fresh coconut base gravy and spices with raw mango slices,31.95,https://images.deliveryhero.io/image/talabat/Menuitems/mmw_638186932104093849?width=172&amp;height=172
Prawns Mulakittathu,Spicy and tangry red prawns curry,31.95,https://images.deliveryhero.io/image/talabat/Menuitems/mmw_638186932260916603?width=172&amp;height=172
Prawns Kizhi,Prawns cooked in semi kerala style masala with lots of onion comes with banana leaf wrap,31.95,https://images.deliveryhero.io/image/talabat/Menuitems/mmw_638186933991630047?width=172&amp;height=172
Squid Roast,Squid cooked with thick sauce of ripened tomato and onion,29.95,https://images.deliveryhero.io/image/talabat/Menuitems/mmw_638186934181138733?width=172&amp;height=172
Hamour Mango Curry,Traditional Kerala Style Mango Fish Curry.,39.75,
Hamour Pollichathu,Fish cooked traditional kerala style masala and wrapped with banana leaf,39.75,
Hamour Mulakittathu,,39.75,
King Fish Pollichathu,,29.95,
Prawns Roast,,31.95,
Koonthal Squid Roast,,29.95,
2 Pieces Parotta And Mixed Veg Curry,,19.75,https://images.deliveryhero.io/image/talabat/Menuitems/mmw_638184794685432249?width=172&amp;height=172
2 Pieces Parotta And 2 Piece Chicken Curry,,21.0,https://images.deliveryhero.io/image/talabat/Menuitems/mmw_638184795237276827?width=172&amp;height=172
2 Pieces Parotta And Beef Curry,,21.0,https://images.deliveryhero.io/image/talabat/Menuitems/mmw_638184795739903623?width=172&amp;height=172
3 Pieces Idiyapam And Mixed Veg Curry,,19.75,https://images.deliveryhero.io/image/talabat/Menuitems/mmw_638184803005595908?width=172&amp;height=172
3 Pieces Idiyappam And Chicken Curry,,21.0,https://images.deliveryhero.io/image/talabat/Menuitems/mmw_638184805583441419?width=172&amp;height=172
3 Pieces Idiyappam And Beef Curry,,21.0,https://images.deliveryhero.io/image/talabat/Menuitems/mmw_638184802819079036?width=172&amp;height=172
4 Pieces Nice Pathiri And Mixed Veg Curry,,19.75,https://images.deliveryhero.io/image/talabat/Menuitems/mmw_638184805024834069?width=172&amp;height=172
4 Pieces Nice Pathiri And Chicken Curry,,21.0,https://images.deliveryhero.io/image/talabat/Menuitems/mmw_638184803266665828?width=172&amp;height=172
4 Pieces Nice Pathiri And Beef Curry,,21.0,https://images.deliveryhero.io/image/talabat/Menuitems/mmw_638184805415710694?width=172&amp;height=172
2 Pieces Kallappam And Veg Curry,,19.75,
2 Pieces Kallappam And Chicken Curry,,21.0,
2 Pieces Kallappam And Beef Curry,,21.0,
Fruit Salad with Ice Cream,Sandwich with a filling of stuffed falafel balls.,14.0,https://images.deliveryhero.io/image/talabat/Menuitems/mmw_638186935634169236?width=172&amp;height=172
Mini Falooda,,16.0,https://images.deliveryhero.io/image/talabat/Menuitems/mmw_638186937587654371?width=172&amp;height=172
Avil Milk,A nourishing and wholesome beverage made with flattened rice (avil) and milk.,16.5,https://images.deliveryhero.io/image/talabat/Menuitems/mmw_638186937610062723?width=172&amp;height=172
Adam's Special Falooda,,21.0,
Coco Malai,,22.0,https://images.deliveryhero.io/image/talabat/Menuitems/mmw_638213705575000025?width=172&amp;height=172
Fresh Lime,A refreshing citrus fruit used for flavoring drinks or as a garnish.,8.0,https://images.deliveryhero.io/image/talabat/Menuitems/mmw_638186940825212585?width=172&amp;height=172
Mint Lime,,8.0,https://images.deliveryhero.io/image/talabat/Menuitems/mmw_638186940034656281?width=172&amp;height=172
Nannari Sarbath,Refreshing Indian drink made with nannari (sarsaparilla) syrup.,16.0,https://images.deliveryhero.io/image/talabat/Menuitems/mmw_638186939811353464?width=172&amp;height=172
Spicy Nellikka Sarbath,,16.0,https://images.deliveryhero.io/image/talabat/Menuitems/mmw_638186941324176693?width=172&amp;height=172
Watermelon Juice,A refreshing and hydrating beverage made from ripe watermelons.,16.0,https://images.deliveryhero.io/image/talabat/Menuitems/mmw_638186940852173731?width=172&amp;height=172
Pineapple Juice,A sweet and tangy beverage made from fresh pineapples.,16.0,https://images.deliveryhero.io/image/talabat/Menuitems/mmw_638186941219523431?width=172&amp;height=172
Orange Juice,"Made with freshly squeezed oranges, it's a great source of Vitamin C.",16.0,https://images.deliveryhero.io/image/talabat/Menuitems/mmw_638186941725986362?width=172&amp;height=172
Mango Juice,Refreshing and sweet drink made from the pulp of ripe mangoes mixed with water or other ingredients.,16.0,https://images.deliveryhero.io/image/talabat/Menuitems/mmw_638186942823693684?width=172&amp;height=172
Grape Juice,Grapes juice is a sweet and refreshing beverage made from crushed grapes.,16.0,https://images.deliveryhero.io/image/talabat/Menuitems/mmw_638186943893749170?width=172&amp;height=172
Mik Sarbath,,19.0,https://images.deliveryhero.io/image/talabat/Menuitems/mmw_638186943985825177?width=172&amp;height=172
Passion Fruit Sarbath,,19.0,https://images.deliveryhero.io/image/talabat/Menuitems/mmw_638186945603634466?width=172&amp;height=172
Elaneer Juice Tender Coconut,,19.0,https://images.deliveryhero.io/image/talabat/Menuitems/mmw_638186948181476744?width=172&amp;height=172
Avacado Juice,A refreshing beverage made from blended avocado.,19.0,https://images.deliveryhero.io/image/talabat/Menuitems/mmw_638186953432550820?width=172&amp;height=172
Sharjah Shake,Fruit shake from Sharjah.,19.0,https://images.deliveryhero.io/image/talabat/Menuitems/mmw_638186951087861532?width=172&amp;height=172
Chickoo Shake,,19.0,https://images.deliveryhero.io/image/talabat/Menuitems/mmw_638186949961704483?width=172&amp;height=172
Avacado Shake,,19.0,https://images.deliveryhero.io/image/talabat/Menuitems/mmw_638186950173686513?width=172&amp;height=172
Tender Coconut Shake,A refreshing shake made with tender coconut meat and coconut water.,19.0,https://images.deliveryhero.io/image/talabat/Menuitems/mmw_638186951289490059?width=172&amp;height=172
Mango Shake,Refreshing and delicious drink made from fresh or frozen mangoes.,19.0,https://images.deliveryhero.io/image/talabat/Menuitems/mmw_638186951756290414?width=172&amp;height=172
Strawbery Shake,,19.0,https://images.deliveryhero.io/image/talabat/Menuitems/mmw_638186953021970670?width=172&amp;height=172
Chocolate Shake,"Creamy beverage made by blending rich chocolate ice cream or syrup with milk, creating a smooth and irresistible treat that satisfies chocolate cravings",19.0,https://images.deliveryhero.io/image/talabat/Menuitems/mmw_638186955042052884?width=172&amp;height=172
Vanila Shake,,19.0,https://images.deliveryhero.io/image/talabat/Menuitems/mmw_638186955276535077?width=172&amp;height=172
