item_name,item_description,item_price,item_image
Meat Madfoon,"2 Pieces of fresh goat meat marinated cooked in special way, served with mandi or bukhari rice. Served with light meat soup hot sauce.",96.25,https://images.deliveryhero.io/image/talabat/Menuitems/C5F9EE28857C82949C7DA5E86229B864?width=172&amp;height=172
Pepsi,Carbonated soft drink,7.0,https://images.deliveryhero.io/image/talabat/Menuitems/pepsiCan638028937529039718.jpg?width=172&amp;height=172
Yogurt With Cucumber,Fresh yogurt with cucumber slices and mint.,14.0,https://images.deliveryhero.io/image/talabat/Menuitems/D5F220B2B76D757B5D16D29C67813EAE?width=172&amp;height=172
Labin Erain Fresh,,14.0,
Green Salad,"Fresh cucumber, tomato, lettuce, green pepper, onion marinated with olive oil and lemon juice.",22.0,https://images.deliveryhero.io/image/talabat/Menuitems/F6FE5F83EB410124A2D2BC10D200779D?width=172&amp;height=172
Yogurt With Cucumber,Fresh yogurt with cucumber slices and mint.,14.0,https://images.deliveryhero.io/image/talabat/Menuitems/D5F220B2B76D757B5D16D29C67813EAE?width=172&amp;height=172
Fatoush Salad,"Salad made with mixed greens, vegetables, and crispy pieces of toasted bread.",24.0,https://images.deliveryhero.io/image/talabat/Menuitems/3AA21A73F601856CB82BF9CF6881135A?width=172&amp;height=172
Yoghurt,Dairy product .,6.0,https://images.deliveryhero.io/image/talabat/Menuitems/B3FFF9AF6A5A1D3CFF3AE4A532594D56?width=172&amp;height=172
Rocca Salad,"Fresh Rocca leaves, tomato, onion, lemon, sumac, pomegranate molasses",24.0,https://images.deliveryhero.io/image/talabat/Menuitems/A7BCA0A075F80FD43DA3B78B3ADF577E?width=172&amp;height=172
Nuts,"Assortment of premium nuts, roasted to perfection and lightly seasoned, offering a crunchy and satisfying snack option",5.0,https://images.deliveryhero.io/image/talabat/Menuitems/6FE4584E16E03B992675691FE80E12B5?width=172&amp;height=172
Fried Onions,Onions that have been thinly sliced and fried until crispy,5.0,https://images.deliveryhero.io/image/talabat/Menuitems/77B67D69A4DB72739356FFE7CFEF6BFD?width=172&amp;height=172
White Onion And Lemon,,3.0,https://images.deliveryhero.io/image/talabat/Menuitems/5955A2A74C1933D37A18D7ED6AB24546?width=172&amp;height=172
Hot Sauce,"Spice up your meals with our fiery Hot Sauce, a bold blend of spices and peppers that adds an irresistible kick to every bite, leaving you craving more.",2.0,https://images.deliveryhero.io/image/talabat/Menuitems/F2E75A16CC2213C1E210D14E1E6E7178?width=172&amp;height=172
Meat Madfoon,"2 Pieces of fresh goat meat marinated cooked in special way, served with mandi or bukhari rice. Served with light meat soup hot sauce.",96.25,https://images.deliveryhero.io/image/talabat/Menuitems/C5F9EE28857C82949C7DA5E86229B864?width=172&amp;height=172
Meat Mazbi,"750 grams of fresh lamb shoulder marinated and grilled on coals , served with mandi or bukhari rice",101.25,https://images.deliveryhero.io/image/talabat/Menuitems/blob_637758785231828797?width=172&amp;height=172
Salmon With Rice,"300 gram salmon fish fillet marinated with special sauce  spices and charcoal grilled. Served with your choice of mandi rice or bukhari rice, light meat soup, hot sauce and Arabic salad.",96.25,https://images.deliveryhero.io/image/talabat/Menuitems/E234D9D5D06584C5F63DD87F23DC33D4?width=172&amp;height=172
Supreme Mix,"Sea bream fish, 3 pieces of jumbo prawns marinated with our special spices, grilled on charcoal, served with mandi rice or bukhari rice and special hot sauce.",125.25,https://images.deliveryhero.io/image/talabat/Menuitems/F632435460AC8704735BE8EC068720EA?width=172&amp;height=172
Supreme,Charcoal grilled sea bream fish marinated with our special spices. Served with your choice of rice and special hot sauce.,96.25,https://images.deliveryhero.io/image/talabat/Menuitems/E9D768AFE9CD2387117392E2CDE7160B?width=172&amp;height=172
Al Saada Shrimp With Curry Sauce 10 Pieces,,148.25,https://images.deliveryhero.io/image/talabat/Menuitems/blob_637757656839053814?width=172&amp;height=172
Kunafa With Cream,"Layers of crispy pastry, filled with creamy goodness and topped with a golden syrup drizzle.",25.0,https://images.deliveryhero.io/image/talabat/Menuitems/18D2750BD50F0F580BA3615C2E6FB88F?width=172&amp;height=172
Kunafa With Cream and Chocolate,,31.0,https://images.deliveryhero.io/image/talabat/Menuitems/57D7AF7FAC9F3F54CBD1BED168459733?width=172&amp;height=172
Lotus Kunafa,i-7984c060-368d-4f99-829e-9c0474a99dbb,31.0,https://images.deliveryhero.io/image/talabat/Menuitems/D5768EDB34D2BDE99D1267515E3A9D8F?width=172&amp;height=172
Kunafa With Pistachio Sauce,,31.0,https://images.deliveryhero.io/image/talabat/Menuitems/E0C1183FDF5FA35F50FE54EF0B0BF737?width=172&amp;height=172
Small Mineral Water,Stay hydrated and refreshed with our mineral water. ,5.0,https://images.deliveryhero.io/image/talabat/Menuitems/FD029CA2A07107BAA221448C998D1B23?width=172&amp;height=172
Pepsi,Carbonated soft drink,7.0,https://images.deliveryhero.io/image/talabat/Menuitems/pepsiCan638028937529039718.jpg?width=172&amp;height=172
