item_name,item_description,item_price,item_image
Kebab Sandwich Combo,"Lamb kebab sandwich with tomatoes, lettuce, hummus served with fries and soft drink",28.0,https://images.deliveryhero.io/image/talabat/Menuitems/blob_637801089970784364?width=172&amp;height=172
Tikka Sandwich Combo,"Tikka lamb sandwich with tomatoes, lettuce, hummus served with fries and soft drink ",30.0,https://images.deliveryhero.io/image/talabat/Menuitems/blob_637801087791288966?width=172&amp;height=172
Shish Tawook Combo Sandwich,Marinated chicken sandwich with garlic served with fries and soft drink ,30.0,https://images.deliveryhero.io/image/talabat/Menuitems/blob_637801092944512232?width=172&amp;height=172
Tikka Lamb Platter,"Grill lamb cubes with hummus, pickles, and bread",43.0,https://images.deliveryhero.io/image/talabat/Menuitems/AlSultan_TikkaLambPlatter638146494845108916.jpg?width=172&amp;height=172
Lamb Kabab Platter,Minced lamb on skewer,38.0,https://images.deliveryhero.io/image/talabat/Menuitems/AlSultan_TikkaLambPlatter638146497324864507.jpg?width=172&amp;height=172
Lamb Arayes,Lamb arayes in bread,39.0,https://images.deliveryhero.io/image/talabat/Menuitems/AlSultan_Araes_Subham0007638146491655503871.jpg?width=172&amp;height=172
Mixed Grill Platter,Mix grill lamb tikka and kabab,43.0,https://images.deliveryhero.io/image/talabat/Menuitems/mmw_638151606716686929?width=172&amp;height=172
Kheshkash Platter,Grill kabab lamb with tomato,40.0,https://images.deliveryhero.io/image/talabat/Menuitems/AlSultan_KheshkashPlatter638146494111054173.jpg?width=172&amp;height=172
Tawouk Grilled Chicken Platter,Charcoal-grilled marinated chicken with appetizers,38.0,https://images.deliveryhero.io/image/talabat/Menuitems/AlSultan_TawoukGrilledChi638144839387797057.jpg?width=172&amp;height=172
Grilled Chicken Meal,"Grilled chicken served with fries, bread, and garlic.",30.0,https://images.deliveryhero.io/image/talabat/Menuitems/AlSultan_GrilledChickenMe638144839544704290.jpg?width=172&amp;height=172
Mix Lamb And Chicken ,Mix of fresh chicken pieces with tikka meat and lamb kabab ,40.0,
Tikka Sandwich,"Lamb tikka with tomatoes, lettuce, chickpeas and special Sultan sauce",8.0,https://images.deliveryhero.io/image/talabat/Menuitems/blob_637801006668668013?width=172&amp;height=172
Kebab Sandwich,"Sandwich Lamb meat kebab with tomatoes, lettuce, chickpeas and special Sultan sauce",7.0,https://images.deliveryhero.io/image/talabat/Menuitems/blob_637801011459344303?width=172&amp;height=172
Shish Tawook Sandwich,Marinated chicken sandwich with garlic sauce,8.0,https://images.deliveryhero.io/image/talabat/Menuitems/blob_637801017844995723?width=172&amp;height=172
Hummus,"Made with the freshest ingredients, including chickpeas, tahini and lemon juice, resulting in a creamy and flavorful dip that's perfect for any occasion.",6.0,https://images.deliveryhero.io/image/talabat/Menuitems/AlSultan_Hummus_Subham001638146488539401366.jpg?width=172&amp;height=172
French Fries,French fries with ketchup,12.0,https://images.deliveryhero.io/image/talabat/Menuitems/mmw_637947681892147076?width=172&amp;height=172
Grilled Onion,Grilled onion rings,2.1,https://images.deliveryhero.io/image/talabat/Menuitems/grilled_onion_636892958429746502.jpg?width=172&amp;height=172
Grilled Tomato,,2.1,https://images.deliveryhero.io/image/talabat/Menuitems/grilled_Tomtato_636892958439122250.jpg?width=172&amp;height=172
Arabic Salad,Made with a mix of fresh vegetables and dressed with lemon juice and olive oil. it's a healthy and delicious option for those looking for a side dish or a light meal.,15.0,https://images.deliveryhero.io/image/talabat/Menuitems/AlSultan_ArabicSalad_Subh638146491002988380.jpg?width=172&amp;height=172
Fattoush Salad,"Made with fresh vegetables, herbs and toasted pita bread. Our Fattoush salad is made with crisp lettuce, tomatoes, cucumbers, onions, parsley and mint, making it a perfect side dish or a satisfying light meal.",15.0,https://images.deliveryhero.io/image/talabat/Menuitems/blob_637368403937637191?width=172&amp;height=172
Rocca Salad,"Made with a combination of fresh arugula, parmesan cheese, and other toppings, it's a simple yet delicious salad that is perfect as a side dish or a light meal.",15.0,
Water,Stay hydrated and refreshed with our water.,3.0,
Pepsi 330 Ml,Soft Drink,5.0,
7 Up 330 Ml,Soft Drink,5.0,https://images.deliveryhero.io/image/talabat/Menuitems/Sprite_330ML_636881012608649029.jpg?width=172&amp;height=172
Pepsi,Soft drink,5.0,https://images.deliveryhero.io/image/talabat/Menuitems/pepsi.jpg?width=172&amp;height=172
Garlic Paste,Mashed garlic sauce.,6.0,
Sultan Sauce,signature sultan vegetable mix chili sauce ,2.0,https://images.deliveryhero.io/image/talabat/Menuitems/blob_637790652564893901?width=172&amp;height=172
Mix Kabab Areas,,36.0,
Mix Tikka Araes,,36.0,
