item_name,item_description,item_price,item_image
Aloo Jeera,"Diced potatoes pan fried with cumin seeds, turmeric powder and coriander",19.9,https://images.deliveryhero.io/image/talabat/Menuitems/aloo_jeera637947875700520584.jpg?width=172&amp;height=172
Steamed Rice,Steamed basmati rice,16.8,
Fish Biryani,"Grilled fish cooked in basmati rice
with a combination of tandoori and
garam masalas",39.9,https://images.deliveryhero.io/image/talabat/Menuitems/fish_biryani637947764965412820.jpg?width=172&amp;height=172
Butter Chicken,"Grilled boneless chicken simmered in
a mild tomato gravy churned with
butter and cream",39.9,https://images.deliveryhero.io/image/talabat/Menuitems/Butter_Chicken637947764045547028.jpg?width=172&amp;height=172
Tandoori Pomfret,"Whole pomfret fish marinated in Greek yoghurt, ground spices and tandoori spices grilled in tandoor",52.2,https://images.deliveryhero.io/image/talabat/Menuitems/Tandoori_Pomfret637947888701601578.jpg?width=172&amp;height=172
Mutton Seekh Kebab,"Minced mutton flavored with garlic, ginger, chillies and special spices grilled in clay oven",39.9,https://images.deliveryhero.io/image/talabat/Menuitems/mutton_seekh_kebab637947879248705484.jpg?width=172&amp;height=172
Mutton Chops,Grilled and seasoned mutton chops.,47.25,https://images.deliveryhero.io/image/talabat/Menuitems/lamb_chops637947880367410154.jpg?width=172&amp;height=172
Mutton Galauti Kebab,"Mince of lamb marinated in special Lucknowi spices, rolled into spices seared on a pan",46.2,https://images.deliveryhero.io/image/talabat/Menuitems/galouti_kebab_mutton637947879367364860.jpg?width=172&amp;height=172
Butter Naan,,8.0,
Tandoori Chicken,Chicken bone in marinated in Greek yogurt flavored with a combination of tandoori spices cooked in a clay oven,0.0,https://images.deliveryhero.io/image/talabat/Menuitems/TandooriChicken1500x500637994412641621639.jpg?width=172&amp;height=172
Sondha Chicken,"Chicken bone in marinated in mint, mustard oil, black pepper and cream cooked in a clay oven",0.0,https://images.deliveryhero.io/image/talabat/Menuitems/sondha_chicken637947887453324849.jpg?width=172&amp;height=172
Tangdi Kebab,Chicken bone in marinated in Greek yogurt flavored with a combination of tandoori spices cooked in a clay oven,37.8,https://images.deliveryhero.io/image/talabat/Menuitems/Tangdi_Kabab637947883325920403.jpg?width=172&amp;height=172
Chicken Tikka,Boneless chicken marinated in Greek yogurt and homemade freshly ground tandoori spices cooked in a clay oven,37.8,https://images.deliveryhero.io/image/talabat/Menuitems/ChickenTikka637947877443299592.jpg?width=172&amp;height=172
Chicken Achari Tikka,"Boneless chicken marinated in Indian pickle, Greek yogurt and spices",39.9,https://images.deliveryhero.io/image/talabat/Menuitems/chicken_achari_tikka637947876061156608.jpg?width=172&amp;height=172
Chicken Pahadi Tikka,Boneless chicken marinated in green herbs and spices slow cooked in a clay oven,37.8,https://images.deliveryhero.io/image/talabat/Menuitems/Chicken_Pahadi_Tikka637947876750376430.jpg?width=172&amp;height=172
Chicken Reshmi Tikka,"Boneless chicken marinated in cream, ginger, garlic and yellow marinade",42.0,https://images.deliveryhero.io/image/talabat/Menuitems/Chicken_Reshmi_Tikka637947876845370895.jpg?width=172&amp;height=172
Chicken Sholey Tikka,Boneless chicken marinated in tandoori spices with coconut and chili flakes,37.8,https://images.deliveryhero.io/image/talabat/Menuitems/paneer_sholey_tikka_637948002673817330.jpg?width=172&amp;height=172
Sonali Kebab,Thin strip of chicken stuffed with minced chicken keema and cheese with a creamy yellow marination,47.25,https://images.deliveryhero.io/image/talabat/Menuitems/chicken_sonali_tikka637947877277195909.jpg?width=172&amp;height=172
Chicken Malai Mint Tikka,"Boneless chicken marinated in cream, Greek yogurt and mint",42.0,https://images.deliveryhero.io/image/talabat/Menuitems/chicken_malai_tikka637947876294327203.jpg?width=172&amp;height=172
Rojali Kebab,Thin strip of chicken stuffed with minced mutton keema and cheese with tandoori marination,52.5,https://images.deliveryhero.io/image/talabat/Menuitems/Rojali_Kebab637947887364743016.jpg?width=172&amp;height=172
Chicken Seekh Kebab,"Minced chicken flavored with garlic, ginger, chillies and special spices grilled in clay oven",33.6,https://images.deliveryhero.io/image/talabat/Menuitems/Chicken_Seekh_Kebab637947877083254956.jpg?width=172&amp;height=172
Chicken Tikka Masala,"Chicken tikka pieces simmered in a
tangy tomato gravy with bell peppers",39.9,https://images.deliveryhero.io/image/talabat/Menuitems/chicken_tikka_masala637947764682858147.jpg?width=172&amp;height=172
Butter Chicken,"Grilled boneless chicken simmered in
a mild tomato gravy churned with
butter and cream",39.9,https://images.deliveryhero.io/image/talabat/Menuitems/Butter_Chicken637947764045547028.jpg?width=172&amp;height=172
Chicken Kadhai,"Chicken pieces stewed with onions, fresh herbs and spices in a creamy
yellow gravy",39.9,https://images.deliveryhero.io/image/talabat/Menuitems/Chicken_Kadhai637994413999469320.jpg?width=172&amp;height=172
Murg e Musallam,"Grilled tandoori chicken cooked in a
rich tomato gravy with minced
chicken and garnished with boiled
egg",47.25,https://images.deliveryhero.io/image/talabat/Menuitems/Murg_e_Musallam637994414436325082.jpg?width=172&amp;height=172
Chicken Radha Masala,"Soft chicken cooked in a brown
gravy with garam masalas, minced
chicken and garnished with boiled
egg",44.1,https://images.deliveryhero.io/image/talabat/Menuitems/radha_chicken637947767663286683.jpg?width=172&amp;height=172
Chicken Kofta,"Minced chicken dumplings cooked in
a yellow gravy with ground Indian
spices and herbs",39.9,https://images.deliveryhero.io/image/talabat/Menuitems/Chicken_Kofta637994414694007865.jpg?width=172&amp;height=172
Chicken Chatpata,"Shallow fried chicken pieces cooked
with garam masalas, chopped onions
and tomatoes in a thick tomato
sauce",39.9,https://images.deliveryhero.io/image/talabat/Menuitems/chicken_chatpata637947764254132504.jpg?width=172&amp;height=172
Mutton Roganjosh,"Fresh mutton pieces with bone
cooked in a light tomato gravy with
pounded spices",47.25,https://images.deliveryhero.io/image/talabat/Menuitems/muttonroganjosh637947881958186043.jpg?width=172&amp;height=172
Taar Korma,"Fresh mutton pieces rubbed with red
pepper and spices served in a light
tangy brown gravy",57.25,
Mutton Bhuna Gosht,"Fresh mutton pieces cooked in a
brown gravy with special spices",47.25,https://images.deliveryhero.io/image/talabat/Menuitems/mutton_bhuna_ghosht637947765949511315.jpg?width=172&amp;height=172
Mutton Kadhai,"Fresh mutton pieces stewed with
onions, coriander seeds, fresh herbs
and spices in a creamy yellow gravy",47.25,
Keema Noorani,"Fresh minced mutton cooked with
coarsely crushed spices, cream and
herbs in a thick red gravy",44.1,https://images.deliveryhero.io/image/talabat/Menuitems/keema_noorani637947880134582782.jpg?width=172&amp;height=172
Fish Goan Curry,"Garlic, ginger, coconut, sesame
seeds, curry leaves and ground
peanuts with fish to make a delicious
curry",44.1,https://images.deliveryhero.io/image/talabat/Menuitems/Fish_Goan_Curry637947765141503150.jpg?width=172&amp;height=172
Fish Malwani Curry,"Sea bass, special paste of coconut,
Kashmiri chilies, and coriander cooked in
a orange gravy",44.1,
Veg Jalfrezy,Assorted vegetables and cottage cheese cooked in a sweet and sour sauce,33.6,https://images.deliveryhero.io/image/talabat/Menuitems/veg_jalfrezi637947887607736465.jpg?width=172&amp;height=172
Veg Makhanwala,Assorted chopped vegetables and cottage cheese cooked in tomato gravy infused with butter,33.6,https://images.deliveryhero.io/image/talabat/Menuitems/veg_makhani637947889379336836.jpg?width=172&amp;height=172
Veg Jhilmil,Assorted chopped vegetables and cottage cheese cooked in gravy with spinach and fenugreek,33.6,
Paneer Butter Masala,Fresh cottage cheese cooked in butter and tomato gravy flavored with Indian spices,36.75,https://images.deliveryhero.io/image/talabat/Menuitems/Paneer_Butter_Masala637947882245376813.jpg?width=172&amp;height=172
Aloo Jeera,"Diced potatoes pan fried with cumin seeds, turmeric powder and coriander",19.9,https://images.deliveryhero.io/image/talabat/Menuitems/aloo_jeera637947875700520584.jpg?width=172&amp;height=172
Tawa Paneer,Fresh cottage cheese cooked with freshly ground spices in red sauce,39.9,https://images.deliveryhero.io/image/talabat/Menuitems/Tawa_Paneer637947884118350453.jpg?width=172&amp;height=172
Bhindi Do Pyaza,Shallow fried lady fingers cooked with chopped onions and tomatoes in thick red gravy,31.5,https://images.deliveryhero.io/image/talabat/Menuitems/bhindi_do_pyaaza637947875834725695.jpg?width=172&amp;height=172
Sarson Wali Bhindi,"Crispy lady fingers cooked with chopped onions, mustard seeds and yoghurt in creamy yellow gravy",33.6,
Paneer Tikka Masala,Grilled cottage cheese served in tomato curry,36.75,https://images.deliveryhero.io/image/talabat/Menuitems/Paneer_Tikka_Masala637947883778957808.jpg?width=172&amp;height=172
Kadhai Paneer,Fresh cottage cheese stir fried with bell peppers and tomatoes seasoned with black pepper and coriander cooked in a thick yellow gravy,39.9,
Lizzat Panner,Fresh cottage cheese cooked in red gravy with grated cheese and diced bell peppers made with freshly ground spices,36.75,
Paneer Lababdar,Fresh cottage cheese and bell peppers cooked in creamy yellow gravy,36.75,https://images.deliveryhero.io/image/talabat/Menuitems/PaneerLababdar637947884466643309.jpg?width=172&amp;height=172
Palak Paneer Kofta,"Chicken bone in marinated in mint, mustard oil, black pepper and cream cooked in a clay oven",35.7,https://images.deliveryhero.io/image/talabat/Menuitems/palak_paneer_kofta637947882035018640.jpg?width=172&amp;height=172
Malai Kofta,"Chicken bone in marinated in mint, mustard oil, black pepper and cream cooked in a clay oven",37.8,https://images.deliveryhero.io/image/talabat/Menuitems/malai_kofta637947880760949462.jpg?width=172&amp;height=172
Fish Tikka,Boneless fish marinated in Greek yogurt and tandoori spices grilled in tandoor,44.1,https://images.deliveryhero.io/image/talabat/Menuitems/Fish_Tikka637947878564802003.jpg?width=172&amp;height=172
Fish Rawabi,Pan fried king fish marinated in tandoori spices and ground spices,47.25,https://images.deliveryhero.io/image/talabat/Menuitems/fish_rawabi637947878479000890.jpg?width=172&amp;height=172
Tandoori Pomfret,"Whole pomfret fish marinated in Greek yoghurt, ground spices and tandoori spices grilled in tandoor",52.2,https://images.deliveryhero.io/image/talabat/Menuitems/Tandoori_Pomfret637947888701601578.jpg?width=172&amp;height=172
Tandoori Prawns,"Medium prawns marinated in Greek yoghurt, ground spices and tandoori spices grilled in tandoor",52.2,https://images.deliveryhero.io/image/talabat/Menuitems/TandooriPrawns637947887132437556.jpg?width=172&amp;height=172
Hariyali Dal,"Yellow lentils cooked with chopped spinach tempered with cumin, garlic, tomatoes and green chilies",23.1,
Dal Fry Tadka,"Yellow lentils tempered with cumin, garlic, tomatoes and green chilies",21.0,https://images.deliveryhero.io/image/talabat/Menuitems/dal_tadka637947878068609622.jpg?width=172&amp;height=172
Dal Makhani,Whole black lentils and kidney beans cooked with tomatoes and home churned butter,26.25,https://images.deliveryhero.io/image/talabat/Menuitems/dal_makhani637947878006385829.jpg?width=172&amp;height=172
Dal Bukhara,"Creamy dish made with assorted black and yellow lentils, tomatoes and spices",29.4,https://images.deliveryhero.io/image/talabat/Menuitems/dal_bukhara637947877986395666.jpg?width=172&amp;height=172
Chicken Dum Biryani,"Chicken cooked with a combination
of special Lucknowi spices and
basmati rice",36.75,
Veg Biryani,"Assorted vegetables, saffron and
gravy with special garam masalas
cooked in basmati rice",33.1,
Mutton Dum Biryani,"Mutton cooked with a combination
of special Lucknowi spices and
basmati rice",39.9,https://images.deliveryhero.io/image/talabat/Menuitems/mutton_biryani637947770854074134.jpg?width=172&amp;height=172
Fish Biryani,"Grilled fish cooked in basmati rice
with a combination of tandoori and
garam masalas",39.9,https://images.deliveryhero.io/image/talabat/Menuitems/fish_biryani637947764965412820.jpg?width=172&amp;height=172
Prawns Biryani,"Grilled fish cooked in basmati rice
with a combination of tandoori and
garam masalas",44.1,https://images.deliveryhero.io/image/talabat/Menuitems/prawn_biryani637947767553734850.jpg?width=172&amp;height=172
Jeera Rice,"Steamed basmati rice tempered with
butter and cumin seeds, garnished
with coriander",18.9,
Steamed Rice,Steamed basmati rice,16.8,
Tandoori Bread,,6.0,
Naan,,8.0,
Garlic Naan ,,10.0,
Boondi Raita,"Creamy Boondi Raita, crispy boondi (gram flour pearls) mixed with yogurt and aromatic spices.",12.6,https://images.deliveryhero.io/image/talabat/Menuitems/boondi_raita637947763931694298.jpg?width=172&amp;height=172
Mixed Veg Raita,,12.6,
Pineapple Raita,Yogurt-based side dish with pineapple chunks.,12.6,
Pomegranate Raita,,15.75,https://images.deliveryhero.io/image/talabat/Menuitems/PomegranateRaita637947768975134883.jpg?width=172&amp;height=172
