item_name,item_description,item_price,item_image
Feast for 1,"3 Skewers of mixed grill which includes kubide, joojeh and tikke masti with rice and soft drink",105.0,https://images.deliveryhero.io/image/talabat/Menuitems/blob_637523700628145317?width=172&amp;height=172
Ash e Reshte,"Persian noodles, herbs, red kidney beans and chickpeas",52.0,https://images.deliveryhero.io/image/talabat/Menuitems/blob_637512580637348286?width=172&amp;height=172
Khoresht Gheymeh Veg,"Fried eggplant with yellow lentil, fresh tomato and golden fried potato",98.0,https://images.deliveryhero.io/image/talabat/Menuitems/blob_637512604295097801?width=172&amp;height=172
Chelow Kebab Kubide,"Minced lamb,onion,persian saffron,crushed black pepper,served with steamed saffron rice.",168.0,https://images.deliveryhero.io/image/talabat/Menuitems/blob_637338800050318809?width=172&amp;height=172
Feast for 2,"5 Skewers of mixed grill which includes kubide, joojeh and tikke masti with rice and softdrinks for 2.",199.0,https://images.deliveryhero.io/image/talabat/Menuitems/blob_637523700012863067?width=172&amp;height=172
Feast for 1,"3 Skewers of mixed grill which includes kubide, joojeh and tikke masti with rice and soft drink",105.0,https://images.deliveryhero.io/image/talabat/Menuitems/blob_637523700628145317?width=172&amp;height=172
Feast for 2,"5 Skewers of mixed grill which includes kubide, joojeh and tikke masti with rice and softdrinks for 2.",199.0,https://images.deliveryhero.io/image/talabat/Menuitems/blob_637523700012863067?width=172&amp;height=172
Feast for 4,"8 Skewers of mixed grill which includes kubide, joojeh, tikke masti and shishlik with rice and softdrinks for 4",360.0,https://images.deliveryhero.io/image/talabat/Menuitems/blob_637523699439229357?width=172&amp;height=172
Salad Shirazi,"Finely diced cucumber, tomato, onion tossed in fresh lime juice and olive oil",52.0,https://images.deliveryhero.io/image/talabat/Menuitems/blob_637512564079330964?width=172&amp;height=172
Salad Anar o Khiyar,Cucumber and pomegranate seeds drizzled with pomegranate sauce,62.0,https://images.deliveryhero.io/image/talabat/Menuitems/blob_637512566579392526?width=172&amp;height=172
Zeyton Parvardeh,"Green olives mixed with crushed walnuts, aromatic herbs and thick pomegranate sauce",62.0,https://images.deliveryhero.io/image/talabat/Menuitems/blob_637512568103328088?width=172&amp;height=172
Kofte Anar,"Meatballs of lamb, yellow lentils and rice, braised in pomegranate paste",72.0,https://images.deliveryhero.io/image/talabat/Menuitems/blob_637512590712595808?width=172&amp;height=172
Kashk o Bademjan,Fried eggplant with sun-dried yoghurt and mint sauce,58.0,https://images.deliveryhero.io/image/talabat/Menuitems/blob_637512591553153997?width=172&amp;height=172
Mirza Ghasemi,"Charcoal baked eggplant with garlic, fresh tomato and eggs",58.0,https://images.deliveryhero.io/image/talabat/Menuitems/blob_637512593297678221?width=172&amp;height=172
Ash e Reshte,"Persian noodles, herbs, red kidney beans and chickpeas",52.0,https://images.deliveryhero.io/image/talabat/Menuitems/blob_637512580637348286?width=172&amp;height=172
Soup e Jow,"Barley soup with beef stock, carrots, served with fresh cream and freshly chopped parsley",52.0,https://images.deliveryhero.io/image/talabat/Menuitems/blob_637512583542936521?width=172&amp;height=172
Joojeh Kebab,"Juicy boneless baby chicken,marinated in saffron,onion and fresh lime juice.",168.0,https://images.deliveryhero.io/image/talabat/Menuitems/blob_637338796370605546?width=172&amp;height=172
Kebab Shishlik,"Lamb chops marinated with saffron,onion and crushed black pepper.",198.0,https://images.deliveryhero.io/image/talabat/Menuitems/blob_637338797066211322?width=172&amp;height=172
Tikke Masti,"Charcoal grill beef tenderloin kabab,marinated in yogurt and crushed black pepper.",196.0,https://images.deliveryhero.io/image/talabat/Menuitems/blob_637338797896352845?width=172&amp;height=172
Soltani Kebab,"Duo of lamb fillet and minced lamb kebabs,served with steamed persian saffron rice.",206.0,https://images.deliveryhero.io/image/talabat/Menuitems/blob_637338798848553548?width=172&amp;height=172
Chelow Kebab Kubide,"Minced lamb,onion,persian saffron,crushed black pepper,served with steamed saffron rice.",168.0,https://images.deliveryhero.io/image/talabat/Menuitems/blob_637338800050318809?width=172&amp;height=172
Kabab Torsh,"Lamb kebab, marinated with mixed herbs, crushed walnut, flavoured with pomegranate sauce",182.0,https://images.deliveryhero.io/image/talabat/Menuitems/blob_637512655569898042?width=172&amp;height=172
Joojeh Masti,Chicken breast marinated with creamy yogurt and Persian spices.,168.0,https://images.deliveryhero.io/image/talabat/Menuitems/mmw_638260677834899457?width=172&amp;height=172
Ghormeh Sabzi,Tender lamb cubes slow cooked with mixed herbs and dried lime,154.0,https://images.deliveryhero.io/image/talabat/Menuitems/blob_637512635147191161?width=172&amp;height=172
Khoresht Bamiyeh,Lamb cubes cooked with tomato gravy and baby okra,144.0,https://images.deliveryhero.io/image/talabat/Menuitems/blob_637512644201645103?width=172&amp;height=172
Gheymeh Bademjan,Tender lamb cubes cooked in tomato sauce with eggplant and yellow lentils,148.0,https://images.deliveryhero.io/image/talabat/Menuitems/blob_637512644531364231?width=172&amp;height=172
Baghali Polow Ba Mahicheh,"Braised lamb shank, served with fava beans and dill flavoured rice",194.0,https://images.deliveryhero.io/image/talabat/Menuitems/blob_637512646140918752?width=172&amp;height=172
Khoresht Gheymeh Veg,"Fried eggplant with yellow lentil, fresh tomato and golden fried potato",98.0,https://images.deliveryhero.io/image/talabat/Menuitems/blob_637512604295097801?width=172&amp;height=172
Khoresht Bamiyeh Veg,Baby okra cooked in tomato sauce and freshly chopped coriander.,94.0,https://images.deliveryhero.io/image/talabat/Menuitems/blob_637338802134797226?width=172&amp;height=172
Ghormeh Sabzi Ba Gharch Veg,"Slow cooked stew with mixed herbs,beans,mushroom and dried lime.",98.0,https://images.deliveryhero.io/image/talabat/Menuitems/blob_637338802540607882?width=172&amp;height=172
Kubideh Wrap,,80.0,https://images.deliveryhero.io/image/talabat/Menuitems/blob_637590229192559578?width=172&amp;height=172
Joojeh Wrap,,80.0,https://images.deliveryhero.io/image/talabat/Menuitems/blob_637590232231142305?width=172&amp;height=172
Tikke Masti Wrap,,90.0,https://images.deliveryhero.io/image/talabat/Menuitems/blob_637590234808532369?width=172&amp;height=172
Maast O Mousir,Creamy yoghurt and finely chopped mountain shallots.,52.0,https://images.deliveryhero.io/image/talabat/Menuitems/blob_637516882742666188?width=172&amp;height=172
Maast O Khiyar,"Diced cucumber, walnuts and raisins mixed with creamy yoghurt.",52.0,https://images.deliveryhero.io/image/talabat/Menuitems/blob_637516881641412679?width=172&amp;height=172
Fried Potato,Golden brown chunks of tender potatoes seasoned to perfection and fried to crispy,42.0,
Rice,"Get a perfect complement to your meal with our high-quality Rice. Made from premium quality long-grain rice, it is carefully cleaned, processed to retain its natural taste and texture.",20.0,https://images.deliveryhero.io/image/talabat/Menuitems/blob_637516883678167190?width=172&amp;height=172
Faloodeh Shirazi,"Rice noodle sorbet with rosewater, fresh lime and homemade pomegranate syrup",62.0,https://images.deliveryhero.io/image/talabat/Menuitems/mmw_638260714263243354?width=172&amp;height=172
Mineral Water,Stay hydrated and refreshed with our mineral water. ,7.0,https://images.deliveryhero.io/image/talabat/Menuitems/blob_637520283056358231?width=172&amp;height=172
 Fresh Orange Juice,"Made with freshly squeezed oranges, it's a great source of Vitamin C.",44.0,https://images.deliveryhero.io/image/talabat/Menuitems/blob_637331893430343013?width=172&amp;height=172
Fresh Lemonade Juice,A refreshing and tangy drink made from freshly squeezed lemons.,44.0,https://images.deliveryhero.io/image/talabat/Menuitems/blob_637331893598671520?width=172&amp;height=172
Pepsi,Carbonated soft drink,9.0,https://images.deliveryhero.io/image/talabat/Menuitems/blob_637520286929805745?width=172&amp;height=172
Diet Pepsi,Carbonated soft drink with zero sugar & zero calories,9.0,https://images.deliveryhero.io/image/talabat/Menuitems/blob_637520296050727261?width=172&amp;height=172
7 Up,Non-caffeinated soft drink,9.0,https://images.deliveryhero.io/image/talabat/Menuitems/blob_637520292435664769?width=172&amp;height=172
Diet 7 Up,Carbonated soft drink with zero sugar & zero calories,9.0,https://images.deliveryhero.io/image/talabat/Menuitems/blob_637520296493679703?width=172&amp;height=172
Mirinda Orange,"Made with real orange juice and a touch of sweetener, it's a delicious and bubbly treat that will make your taste buds dance.",9.0,https://images.deliveryhero.io/image/talabat/Menuitems/blob_637520293121848732?width=172&amp;height=172
Fresh Pomegranate Juice,"Good source of antioxidants, vitamin c, and potassium",44.0,https://images.deliveryhero.io/image/talabat/Menuitems/mmw_638260650443110200?width=172&amp;height=172
Fresh Lemon Mint,A refreshing combination of lemon and mint flavors.,44.0,https://images.deliveryhero.io/image/talabat/Menuitems/mmw_638260683174158530?width=172&amp;height=172
Dugh,Iranian salted mint yogurt drink,44.0,https://images.deliveryhero.io/image/talabat/Menuitems/mmw_638261658460738074?width=172&amp;height=172
