item_name,item_description,item_price,item_image
Turkish Baklawa With Ice Cream,"This is a variation of traditional baklava where a scoop of ice cream, often vanilla or pistachio flavored, is served alongside or on top of the baklava. The combination of the cold and creamy ice cream with the warm sweet baklava ",39.0,https://images.deliveryhero.io/image/talabat/Menuitems/mmw_638250023826085689?width=172&amp;height=172
Mussel Baklava," A unique variation that incorporates mussels into the baklava. The mussels are typically finely chopped or ground, mixed with other ingredients to create a distinctive and savory baklava experience.",0.0,https://images.deliveryhero.io/image/talabat/Menuitems/mmw_638263934240954584?width=172&amp;height=172
Pistachio Square Baklava,"The baklava is cut into square shapes, the filling is made with pistachios
",0.0,https://images.deliveryhero.io/image/talabat/Menuitems/mmw_638267512482727920?width=172&amp;height=172
Mixed Baklava,"This is a box with variety of mixed baklava in shapes, ingredients like pistachio, walnut, almond and etc 
",0.0,https://images.deliveryhero.io/image/talabat/Menuitems/mmw_638303659208226298?width=172&amp;height=172
Trilece Cake ,"Trilece is a popular Turkish dessert that translates to three milks, It is a moist and creamy cake made with three types of milk evaporated milk, condensed milk, regular milk and The cake is soaked in the milk mixture
",33.0,https://images.deliveryhero.io/image/talabat/Menuitems/mmw_638250024835218676?width=172&amp;height=172
San Sebastian With Chocolate,This variation of the San Sebastian dessert includes the addition of chocolate and The dessert retains its creamy texture but has an added chocolate flavor,44.0,https://images.deliveryhero.io/image/talabat/Menuitems/mmw_638250027704557778?width=172&amp;height=172
San Sebastian,"San Sebastian is a cold dessert inspired by the Basque cake, It is a velvety, creamy dessert made with a rich custard like batter and baked until golden with a slightly caramelized top and a creamy interior.",39.0,https://images.deliveryhero.io/image/talabat/Menuitems/mmw_638250025389825701?width=172&amp;height=172
Turkish Baklawa With Ice Cream,"This is a variation of traditional baklava where a scoop of ice cream, often vanilla or pistachio flavored, is served alongside or on top of the baklava. The combination of the cold and creamy ice cream with the warm sweet baklava ",39.0,https://images.deliveryhero.io/image/talabat/Menuitems/mmw_638250023826085689?width=172&amp;height=172
Almond Sulthan Baklawa,"A variation of traditional baklava that features a filling made with almonds. The layers of flaky pastry are layered with a generous amount of finely chopped almonds, providing a rich and nutty flavor",0.0,https://images.deliveryhero.io/image/talabat/Menuitems/mmw_638263854102961637?width=172&amp;height=172
Carrot Shaped Sliced Baklava,"Turkish baklava, cut into carrot shapes, is a unique and distinctive dessert in Turkish cuisine, it is distinguished by its thin layers filled with delicious pistachios and delicious sugar, which waives it a delicious taste and distinctive texture.",0.0,https://images.deliveryhero.io/image/talabat/Menuitems/mmw_638263846265718774?width=172&amp;height=172
Chocolate Baklava,"A delightful twist on the classic baklava, where the filling is made with chocolate. The layers of pastry are layered with a chocolate based mixture",0.0,https://images.deliveryhero.io/image/talabat/Menuitems/mmw_638263929199362684?width=172&amp;height=172
Mussel Baklava," A unique variation that incorporates mussels into the baklava. The mussels are typically finely chopped or ground, mixed with other ingredients to create a distinctive and savory baklava experience.",0.0,https://images.deliveryhero.io/image/talabat/Menuitems/mmw_638263934240954584?width=172&amp;height=172
Pistachio Burma Baklava," A specific type of baklava where the layers of filo pastry are rolled into thin cylinders, creating a cylindrical shape. The filling is made with pistachios, adding a delightful nutty flavor.",0.0,https://images.deliveryhero.io/image/talabat/Menuitems/mmw_638263970541081701?width=172&amp;height=172
Pistachio Palace Wrap Baklava,A luxurious variation of baklava where the layers of filo pastry are intricately wrapped. The filling consists of pistachios.,0.0,https://images.deliveryhero.io/image/talabat/Menuitems/mmw_638264041282481281?width=172&amp;height=172
Pistachio Square Baklava,"The baklava is cut into square shapes, the filling is made with pistachios
",0.0,https://images.deliveryhero.io/image/talabat/Menuitems/mmw_638267512482727920?width=172&amp;height=172
Square Baklava With Walnut,"This type of baklava features a walnut filling and is cut into square shapes, the walnuts provide a slightly different flavor profile compared to other nut fillings.	",0.0,https://images.deliveryhero.io/image/talabat/Menuitems/mmw_638269898978332380?width=172&amp;height=172
Sultan Baklava With Hazelnut, A royal version of baklava that combines the classic layers of pastry with a hazelnut filling. ,0.0,https://images.deliveryhero.io/image/talabat/Menuitems/mmw_638269902858034517?width=172&amp;height=172
Mixed Baklava,"This is a box with variety of mixed baklava in shapes, ingredients like pistachio, walnut, almond and etc 
",0.0,https://images.deliveryhero.io/image/talabat/Menuitems/mmw_638303659208226298?width=172&amp;height=172
Turkish Kunefe,"Turkish Kunafa is among the most popular traditional and delicious desserts that come from the rich Turkish culture. This makes it a delicious and irresistible choice for dessert lovers around the world.
Turkish Kunafa consists of thin and delicious layers of pasta known as ""Kunafa"". It is usually made from semolina mixed with water to make it grainy and delicious. Between these delicate layers, a delicious and tempting filling is placed, which is a mixture of creamy cream and soft cheese, with the addition of some dried fruits or hazelnuts to add a unique and distinctive flavour.",33.0,https://images.deliveryhero.io/image/talabat/Menuitems/mmw_638250023286711675?width=172&amp;height=172
Turkish Delight Plain 1 kg,"Plain Turkish Delight refers to the classic and traditional version of this confectionery, It consists of small, soft and chewy cubes or pieces of gelatinous candy, The plain variety is typically flavored with rosewater, giving it a floral and fragrant taste It has a slightly sweet flavor and a smooth jelly like texture.",120.0,https://images.deliveryhero.io/image/talabat/Menuitems/mmw_638250022349430715?width=172&amp;height=172
Turkish Delight Double 1 kg,"Double Turkish Delight refers to a variation of the classic 2,  refers to a variation of the classic sweet that offers an extra layer of flavor, It may have a dual layered composition, where two different flavors are combined in a single piece of Turkish Delight, This could include combinations like rose and lemon, rose and pistachio or any other pair of flavors.",140.0,https://images.deliveryhero.io/image/talabat/Menuitems/mmw_638250064265950352?width=172&amp;height=172
Turkish Delight Square 1 kg,"Turkish Delight can come in different shapes and sizes, including squares, While the traditional Turkish Delight is often presented in cube shapes, square variations offer an alternative shape that provides the same delightful taste and texture.",160.0,https://images.deliveryhero.io/image/talabat/Menuitems/mmw_638250025314230806?width=172&amp;height=172
Turkish Delight Wrapping 1 kg,"Turkish Delight is often individually wrapped to preserve its freshness enhance presentation and facilitate easy handling, The wrapping can be made of transparent plastic or wax paper to protect the candy and keep it intact",145.0,https://images.deliveryhero.io/image/talabat/Menuitems/mmw_638250028561371002?width=172&amp;height=172
Turkish Cheese Borek ,"Cheese Borek is a typical Turkish savoury pastry created of layers of paper-thin phyllo dough, known as yufka, that are coated with melted butter and filled with a mixture of feta cheese, parsley, and eggs. The layers are folded and squeezed together to form a rectangular shape before being cooked till brown and crispy.",33.0,https://images.deliveryhero.io/image/talabat/Menuitems/mmw_638259770881099543?width=172&amp;height=172
Turkish Bagel,"A traditional Turkish bread ring that is boiled before being baked, It has a chewy texture and can be enjoyed plain or with various toppings.",10.0,https://images.deliveryhero.io/image/talabat/Menuitems/mmw_638250074158095089?width=172&amp;height=172
Turkish Bagel With Cheese,"Similar to the regular Turkish bage but with the addition of cheese, It could be a variety of cheeses such as feta, mozzarella, or kasar.",20.0,https://images.deliveryhero.io/image/talabat/Menuitems/mmw_638250073999832675?width=172&amp;height=172
Black Tea	,"Turkish caykur tea offers a unique flavour that combines traditional Turkish tea's strong taste and sharp flavour, the quality of this tea is the use of the finest carefully selected tea leaves for an incomparable tea experience.",20.0,https://images.deliveryhero.io/image/talabat/Menuitems/23JUL_18_UAE_TALABAT_ANAT638254397147842996.jpg?width=172&amp;height=172
Green Tea	,"Turkish green tea is refined with pure and fresh leaves that express its high quality. The leaves are harvested and dried carefully to preserve their unique texture and flavour, green tea is prepared in a unique way that allows you to enjoy the natural flavour and multiple health benefits of green tea.",20.0,https://images.deliveryhero.io/image/talabat/Menuitems/23JUL_18_UAE_TALABAT_ANAT638254397134571020.jpg?width=172&amp;height=172
Pomegranate Tea	,Turkish pomegranate tea has a luxurious tea flavor and natural pomegranate extracts. Fresh pomegranate pieces are dried and carefully blended with carefully selected tea leaves. Pomegranate tea is prepared in a special way that allows for the release of the delicious pomegranate flavor and to be enjoyed with full force.,20.0,https://images.deliveryhero.io/image/talabat/Menuitems/23JUL_18_UAE_TALABAT_ANAT638254397153984507.jpg?width=172&amp;height=172
Bergamot Tea	,"Turkish bergamot tea is made from the best carefully selected types of tea, then natural bergamot oil added, which gives it a wonderful flavor and attractive fragrance. Bergamot, a type of citrus fruit derived from the bergamot plant, is a traditional ingredient in Turkish breakfast tea.",20.0,https://images.deliveryhero.io/image/talabat/Menuitems/23JUL_18_UAE_TALABAT_ANAT638254397131268423.jpg?width=172&amp;height=172
Salep Tea,"Salep tea is made from the roots of the salep plant orchid, ground into a fine powder used to prepare the drink, salep powder is mixed with milk, sugar and spices to give the drink its unique flavour and creamy texture.",20.0,https://images.deliveryhero.io/image/talabat/Menuitems/23JUL_18_UAE_TALABAT_ANAT638254397145704210.jpg?width=172&amp;height=172
Azercay Tea	,"Azercay tea leaves are characterized by their unique taste and rich flavour, as leaves are harvested with great care and attention to maintain their high quality. Azergay tea has a delightful golden colour and pleasant taste that attracts tea lovers of all tastes.",20.0,https://images.deliveryhero.io/image/talabat/Menuitems/23JUL_18_UAE_TALABAT_ANAT638254397114480068.jpg?width=172&amp;height=172
Hemsin Tea	,"Hamshin Turkish tea leaves are distinguished by their unique and distinctive flavour, as the leaves are grown in the fertile mountainous terrain of the hamshin region known for its long history of tea cultivation. The leaves are carefully harvested, dried and processed to preserve their unique quality and flavour",20.0,https://images.deliveryhero.io/image/talabat/Menuitems/23JUL_18_UAE_TALABAT_ANAT638254397132794184.jpg?width=172&amp;height=172
Pistachio Coffee	,"Turkish pistachio coffee is great choice for coffee lovers who want to try something special and different. This coffee is served with or without milk, and you can have it in the morning or after lunch as a special and delicious drink.",50.0,https://images.deliveryhero.io/image/talabat/Menuitems/23JUL_18_UAE_TALABAT_ANAT638254405564766000.jpg?width=172&amp;height=172
Hazelnut Coffee	,Fresh turkish coffee beans are characterized by their high quality and rich flavour. The coffee is carefully ground and then mixed with roasted and crushed hazelnuts to give the coffee a distinctive and unique flavour.,50.0,https://images.deliveryhero.io/image/talabat/Menuitems/23JUL_18_UAE_TALABAT_ANAT638254409866251467.jpg?width=172&amp;height=172
Plain Turkish Coffee	,"Regular Turkish coffee is characterized by the quality of  coffee beans used and the unique preparation. The coffee is grounded to a the finest consistency. It is prepared in a unique pot on the stove with additional water and sugar according to taste. The coffee is carefully blended to produce a cup of coffee that is rich, dense and full of flavour.",50.0,https://images.deliveryhero.io/image/talabat/Menuitems/23JUL_18_UAE_TALABAT_ANAT638254404005259750.jpg?width=172&amp;height=172
Ottoman Coffee 250 Grams,Turkish ottoman coffee is distinguished by the quality of the coffee beans used and the traditional method of preparation. Coffee beans are ground finely and added with water and sugar to a special saucepan over the stove. The coffee is carefully blended over the stove to produce a cup of coffee that is intense and rich in flavour.,50.0,https://images.deliveryhero.io/image/talabat/Menuitems/23JUL_18_UAE_TALABAT_ANAT638254397195635167.jpg?width=172&amp;height=172
Kurukahveci Coffee 250 Grams,Kurukahvci coffee is distinguished by the quality of the coffee beans used and the unique method of preparation. Coffee beans are ground very carefully and added with water and sugar to a special saucepan over the stove. The coffee is carefully blended over the stove to produce a cup of coffee that is intense and rich in flavour.,40.0,https://images.deliveryhero.io/image/talabat/Menuitems/23JUL_18_UAE_TALABAT_ANAT638254406188347840.jpg?width=172&amp;height=172
Kurukahveci Big Coffee	,Kurukahvci coffee is distinguished by the quality of the coffee beans used and the unique method of preparation. Coffee beans are ground very carefully and added with water and sugar to a special saucepan over the stove. The coffee is carefully blended over the stove to produce a cup of coffee that is intense and rich in flavour.,70.0,https://images.deliveryhero.io/image/talabat/Menuitems/23JUL_18_UAE_TALABAT_ANAT638254406272546089.jpg?width=172&amp;height=172
Dried Apricots	,"The dried apricot packet provides you with delicious and natural nutritional value of high quality apricots. These sunny apricots are sourced from the finest apricot groves, carefully picked and dried naturally to preserve their luxurious flavor and nutritional value",40.0,https://images.deliveryhero.io/image/talabat/Menuitems/23JUL_18_UAE_TALABAT_ANAT638254400169780882.jpg?width=172&amp;height=172
Apricots,,40.0,https://images.deliveryhero.io/image/talabat/Menuitems/23JUL_18_UAE_TALABAT_ANAT638254397193128973.jpg?width=172&amp;height=172
Yeni Kavaklidere	,,35.0,https://images.deliveryhero.io/image/talabat/Menuitems/23JUL_18_UAE_TALABAT_ANAT638254397184392646.jpg?width=172&amp;height=172
Hot Sauce Big 250 Grams ,"Made from fusion of premium turkish chilli peppers and secret blend of exotic spices, our turkish hot sauce promises an authentic taste that captures the essence of turkey's rich culinary heritage. Bringing an exciting zest to your favourite dishes.",30.0,https://images.deliveryhero.io/image/talabat/Menuitems/23JUL_18_UAE_TALABAT_ANAT638254400064827141.jpg?width=172&amp;height=172
Hot Sauce Small 100 Grams,"Made from a fusion of premium Turkish chilli peppers and a secret blend of exotic spices, our Turkish Hot Sauce promises an authentic taste that captures the essence of Turkey's rich culinary heritage, Bringing an exciting zest to your favourite dishes.",15.0,https://images.deliveryhero.io/image/talabat/Menuitems/23JUL_18_UAE_TALABAT_ANAT638254400090534448.jpg?width=172&amp;height=172
Yeni Kavaklidere Small	,,20.0,https://images.deliveryhero.io/image/talabat/Menuitems/23JUL_18_UAE_TALABAT_ANAT638254397139656146.jpg?width=172&amp;height=172
Mastic Flavour Soft Candy 1 Kg,"Indulge in the rich and irresistible goodness of Ulker toffee, a delectable treat that will transport you to a world of sweet bliss. Crafted with expertise and care, Ulker toffee is the epitome of Turkish confectionery excellence, satisfying your cravings with every bite",130.0,https://images.deliveryhero.io/image/talabat/Menuitems/23JUL_18_UAE_TALABAT_ANAT638254397200539891.jpg?width=172&amp;height=172
Apple Drink Powder 250 Grams,"Turkish cold drinks are very popular among the Turkish people, It sweetens your day with its beautiful aroma on especially cold winter days.",20.0,https://images.deliveryhero.io/image/talabat/Menuitems/23JUL_18_UAE_TALABAT_ANAT638254397196370413.jpg?width=172&amp;height=172
Orange Juice,Freshly squeezed orange juice.,20.0,https://images.deliveryhero.io/image/talabat/Menuitems/mmw_638254409186961539?width=172&amp;height=172
Pomegranate Juice,"Made from carefully selected, ripe pomegranates, it's a perfect balance of sweet and tangy that's packed with antioxidants",20.0,https://images.deliveryhero.io/image/talabat/Menuitems/mmw_638254409979906177?width=172&amp;height=172
Water,Mineral Water,5.0,https://images.deliveryhero.io/image/talabat/Menuitems/Mineral_Water638248888587394252.jpg?width=172&amp;height=172
