item_name,item_description,item_price,item_image
Crispy Chicken,"White cheddar, lettuce, pickles and chipotile west coast. ",35.0,https://images.deliveryhero.io/image/talabat/Menuitems/Crispy_Chicken_Burger_637089799634858419.jpg?width=172&amp;height=172
Commando Fries,,35.0,https://images.deliveryhero.io/image/talabat/Menuitems/Commando_Fries_637089799691200456.jpg?width=172&amp;height=172
Mozzarella Cruch,,19.0,https://images.deliveryhero.io/image/talabat/Menuitems/IMG_8473_637167283242520575.jpg?width=172&amp;height=172
Art Signature Burger,"American cheese, grilled jalapieno, grilled mashrooms, grilled onion, fire house sauce and special sauce. ",35.0,https://images.deliveryhero.io/image/talabat/Menuitems/Art_Signature_Burger_637089799623881390.jpg?width=172&amp;height=172
Maple Sticky Buffalo Shrimp,,37.0,https://images.deliveryhero.io/image/talabat/Menuitems/Maple_sticky_buffalo_637089799554419698.jpg?width=172&amp;height=172
ART Signature Combo,Choose Any burger Chicken/Beef Served With Appetizer and Drinks,60.0,https://images.deliveryhero.io/image/talabat/Menuitems/mmw_638278632699852603?width=172&amp;height=172
Maple Sticky Buffalo Shrimp,,37.0,https://images.deliveryhero.io/image/talabat/Menuitems/Maple_sticky_buffalo_637089799554419698.jpg?width=172&amp;height=172
Buffalo Chicken,"chicken coated in a spicy sauce made from cayenne pepper, vinegar, and butter.",37.0,https://images.deliveryhero.io/image/talabat/Menuitems/Buffalo_Chicken_637089799563998906.jpg?width=172&amp;height=172
Onions Rings,,15.0,https://images.deliveryhero.io/image/talabat/Menuitems/IMG_8414_637167283232070539.jpg?width=172&amp;height=172
Mozzarella Cruch,,19.0,https://images.deliveryhero.io/image/talabat/Menuitems/IMG_8473_637167283242520575.jpg?width=172&amp;height=172
 Fried Chicken Bites,,30.0,https://images.deliveryhero.io/image/talabat/Menuitems/IMG_8395_637167283251339032.jpg?width=172&amp;height=172
Dynamite Shrimp ,"Shrimp coated in a mixture of mayonnaise, sriracha sauce, honey, lime juice, and a touch of cornstarch for a crispy texture",37.0,https://images.deliveryhero.io/image/talabat/Menuitems/20200530_160131_637267000314293397.jpg?width=172&amp;height=172
Art Box 1 ,"Comando french fries, ultimate  french fries, art sig, slider, and midnight slider.",100.0,https://images.deliveryhero.io/image/talabat/Menuitems/blob_637699915529400908?width=172&amp;height=172
Chicken Toast,Served with fries and drink. ,50.0,
Classic Burger,"American cheese, tomato, lettuce, pickles and special sauce. ",35.0,https://images.deliveryhero.io/image/talabat/Menuitems/Classic_Burger_637089799585729767.jpg?width=172&amp;height=172
Union Burger,"Swiss cheese, crispy onion rings, pickles and special sauce. ",35.0,https://images.deliveryhero.io/image/talabat/Menuitems/Union_Burger_637089799597486873.jpg?width=172&amp;height=172
West Coast Burger,"Cheddar cheese, lettuce, tomato, onion, west coast sauce and ketchup. ",35.0,https://images.deliveryhero.io/image/talabat/Menuitems/West_Coast_Burger_637089799607505121.jpg?width=172&amp;height=172
Art Signature Burger,"American cheese, grilled jalapieno, grilled mashrooms, grilled onion, fire house sauce and special sauce. ",35.0,https://images.deliveryhero.io/image/talabat/Menuitems/Art_Signature_Burger_637089799623881390.jpg?width=172&amp;height=172
Crispy Chicken,"White cheddar, lettuce, pickles and chipotile west coast. ",35.0,https://images.deliveryhero.io/image/talabat/Menuitems/Crispy_Chicken_Burger_637089799634858419.jpg?width=172&amp;height=172
Dangerous Roll Chicken,,35.0,https://images.deliveryhero.io/image/talabat/Menuitems/IMG_8383_637167284111892666.jpg?width=172&amp;height=172
Weekend Burger ,"Bacon, beef with cheese, pickle, onion rings and special sauce ",35.0,https://images.deliveryhero.io/image/talabat/Menuitems/blob_637339664689571923?width=172&amp;height=172
Chicken Toast,Toasted bread topped with chicken.,35.0,https://images.deliveryhero.io/image/talabat/Menuitems/blob_637423659323384354?width=172&amp;height=172
Truffle Burger ,"Brioche Bun, Beef, Onion Jam, Truffle Sauce, Baby Rocket, and American Cheese",35.0,https://images.deliveryhero.io/image/talabat/Menuitems/mmw_638034726479689342?width=172&amp;height=172
Mushroom Swiss,"Swiss cheese, grilled onion, mushroom, lettuce and special sauce. ",35.0,https://images.deliveryhero.io/image/talabat/Menuitems/Mushroom_Swiss_637089799647608545.jpg?width=172&amp;height=172
Midnight Slider,"American cheese, lettuce, mustard, sauteed onion, pickles and west coast sauce. ",35.0,https://images.deliveryhero.io/image/talabat/Menuitems/Midnight_Slider_637089799658795248.jpg?width=172&amp;height=172
Chicken Slider,"American cheese, letuce, pickles and mustard mayo. ",35.0,https://images.deliveryhero.io/image/talabat/Menuitems/Chicken_Slider_637089799669766176.jpg?width=172&amp;height=172
Commando Fries,,35.0,https://images.deliveryhero.io/image/talabat/Menuitems/Commando_Fries_637089799691200456.jpg?width=172&amp;height=172
Ultimate Fries,,35.0,https://images.deliveryhero.io/image/talabat/Menuitems/Ultimate_Fries_637089799711749163.jpg?width=172&amp;height=172
Chili Beef Fries,,35.0,https://images.deliveryhero.io/image/talabat/Menuitems/IMG_8463_637184836692553674.jpg?width=172&amp;height=172
Rocky Fries,"Potato, sweet potato, tempura flour and fury cockie",35.0,https://images.deliveryhero.io/image/talabat/Menuitems/blob_637339671177115017?width=172&amp;height=172
Fresh Fries,,15.0,https://images.deliveryhero.io/image/talabat/Menuitems/blob_637347583401268702?width=172&amp;height=172
Coca-Cola,Carbonated soft drink,6.0,https://images.deliveryhero.io/image/talabat/Menuitems/mmw_638110254004898154?width=172&amp;height=172
Sprite,Non-caffeinated soft drink,6.0,https://images.deliveryhero.io/image/talabat/Menuitems/mmw_638110253404486251?width=172&amp;height=172
Fanta,Carbonated soft drink,6.0,https://images.deliveryhero.io/image/talabat/Menuitems/mmw_638110253677247044?width=172&amp;height=172
Water,Stay hydrated and refreshed with our water.,3.0,https://images.deliveryhero.io/image/talabat/Menuitems/mmw_638110253831231015?width=172&amp;height=172
Cola Light ,Soft Drink,6.0,https://images.deliveryhero.io/image/talabat/Menuitems/mmw_638108507113992227?width=172&amp;height=172
