item_name,item_description,item_price,item_image
Full Charcoal Grilled Chicken,"Served with garlic, vegetable and bread",55.0,https://images.deliveryhero.io/image/talabat/Menuitems/blob_637521437413291898?width=172&amp;height=172
Chicken Kabsa,"Served with  soup, salad and yhogurt",37.0,https://images.deliveryhero.io/image/talabat/Menuitems/mmw_637910014311092394?width=172&amp;height=172
Grilled Meat Tikka Sandwich,Served with hummus,25.0,https://images.deliveryhero.io/image/talabat/Menuitems/mmw_637914936583797405?width=172&amp;height=172
5 Chicken Shawarma Sandwich With French Fries Plate,"Served with garlic and vegetable

",55.0,https://images.deliveryhero.io/image/talabat/Menuitems/mmw_637910014828040809?width=172&amp;height=172
Bab Sharqi Mix Grills,"Served with garlic sauce, spicy and bread",60.0,https://images.deliveryhero.io/image/talabat/Menuitems/mmw_637909138888497571?width=172&amp;height=172
Half Kg Bab sharqi Mix Grill,"Tika meat, kabab Halabi, chicken wings, kabab chicken, arayes, shish tawook served with hummus, garlic, spicy, vegetable and bread",100.0,https://images.deliveryhero.io/image/talabat/Menuitems/blob_637534314638783756?width=172&amp;height=172
Half Kilo Mix Chicken Grill,"Chicken kebab, shish tawook, chicken wings, arayes chicken served with garlic, vegetable spicy and bread",85.0,https://images.deliveryhero.io/image/talabat/Menuitems/mmw_637914933385534459?width=172&amp;height=172
Half Kilo Halabi Kebab,"Served with hummus, vegetable, spicy and bread.",90.0,https://images.deliveryhero.io/image/talabat/Menuitems/mmw_637914923702174058?width=172&amp;height=172
Half Kilo Chicken Kebab,"Served with garlic, vegetable, spicy and bread.",75.0,
Half Kilo Tikka Meat,"Served with hummus, vegetable, spicy and bread.",85.0,
Chicken Kabsa,"Served with  soup, salad and yhogurt",37.0,https://images.deliveryhero.io/image/talabat/Menuitems/mmw_637910014311092394?width=172&amp;height=172
 Chicken Liver, Served with tahini and bread,40.0,https://images.deliveryhero.io/image/talabat/Menuitems/blob_637527299873354619?width=172&amp;height=172
Indian Kebab Platter,"Served with rice,soup,and salad",45.0,https://images.deliveryhero.io/image/talabat/Menuitems/Indian_Kebab637919318757460313.jpg?width=172&amp;height=172
Garlic Chicken Potato Platter,"Served with rice,soup,and salad",40.0,https://images.deliveryhero.io/image/talabat/Menuitems/Garlic_Chicken637919321441845344.jpg?width=172&amp;height=172
Chicken Biryani,"Served with  soup,  salad and yhogurt",37.0,https://images.deliveryhero.io/image/talabat/Menuitems/blob_637534298187126704?width=172&amp;height=172
5 Chicken Shawarma Sandwich With French Fries Plate,"Served with garlic and vegetable

",55.0,https://images.deliveryhero.io/image/talabat/Menuitems/mmw_637910014828040809?width=172&amp;height=172
2 Full Charcoal Grilled Chicken,"Served with garlic, vegetable and bread",95.0,https://images.deliveryhero.io/image/talabat/Menuitems/blob_637523241911421899?width=172&amp;height=172
1 Kg Bab Sharqi Mix Grill With Mix Appetizers,"Served with vegetables, garlic, hummus, vine leaves, tabbouleh, muhammara and bread",220.0,https://images.deliveryhero.io/image/talabat/Menuitems/mmw_637910530357461878?width=172&amp;height=172
 2 Full Charcoal Grilled Chicken With Mix Appetizers," Hummus, muttabal, tabbouleh and vine leaves served with garlic, vegetable and bread",110.0,https://images.deliveryhero.io/image/talabat/Menuitems/mmw_637914915721994566?width=172&amp;height=172
Half Charchoal Grilled Chicken,"Served with hummus, fatoush, garlic and bread",65.0,https://images.deliveryhero.io/image/talabat/Menuitems/Chicken_Charcoal637919322083452862.jpg?width=172&amp;height=172
2 Kg Bab Sharqi Mix Grill,"Served with hummus, garlic, spicy, vegetable and bread",330.0,https://images.deliveryhero.io/image/talabat/Menuitems/blob_637534304592068285?width=172&amp;height=172
Bab Sharqi Mix Grills,"Served with garlic sauce,spicy,fatoush and hummus",80.0,https://images.deliveryhero.io/image/talabat/Menuitems/mmw_637914933634296101?width=172&amp;height=172
1kg Mix Grill,"Served with tikkah, shis tawook, chicken kabab, lamb kabab",100.0,https://images.deliveryhero.io/image/talabat/Menuitems/mmw_637910530704250437?width=172&amp;height=172
Chicken Biryani Rice,With yhogurt.,20.0,https://images.deliveryhero.io/image/talabat/Menuitems/blob_637522811683691740?width=172&amp;height=172
Chiken Kabsa Rice,With yhogurt.,20.0,https://images.deliveryhero.io/image/talabat/Menuitems/blob_637527296479597244?width=172&amp;height=172
Large Chicken Shawarma Saj Bread,With garlic,20.0,https://images.deliveryhero.io/image/talabat/Menuitems/blob_637521827822264335?width=172&amp;height=172
Meduim Chiken  Shawrma Sandwich,With garlic or tahina,15.0,https://images.deliveryhero.io/image/talabat/Menuitems/blob_637521832312653672?width=172&amp;height=172
Chicken Kebab Sandwich,Served with garlic,16.0,https://images.deliveryhero.io/image/talabat/Menuitems/blob_637521838731765467?width=172&amp;height=172
Shish Tawook Sandwich,Served with garlic,20.0,https://images.deliveryhero.io/image/talabat/Menuitems/blob_637521844389268953?width=172&amp;height=172
Grilled Meat Tikka Sandwich,Served with hummus,25.0,https://images.deliveryhero.io/image/talabat/Menuitems/mmw_637914936583797405?width=172&amp;height=172
 Lamb kebab Sandwich , Served with hummus ,22.0,https://images.deliveryhero.io/image/talabat/Menuitems/blob_637521865323279043?width=172&amp;height=172
Falafel Sandwich,Served with vegetables,15.0,https://images.deliveryhero.io/image/talabat/Menuitems/blob_637521866898038502?width=172&amp;height=172
Arabic Chicken Shawarma Plate Saj Bread,With garlic and pickles,35.0,https://images.deliveryhero.io/image/talabat/Menuitems/blob_637524116738871887?width=172&amp;height=172
Arabic Tikka Meat Sandwich,"Served with hummus, spicy, pickles and muhammara.",45.0,https://images.deliveryhero.io/image/talabat/Menuitems/Tikka_Meat_Sandwich637919326738073638.jpg?width=172&amp;height=172
Arabic Halabi Kebab Sandwich,"Served with hummus, spicy, pickles and muhammara.",40.0,https://images.deliveryhero.io/image/talabat/Menuitems/Halabi_Kebab_Sandwich637919327023593774.jpg?width=172&amp;height=172
Arabic Chicken Kebab Sandwich,"Served with garlic, spicy, pickles and muhamara.",40.0,https://images.deliveryhero.io/image/talabat/Menuitems/Chicken_Kebab_Sandwich637919327405534525.jpg?width=172&amp;height=172
Arabic Shish Tawook Sandwich,"Served with garlic, spicy, pickles and muhammara.",40.0,https://images.deliveryhero.io/image/talabat/Menuitems/mmw_637914912184026047?width=172&amp;height=172
Grilled Halloumi Cheese Sandwich,Sandwich featuring grilled halloumi cheese.,25.0,https://images.deliveryhero.io/image/talabat/Menuitems/mmw_637914912369019734?width=172&amp;height=172
1 Kilo Kebab Halabi,"Served with vegetables, hummus and bread",150.0,https://images.deliveryhero.io/image/talabat/Menuitems/blob_637521121583532625?width=172&amp;height=172
1 Kilo Tikka Beef,"Served with hummus, vegetable and bread",170.0,https://images.deliveryhero.io/image/talabat/Menuitems/Tikka_Beef637919328046533522.jpg?width=172&amp;height=172
Kebab Meat With Grilled Eggplant,"Served with vegetable, bread and hummus",140.0,https://images.deliveryhero.io/image/talabat/Menuitems/Kebab_Meat_With_Grilled_E637919328556982053.jpg?width=172&amp;height=172
1 Kilo Kebab Khashkhash,"Served with vegetable, hummus and bread",150.0,https://images.deliveryhero.io/image/talabat/Menuitems/blob_637521154694511990?width=172&amp;height=172
Kebab Meat Plate,"Served with hummus, vegetables and bread",45.0,https://images.deliveryhero.io/image/talabat/Menuitems/blob_637521395106960192?width=172&amp;height=172
Tikka Meat Plate,"Served with vegetable, hummus and bread",55.0,https://images.deliveryhero.io/image/talabat/Menuitems/Tikka_Beef637919328672160327.jpg?width=172&amp;height=172
Kebab Khashkhash Plate,"Served with vegetable, hummus and bread",50.0,https://images.deliveryhero.io/image/talabat/Menuitems/blob_637521392534312521?width=172&amp;height=172
Arayes Marina,Grilled Arabic bread stuffed with meat and spices,40.0,https://images.deliveryhero.io/image/talabat/Menuitems/blob_637524112792551295?width=172&amp;height=172
Arayes Toshka,Grilled arabic bread stuffed  with meat and  cheese,45.0,https://images.deliveryhero.io/image/talabat/Menuitems/mmw_637909139290901347?width=172&amp;height=172
Meat Mix Grill,"Served with hummus,spicy and bread",60.0,
Meat Mix Cubes Tikkah And Kabab,"Served with hummus,spicy and bread",55.0,
Bab Sharqi Mix Grills,"Served with garlic sauce, spicy and bread",60.0,https://images.deliveryhero.io/image/talabat/Menuitems/mmw_637909138888497571?width=172&amp;height=172
Fattoush,"Made with fresh vegetables, herbs and toasted pita bread. Our Fattoush salad is made with crisp lettuce, tomatoes, cucumbers, onions, parsley and mint, making it a perfect side dish or a satisfying light meal.",20.0,https://images.deliveryhero.io/image/talabat/Menuitems/mmw_637909692565630900?width=172&amp;height=172
Tabbouleh,"Made with finely chopped parsley, tomatoes, and onions, mixed with mint, and a lemon dressing. A perfect blend of flavors and textures, making it a refreshing and healthy side dish or a satisfying light meal.",25.0,https://images.deliveryhero.io/image/talabat/Menuitems/mmw_637909136641393998?width=172&amp;height=172
Arabic Salad,Made with a mix of fresh vegetables and dressed with lemon juice and olive oil. it's a healthy and delicious option for those looking for a side dish or a light meal.,20.0,https://images.deliveryhero.io/image/talabat/Menuitems/mmw_637909692820139390?width=172&amp;height=172
Halloumi Cheese Salad,,30.0,https://images.deliveryhero.io/image/talabat/Menuitems/mmw_637909693487815026?width=172&amp;height=172
Rocket Salad ,"A salad made with nachos, topped with a variety of delicious ingredients.",20.0,https://images.deliveryhero.io/image/talabat/Menuitems/mmw_637909693578019918?width=172&amp;height=172
Olive Salad,"Our zesty Olive Salad, featuring a medley of briny olives, crisp veggies, and fragrant herbs and spices, is the perfect touch of Mediterranean flair to your favorite dishes.",25.0,https://images.deliveryhero.io/image/talabat/Menuitems/mmw_637909693921573014?width=172&amp;height=172
1 Kg Chicken Kebab,"Served with garlic ,spicy, vegetable and bread",120.0,https://images.deliveryhero.io/image/talabat/Menuitems/blob_637522315197823144?width=172&amp;height=172
Full Charcoal Grilled Chicken,"Served with garlic, vegetable and bread",55.0,https://images.deliveryhero.io/image/talabat/Menuitems/blob_637521437413291898?width=172&amp;height=172
1 Kg Shish Tawook,"Chicken cubes served with garlic, vegetables and bread",140.0,https://images.deliveryhero.io/image/talabat/Menuitems/blob_637521436354018393?width=172&amp;height=172
Half Grilled Chicken,"Served with garlic, vegetables and bread",40.0,https://images.deliveryhero.io/image/talabat/Menuitems/blob_637521437948246222?width=172&amp;height=172
Chicken Kebab Plate,"Served with garlic ,vegetable and bread",40.0,https://images.deliveryhero.io/image/talabat/Menuitems/blob_637522318678200221?width=172&amp;height=172
Shish Tawook Plate,"Cubes chicken served with garlic, vegetables and bread",45.0,https://images.deliveryhero.io/image/talabat/Menuitems/blob_637521441460388811?width=172&amp;height=172
Half Boneless Chicken Grill,"Served with garlic sauce,spicy and bread",40.0,https://images.deliveryhero.io/image/talabat/Menuitems/mmw_637910529236457962?width=172&amp;height=172
Full Boneless Chicken Grill,"Served with garlic sauce , spicy, vegetables and bread",60.0,https://images.deliveryhero.io/image/talabat/Menuitems/mmw_637909719807569069?width=172&amp;height=172
Mixed Chicken Grills,"Served with garlic sauce, spicy and bread",45.0,https://images.deliveryhero.io/image/talabat/Menuitems/Mixed_Chicken_Grills637919330678448224.jpg?width=172&amp;height=172
Chicken Wings With Garlic And Lemon,"Served with fries, spicy garlic sauce and bread",40.0,https://images.deliveryhero.io/image/talabat/Menuitems/mmw_637910528782434252?width=172&amp;height=172
1 Kg Mix Chicken Grills,"Served with garlic sauce, spicy, vegetables and bread",140.0,https://images.deliveryhero.io/image/talabat/Menuitems/Mixed_Chicken_Grills637919330746888018.jpg?width=172&amp;height=172
Chicken Wings,Served with spicy garlic sauce and bread,35.0,https://images.deliveryhero.io/image/talabat/Menuitems/mmw_637910013787245614?width=172&amp;height=172
Roasted Chicken,"Served with fries, spicy sauce, garlic sauce and vegetables",45.0,https://images.deliveryhero.io/image/talabat/Menuitems/mmw_637909711068948772?width=172&amp;height=172
Lentil Soup,Served with fried bread and lemon.,20.0,https://images.deliveryhero.io/image/talabat/Menuitems/blob_637521452181631201?width=172&amp;height=172
Vegetable Soup,"Slow-cooked juicy vegetables ina delectable broth, It's a healthy and satisfying option",22.0,https://images.deliveryhero.io/image/talabat/Menuitems/blob_637521458208744005?width=172&amp;height=172
Mushroom Soup,"Treat your taste buds to the rich and earthy flavors of tender mushrooms, herbs, and cream, blended into a creamy and satisfying bowl of warm Mushroom Soup",25.0,https://images.deliveryhero.io/image/talabat/Menuitems/blob_637521459869411904?width=172&amp;height=172
Chicken Soup,"Warm your soul with chunks of chicken and a rich broth, make perfect comfort food for any day ",25.0,https://images.deliveryhero.io/image/talabat/Menuitems/blob_637521461442389542?width=172&amp;height=172
Hummus,"Made with the freshest ingredients, including chickpeas, tahini and lemon juice, resulting in a creamy and flavorful dip that's perfect for any occasion.",20.0,https://images.deliveryhero.io/image/talabat/Menuitems/blob_637521463696719538?width=172&amp;height=172
Hummus Beiruti,"Experience the creamy allure of our Hummus Beiruti—a delectable blend of smooth chickpeas, tangy lemon, garlic, and fragrant spices—crafted to transport your taste buds to vibrant Beirut streets.",25.0,https://images.deliveryhero.io/image/talabat/Menuitems/blob_637521464906368363?width=172&amp;height=172
Muttabal Eggplant,Eggplant with tahini served with bread,25.0,https://images.deliveryhero.io/image/talabat/Menuitems/blob_637521469076808474?width=172&amp;height=172
Vine Leaves Stuffed With Rice,,25.0,https://images.deliveryhero.io/image/talabat/Menuitems/blob_637521474519969551?width=172&amp;height=172
Yoghurt With Cucumber,Yogurt dish with refreshing cucumber.,15.0,https://images.deliveryhero.io/image/talabat/Menuitems/mmw_637909724410690764?width=172&amp;height=172
Baba Ghanouj,Egpplant with veg served with bread.,25.0,https://images.deliveryhero.io/image/talabat/Menuitems/mmw_637910017130714641?width=172&amp;height=172
Mix Appetizzers,"Served with humus,moutabal,tabouleh,vine leaves",40.0,https://images.deliveryhero.io/image/talabat/Menuitems/mmw_637909725464021831?width=172&amp;height=172
Muhammara With Syrian Nuts ,,25.0,https://images.deliveryhero.io/image/talabat/Menuitems/mmw_637909725601541168?width=172&amp;height=172
Labneh With Fresh Mint,,25.0,https://images.deliveryhero.io/image/talabat/Menuitems/mmw_637910016486826995?width=172&amp;height=172
Hummus With Meat,"Savor our creamy hummus with succulent spiced meat, It's a perfect dip for any dish",35.0,https://images.deliveryhero.io/image/talabat/Menuitems/blob_637521389806857000?width=172&amp;height=172
Chicken Shawarma Hummus,With bread,35.0,https://images.deliveryhero.io/image/talabat/Menuitems/blob_637521444010268315?width=172&amp;height=172
French Fries,"Fried to a golden crisp perfection and perfectly seasoned, perfect accompaniment to any meal.",20.0,https://images.deliveryhero.io/image/talabat/Menuitems/blob_637521444631919783?width=172&amp;height=172
Fried Kebbeh 4 Pieces,,25.0,https://images.deliveryhero.io/image/talabat/Menuitems/blob_637521445205246644?width=172&amp;height=172
Grilled Halloumi Cheese,Served with bread,25.0,https://images.deliveryhero.io/image/talabat/Menuitems/blob_637521448241669728?width=172&amp;height=172
Spicy Chicken Wings,Served with bread.,35.0,https://images.deliveryhero.io/image/talabat/Menuitems/blob_637521449750693369?width=172&amp;height=172
Falafel Plate,"Served with vegetables, tahini and bread",20.0,https://images.deliveryhero.io/image/talabat/Menuitems/mmw_637910011193627660?width=172&amp;height=172
1 Kg Bab Sharqi Mix Grill,"Tikka, meat kebab, chicken kebab, shish tawook, chicken wing served with garlic, hummus and bread",200.0,https://images.deliveryhero.io/image/talabat/Menuitems/blob_637521490000595894?width=172&amp;height=172
Grilled Fish Fillet,Topped with lemon and garlic sauce,55.0,https://images.deliveryhero.io/image/talabat/Menuitems/mmw_637910017570568396?width=172&amp;height=172
Full Grilled Combo,"Rice, salad, spicy sauce and garlic sauce",50.0,https://images.deliveryhero.io/image/talabat/Menuitems/mmw_637914904710184222?width=172&amp;height=172
Grilled Fillet Fish With Mash Potato,"Served with tahini, spicy and bread",60.0,https://images.deliveryhero.io/image/talabat/Menuitems/blob_637522343066489632?width=172&amp;height=172
Mix Breakfast,"Foul, falafel, hummus and fried egg",45.0,https://images.deliveryhero.io/image/talabat/Menuitems/blob_637521431042821767?width=172&amp;height=172
Shakshouka,"Eggs, tomatoes served with bread and vegetable",30.0,https://images.deliveryhero.io/image/talabat/Menuitems/blob_637521434916496885?width=172&amp;height=172
Foul With Oil,Served with vegetables and bread,25.0,https://images.deliveryhero.io/image/talabat/Menuitems/blob_637521388083935731?width=172&amp;height=172
Foul With Tahina,Served with vegetables and bread,27.0,https://images.deliveryhero.io/image/talabat/Menuitems/blob_637521388887062521?width=172&amp;height=172
Cocktail,Made with a blend of seasonal fruits and reat way to get your daily dose of vitamins and nutrients.,26.0,https://images.deliveryhero.io/image/talabat/Menuitems/Cocktail-Juice_637039932544069147.jpg?width=172&amp;height=172
Orange Juice,"Made capturing all the natural sweetness and tangy citrus flavor. Packed with Vitamin C, it's the perfect thirst quencher and a healthy addition to your daily diet.",21.0,https://images.deliveryhero.io/image/talabat/Menuitems/orange_juice_637039934070621914.jpg?width=172&amp;height=172
Carrot Juice,"Made with freshly squeezed carrots, it's a rich source of Vitamin A and other essential nutrients, perfect for those looking for a healthy and delicious drink.",20.0,https://images.deliveryhero.io/image/talabat/Menuitems/carrot-juice_637039932554048662.jpg?width=172&amp;height=172
Apple Juice,Made with a blend of juicy apples,20.0,https://images.deliveryhero.io/image/talabat/Menuitems/apple-juice_637039932565539928.jpg?width=172&amp;height=172
Pineapple Juice,"A sweet, tropical drink made by blending the flesh of a pineapple. It is a rich source of vitamin C and contains enzymes that can aid digestion.",21.0,https://images.deliveryhero.io/image/talabat/Menuitems/Pineapple_Juice_(2)_637126132428981186.jpg?width=172&amp;height=172
Pomegranate Juice,"Made from carefully selected, ripe pomegranates, it's a perfect balance of sweet and tangy that's packed with antioxidants, making it a healthy and delicious drink option.",26.0,https://images.deliveryhero.io/image/talabat/Menuitems/Pomegranate_juice_637039934080030938.jpg?width=172&amp;height=172
Lemon Juice,"Made with real lemons and a hint of sweetness. Perfectly balanced, it's a great way to quench your thirst and enjoy the taste of fresh lemons any time of the day.",21.0,https://images.deliveryhero.io/image/talabat/Menuitems/Lemon_Juice_637039933411960495.jpg?width=172&amp;height=172
Banana With Milk Juice,"Relax and refresh with a sweet and creamy Banana With Milk Juice, made with ripe bananas blended with cold, fresh milk for a nourishing and satisfying drink that's perfect for any time of day ",21.0,https://images.deliveryhero.io/image/talabat/Menuitems/banana_milkshake_637039932575471360.jpg?width=172&amp;height=172
Mango Juice,"Made from the freshest, ripest mangos, carefully selected for the perfect balance of sweetness and tanginess.",21.0,https://images.deliveryhero.io/image/talabat/Menuitems/Mango_Juice_637039933428516362.jpg?width=172&amp;height=172
Watermelon Juice,Refreshing and hydrating beverage made from freshly squeezed watermelon. It is a natural source of vitamins and minerals,21.0,https://images.deliveryhero.io/image/talabat/Menuitems/watermelon_juice_637039934089940434.jpg?width=172&amp;height=172
Pepsi,Carbonated soft drink,6.3,https://images.deliveryhero.io/image/talabat/Menuitems/ProjectPepsi_Pepsi_Can.jpg?width=172&amp;height=172
Diet Pepsi,Carbonated soft drink with zero sugar & zero calories,6.3,https://images.deliveryhero.io/image/talabat/Menuitems/ProjectPepsi_DietPepsi_Can.jpg?width=172&amp;height=172
7 Up,Non-caffeinated soft drink,6.3,https://images.deliveryhero.io/image/talabat/Menuitems/7up_637039932585463126.jpg?width=172&amp;height=172
Mirinda,Carbonated soft drink,6.3,https://images.deliveryhero.io/image/talabat/Menuitems/PepsiProject_Mirinda.PNG?width=172&amp;height=172
Mountain Dew,"The original citrus-flavored soft drink with a bold and daring taste. With high caffeine content and a unique combination of flavors, it's the perfect choice for those who want to fuel their adrenaline and thirst in one shot.",6.3,https://images.deliveryhero.io/image/talabat/Menuitems/PepsiProject_MountainDew_can.PNG?width=172&amp;height=172
Ayran Yoghurt,,11.0,https://images.deliveryhero.io/image/talabat/Menuitems/Ayran_637039932595262532.jpg?width=172&amp;height=172
