item_name,item_description,item_price,item_image
Classica Pizza,"Marzano tomato base, Mozzarella, ricotta, cherry tomatoes, zaatar pesto, basil and extra virgin olive oil",52.0,https://images.deliveryhero.io/image/talabat/Menuitems/classica_pizza638212416274841674.jpg?width=172&amp;height=172
Margherita Pizza,"Marzano tomato base, mozzarella, basil and extra virgin olive oil",43.0,https://images.deliveryhero.io/image/talabat/Menuitems/margherita638212416439940001.jpg?width=172&amp;height=172
Pepperoni Pizza,"Marzano tomato base, mozzarella and spiced beef pepperoni",48.0,https://images.deliveryhero.io/image/talabat/Menuitems/pepperoni638212416384895528.jpg?width=172&amp;height=172
Corleone Pizza,"Marzano tomato base, mozzarella, spiced beef pepperoni, Lamb Sausage, roasted red and Green peppers",57.0,https://images.deliveryhero.io/image/talabat/Menuitems/corleone638212416528159300.jpg?width=172&amp;height=172
Hallouomi Fries,Deep fried halloumi sticks topped with pomegranate molasses and truffle cream,26.0,https://images.deliveryhero.io/image/talabat/Menuitems/halloumi_fries638212415675487772.jpg?width=172&amp;height=172
Mac and Cheese Balls,"Our twist on arancini, balls of goodness filled with macaroni and cheese",24.0,
Vege Aranci,"Arancini balls filled with rice, tomato and mozzarella",24.0,
Hallouomi Fries,Deep fried halloumi sticks topped with pomegranate molasses and truffle cream,26.0,https://images.deliveryhero.io/image/talabat/Menuitems/halloumi_fries638212415675487772.jpg?width=172&amp;height=172
Lala's Meatballs,homemade beef meatballs with a volcanic tomato sauce,36.0,https://images.deliveryhero.io/image/talabat/Menuitems/lalas_meatballs638212415725493180.jpg?width=172&amp;height=172
Fried Cheesy Spaghetti Squared,"Spaghetti, tomato sauce, and mozzarella square deep fried in our sourdough breadcrumb batter. Served with tomato sauce",24.0,https://images.deliveryhero.io/image/talabat/Menuitems/mmw_638259826240564782?width=172&amp;height=172
Make Your Own Roman Style Pizza,,40.0,
Make Your Own Classic Style Pizza,,40.0,
Spicy Lamb,"Minced lamb, spicy grandma sauce, rocket leaves and cherry tomatoes",36.0,
Chicken Parm And Ricotta,"Breaded chicken, ricotta, cherry tomatoes and parsley.",37.0,
Bresaola,"Beef bresaola, rocket leaves, tomato and ricotta cheese",39.0,
Burrata Pesto Sandwich,"Burrata, tomatoes, homemade zaatar, pesto and black pepper in a 72 hour fermented bread role",36.0,
Turkey Breast And Mozzarella,"Turkey breast, tomato, fresh mozzarella",32.0,
Pesto Caprese,"Fresh mozzarella, tomato, basil and homemade zaatar pesto",30.0,
Grandmas Meatball Sandwich,"Beef meatballs, volcanic tomato sauce, mozzarella, and basil.",36.0,
"Zaatar, Labneh & Cucumber Sandwich","Zaatar, labneh, cheese, sliced cucumber in a 72 hour fermented bread role",34.0,
Solo Combo ,"1 Your choice of pizza, your choice of 1 side salad or dessert and any 1 soft drink or water.",80.0,
2 Persona Combo,"2 Roman style pizzas, 2 sides or salads, 1 dessert, and  2 soft drinks or water.",150.0,
La Famiglia Combo,"3 roman style pizza, 2 sides or salads, 2 desserts and 3 softdrinks or water",220.0,
La Festa Combo,"4 Roman Style Pizza, 3 sides/salads, 3 desserts  and  5 softdrinks/water",300.0,
Sandwich Combo,1 Sandwich + 1 side/salad/dessert + any 1 softdrink/water,50.0,
Pasta Combo,1 Pasta + 1 side/salad/dessert + any 1 softdrink/water,50.0,
Shakshuka Flatbread,"Homemade tomato sauce, eggs, onions, roasted  peppers and sun dried tomatoes on a 72 hour fermented flatbread",44.0,
Manakeesh Flatbread,"Zaatar, cheese or zaatar & cheese mix on a 72 hour fermented flatbread",36.0,
Brioche And  Cream And Jam,"Homemade Brioche bread with homemade cream and jam apricot, strawberry or fig",29.0,
Greek Yoghurt,"Greek Yoghurt with strawberry, banana and homemade granola",37.0,
Turkey And Cheese Sandwich,"Turkey breast, tomato, mozzarella in a 72 hour fermented flatbread",32.0,
Breakfast Mezze Platter,"Halloumi Cheese, zaatar, labneh cheese, 2 eggs, (scrambled or sunny side up), sliced cucumber, tomato and olives on the side",45.0,
"Zaatar, Labneh & Cucumber Sandwich","Zaatar, Labneh cheese, sliced cucumber in a 72 hour fermented flatbread",34.0,
L'Arabo,"Roasted eggplant base, roasted red and yellow pepper, zaatar, laban cheese, extra virgin olive oil and baslamic glaze",50.0,https://images.deliveryhero.io/image/talabat/Menuitems/larabo638212416576155058.jpg?width=172&amp;height=172
Margherita Pizza,"Marzano tomato base, mozzarella, basil and extra virgin olive oil",43.0,https://images.deliveryhero.io/image/talabat/Menuitems/margherita638212416439940001.jpg?width=172&amp;height=172
Pepperoni Pizza,"Marzano tomato base, mozzarella and spiced beef pepperoni",48.0,https://images.deliveryhero.io/image/talabat/Menuitems/pepperoni638212416384895528.jpg?width=172&amp;height=172
Corleone Pizza,"Marzano tomato base, mozzarella, spiced beef pepperoni, Lamb Sausage, roasted red and Green peppers",57.0,https://images.deliveryhero.io/image/talabat/Menuitems/corleone638212416528159300.jpg?width=172&amp;height=172
Quattro Formaggi Pizza,"Marzano tomato base, mozzarella, gorgonzola, parmigiano, reggiano and ricotta cheese. if you prefer without a tomato base let us know!",52.0,https://images.deliveryhero.io/image/talabat/Menuitems/quatro_formaggi638212416374967925.jpg?width=172&amp;height=172
Melanzane Pizza,"Roasted eggplant base, homemade zaatar pesto, ricotta, basil, roasted red and yelllow peppers and gorgonzola cheese",53.0,https://images.deliveryhero.io/image/talabat/Menuitems/melanzane638212416523304780.jpg?width=172&amp;height=172
Classica Pizza,"Marzano tomato base, Mozzarella, ricotta, cherry tomatoes, zaatar pesto, basil and extra virgin olive oil",52.0,https://images.deliveryhero.io/image/talabat/Menuitems/classica_pizza638212416274841674.jpg?width=172&amp;height=172
Hipster Vegan Pizza,"Marzano tomato base, cherry tomatoes, vegan mozzarella, vegan sausage, Basil and extra virgin olive oil",59.0,https://images.deliveryhero.io/image/talabat/Menuitems/hipster638212416540962239.jpg?width=172&amp;height=172
Piccante Spicy Pizza,"Roasted chili and cherry tomato base, breaded chicken breast strips, mozzarella, cream of burrata, basil, chili flakes and extra virgin olive oil",59.0,https://images.deliveryhero.io/image/talabat/Menuitems/piccante638212416545234471.jpg?width=172&amp;height=172
Alta Classe Pizza,"Marzano tomato base, burrata cheese, sundried tomatoes, basil and extra virgin olive oil",57.0,https://images.deliveryhero.io/image/talabat/Menuitems/ALTA_CLASSE638212416478145020.jpg?width=172&amp;height=172
Fungi E Tartufo Pizza,"Button mushroom base, porcine mushroom, burrata, truffle cream, parsley and black olive flakes",65.0,https://images.deliveryhero.io/image/talabat/Menuitems/funghi_e_tartufo_pizza638212416499629296.jpg?width=172&amp;height=172
Big Boss Pizza,"Bresaola, cream of burrata, lemon zest, extra virgin olive oil and fresh black pepper",63.0,https://images.deliveryhero.io/image/talabat/Menuitems/big_boss638212416099350856.jpg?width=172&amp;height=172
Nduja Cipolla,"Spicy Calabrian nduja beef chunks, red onions, mozzarella and Marzano tomato base",52.0,
Alla Norma,"Roasted Eggplant base, mozzarella, spicy grandma sauce, ricotta salata cheese, parmigiano reggiano, basil, parsley, lemon zest",53.0,https://images.deliveryhero.io/image/talabat/Menuitems/mmw_638262697074300288?width=172&amp;height=172
Marina Burrata (With Anchovies),"Marzano tomato base, cream of burrata, anchovies, basil, extra virgin olive oil",64.0,
Tonno Pizza,"Marzano tomato base, mozzarella, tuna chunks, red onion, parsley",55.0,
Margherita  Classic,"Marzano tomato base, mozzarella, basil and extra virgin olive oil",43.0,
Pepperoni Classic,"Marzano tomato base, mozzarella and spiced Italian beef pepperoni",48.0,
Alta Classe Classic,"Marzano tomato base, burrata cheese, sun dried tomatoes, basil.",57.0,
Classica Pizza Classic,"Marzano tomato base, mozzarella, ricotta, cherry tomatoes, zaatar pesto, basil, and extra virgin olive oil",52.0,
Hipster Classic,"Marzano tomato base, cherry tomatoes, vegan mozzarella, vegan sausage, basil and extra virgin olive oil",59.0,
Nduja Cipolla - Classic,"Spicy Calabrian nduja beef chunks, red onions, mozzarella, marzano tomato base",52.0,
Quattro Formaggi Classic,"Marzano tomato base, mozzarella, gorgonzola, parmigiano reggiano, and ricotta cheese",52.0,
Corleone Classic,"Spiced italian beef pepperoni, lamb sausage roastedrd, yellow peppers, mozzarella and marzano tomato base",57.0,
Fungi E Tartufo Classic,"Two layers of seasonal mushrooms, whole burrata, truffle cream, parsley, extra virgin olive oil and black olive powder",65.0,
Marina Burrata Classic,"Marzano tomato base, cream of burrata, anchovies, basil, extra virgin olive oil",64.0,
Piccante - Classic,"Marzano tomato base, cherry tomatoes, breaded chicken breast strips, mozzarella, cream of burrata, basil, chilli flakes, extra virgin olive oil.",59.0,
Tonno Pizza Classic,"Marzano tomato base, mozzarella, tuna chunks, red onion, parsley",56.0,
Nonno Vinni's Meatball Spaghetti,Tender slow cooked beef meatballs in a rich tomatoe suace. Nonno Vini ain't no longer with us so it's a tribute to him,54.0,https://images.deliveryhero.io/image/talabat/Menuitems/Nonno_Vinnis_Meatballs638212415991197666.jpg?width=172&amp;height=172
Penne Arrabbiata,"Tomatoes, garlic, chilli, penne, extra virgin olive oil and basil",46.0,https://images.deliveryhero.io/image/talabat/Menuitems/penne_arrabbiata638212415952209867.jpg?width=172&amp;height=172
Carbornara Classica,"Spaghetti, eggs, cheese and turkey bacon come together in the ultimate Italian favorite",56.0,https://images.deliveryhero.io/image/talabat/Menuitems/Carbonara638212415246121965.jpg?width=172&amp;height=172
Zeleme Zaatar Pesto Vegan,"Spaghetti, homemade zaatar pesto topped with fresh basil. ",46.0,https://images.deliveryhero.io/image/talabat/Menuitems/zeleme_zaatar_pesto638212415949669063.jpg?width=172&amp;height=172
Pasta Con Nduja,"Spaghetti in an extra virgin olive oil and garlic aioli, chillies and our Calabrian nduja.",54.0,
Burrata Salad,"Burrata, Tomato and basil with honey balsmic dressing",60.0,
Greek Salad,"Feta cheese, cucumber, tomato, onion, green pepper and olives",32.0,https://images.deliveryhero.io/image/talabat/Menuitems/greek_salad638212415967001679.jpg?width=172&amp;height=172
Caprese Salad,"Marzano tomatoes, fresh mozzarella, basil and extra virgin olive oil",36.0,https://images.deliveryhero.io/image/talabat/Menuitems/caprese_salad638212415489620646.jpg?width=172&amp;height=172
Extra Pepperoni,Extra pepperoni slices.,7.0,
Extra Breaded Chicken Strips,,7.0,
Extra Lamb Sausage,,7.0,
Extra Vegan Sausage,,7.0,
Extra Beef Meatballs,,7.0,
Extra Mushrooms,,5.0,
Roasted Peppers,,5.0,
Extra Jalapenos,,5.0,
Extra Cherry Tomatoes,,5.0,
Extra Vegan Mozzarella,,5.0,
Extra Oregano,,3.0,
Extra Basil,,3.0,
Gorgonzola Cheese,,5.0,
Red Onion,,5.0,
Mozzarella Cheese,Creamy cheese originating from italy,5.0,
Sun-Dried Tomatoes,,5.0,
Black Olives,,5.0,
Grilled Chicken Strips,,7.0,
Garlic Breadcrumbs,,3.0,
Bresoula,,14.0,
Nduja Sausage,,11.0,
Buffalo Mozzarella,,12.0,
Parmesan Cheese,"Hard, aged Italian cheese with a strong flavor.",3.0,
Marshmellow Brownie,Homemade chocolate fudge brownie smothered in marshmellows,26.0,https://images.deliveryhero.io/image/talabat/Menuitems/marshmellow_brownie638212415599502967.jpg?width=172&amp;height=172
Nutella Pillow,"Fried dough ball stuffed with Nutella, caramelized walnuts and strawberries",26.0,https://images.deliveryhero.io/image/talabat/Menuitems/Nutella_Pillow638212415401836763.jpg?width=172&amp;height=172
Tiramisu,"Layers of savoiardi, fresh coffee, marscapone and chocolate",27.0,https://images.deliveryhero.io/image/talabat/Menuitems/tiramisu638212415590853688.jpg?width=172&amp;height=172
Pistachio Pillow,Fried dough ball stuffed with pistachio cream and topped with pistachio,29.0,
Gelato Con Brioche,"Your choice of Italian gelato with homemade brioche bread, your choice of sauce, and your choice of garnish.",33.0,
Homemade Tiramisu With Pistachio Cream,"Layers of savoiardi, fresh coffee, mascarpone, chocolate topped with pistachio cream and pistachio flakes",33.0,
Homemade Tiramisu With Oreos And Homemade Cream,"Layers of savoiardi, fresh coffee, mascarpone, chocolate topped with Oreos and homemade cream.",33.0,
Homemade Tiramisu With Nutella,,33.0,
Gelato 2 Scoop,"Your choice of vanilla, chocolate or pistachio ice cream",27.0,
Berry Montana,Fresh Rasberry and Mint Lemon,23.0,
Forget about it,"Lemon juice, fresh orange, cucumber, basil and sparkling water",23.0,
Pepsi,Soft drink,10.0,https://images.deliveryhero.io/image/talabat/Menuitems/pepsiCan638212412315565328.jpg?width=172&amp;height=172
7 up,Soft Drink,10.0,https://images.deliveryhero.io/image/talabat/Menuitems/7upCan638212412368356379.jpg?width=172&amp;height=172
Diet Pepsi,Soft Drink,10.0,https://images.deliveryhero.io/image/talabat/Menuitems/diet_pepsiCan638212412389101123.jpg?width=172&amp;height=172
Miranda,Soft Drink,10.0,
Lipton Ice Tea,Iced black lipton tea.,12.0,
Small water,Mineral water.,6.0,https://images.deliveryhero.io/image/talabat/Menuitems/Water638212576258233850.jpg?width=172&amp;height=172
Large water,Mineral Water,14.0,https://images.deliveryhero.io/image/talabat/Menuitems/Mineral_Water638212560151043639.jpg?width=172&amp;height=172
Sparkling water,Carbonated water,11.0,
Fresh Orange Juice,"Made with freshly squeezed oranges, it's a great source of Vitamin C.",21.0,
Fresh Lemon and Mint Juice,"lemon, mint, sugar and water",21.0,
Fresh Pineapple Juice,chinese chopsuey: Stir-fried mixed vegetables in a Chinese-style sauce.,21.0,
Fresh Mango Juice,Refreshing and sweet drink made from the pulp of ripe mangoes mixed with water or other ingredients.,21.0,
