item_name,item_description,item_price,item_image
Empire Special Chicken Kabab Half,Non veg.,22.5,https://images.deliveryhero.io/image/talabat/Menuitems/22DEC_12_TALABAT_UAE_BANG638065397010247162.jpg?width=172&amp;height=172
Ghee Rice,veg,15.0,https://images.deliveryhero.io/image/talabat/Menuitems/22DEC_12_TALABAT_UAE_BANG638065401983753396.jpg?width=172&amp;height=172
Combo 1,"Biriyani rice, 2pc coin parotta, 2pc chicken kabab, butter chicken grevy, dal fry, salad, raitha and pickle ",26.25,
Dal Fry,"Made with perfectly cooked lentils infused with spices, tempered with ghee, and garnished with fresh herbs for a hearty and comforting meal",17.5,
Mutton Combo,"Ghee rice, 2pc coin parotta, mutton curry, mutton dry, raitha and salad.",26.25,
Chilly Fish Bonless Dry Half,,26.0,
Chilly Fish Bonless Dry Full,,47.5,
Prawns Dry Half,,32.5,
Prawns Dry Full,,61.5,
Prawns Masala Fry Half,,35.0,
Prawns Masala Fry Full,,61.5,
Prawns Masala,"Indulge in the rich and aromatic flavors of our prawns masala, featuring succulent prawns cooked in a fragrant and savory blend of Indian spices, herbs, and tomatoes that will transport you to the bustling streets of Mumbai and leave you feeling satisfied and nourished!",32.5,
Dal Fry,"Made with perfectly cooked lentils infused with spices, tempered with ghee, and garnished with fresh herbs for a hearty and comforting meal",17.5,
Dal Palak,"Dish that combines lentils and spinach, simmered to perfection with aromatic spices.",18.75,
Dal Tadka,"Made with  tender lentils cooked to perfection in a creamy and aromatic blend of spices, including cumin, turmeric, and mustard seeds, for a satisfying and soul-warming meal!",18.75,
Alu Gobi,Traditional Indian dish with potatoes and cauliflower.,18.75,
Veg Jal Frezi,,20.0,
Veg Kuruma,Creamy vegetarian curry.,20.0,
Veg Kadai,"Made with juicy pieces of tender chicken, al dente pasta a blend of aromatic herbs and spices.",20.0,
Paneer Kadai,"Cubes of soft paneer, cooked in a fragrant blend of spices, onions, and peppers, it's a vegetarian delight",20.0,
Paneer Butter Masala,"Made with succulent cubes of cottage cheese in a luscious tomato-based sauce, infused with aromatic spices and finished with a dollop of butter for an irresistibly decadent meal.",20.0,
Palak Paneer,"Made with spinach and paneer cheese in a flavoural sauce,  It's a classic indian dish that satisfies the taste buds. ",20.0,
Gobi Manchurian Masala,,18.75,
Tomato Fry,Stir-fried tomatoes.,17.5,
Raitha,,8.75,
Curd,Creamy milk made from fermented milk.,7.0,
Gobi Manchurian Dry,Indo-Chinese dish of crispy cauliflower florets in a dry and spicy sauce.,20.0,
Paneer Chilly Dry,,20.0,
Baby Corn Manchurian,Crispy baby corn fritters coated in a tangy and spicy sauce.,20.0,
Non Veg Thali.,"Chicken kabab, ghee rice, chilly chicken, coin parotta, butter chicken, mutton curry, dal fry, raitha, pappad, rasam and payasam",30.0,https://images.deliveryhero.io/image/talabat/Menuitems/mmw_638154562229648994?width=172&amp;height=172
Veg Thali,"Rice, coin parotta, gobi dry, paneer chilly dry, paneer butter masala, veg curry, dal fry, raitha, pappad, rasam, payasam.",27.5,
Combo 1,"Biriyani rice, 2pc coin parotta, 2pc chicken kabab, butter chicken grevy, dal fry, salad, raitha and pickle ",26.25,
Mutton Combo,"Ghee rice, 2pc coin parotta, mutton curry, mutton dry, raitha and salad.",26.25,
Tandoori Combo,"Ghee rice, tandoori kulcha, 2pc tandoori chicken, butter chicken grevy, dal fry, salad",26.25,
Chicken Soup,nonveg,20.0,https://images.deliveryhero.io/image/talabat/Menuitems/soups638104486666106648.jpg?width=172&amp;height=172
Chicken Sweet Corn Soup,nonveg,20.0,https://images.deliveryhero.io/image/talabat/Menuitems/soups638104486791524094.jpg?width=172&amp;height=172
Hot And Sour Chicken Soup,nonveg,20.0,https://images.deliveryhero.io/image/talabat/Menuitems/soups638104486966766286.jpg?width=172&amp;height=172
Hot And Sour Veg Soup,veg,17.5,https://images.deliveryhero.io/image/talabat/Menuitems/soups638104487056729639.jpg?width=172&amp;height=172
Mutton Soup,nonveg,20.0,https://images.deliveryhero.io/image/talabat/Menuitems/soups638104487616659700.jpg?width=172&amp;height=172
Tomato Soup,veg,17.5,https://images.deliveryhero.io/image/talabat/Menuitems/soups638104488787298741.jpg?width=172&amp;height=172
Veg Soup,veg,17.5,https://images.deliveryhero.io/image/talabat/Menuitems/soups638104488841819827.jpg?width=172&amp;height=172
Veg Sweet Corn Soup,veg,17.5,https://images.deliveryhero.io/image/talabat/Menuitems/soups638104488911305773.jpg?width=172&amp;height=172
Empire Special Chicken Kabab Full,Non veg.,45.0,https://images.deliveryhero.io/image/talabat/Menuitems/22DEC_12_TALABAT_UAE_BANG638065396966374063.jpg?width=172&amp;height=172
Empire Special Chicken Kabab Half,Non veg.,22.5,https://images.deliveryhero.io/image/talabat/Menuitems/22DEC_12_TALABAT_UAE_BANG638065397010247162.jpg?width=172&amp;height=172
Boneless Chicken Kebab Full Empire Special,nonveg,52.5,
Boneless Chicken Kebab Half Empire Special,nonveg,30.0,
Special Chilly Kebab Full ,nonveg,45.0,https://images.deliveryhero.io/image/talabat/Menuitems/22DEC_12_TALABAT_UAE_BANG638065395202444133.jpg?width=172&amp;height=172
Special Chilly Kebab Half ,nonveg,23.75,
Full Chilly Chicken Boneless( Empire Special),Nonveg,45.0,https://images.deliveryhero.io/image/talabat/Menuitems/22DEC_12_TALABAT_UAE_BANG638065400737355272.jpg?width=172&amp;height=172
Chilly Chicken Boneless Half (Empire Special),nonveg,25.0,https://images.deliveryhero.io/image/talabat/Menuitems/22DEC_12_TALABAT_UAE_BANG638065400777515634.jpg?width=172&amp;height=172
Chicken Manchurian Full  (Empire Special),nonveg,45.0,
Chicken Manchurian Half  Empire Special,nonveg,25.0,
Chicken Popcorn Kebab ,nonveg,27.5,
Chicken Lollipop With Bone Full ,nonveg,45.0,
Szechwan Chicken Full ,nonveg,45.0,
Szechwan Chicken Half ,nonveg,25.0,
Lemon Chicken Boneless Full (Empire Special) ,nonveg,48.75,
Lemon Chicken Boneless (Empire Special),nonveg,27.5,
Dragon Chicken Half ,nonveg,25.0,
Dragon Chicken Full ,nonveg,45.0,
Chilly Chicken Bone Half (Empire Special),nonveg,20.0,
Chilly Chicken Bone Full  (Empire Special),nonveg,35.0,
Chicken Lemon With Bone Full (Empire Special),nonveg,42.5,
Chicken Lemon With Bone Half(Empire Special),nonveg,23.75,
Chicken Pepper Dry Full,nonveg,40.0,
Chicken Pepper Dry Half,nonveg,22.5,
Chicken 65 Boneless Full Empire Special,nonveg,45.0,
Chicken 65 Boneless Half  Empire Special,nonveg,25.0,
Chicken 65 With Bone Full  (Empire Special),nonveg,45.0,
Chicken 65 With Bone Half (Empire Special),nonveg,23.75,
Malai Tikka Full,nonveg,48.75,https://images.deliveryhero.io/image/talabat/Menuitems/22DEC_12_TALABAT_UAE_BANG638065398673117229.jpg?width=172&amp;height=172
Half Malai Tikka ,nonveg,27.5,https://images.deliveryhero.io/image/talabat/Menuitems/22DEC_12_TALABAT_UAE_BANG638065398747391352.jpg?width=172&amp;height=172
Afgani Tandoori Chicken Full,nonveg,50.0,https://images.deliveryhero.io/image/talabat/Menuitems/22DEC_12_TALABAT_UAE_BANG638065398425604595.jpg?width=172&amp;height=172
Afgani Tandoori Chicken Half,nonveg,31.25,https://images.deliveryhero.io/image/talabat/Menuitems/22DEC_12_TALABAT_UAE_BANG638065398453354191.jpg?width=172&amp;height=172
Chicken Tikka Full,nonveg,48.75,
Chicken Tikka Half,nonveg,30.0,https://images.deliveryhero.io/image/talabat/Menuitems/22DEC_12_TALABAT_UAE_BANG638065398859159959.jpg?width=172&amp;height=172
Kalmi Kabab Full,nonveg,40.0,https://images.deliveryhero.io/image/talabat/Menuitems/22DEC_12_TALABAT_UAE_BANG638065401369126004.jpg?width=172&amp;height=172
 Kalmi Kabab Half,nonveg,22.5,https://images.deliveryhero.io/image/talabat/Menuitems/22DEC_12_TALABAT_UAE_BANG638065401403370332.jpg?width=172&amp;height=172
Tandoori Chicken Full,nonveg,50.0,
Tandoori Chicken Half,nonveg,30.0,
Chicken Tandoori Special Half,,31.25,
Chicken Tandoori Special Full,,50.0,
Mutton Dry Full,nonveg,48.75,
Mutton Dry Half,nonveg,31.25,https://images.deliveryhero.io/image/talabat/Menuitems/22DEC_12_TALABAT_UAE_BANG638065402588867429.jpg?width=172&amp;height=172
Beef Curry,nonveg,25.0,
Beef Pepper Dry,nonveg,25.0,
Beef Pepper Dry Full,nonveg,47.5,
Beef Varattiyathu Full,nonveg,47.5,
Biriyani Rice,nonveg,17.5,
Prawns Biriyani,nonveg,40.0,
Plain Rice,veg,12.5,
Mutton Biriyani,nonveg,26.25,https://images.deliveryhero.io/image/talabat/Menuitems/22DEC_12_TALABAT_UAE_BANG638065403488070250.jpg?width=172&amp;height=172
Lemon Rice,veg,16.25,
Veg Biriyani,veg,20.0,
Jeera Rice,veg,16.25,
Half Ghee Rice,veg,8.75,
Ghee Rice,veg,15.0,https://images.deliveryhero.io/image/talabat/Menuitems/22DEC_12_TALABAT_UAE_BANG638065401983753396.jpg?width=172&amp;height=172
Egg Biriyani,nonveg,20.0,
Curd Rice,veg,15.0,
Chicken Biriyani,nonveg,22.5,https://images.deliveryhero.io/image/talabat/Menuitems/22DEC_12_TALABAT_UAE_BANG638065402974169252.jpg?width=172&amp;height=172
Half Plain Rice,veg,7.5,
Biriyani Rice Half,Non veg.,10.0,
Plain Dosa Extra,veg,3.75,https://images.deliveryhero.io/image/talabat/Menuitems/dosa638104490001056202.jpg?width=172&amp;height=172
Onion Dosa,veg,18.75,https://images.deliveryhero.io/image/talabat/Menuitems/dosa638104490054837120.jpg?width=172&amp;height=172
Onion Dosa Prawns,nonveg,27.5,https://images.deliveryhero.io/image/talabat/Menuitems/dosa638104490096059287.jpg?width=172&amp;height=172
Onion Dosa Chicken,nonveg,22.5,https://images.deliveryhero.io/image/talabat/Menuitems/22DEC_12_TALABAT_UAE_BANG638065396148778496.jpg?width=172&amp;height=172
Onion Dosa Extra,veg,5.0,https://images.deliveryhero.io/image/talabat/Menuitems/dosa638104490222991755.jpg?width=172&amp;height=172
Mutton Keema Dosa,nonveg,27.5,https://images.deliveryhero.io/image/talabat/Menuitems/22DEC_12_TALABAT_UAE_BANG638065397173917540.jpg?width=172&amp;height=172
Egg Dosa Veg,veg,20.0,https://images.deliveryhero.io/image/talabat/Menuitems/dosa638104490281392099.jpg?width=172&amp;height=172
Prawns Dosa,nonveg,27.5,https://images.deliveryhero.io/image/talabat/Menuitems/dosa638104490366526568.jpg?width=172&amp;height=172
Egg Dosa Prawns,nonveg,31.25,https://images.deliveryhero.io/image/talabat/Menuitems/dosa638104490504203724.jpg?width=172&amp;height=172
Egg Dosa Single,nonveg,6.25,https://images.deliveryhero.io/image/talabat/Menuitems/dosa638104490699836076.jpg?width=172&amp;height=172
Dosa Chicken,nonveg,20.0,https://images.deliveryhero.io/image/talabat/Menuitems/22DEC_12_TALABAT_UAE_BANG638065395948495831.jpg?width=172&amp;height=172
Egg Dosa Chicken,nonveg,22.5,https://images.deliveryhero.io/image/talabat/Menuitems/dosa638104492416847729.jpg?width=172&amp;height=172
Veg Dosa,veg,17.5,https://images.deliveryhero.io/image/talabat/Menuitems/dosa638104492525545769.jpg?width=172&amp;height=172
Butter Kulcha,veg,6.25,https://images.deliveryhero.io/image/talabat/Menuitems/naan_platter638104506402382489.jpg?width=172&amp;height=172
Butter Naan,veg,6.25,https://images.deliveryhero.io/image/talabat/Menuitems/naan_platter638104506446220159.jpg?width=172&amp;height=172
Butter Roti,veg,6.25,https://images.deliveryhero.io/image/talabat/Menuitems/naan_platter638104506495430203.jpg?width=172&amp;height=172
Garlic Naan,veg,6.25,https://images.deliveryhero.io/image/talabat/Menuitems/naan_platter638104506537085960.jpg?width=172&amp;height=172
Kulcha,veg,3.75,https://images.deliveryhero.io/image/talabat/Menuitems/kulcha_naan638104506681099924.jpg?width=172&amp;height=172
Romali Roti,veg,3.75,https://images.deliveryhero.io/image/talabat/Menuitems/naan_platter638104506772648273.jpg?width=172&amp;height=172
Tandoori Nan,veg,3.75,https://images.deliveryhero.io/image/talabat/Menuitems/naan_platter638104506816093173.jpg?width=172&amp;height=172
Tandoori Porota,veg,3.75,https://images.deliveryhero.io/image/talabat/Menuitems/naan_platter638104506861556039.jpg?width=172&amp;height=172
Tandoori Roti,veg,2.5,https://images.deliveryhero.io/image/talabat/Menuitems/naan_platter638104506908850953.jpg?width=172&amp;height=172
Chicken Mugulai ,nonveg,30.0,
Chicken Tomato Fry ,nonveg,27.5,
Chicken Varaval ,nonveg,27.5,https://images.deliveryhero.io/image/talabat/Menuitems/22DEC_12_TALABAT_UAE_BANG638065397756061091.jpg?width=172&amp;height=172
Pepper Chicken Masala ,nonveg,27.5,
Tikka Masala ,nonveg,32.5,
Chicken Tandoori Masala ,nonveg,32.5,
Chicken Kadai Empire Special ,,27.5,
Chicken Kadai North Indian ,,27.5,
Chicken Kadai Boneless North Indian ,,30.0,
Butter Chicken ,A rich and creamy Indian chicken curry made with buttery tomato sauce.,27.5,
Butter Chicken Boneless ,,30.0,https://images.deliveryhero.io/image/talabat/Menuitems/22DEC_12_TALABAT_UAE_BANG638065398239885562.jpg?width=172&amp;height=172
Chicken Jalfrezi,"Tender chicken cooked with a colorful mix of bell peppers, onions, and aromatic spices",27.5,
Chicken Hyderabai,,27.5,
Chicken Hyderabai Boneless ,,30.0,
Chicken Manchurian Masala Empire Special ,,30.0,
Mutton Dopiaza,nonveg,31.25,
Mutton Jal Frezi,nonveg,31.25,
Mutton Kadai North Ind,nonveg,31.25,
Mutton Keema,nonveg,31.25,
Mutton Tomoto Fry,nonveg,31.25,
Mutton Varaval,nonveg,31.25,https://images.deliveryhero.io/image/talabat/Menuitems/22DEC_12_TALABAT_UAE_BANG638065397941467607.jpg?width=172&amp;height=172
Pepper Mutton Masala,nonveg,31.25,https://images.deliveryhero.io/image/talabat/Menuitems/22DEC_12_TALABAT_UAE_BANG638065397593341958.jpg?width=172&amp;height=172
Boiled Egg 2Nos,nonveg,7.5,
Boiled Egg 1No,nonveg,3.75,
Egg Bulls Eye,nonveg,7.5,
Egg Burji,nonveg,12.5,
Egg Masala,nonveg,18.75,
Egg Omlet,nonveg,11.25,
Special Dal Fry With Egg,nonveg,18.75,
Alu Porota,veg,12.5,
Bangalore Porota,veg,3.75,
Ceylon Porota,veg,5.0,
Coin Porota,veg,2.5,https://images.deliveryhero.io/image/talabat/Menuitems/22DEC_12_TALABAT_UAE_BANG638065395636394994.jpg?width=172&amp;height=172
Dry Chapati,veg,2.5,
Egg Keema Porota,nonveg,22.5,
Egg Porota,nonveg,15.0,
Empire Butter Porota,veg,6.25,
Empire Mix Porota,nonveg,17.5,
Ghee Chapti,veg,3.75,
Kerala Porota,veg,2.5,
Wheat Parota,veg,5.0,
Spl.parota,veg,5.0,
Chicken Fried Rice,nonveg,22.5,https://images.deliveryhero.io/image/talabat/Menuitems/22DEC_12_TALABAT_UAE_BANG638065403147456402.jpg?width=172&amp;height=172
Egg Fried Rice,nonveg,20.0,https://images.deliveryhero.io/image/talabat/Menuitems/fried_rice638104492848580799.jpg?width=172&amp;height=172
Mix Fried Rice,nonveg,27.5,https://images.deliveryhero.io/image/talabat/Menuitems/FriedRice11638104492907811619.jpg?width=172&amp;height=172
Mutton Fried Rice,nonveg,23.75,https://images.deliveryhero.io/image/talabat/Menuitems/fried_rice638104492973184606.jpg?width=172&amp;height=172
Prawns Fried Rice,nonveg,27.5,https://images.deliveryhero.io/image/talabat/Menuitems/fried_rice638104493050699132.jpg?width=172&amp;height=172
Schezwan Chicken Fried Rice,nonveg,23.75,https://images.deliveryhero.io/image/talabat/Menuitems/22DEC_12_TALABAT_UAE_BANG638065403629963817.jpg?width=172&amp;height=172
Schezwan Mutton Fried Rice,nonveg,26.25,https://images.deliveryhero.io/image/talabat/Menuitems/fried_rice638104493107925852.jpg?width=172&amp;height=172
Schezwan Veg Fried Rice,veg,21.25,https://images.deliveryhero.io/image/talabat/Menuitems/fried_rice638104493184799319.jpg?width=172&amp;height=172
Szechwan Egg Fried Rice,nonveg,22.5,https://images.deliveryhero.io/image/talabat/Menuitems/fried_rice638104493326860504.jpg?width=172&amp;height=172
Szechwan Mix Fried Rice,nonveg,28.75,https://images.deliveryhero.io/image/talabat/Menuitems/fried_rice638104493491256787.jpg?width=172&amp;height=172
Veg Fried Rice,veg,18.75,https://images.deliveryhero.io/image/talabat/Menuitems/fried_rice638104493596125621.jpg?width=172&amp;height=172
Chicken Noodles,nonveg,22.5,https://images.deliveryhero.io/image/talabat/Menuitems/Noodles638104493723936826.jpg?width=172&amp;height=172
Egg Noodles,nonveg,20.0,https://images.deliveryhero.io/image/talabat/Menuitems/Noodles638104493772614946.jpg?width=172&amp;height=172
Mix Noodles,nonveg,27.5,https://images.deliveryhero.io/image/talabat/Menuitems/Noodles638104494036885596.jpg?width=172&amp;height=172
Mutton Noodles,nonveg,23.75,https://images.deliveryhero.io/image/talabat/Menuitems/Noodles638104494115952692.jpg?width=172&amp;height=172
Prawns Noodles,nonveg,27.5,https://images.deliveryhero.io/image/talabat/Menuitems/Noodles638104495199944780.jpg?width=172&amp;height=172
Schezwan Chicken Noodles,nonveg,23.75,https://images.deliveryhero.io/image/talabat/Menuitems/22DEC_12_TALABAT_UAE_BANG638065404588361266.jpg?width=172&amp;height=172
Schezwan Veg Noodles,veg,21.25,https://images.deliveryhero.io/image/talabat/Menuitems/Noodles638104495041767897.jpg?width=172&amp;height=172
Szechwan Mix Noodles,nonveg,28.75,https://images.deliveryhero.io/image/talabat/Menuitems/Noodles638104495572459131.jpg?width=172&amp;height=172
Szehwan Egg Noodles,nonveg,22.5,https://images.deliveryhero.io/image/talabat/Menuitems/Noodles638104495668593099.jpg?width=172&amp;height=172
Veg Noodles,veg,18.75,https://images.deliveryhero.io/image/talabat/Menuitems/Noodles638104495911698015.jpg?width=172&amp;height=172
Szechwan Mutton Noodles,nonveg,26.25,https://images.deliveryhero.io/image/talabat/Menuitems/Noodles638104496130686245.jpg?width=172&amp;height=172
Gulab Jamon with Ice Cream,veg,13.75,https://images.deliveryhero.io/image/talabat/Menuitems/GulabJamunThumbnail500x50638104505297833706.jpg?width=172&amp;height=172
Gulab Jamoon 2 Pcs,veg,7.5,https://images.deliveryhero.io/image/talabat/Menuitems/GulabJamunThumbnail500x50638104505374911566.jpg?width=172&amp;height=172
Gulab Jamoon Single,veg,3.75,https://images.deliveryhero.io/image/talabat/Menuitems/GulabJamunThumbnail500x50638104505468765380.jpg?width=172&amp;height=172
Mango Malba ,veg,25.0,https://images.deliveryhero.io/image/talabat/Menuitems/22DEC_12_TALABAT_UAE_BANG638065401542233709.jpg?width=172&amp;height=172
Gudbud With Ice Cream ,veg,25.0,https://images.deliveryhero.io/image/talabat/Menuitems/22DEC_12_TALABAT_UAE_BANG638065402448332574.jpg?width=172&amp;height=172
Falooda With Ice Cream ,veg,22.5,https://images.deliveryhero.io/image/talabat/Menuitems/22DEC_12_TALABAT_UAE_BANG638065402291481624.jpg?width=172&amp;height=172
Lassi,veg,10.0,https://images.deliveryhero.io/image/talabat/Menuitems/lassi638104504438596899.jpg?width=172&amp;height=172
Lassi Chocolate,veg,12.5,https://images.deliveryhero.io/image/talabat/Menuitems/lassi638104504483641113.jpg?width=172&amp;height=172
Lime Soda,veg,7.5,https://images.deliveryhero.io/image/talabat/Menuitems/LimeSoda167850x568638104504537709728.jpg?width=172&amp;height=172
Mango Lassi,veg,12.5,https://images.deliveryhero.io/image/talabat/Menuitems/mango_lassi638104504630226529.jpg?width=172&amp;height=172
Blue Lemonade,veg,12.5,https://images.deliveryhero.io/image/talabat/Menuitems/22DEC_12_TALABAT_UAE_BANG638065403959782900.jpg?width=172&amp;height=172
Butter Milk,veg,10.0,https://images.deliveryhero.io/image/talabat/Menuitems/chaas638104504686848226.JPG?width=172&amp;height=172
Masala Soda,veg,8.75,https://images.deliveryhero.io/image/talabat/Menuitems/lemon_mint638104504845063409.jpg?width=172&amp;height=172
Almond Milk Shake,veg,17.5,https://images.deliveryhero.io/image/talabat/Menuitems/milkshakes638104496984982890.jpg?width=172&amp;height=172
Vanila Milk Shake,veg,15.0,https://images.deliveryhero.io/image/talabat/Menuitems/milkshakes638104497100961156.jpg?width=172&amp;height=172
Strawbery Milkshake,veg,15.0,https://images.deliveryhero.io/image/talabat/Menuitems/milkshakes638104497206731785.jpg?width=172&amp;height=172
Spicy Orange Juice,veg,15.0,https://images.deliveryhero.io/image/talabat/Menuitems/juices638104497275292288.jpeg?width=172&amp;height=172
Pista Milkshake,veg,17.5,https://images.deliveryhero.io/image/talabat/Menuitems/milkshakes638104497335530292.jpg?width=172&amp;height=172
Pineapple Juice,veg,12.5,https://images.deliveryhero.io/image/talabat/Menuitems/juices638104497412931235.jpeg?width=172&amp;height=172
Pappay Juice,veg,12.5,https://images.deliveryhero.io/image/talabat/Menuitems/juices638104497458394539.jpeg?width=172&amp;height=172
Orange Juice,veg,12.5,https://images.deliveryhero.io/image/talabat/Menuitems/juices638104497529463609.jpeg?width=172&amp;height=172
Mint Pineapple Cooler,veg,13.75,https://images.deliveryhero.io/image/talabat/Menuitems/juices638104497597942033.jpeg?width=172&amp;height=172
Mint Lemon Cooler,veg,12.5,https://images.deliveryhero.io/image/talabat/Menuitems/juices638104497651951754.jpeg?width=172&amp;height=172
Kajoor Milk Shake,veg,15.0,https://images.deliveryhero.io/image/talabat/Menuitems/milkshakes638104497755266185.jpg?width=172&amp;height=172
Grape Juice,veg,12.5,https://images.deliveryhero.io/image/talabat/Menuitems/juices638104499061370864.jpeg?width=172&amp;height=172
Mango Juice,veg,12.5,https://images.deliveryhero.io/image/talabat/Menuitems/juices638104499286521063.jpeg?width=172&amp;height=172
Dry Fruit Milk Shake,veg,17.5,https://images.deliveryhero.io/image/talabat/Menuitems/milkshakes638104503005864932.jpg?width=172&amp;height=172
Cocktail Juice,veg,15.0,https://images.deliveryhero.io/image/talabat/Menuitems/22DEC_12_TALABAT_UAE_BANG638065404353463159.jpg?width=172&amp;height=172
Chocolate Milk Shake,veg,15.0,https://images.deliveryhero.io/image/talabat/Menuitems/milkshakes638104503142575256.jpg?width=172&amp;height=172
Chikku Milk Shake,veg,15.0,https://images.deliveryhero.io/image/talabat/Menuitems/milkshakes638104503371984414.jpg?width=172&amp;height=172
Carrot Juice,veg,12.5,https://images.deliveryhero.io/image/talabat/Menuitems/juices638104503421650574.jpeg?width=172&amp;height=172
Butter Fruit,veg,15.0,https://images.deliveryhero.io/image/talabat/Menuitems/juices638104503470982255.jpeg?width=172&amp;height=172
Banana Shake,veg,15.0,https://images.deliveryhero.io/image/talabat/Menuitems/milkshakes638104503613581253.jpg?width=172&amp;height=172
Apple Milk Shake,veg,15.0,https://images.deliveryhero.io/image/talabat/Menuitems/milkshakes638104503786965873.jpg?width=172&amp;height=172
Anar Milk Shake,veg,15.0,https://images.deliveryhero.io/image/talabat/Menuitems/milkshakes638104504073548034.jpg?width=172&amp;height=172
Anar Juice,veg,15.0,https://images.deliveryhero.io/image/talabat/Menuitems/juices638104504140216038.jpeg?width=172&amp;height=172
Watermelon Juice,veg,12.5,https://images.deliveryhero.io/image/talabat/Menuitems/juices638104504192793495.jpeg?width=172&amp;height=172
Mango Milk Shake,veg,15.0,https://images.deliveryhero.io/image/talabat/Menuitems/milkshakes638104504237239200.jpg?width=172&amp;height=172
Mineral Water 1.5 Ltr,Mineral Water,3.75,https://images.deliveryhero.io/image/talabat/Menuitems/water638104496731950481.jpg?width=172&amp;height=172
Small Water,Mineral Water,2.5,https://images.deliveryhero.io/image/talabat/Menuitems/water638104496826582893.jpg?width=172&amp;height=172
