item_name,item_description,item_price,item_image
Jordanian Mansaf,Jordanian mansaf with karaki jameed and fresh lamb,68.0,https://images.deliveryhero.io/image/talabat/Menuitems/mmw_638137766582101151?width=172&amp;height=172
Chicken Mulukhia,"Molokhia with rice and special doqqa from bawabat al quds
",55.0,https://images.deliveryhero.io/image/talabat/Menuitems/mmw_638137776167035368?width=172&amp;height=172
Chicken Frike,,55.0,https://images.deliveryhero.io/image/talabat/Menuitems/mmw_638137301523335075?width=172&amp;height=172
Chicken Ozee,"Chicken ouzi with rice and fresh yogurt
",55.0,https://images.deliveryhero.io/image/talabat/Menuitems/mmw_638137799608282058?width=172&amp;height=172
Chicken Mansaf,Chicken mansaf with karak jameed,58.0,https://images.deliveryhero.io/image/talabat/Menuitems/mmw_638137813895375511?width=172&amp;height=172
Hummus,"Made with the freshest ingredients, including chickpeas, tahini and lemon juice, resulting in a creamy and flavorful dip that's perfect for any occasion.",25.0,https://images.deliveryhero.io/image/talabat/Menuitems/blob_637376655371070821?width=172&amp;height=172
Beiruti Hummus,"Creamy chickpeas blended with garlic, lemon, and olive oil create a heavenly dip that pairs perfectly with warm toasted bread.",28.0,https://images.deliveryhero.io/image/talabat/Menuitems/blob_637376661055485976?width=172&amp;height=172
Hummus With Meat ,Humman surved with meat.,35.0,https://images.deliveryhero.io/image/talabat/Menuitems/mmw_638137282708421977?width=172&amp;height=172
Fried Kebbeh,5 pieces. ,35.0,https://images.deliveryhero.io/image/talabat/Menuitems/blob_637376665817651028?width=172&amp;height=172
French Fries,"Fried to a golden crisp perfection and perfectly seasoned, perfect accompaniment to any meal.",18.0,https://images.deliveryhero.io/image/talabat/Menuitems/blob_637376674855843851?width=172&amp;height=172
Cucumber With Yogurt,A light and tangy combination that balances the crispness of cucumbers with the creamy richness of yogurt.,15.0,https://images.deliveryhero.io/image/talabat/Menuitems/mmw_638137288715810904?width=172&amp;height=172
Frike Soup,,18.0,https://images.deliveryhero.io/image/talabat/Menuitems/mmw_638137218316886560?width=172&amp;height=172
Jameed Soup,,20.0,https://images.deliveryhero.io/image/talabat/Menuitems/mmw_638137289077109245?width=172&amp;height=172
Lentil Soup,"Made with a blend of lentils, vegetables, and spices, it's a healthy and satisfying option.",15.0,https://images.deliveryhero.io/image/talabat/Menuitems/mmw_638137218826139173?width=172&amp;height=172
Jordanian Mansaf,Jordanian mansaf with karaki jameed and fresh lamb,68.0,https://images.deliveryhero.io/image/talabat/Menuitems/mmw_638137766582101151?width=172&amp;height=172
Palestinian Musakhan,,58.0,https://images.deliveryhero.io/image/talabat/Menuitems/mmw_638137198676093335?width=172&amp;height=172
Chicken Kidra,Chicken pot with rice and fresh yogurt,55.0,https://images.deliveryhero.io/image/talabat/Menuitems/mmw_638137768028679592?width=172&amp;height=172
Meat Kidra,"Meat qedra with rice and fresh yoghurt
",65.0,https://images.deliveryhero.io/image/talabat/Menuitems/mmw_638137782992995319?width=172&amp;height=172
Stuffed Neck With Rice,,85.0,https://images.deliveryhero.io/image/talabat/Menuitems/mmw_638137200780580344?width=172&amp;height=172
Chicken Frike,,55.0,https://images.deliveryhero.io/image/talabat/Menuitems/mmw_638137301523335075?width=172&amp;height=172
Meat Frike,فريكة لحم مع الروب الطازج ,65.0,https://images.deliveryhero.io/image/talabat/Menuitems/mmw_638137813221311781?width=172&amp;height=172
Meat Maklobah,Meat makloba with rice and fresh yogurt,65.0,https://images.deliveryhero.io/image/talabat/Menuitems/mmw_638137769098978781?width=172&amp;height=172
Chicken Maklobah,,55.0,https://images.deliveryhero.io/image/talabat/Menuitems/mmw_638137303764330783?width=172&amp;height=172
Chicken Mansaf,Chicken mansaf with karak jameed,58.0,https://images.deliveryhero.io/image/talabat/Menuitems/mmw_638137813895375511?width=172&amp;height=172
Stuffed Lamb Meal,"Stuffed lamb meal with fresh yoghurt
",65.0,https://images.deliveryhero.io/image/talabat/Menuitems/mmw_638137859729794720?width=172&amp;height=172
Chicken Mulukhia,"Molokhia with rice and special doqqa from bawabat al quds
",55.0,https://images.deliveryhero.io/image/talabat/Menuitems/mmw_638137776167035368?width=172&amp;height=172
Shakria,شاكريه لحم مع الارز ولبن مطبوخ حسب الاصول ,60.0,https://images.deliveryhero.io/image/talabat/Menuitems/mmw_638137816272118277?width=172&amp;height=172
Chicken Ozee,"Chicken ouzi with rice and fresh yogurt
",55.0,https://images.deliveryhero.io/image/talabat/Menuitems/mmw_638137799608282058?width=172&amp;height=172
Kofta Tray,With tomato and tahini. ,60.0,https://images.deliveryhero.io/image/talabat/Menuitems/blob_637376726945662780?width=172&amp;height=172
Shish Barak,"Savory dumplings filled with ground meat , onions, garlic and spices.",55.0,https://images.deliveryhero.io/image/talabat/Menuitems/blob_637376732039526275?width=172&amp;height=172
Mansaf 1kg,1 kilo. ,220.0,https://images.deliveryhero.io/image/talabat/Menuitems/mmw_638137839206986807?width=172&amp;height=172
Meat Tikka,"Made with tender and succulent pieces of marinated meat, grilled to perfection with a tantalizing blend of spices",60.0,https://images.deliveryhero.io/image/talabat/Menuitems/blob_637376798287586750?width=172&amp;height=172
Shish Tawook,"Made with tender chunks of chicken marinated in a blend of spices and yogurt, grilled to perfection.",45.0,https://images.deliveryhero.io/image/talabat/Menuitems/blob_637376803336935941?width=172&amp;height=172
Full Grilled Chicken,"A whole chicken cooked on a grill or rotisserie, resulting in tender and flavorful meat.",50.0,https://images.deliveryhero.io/image/talabat/Menuitems/blob_637376807333345786?width=172&amp;height=172
Half Grilled Chicken,"Freshly baked apple pie, with its flaky, buttery crust and warm, cinnamon-spiced filling bursting with juicy, caramelized apples that will have you savoring every bite!",35.0,https://images.deliveryhero.io/image/talabat/Menuitems/blob_637376809015265596?width=172&amp;height=172
Arabic Salad,Made with a mix of fresh vegetables and dressed with lemon juice and olive oil. it's a healthy and delicious option for those looking for a side dish or a light meal.,22.0,https://images.deliveryhero.io/image/talabat/Menuitems/blob_637376838164991033?width=172&amp;height=172
Palestinian Salad,,22.0,https://images.deliveryhero.io/image/talabat/Menuitems/blob_637376839560761822?width=172&amp;height=172
Rocket Salad,"A salad made with nachos, topped with a variety of delicious ingredients.",25.0,https://images.deliveryhero.io/image/talabat/Menuitems/blob_637376843915690235?width=172&amp;height=172
Laban Bialkhiar,,17.0,https://images.deliveryhero.io/image/talabat/Menuitems/mmw_638137323241267486?width=172&amp;height=172
Tabbouleh,"Made with finely chopped parsley, tomatoes, and onions, mixed with mint, and a lemon dressing. A perfect blend of flavors and textures, making it a refreshing and healthy side dish or a satisfying light meal.",23.0,https://images.deliveryhero.io/image/talabat/Menuitems/mmw_638137321335841391?width=172&amp;height=172
Fattoush,"Made with fresh vegetables, herbs and toasted pita bread. Our Fattoush salad is made with crisp lettuce, tomatoes, cucumbers, onions, parsley and mint, making it a perfect side dish or a satisfying light meal.",22.0,https://images.deliveryhero.io/image/talabat/Menuitems/blob_637376846861622022?width=172&amp;height=172
Lemon With Mint Juice,"Made with a blend of fresh lemons, mint leaves, and a touch of sweetness, it's a perfect thirst quencher that will refresh your taste buds and invigorate your senses.",20.0,https://images.deliveryhero.io/image/talabat/Menuitems/blob_637376850002436651?width=172&amp;height=172
Arwa Water ,Mineral Water,3.0,https://images.deliveryhero.io/image/talabat/Menuitems/mmw_638137851539509246?width=172&amp;height=172
Airan Milk,,10.0,https://images.deliveryhero.io/image/talabat/Menuitems/blob_637376857674187009?width=172&amp;height=172
Sprite,Non-caffeinated soft drink,8.0,https://images.deliveryhero.io/image/talabat/Menuitems/mmw_638137315474732433?width=172&amp;height=172
Fanta Orange,Carbonated soft drink,8.0,https://images.deliveryhero.io/image/talabat/Menuitems/mmw_638137310483175055?width=172&amp;height=172
