item_name,item_description,item_price,item_image
Butter Chicken,"""Contains Dairy"" Tandoori marinade roasted chicken cooked with mild spices, tomato butter and cream sauce, served with biryani rice or paratha.",31.5,https://images.deliveryhero.io/image/talabat/Menuitems/mmw_638123134158968079?width=172&amp;height=172
Aglio E Olio Pasta,"Garlic, olive oil, chili flakes and parsley. ",30.1,https://images.deliveryhero.io/image/talabat/Menuitems/mmw_638149088341424094?width=172&amp;height=172
Kids Penne With Tomato,Tomato sauce and cheese,18.2,https://images.deliveryhero.io/image/talabat/Menuitems/mmw_638149099269897002?width=172&amp;height=172
Alfredo Sauce Pasta,With sautéed mushroom and cream. ,32.2,https://images.deliveryhero.io/image/talabat/Menuitems/mmw_638079069144994330?width=172&amp;height=172
Crispy Chicken Nuggets,Served with tomato ketchup,18.2,https://images.deliveryhero.io/image/talabat/Menuitems/mmw_638079075542372722?width=172&amp;height=172
Grilled Meat Platter,"Marinated chicken shish tawouk, beef kebab, herbs, mixed pepper, tandori, spiced chicken, tikka, grilled onion and tomato. Served with French fries, garlic mayo, mint sauce and side salad",115.0,https://images.deliveryhero.io/image/talabat/Menuitems/mmw_638319221972298141?width=172&amp;height=172
Bbq Chicken Wings,"""Contains Gluten"" Marinated chicken wings tossed with homemade BBQ spiced sauce.",28.0,https://images.deliveryhero.io/image/talabat/Menuitems/mmw_638079057179246978?width=172&amp;height=172
Shrimp Tempura,"
Spiced shrimp served with siracha mayo, spring onion, sesame seeds ",45.0,https://images.deliveryhero.io/image/talabat/Menuitems/mmw_638319216125105353?width=172&amp;height=172
Classic Nachos,"Corn chips, guacamole, tomato salsa, sour cream, jalapeno, cheese sauce, and coriander",42.0,https://images.deliveryhero.io/image/talabat/Menuitems/mmw_638319248333251269?width=172&amp;height=172
Vegetable Curry,"""Contains Dairy"" ""Contains Nuts"" Mix vegetable with rich cashew tomato gravy and aromatic spices, served with biryani rice or paratha.",28.0,
Veg Biryani,"Layered with aromatic basmati rice. Served with raita, papadum and pickle.",31.5,https://images.deliveryhero.io/image/talabat/Menuitems/mmw_638123134490796680?width=172&amp;height=172
Butter Chicken,"""Contains Dairy"" Tandoori marinade roasted chicken cooked with mild spices, tomato butter and cream sauce, served with biryani rice or paratha.",31.5,https://images.deliveryhero.io/image/talabat/Menuitems/mmw_638123134158968079?width=172&amp;height=172
Chicken Biryani,"Layered with aromatic basmati rice. Served with raita, papadum and pickle.",31.5,https://images.deliveryhero.io/image/talabat/Menuitems/mmw_638123134784162415?width=172&amp;height=172
Chicken Curry,"Marinated chicken, onion, tomato gravy, mango chutney, papadum and basmati of paratha",55.0,https://images.deliveryhero.io/image/talabat/Menuitems/mmw_638319210190921451?width=172&amp;height=172
Creamy Coconut Prawn Curry,"Marinated prawn, coconut cream turmeric powder, coriander tomato gravy, papadum, served with basmati rice or paratha",65.0,https://images.deliveryhero.io/image/talabat/Menuitems/mmw_638319273857087937?width=172&amp;height=172
Battered Fish Finger,Serves with tartar sauce.,18.2,https://images.deliveryhero.io/image/talabat/Menuitems/mmw_638149099056851217?width=172&amp;height=172
Crispy Chicken Nuggets,Served with tomato ketchup,18.2,https://images.deliveryhero.io/image/talabat/Menuitems/mmw_638079075542372722?width=172&amp;height=172
Kids Penne With Tomato,Tomato sauce and cheese,18.2,https://images.deliveryhero.io/image/talabat/Menuitems/mmw_638149099269897002?width=172&amp;height=172
Mix Grill Offer,Mix grill and 1 soft drink 300ml. ,58.0,
Chicken Biryani Offer,Chicken biryani and 1 soft drink 300ml. ,45.0,
Pizza Offer 2,Your choice of 3 pizzas and 3 soft drinks 300ml. ,109.0,https://images.deliveryhero.io/image/talabat/Menuitems/mmw_638154421556452753?width=172&amp;height=172
Pizza Offer 3,Your choice of 4 pizzas and 4 soft drinks 300ml. ,139.0,https://images.deliveryhero.io/image/talabat/Menuitems/mmw_638154365563113121?width=172&amp;height=172
Sweet Potato Fries,Served with beastro aioli.,19.6,https://images.deliveryhero.io/image/talabat/Menuitems/mmw_638123139423538187?width=172&amp;height=172
French Fries,Served with beastro aioli.,14.0,https://images.deliveryhero.io/image/talabat/Menuitems/mmw_638079078409319349?width=172&amp;height=172
Beastro Fries,"Layered with bacon, cheese, sour cream and avocado.",19.6,https://images.deliveryhero.io/image/talabat/Menuitems/mmw_638123148716499199?width=172&amp;height=172
Steam Basmati Rice,,10.5,https://images.deliveryhero.io/image/talabat/Menuitems/mmw_638149085372118768?width=172&amp;height=172
Steamede Vegetables,,12.6,https://images.deliveryhero.io/image/talabat/Menuitems/mmw_638123135920817119?width=172&amp;height=172
Beef Bolognese Pasta,,33.6,https://images.deliveryhero.io/image/talabat/Menuitems/mmw_638079068864883750?width=172&amp;height=172
Alfredo Sauce Pasta,With sautéed mushroom and cream. ,32.2,https://images.deliveryhero.io/image/talabat/Menuitems/mmw_638079069144994330?width=172&amp;height=172
Aglio E Olio Pasta,"Garlic, olive oil, chili flakes and parsley. ",30.1,https://images.deliveryhero.io/image/talabat/Menuitems/mmw_638149088341424094?width=172&amp;height=172
Penne Arrabiata Pasta,Spicy tomato sauce with garlic,30.8,https://images.deliveryhero.io/image/talabat/Menuitems/mmw_638079077600067276?width=172&amp;height=172
Falafel Wrap,"""Contains Gluten"" ""Contains Nuts"" Fried falafel wrap with saj bread and lettuce tomato, served with garlic mayo and fries.",21.0,https://images.deliveryhero.io/image/talabat/Menuitems/mmw_638150045470118018?width=172&amp;height=172
Mexican Fried Chicken Burger,"""Contains Gluten"" ""Contains Dairy"" Mexican marinated fried chicken layered with avocado relish, Cheddar cheese, lettuce and salsa. Served with fries.",29.4,https://images.deliveryhero.io/image/talabat/Menuitems/mmw_638123140370126245?width=172&amp;height=172
Beastro Chicken Tikka Roll,"""Contains Gluten"" ""Contains Dairy"" Tandoori marinated chicken wrap with egg and vegetable, served with crunchy summer slaw, mint sauce and fries.",27.3,https://images.deliveryhero.io/image/talabat/Menuitems/mmw_638123141042857147?width=172&amp;height=172
Chicken Shawarma Roll,"""Contains Gluten"" Arabic bread rolled with marinated chicken, garlic sauce and pickled vegetables. Served with fries.",24.5,https://images.deliveryhero.io/image/talabat/Menuitems/mmw_638123140820863126?width=172&amp;height=172
Beastro Club Sandwich,"""Contains Gluten"" ""Contains Dairy"" Layered with chicken, mayo, fried egg, grilled Turkey bacon, lettuce, tomato and cheese. Served with fries.",29.4,
Classic Doner Kebab Roll,"""Contains Gluten"" ""Contains Dairy"" Arabic bread rolled with lettuce, beef doner kebab and cheese, served with summer slaw and chilli mayo sauce. Served with fries.",30.8,https://images.deliveryhero.io/image/talabat/Menuitems/mmw_638154349848433786?width=172&amp;height=172
Crispy Bacon Burger,"""Contains Gluten"" ""Contains Dairy"" Grilled beef patty with bacon, lettuce, tomato and cheese. Served with fries.",30.8,
Buritto De Pollo,"Marinated chicken, capsicum, onion, mozzarella and cheddar cheese, pico de galo, rice lettuce and french fries.",45.0,https://images.deliveryhero.io/image/talabat/Menuitems/mmw_638319258324805091?width=172&amp;height=172
Beef Pastrami ,"Ciabatta bread, emental cheese, gherkins, tomato, romaine lettuce, homemade mustard mayo, and French Fries.",48.0,https://images.deliveryhero.io/image/talabat/Menuitems/mmw_638319258012675643?width=172&amp;height=172
Margarita Pizza,Homemade tomato sauce and mozzarella cheese. ,28.0,https://images.deliveryhero.io/image/talabat/Menuitems/mmw_638123136380717165?width=172&amp;height=172
Pepperoni Pizza,"Homemade tomato sauce, mozzarella cheese, beef pepperoni and chili flakes. ",32.2,https://images.deliveryhero.io/image/talabat/Menuitems/mmw_638079059972262654?width=172&amp;height=172
Verdure Pizza,"Homemade tomato sauce, mozzarella cheese, seasonal vegetable, olives and garlic oil. ",29.4,https://images.deliveryhero.io/image/talabat/Menuitems/mmw_638149076052595940?width=172&amp;height=172
Quattro Formaggi Pizza,"Homemade tomato sauce, mozzarella cheese, cheddar cheese, parmesan cheese, feta cheese and fresh parsley.",32.2,https://images.deliveryhero.io/image/talabat/Menuitems/mmw_638148982576878879?width=172&amp;height=172
Arabia Pizza,"""Contains Gluten"" ""Contains Dairy"" Minced meat pepper, onion tomato sauce and mozzarella cheese.",32.2,https://images.deliveryhero.io/image/talabat/Menuitems/mmw_638079060186449641?width=172&amp;height=172
Frutti De Mare Pizza,"""Contains Gluten"" ""Contains Dairy"" Grilled seafood, tomato sauce and mozzarella cheese.",35.0,https://images.deliveryhero.io/image/talabat/Menuitems/mmw_638123137980163298?width=172&amp;height=172
Chicken Tikka Pizza,"Tandori marinated roasted chicken, mixed pepper, onion, coriander, tomato sauce mozzarella cheese and mint sauce  ",46.0,https://images.deliveryhero.io/image/talabat/Menuitems/mmw_638319245509087175?width=172&amp;height=172
Cheese Cake,"""Contains Dairy"" ""Contains Gluten"" Crumbled cheesecake topped with blueberry compote.",23.8,https://images.deliveryhero.io/image/talabat/Menuitems/mmw_638149080392224966?width=172&amp;height=172
Chocolate Brownie,"""Contains Dairy"" ""Contains Gluten"" ""Contains Nuts"" Serves with warm black chocolate sauce and ice cream.",23.8,https://images.deliveryhero.io/image/talabat/Menuitems/mmw_638149077174973596?width=172&amp;height=172
Carrot Cake,"""Contains Dairy"" ""Contains Gluten"" Layered with fresh carrot and cream cheese frosting.",23.8,https://images.deliveryhero.io/image/talabat/Menuitems/mmw_638149080725742069?width=172&amp;height=172
Cut Fruit Salad,"""Contains Dairy"" Seasonal cut fruit salad topped with vanilla ice cream.",19.6,https://images.deliveryhero.io/image/talabat/Menuitems/mmw_638147512224681480?width=172&amp;height=172
Shorbat Addas Soup,"""Contains Gluten"" Lentil soup served with Arabic crispy croutons and lemon wedges.",17.5,https://images.deliveryhero.io/image/talabat/Menuitems/mmw_638079079335030636?width=172&amp;height=172
Tomato Soup,Roasted tomato soup served with croutons,17.5,https://images.deliveryhero.io/image/talabat/Menuitems/mmw_638123138367538720?width=172&amp;height=172
Beastro Chicken Caesar Salad,"""Contains Dairy"" ""Contains Gluten"" Romaine lettuce lightly coated in caesar dressing, brioche croutons, semi dried tomato and shaved Parmesan cheese with crispy fried chicken.",29.4,https://images.deliveryhero.io/image/talabat/Menuitems/mmw_638079079623924757?width=172&amp;height=172
Mixed Green Salad,"Mixed lettuce, cucumber, strawberry, blueberries, green apple, cherry tomatoes, almonds with lemon dressing.",30.8,https://images.deliveryhero.io/image/talabat/Menuitems/mmw_638123138707241498?width=172&amp;height=172
Avocado Pomegranate And Corn Salad,"Mixed leaves, cherry tomato, cucumber,cilantro, onion radish, good seeds, creamy tahini and herb sauce",44.0,https://images.deliveryhero.io/image/talabat/Menuitems/mmw_638319232866466578?width=172&amp;height=172
Greek Salad,"Quinoa, Mixed Capsicum, Cucumber Cherry Tomato, Romaine Lettuce, Black Olives, Feta Cheese, Onion, Parsley, Lemon Dressing ",44.0,https://images.deliveryhero.io/image/talabat/Menuitems/mmw_638319236154458589?width=172&amp;height=172
Orange Juice,"Made capturing all the natural sweetness and tangy citrus flavor. Packed with Vitamin C, it's the perfect thirst quencher and a healthy addition to your daily diet.",19.6,https://images.deliveryhero.io/image/talabat/Menuitems/mmw_638146526835520988?width=172&amp;height=172
Watermelon Juice,Refreshing and hydrating beverage made from freshly squeezed watermelon. It is a natural source of vitamins and minerals,19.6,https://images.deliveryhero.io/image/talabat/Menuitems/mmw_638146527058951153?width=172&amp;height=172
Carrot Juice,"Made with freshly squeezed carrots, it's a rich source of Vitamin A and other essential nutrients, perfect for those looking for a healthy and delicious drink.",19.6,https://images.deliveryhero.io/image/talabat/Menuitems/mmw_638146580168181062?width=172&amp;height=172
Apple Juice,Made with a blend of juicy apples,19.6,https://images.deliveryhero.io/image/talabat/Menuitems/mmw_638146581009147777?width=172&amp;height=172
Lemon Mint Juice,"Made with a blend of fresh lemons, mint, and a touch of sweetness, it's a perfect thirst quencher and great to enjoy anytime of the day.",19.6,https://images.deliveryhero.io/image/talabat/Menuitems/mmw_638146580478940625?width=172&amp;height=172
Vanilla Milkshake,"Made with vanilla ice cream and milk for a creamy and delicious treat. Perfect for any time of day, our milkshake is sure to be a hit with anyone who loves the taste of rich vanilla.",19.6,https://images.deliveryhero.io/image/talabat/Menuitems/mmw_638146581527794768?width=172&amp;height=172
Chocolate Milkshake,"Satisfy your sweet tooth with our rich and creamy Chocolate Milkshake, made with chocolate ice cream and milk.",19.6,https://images.deliveryhero.io/image/talabat/Menuitems/mmw_638146530830660009?width=172&amp;height=172
Strawberry Milkshake,"Made with strawberries and creamy vanilla ice cream for a sweet and satisfying treat. Perfect for any time of the day, our milkshake is sure to be a hit with anyone who loves the taste of fresh strawberries.",19.6,https://images.deliveryhero.io/image/talabat/Menuitems/mmw_638146531280061294?width=172&amp;height=172
Whose Berries,"Mixed berries, banana, apple juice, yogurt and honey. ",19.6,https://images.deliveryhero.io/image/talabat/Menuitems/mmw_638146542473754616?width=172&amp;height=172
Cold Hearted,"Blackberry, banana, milk and vanilla. ",19.6,https://images.deliveryhero.io/image/talabat/Menuitems/mmw_638146542602963504?width=172&amp;height=172
Protein Blender,"Banana, orange juice, sunflower seeds, pumpkin seeds, yogurt and honey. ",19.6,https://images.deliveryhero.io/image/talabat/Menuitems/mmw_638146542836477207?width=172&amp;height=172
Dates Revel,"Dates, almonds, milk, chia seeds and honey. ",19.6,https://images.deliveryhero.io/image/talabat/Menuitems/mmw_638146542977668161?width=172&amp;height=172
Not Your Mango,"Mango, banana, spinach and milk. ",19.6,https://images.deliveryhero.io/image/talabat/Menuitems/mmw_638146543326303901?width=172&amp;height=172
Lost My Mojo,"Apple Juice, Lemon Juice, Sugar Syrup, Mint Leaves, Lime Wedges and Soda.
",19.6,
The Atomic Cat,"Orange juice, mango juice, lemon juice and soda water. ",19.6,https://images.deliveryhero.io/image/talabat/Menuitems/mmw_638146541615225216?width=172&amp;height=172
Beastro Lemonade,"Orange juice, sweet lime water, rose water, sugar syrup and mint. ",19.6,https://images.deliveryhero.io/image/talabat/Menuitems/mmw_638146542177789270?width=172&amp;height=172
Fruit Punch,"Orange juice, mango juice, pineapple juice and vanilla ice cream. ",19.6,https://images.deliveryhero.io/image/talabat/Menuitems/mmw_638146541842109868?width=172&amp;height=172
Coca-Cola,Carbonated soft drink,12.0,https://images.deliveryhero.io/image/talabat/Menuitems/beverages/coca-cola.jpg?width=172&amp;height=172
Sprite,Non-caffeinated soft drink,12.0,https://images.deliveryhero.io/image/talabat/Menuitems/beverages/sprite.jpg?width=172&amp;height=172
Diet Coke,Carbonated soft drink with zero sugar & zero calories,12.0,https://images.deliveryhero.io/image/talabat/Menuitems/beverages/diet_coke.jpg?width=172&amp;height=172
Fanta Orange,Carbonated soft drink,12.0,https://images.deliveryhero.io/image/talabat/Menuitems/beverages/fanta_orange.jpg?width=172&amp;height=172
Soda,"Quench your thirst with our refreshing Soda, effervescent bubbles dancing in a symphony of delightful flavors, offering a fizzy sensation that will invigorate your senses with every sip.",12.0,https://images.deliveryhero.io/image/talabat/Menuitems/mmw_638146536042682460?width=172&amp;height=172
Ginger Ale,"Savor the sparkling allure of our Ginger Ale, a tantalizing fusion of zesty ginger and effervescent bubbles,for a refreshing and aromatic flavor that delights your taste buds.",12.0,https://images.deliveryhero.io/image/talabat/Menuitems/mmw_638146536725015117?width=172&amp;height=172
Iced Americano,"Made with dark espresso and ice. it's the perfect way to cool down and refresh yourself during the hot summer days, or any time you crave a refreshing coffee.",10.5,https://images.deliveryhero.io/image/talabat/Menuitems/mmw_638146537254162162?width=172&amp;height=172
Turkish Coffee,"Experience the rich, bold flavor of authentic Turkish coffee with our premium blend made from the finest hand-picked Arabica beans.",16.0,https://images.deliveryhero.io/image/talabat/Menuitems/mmw_638146541354545453?width=172&amp;height=172
Espresso,Experience the bold and intense flavor of our freshly brewed espresso.,11.2,https://images.deliveryhero.io/image/talabat/Menuitems/mmw_638146537407833100?width=172&amp;height=172
Americano,"Made with freshly brewed espresso and hot water, it's the perfect choice for coffee lovers who appreciate a strong and robust taste.",11.2,https://images.deliveryhero.io/image/talabat/Menuitems/mmw_638146537558078046?width=172&amp;height=172
Macchiato,"Indulge in the rich and creamy essence of our perfectly crafted Macchiato, made with expertly brewed espresso, topped with a dollop of velvety foam,  for a satisfying coffee experience.",11.2,https://images.deliveryhero.io/image/talabat/Menuitems/mmw_638146537733609083?width=172&amp;height=172
Iced Cafe Latte,A cold latte made with espresso and milk.,12.6,https://images.deliveryhero.io/image/talabat/Menuitems/mmw_638146538080688291?width=172&amp;height=172
Cappuccino,"Made with espresso and steamed milk creating rich, velvety taste.",12.6,https://images.deliveryhero.io/image/talabat/Menuitems/mmw_638146538266478061?width=172&amp;height=172
Cafe Latte,"Made with espresso and steamed milk, it's the perfect way to start your day or take a break during the day.",12.6,https://images.deliveryhero.io/image/talabat/Menuitems/mmw_638146538442202019?width=172&amp;height=172
Hot Chocolate,"Made with rich cocoa powder, it's the perfect treat when you just want to indulge in something sweet.",12.6,https://images.deliveryhero.io/image/talabat/Menuitems/mmw_638146538675373189?width=172&amp;height=172
Affogato,"Experience decadence with our Affogato: espresso cascades over luscious vanilla gelato, creating a symphony of bold flavors and creamy indulgence that will transport you to dessert heaven.",18.0,https://images.deliveryhero.io/image/talabat/Menuitems/mmw_638146540182798621?width=172&amp;height=172
Double Espresso,"Wake up to the bold, rich flavor of our Double Espresso, made with hand-selected Arabica beans to deliver a concentrated and satisfying coffee experience.",20.0,https://images.deliveryhero.io/image/talabat/Menuitems/mmw_638146540396057144?width=172&amp;height=172
Assorted Tea Bags,English breakfast.,12.0,https://images.deliveryhero.io/image/talabat/Menuitems/mmw_638146540799715902?width=172&amp;height=172
Apple Ice Tea,Homemade,17.5,https://images.deliveryhero.io/image/talabat/Menuitems/mmw_638154044876770212?width=172&amp;height=172
Lemon Ice Tea,Home made,17.5,https://images.deliveryhero.io/image/talabat/Menuitems/mmw_638154028349984392?width=172&amp;height=172
Pineapple Ice Tea,Home made.,17.5,https://images.deliveryhero.io/image/talabat/Menuitems/mmw_638154029517806086?width=172&amp;height=172
Watermelon Ice Tea,,17.5,https://images.deliveryhero.io/image/talabat/Menuitems/mmw_638154045054715898?width=172&amp;height=172
Orange Ice Tea,,17.5,https://images.deliveryhero.io/image/talabat/Menuitems/mmw_638154045959819278?width=172&amp;height=172
Cucumber Ice Tea,,25.0,https://images.deliveryhero.io/image/talabat/Menuitems/mmw_638154046911405242?width=172&amp;height=172
