item_name,item_description,item_price,item_image
Lamb Chops,"Savor the juicy, tender and richly flavored lamb chops, seasoned to perfection and grilled to a golden brown, It's a perfect meal for lunch or dinner.",65.0,https://images.deliveryhero.io/image/talabat/Menuitems/Lamb_chops_plate637884904954323826.jpg?width=172&amp;height=172
Muttabal,"Made with cooked and mashed eggplants, mixed with tahini, garlic and lemon juice, perfect as a side dish.",25.0,https://images.deliveryhero.io/image/talabat/Menuitems/20210302_Talabat_UAE_637508016158942216.jpg?width=172&amp;height=172
Tabbouleh,"Made with finely chopped parsley, tomatoes, and onions, mixed with mint, and a lemon dressing. A perfect blend of flavors and textures, making it a refreshing and healthy side dish or a satisfying light meal.",28.0,https://images.deliveryhero.io/image/talabat/Menuitems/20210302_Talabat_UAE_637508016310953404.jpg?width=172&amp;height=172
Cordon Bleu,"Tender chicken or veal, wrapped around ham and cheese, breaded and fried to perfection",58.0,https://images.deliveryhero.io/image/talabat/Menuitems/20210302_Talabat_UAE_637508016300876937.jpg?width=172&amp;height=172
Beirut Mix Grill,,60.0,https://images.deliveryhero.io/image/talabat/Menuitems/20210302_Talabat_UAE_637508016254846595.jpg?width=172&amp;height=172
Lamb Meat Tikka Sandwich,,15.75,https://images.deliveryhero.io/image/talabat/Menuitems/Lamb_meat_tikka_sandwich637884904954322424.jpg?width=172&amp;height=172
Shish Tawook Sandwich,"Made with marinated and grilled chicken breast with a garlic sauce, all nestled in a fresh bread.",15.75,https://images.deliveryhero.io/image/talabat/Menuitems/Shish_Tawook_Sandwich637884904954323005.jpg?width=172&amp;height=172
Falafel Sandwich,"Made with deep-fried balls of ground chickpeas and spices, served in a bread with various toppings such as tahini, tomatoes, and parsley, it's a perfect meal for vegetarians.",10.5,https://images.deliveryhero.io/image/talabat/Menuitems/Falafel_sandwich637884904954323472.jpg?width=172&amp;height=172
Lamb Meat Kebab Sandwich,,15.75,https://images.deliveryhero.io/image/talabat/Menuitems/Lamb_meat_kebab_sandwich637884904954323232.jpg?width=172&amp;height=172
Hummus With Tahini,Creamy chickpea dip with sesame tahini.,25.0,https://images.deliveryhero.io/image/talabat/Menuitems/20210302_Talabat_UAE_637508016152786570.jpg?width=172&amp;height=172
Hummus Beiruti,"Experience the creamy allure of our Hummus Beiruti—a delectable blend of smooth chickpeas, tangy lemon, garlic, and fragrant spices—crafted to transport your taste buds to vibrant Beirut streets.",26.0,https://images.deliveryhero.io/image/talabat/Menuitems/Hummus_beiruti637884904954321968.jpg?width=172&amp;height=172
Muttabal,"Made with cooked and mashed eggplants, mixed with tahini, garlic and lemon juice, perfect as a side dish.",25.0,https://images.deliveryhero.io/image/talabat/Menuitems/20210302_Talabat_UAE_637508016158942216.jpg?width=172&amp;height=172
Baba Ghannouj,"Made with cooked and mashed eggplants, perfect as a side dish.",25.0,https://images.deliveryhero.io/image/talabat/Menuitems/20210302_Talabat_UAE_637508016164644732.jpg?width=172&amp;height=172
Muhammara,"A zesty Mediterranean dip made with roasted red peppers, toasted walnuts, and a touch of pomegranate molasses, perfect for dipping crispy pita chips or spreading on toast!",25.0,https://images.deliveryhero.io/image/talabat/Menuitems/Muhammara637884904954322850.jpg?width=172&amp;height=172
Labneh,"Indulge in the tangy, creamy goodness of authentic Labneh, made from strained yoghurt .",22.0,https://images.deliveryhero.io/image/talabat/Menuitems/Labneh637884904954322205.jpg?width=172&amp;height=172
Labneh With Garlic,A velvety and tangy yogurt spread infused with the bold flavors of garlic.,22.0,https://images.deliveryhero.io/image/talabat/Menuitems/Labneh_with_garlic637884904954322482.jpg?width=172&amp;height=172
Labneh Mtamama,,23.0,https://images.deliveryhero.io/image/talabat/Menuitems/20210302_Talabat_UAE_637508016170129203.jpg?width=172&amp;height=172
Chicory In Olive Oil,,24.0,https://images.deliveryhero.io/image/talabat/Menuitems/Chicory_in_olive_oil637884904954321407.jpg?width=172&amp;height=172
Olive Oil Appetizer,,25.0,https://images.deliveryhero.io/image/talabat/Menuitems/Olive_oil_in_appetizers637884904954323033.jpg?width=172&amp;height=172
Shankleesh,,26.0,https://images.deliveryhero.io/image/talabat/Menuitems/Shanklish637884904954322983.jpg?width=172&amp;height=172
Stuffed Vine Leaves,"Stuffed Vine Leaves. Tender vine leaves filled with a flavorful mixture of rice, herbs, and spices.",26.0,https://images.deliveryhero.io/image/talabat/Menuitems/20210302_Talabat_UAE_637508016175174218.jpg?width=172&amp;height=172
Hummus With Meat,"Savor our creamy hummus with succulent spiced meat, It's a perfect dip for any dish",32.0,https://images.deliveryhero.io/image/talabat/Menuitems/Hummus_with_meat637884904954321943.jpg?width=172&amp;height=172
Hummus With Pine Seeds,,30.0,
Spicy Potato,"Indulge in our Spicy Potato delight, boasting perfectly seasoned, crispy potatoes with a fiery kick, delivering explosive flavors that will keep you craving this irresistible snack.",29.0,https://images.deliveryhero.io/image/talabat/Menuitems/20210302_Talabat_UAE_637508016187973417.jpg?width=172&amp;height=172
French Fries,"Fried to a golden crisp perfection and perfectly seasoned, perfect accompaniment to any meal.",22.0,https://images.deliveryhero.io/image/talabat/Menuitems/French_fries637884904954321991.jpg?width=172&amp;height=172
Assorted Fries Vegetables,,30.0,https://images.deliveryhero.io/image/talabat/Menuitems/Assorted_fries_vegetables637884904954321258.jpg?width=172&amp;height=172
Chicken Liver In Pomegranate Sauce,,33.0,https://images.deliveryhero.io/image/talabat/Menuitems/20210302_Talabat_UAE_637508016193006337.jpg?width=172&amp;height=172
Makanek,Lebanese sausage dish.,33.0,https://images.deliveryhero.io/image/talabat/Menuitems/20210302_Talabat_UAE_637508016198738501.jpg?width=172&amp;height=172
Sausage,"Made with the finest quality meats, aromatic spices, and expertly smoked to perfection, ensuring a delectable and unforgettable dining experience.",33.0,https://images.deliveryhero.io/image/talabat/Menuitems/Sasusage637884904954323807.jpg?width=172&amp;height=172
Chicken Fajita,"Experience our Chicken Fajita, featuring juicy strips of seasoned chicken, grilled with bell peppers and onions, and served with warm tortillas for a delicious and satisfying Mexican-inspired meal.",43.0,https://images.deliveryhero.io/image/talabat/Menuitems/Chicken_Fajita637884904954321313.jpg?width=172&amp;height=172
Beef Fajita,"Sliced and grilled beef, typically seasoned with spices and served with tortillas and toppings.",43.0,https://images.deliveryhero.io/image/talabat/Menuitems/Beef_Fajita637884904954321564.jpg?width=172&amp;height=172
Mushroom Mufarakeh,,37.0,https://images.deliveryhero.io/image/talabat/Menuitems/20210302_Talabat_UAE_637508016204800769.jpg?width=172&amp;height=172
Meat With Tomatoes,,37.0,https://images.deliveryhero.io/image/talabat/Menuitems/20210302_Talabat_UAE_637508016210255670.jpg?width=172&amp;height=172
Diced Meat,,37.0,https://images.deliveryhero.io/image/talabat/Menuitems/Diced_meat637884904954321121.jpg?width=172&amp;height=172
Grilled Halloumi Cheese,"Slices of halloumi, grilled to perfection, with a caramelized crust and a soft and creamy center",28.0,https://images.deliveryhero.io/image/talabat/Menuitems/Grilled_Halloumi_Cheese637884904954322640.jpg?width=172&amp;height=172
Falafel,8 pieces. ,32.0,https://images.deliveryhero.io/image/talabat/Menuitems/20210302_Talabat_UAE_637508016215534177.jpg?width=172&amp;height=172
Broad Beans,,27.0,https://images.deliveryhero.io/image/talabat/Menuitems/Broad_beans637884904954321541.jpg?width=172&amp;height=172
Fattah Hummus With Meat,,38.0,
Fatteh With Pine Seeds And Margarine,,33.0,https://images.deliveryhero.io/image/talabat/Menuitems/Fatteh_with_pine_nuts637884904954321707.jpg?width=172&amp;height=172
Shrimps Provincial,,48.0,https://images.deliveryhero.io/image/talabat/Menuitems/Shrimps_provincial637884904954322937.jpg?width=172&amp;height=172
Fried Calamari,"Delight in our Fried Calamari! Tender calamari rings lightly coated in seasoned batter, fried to golden perfection. Satisfying crunch that keeps you reaching for more.",38.0,https://images.deliveryhero.io/image/talabat/Menuitems/Fried_Calamari637884904954321834.jpg?width=172&amp;height=172
Hummus Balila,,28.0,https://images.deliveryhero.io/image/talabat/Menuitems/Hummus_balila637884904954322083.jpg?width=172&amp;height=172
Lentil Soup,"Made with a blend of lentils, vegetables, and spices, it's a healthy and satisfying option.",20.0,
Cream Of Chicken Soup,"Warm your soul with chunks of chicken and a rich broth, make perfect comfort food for any day",20.0,https://images.deliveryhero.io/image/talabat/Menuitems/Cream_of_chicken_soup637884904954321377.jpg?width=172&amp;height=172
Cream Of Mushroom Soup,"Indulge in the creamy delight of our homemade Cream of Mushroom Soup, crafted with the finest mushrooms, rich broth, and a touch of velvety cream for a heavenly bowl of comfort.",20.0,
Seafood Soup,Savor the fresh taste of the ocean in every spoonful of our succulent Seafood Soup,30.0,https://images.deliveryhero.io/image/talabat/Menuitems/Seafood_soup637884904954323065.jpg?width=172&amp;height=172
Vegetable Soup,"Slow-cooked juicy vegetables ina delectable broth, It's a healthy and satisfying option",22.0,https://images.deliveryhero.io/image/talabat/Menuitems/Vegetable_soup637884904954323310.jpg?width=172&amp;height=172
Lamb Brochettes,,53.0,https://images.deliveryhero.io/image/talabat/Menuitems/20210302_Talabat_UAE_637508016220770808.jpg?width=172&amp;height=172
Kebab Halabi,Kebab with flavors inspired by Halabi cuisine.,48.0,https://images.deliveryhero.io/image/talabat/Menuitems/20210302_Talabat_UAE_637508016225673552.jpg?width=172&amp;height=172
Kebab Eggplant,,50.0,https://images.deliveryhero.io/image/talabat/Menuitems/20210302_Talabat_UAE_637508016230953307.jpg?width=172&amp;height=172
Kebab Khashkhash,Kebabs made with a special spice blend.,52.0,https://images.deliveryhero.io/image/talabat/Menuitems/20210302_Talabat_UAE_637508016236684967.jpg?width=172&amp;height=172
Kebab Orfali,,48.0,https://images.deliveryhero.io/image/talabat/Menuitems/Kebab_orfali637884904954323784.jpg?width=172&amp;height=172
Kebab With Cheese,,49.0,https://images.deliveryhero.io/image/talabat/Menuitems/Kebab_with_cheese637884904954322119.jpg?width=172&amp;height=172
Shish Tawook,"Made with tender chunks of chicken marinated in a blend of spices and yogurt, grilled to perfection.",48.0,https://images.deliveryhero.io/image/talabat/Menuitems/20210302_Talabat_UAE_637508016242688989.jpg?width=172&amp;height=172
Lamb Chops,"Savor the juicy, tender and richly flavored lamb chops, seasoned to perfection and grilled to a golden brown, It's a perfect meal for lunch or dinner.",65.0,https://images.deliveryhero.io/image/talabat/Menuitems/Lamb_chops_plate637884904954323826.jpg?width=172&amp;height=172
Arayes Toshka,,39.0,https://images.deliveryhero.io/image/talabat/Menuitems/20210302_Talabat_UAE_637508016248029941.jpg?width=172&amp;height=172
1/2 Boneless Chicken,,37.0,https://images.deliveryhero.io/image/talabat/Menuitems/half_boneless_chicken637884904954322014.jpg?width=172&amp;height=172
Chicken Wings,"Treat yourself to crispy, juicy , Chicken Wings",40.0,https://images.deliveryhero.io/image/talabat/Menuitems/Chicken_Wings637884904954323680.jpg?width=172&amp;height=172
Grilled Makanek,,38.0,https://images.deliveryhero.io/image/talabat/Menuitems/Grilled_Makanek637884904954321680.jpg?width=172&amp;height=172
Grilled Kebbeh,2 Pieces,38.0,https://images.deliveryhero.io/image/talabat/Menuitems/Grilled_Kebbeh637884904954322457.jpg?width=172&amp;height=172
Beirut Mix Grill,,60.0,https://images.deliveryhero.io/image/talabat/Menuitems/20210302_Talabat_UAE_637508016254846595.jpg?width=172&amp;height=172
Zaatar Manoushe,"Experience the culinary delight of our Zaatar Manoushe! Soft, freshly baked flatbread topped with fragrant zaatar herbs, olive oil, and a sprinkle of sumac. A flavorful taste of the Mediterranean in every bite.",19.0,https://images.deliveryhero.io/image/talabat/Menuitems/20210302_Talabat_UAE_637508016263369835.jpg?width=172&amp;height=172
Cheese Manoushe,Lebanese flatbread topped with cheese and herbs.,22.0,https://images.deliveryhero.io/image/talabat/Menuitems/20210302_Talabat_UAE_637508016268590400.jpg?width=172&amp;height=172
Meat Manoushe,A flatbread filled with spiced ground meat and onions.,23.0,https://images.deliveryhero.io/image/talabat/Menuitems/20210302_Talabat_UAE_637508016274633756.jpg?width=172&amp;height=172
Cheese With Zaatar Manoushe,,22.0,https://images.deliveryhero.io/image/talabat/Menuitems/Cheese_with_zaatar_manouc637884904954322695.jpg?width=172&amp;height=172
Cheese With Meat Manoushe,,24.0,https://images.deliveryhero.io/image/talabat/Menuitems/Cheese_with_meat_manouche637884904954321340.jpg?width=172&amp;height=172
Sausage Manoushe,,25.0,https://images.deliveryhero.io/image/talabat/Menuitems/Sausage_manouche637884904954323416.jpg?width=172&amp;height=172
Makanek Manoushe,,25.0,https://images.deliveryhero.io/image/talabat/Menuitems/Makanek_Manouche637884904954322534.jpg?width=172&amp;height=172
Labneh With Vegetable Manoushe,,15.0,https://images.deliveryhero.io/image/talabat/Menuitems/Labneh_with_vegetable_man637884904954322167.jpg?width=172&amp;height=172
Margherita Pizza,"Made with fresh mozzarella, tomatoes and basil, it's a simple and delicious recipe that never disappoints.",40.0,https://images.deliveryhero.io/image/talabat/Menuitems/Margherita_Pizza637884904954322756.jpg?width=172&amp;height=172
Vegetarian Pizza,"A symphony of fresh vegetables, aromatic herbs, and melted cheese on a crispy crust.",40.0,https://images.deliveryhero.io/image/talabat/Menuitems/20210302_Talabat_UAE_637508016280171854.jpg?width=172&amp;height=172
Abou Joseph Meat Pie,5 pieces. ,38.0,https://images.deliveryhero.io/image/talabat/Menuitems/Meat_pie637884904954322672.jpg?width=172&amp;height=172
Harhoura,,20.0,https://images.deliveryhero.io/image/talabat/Menuitems/Harhoura637884904954322062.jpg?width=172&amp;height=172
Stuffed Kebbeh,5 pieces. ,27.0,https://images.deliveryhero.io/image/talabat/Menuitems/20210302_Talabat_UAE_637508016285498094.jpg?width=172&amp;height=172
Cheese Rolls,5 pieces. ,27.0,https://images.deliveryhero.io/image/talabat/Menuitems/Cheese_rolls637884904954318642.jpg?width=172&amp;height=172
Spinach,5 pieces. ,27.0,https://images.deliveryhero.io/image/talabat/Menuitems/Spinach637884904954323212.jpg?width=172&amp;height=172
Chicken Fingers,5 pieces. ,27.0,https://images.deliveryhero.io/image/talabat/Menuitems/Chicken_Fingers637884904954321810.jpg?width=172&amp;height=172
Meat Sambousek,5 pieces. ,27.0,https://images.deliveryhero.io/image/talabat/Menuitems/Meat_Sambousek637884904954322731.jpg?width=172&amp;height=172
Assorted Pastries,8 pieces. ,43.0,https://images.deliveryhero.io/image/talabat/Menuitems/Assorted_pastries637884904954321627.jpg?width=172&amp;height=172
Penne Arabiata,Spicy tomato sauce tossed with penne pasta.,48.0,https://images.deliveryhero.io/image/talabat/Menuitems/Penne_arabiata637884904954323112.jpg?width=172&amp;height=172
Fettuccine Pasta,"Al dente noodles tossed in a creamy sauce, paired with your choice of toppings.",48.0,
Alfredo Pasta,"Enjoy the classic Italian flavor of silky smooth Alfredo sauce, tossed with tender pasta for a comforting and indulgent meal.",48.0,https://images.deliveryhero.io/image/talabat/Menuitems/Alfredo_pasta637884904954321489.jpg?width=172&amp;height=172
Bolognese Pasta,"Our Bolognese Pasta is the perfect comfort food, featuring al dente pasta with a rich and meaty tomato sauce, seasoned with aromatic herbs and spices, and topped with freshly grated Parmesan cheese.",48.0,https://images.deliveryhero.io/image/talabat/Menuitems/20210302_Talabat_UAE_637508016290724492.jpg?width=172&amp;height=172
Pasta In Bechamel Sauce,,48.0,https://images.deliveryhero.io/image/talabat/Menuitems/Pasta_with_bechamel_sauce637884904954323148.jpg?width=172&amp;height=172
Hammour Fillet,"Hammour fish cut into fillets and seasoned with salt, pepper, and  herbs and spices",63.0,https://images.deliveryhero.io/image/talabat/Menuitems/FIsh_Fillet637884904954323658.jpg?width=172&amp;height=172
Jumbo Shrimps,,68.0,https://images.deliveryhero.io/image/talabat/Menuitems/Shrimps637884904954323497.jpg?width=172&amp;height=172
Lobster Thermidor,"Classic French dish featuring lobster meat cooked with a rich creamy sauce, usually made with egg yolks, brandy, and cheese.",115.0,https://images.deliveryhero.io/image/talabat/Menuitems/Lobster_thermidor637884904954322614.jpg?width=172&amp;height=172
Mixed Seafood,Mix of different types of seafood.,290.0,
Steak With Mushroom Sauce,,68.0,https://images.deliveryhero.io/image/talabat/Menuitems/Steak_with_mushroom_sauce637884904954323564.jpg?width=172&amp;height=172
Steak With Pepper Sauce,,68.0,https://images.deliveryhero.io/image/talabat/Menuitems/Steak_with_pepper_sauce637884904954323729.jpg?width=172&amp;height=172
Chicken Breast With White Sauce,,58.0,https://images.deliveryhero.io/image/talabat/Menuitems/Chicken_breast_with_white637884904954323600.jpg?width=172&amp;height=172
Chicken Escalope,"Succulent chicken breast, coated in a golden breadcrumb crust",58.0,https://images.deliveryhero.io/image/talabat/Menuitems/20210302_Talabat_UAE_637508016295833800.jpg?width=172&amp;height=172
Chicken Ala Kiev,,58.0,https://images.deliveryhero.io/image/talabat/Menuitems/Chicken_ala_kiev637884904954321073.jpg?width=172&amp;height=172
Cordon Bleu,"Tender chicken or veal, wrapped around ham and cheese, breaded and fried to perfection",58.0,https://images.deliveryhero.io/image/talabat/Menuitems/20210302_Talabat_UAE_637508016300876937.jpg?width=172&amp;height=172
Beef Fillet Slices With Lemon,,65.0,https://images.deliveryhero.io/image/talabat/Menuitems/Beef_slices_with_lemon637884904954323386.jpg?width=172&amp;height=172
Raw Kebbeh,,38.0,https://images.deliveryhero.io/image/talabat/Menuitems/Raw_kebbeh637884904954323363.jpg?width=172&amp;height=172
Kebbeh Orfali,,38.0,https://images.deliveryhero.io/image/talabat/Menuitems/20210302_Talabat_UAE_637508016306045649.jpg?width=172&amp;height=172
Tabbouleh,"Made with finely chopped parsley, tomatoes, and onions, mixed with mint, and a lemon dressing. A perfect blend of flavors and textures, making it a refreshing and healthy side dish or a satisfying light meal.",28.0,https://images.deliveryhero.io/image/talabat/Menuitems/20210302_Talabat_UAE_637508016310953404.jpg?width=172&amp;height=172
Rocca Salad,"Made with a combination of fresh arugula, parmesan cheese, and other toppings, it's a simple yet delicious salad that is perfect as a side dish or a light meal.",28.0,https://images.deliveryhero.io/image/talabat/Menuitems/20210302_Talabat_UAE_637508016316521350.jpg?width=172&amp;height=172
Fattoush,"Made with fresh vegetables, herbs and toasted pita bread. Our Fattoush salad is made with crisp lettuce, tomatoes, cucumbers, onions, parsley and mint, making it a perfect side dish or a satisfying light meal.",28.0,https://images.deliveryhero.io/image/talabat/Menuitems/20210302_Talabat_UAE_637508016322060895.jpg?width=172&amp;height=172
Armenian Salad,A refreshing salad featuring ingredients commonly found in Armenian cuisine.,30.0,
Rocca With Mushroom Salad,,32.0,
Greek Salad,"Made with a mix of fresh vegetables such as tomatoes, cucumbers, onions, and feta cheese, it's a healthy and delicious option for those looking for a light meal or a side dish.",43.0,https://images.deliveryhero.io/image/talabat/Menuitems/20210302_Talabat_UAE_637508016327197601.jpg?width=172&amp;height=172
Chicken Caesar Salad,"Made from a variety of fresh greens, juicy chicken and caesar dressing. It's a great option for a light lunch or a side dish to compliment any meal",43.0,https://images.deliveryhero.io/image/talabat/Menuitems/Chicken_Caesar_Salad637884904954321435.jpg?width=172&amp;height=172
Kunafa,A traditional Middle Eastern dessert made with layers of crispy shredded pastry filled with creamy cheese and drizzled with sweet syrup for a delectable and satisfying treat.,30.0,https://images.deliveryhero.io/image/talabat/Menuitems/Kunafa637884904954322400.jpg?width=172&amp;height=172
Osmalieh,,30.0,https://images.deliveryhero.io/image/talabat/Menuitems/Osmalieh637884904954322964.jpg?width=172&amp;height=172
Chocolate Crepe,"Satisfy your sweet tooth with our decadent Chocolate Crepe, filled with rich melted chocolate and drizzled with more for a chocolate lover's paradise.",25.0,https://images.deliveryhero.io/image/talabat/Menuitems/Chocolate_Crepe637884904954321199.jpg?width=172&amp;height=172
Banana Crepe,Crepe filled sliced banana.,25.0,https://images.deliveryhero.io/image/talabat/Menuitems/Banana_crepe637884904954323762.jpg?width=172&amp;height=172
Cream With Fruits,,32.0,https://images.deliveryhero.io/image/talabat/Menuitems/Cream_with_fruits637884904954321784.jpg?width=172&amp;height=172
Strawberry Juice,"Refreshing and delicious, rich in natural vitamins and minerals. Healthy alternative to sugary drinks.",30.0,https://images.deliveryhero.io/image/talabat/Menuitems/Strawberry_Juice637884904954323335.jpg?width=172&amp;height=172
Orange Juice,"Made capturing all the natural sweetness and tangy citrus flavor. Packed with Vitamin C, it's the perfect thirst quencher and a healthy addition to your daily diet.",30.0,https://images.deliveryhero.io/image/talabat/Menuitems/Orange_Juice637884904954323540.jpg?width=172&amp;height=172
Lemon Juice,"Made with real lemons and a hint of sweetness. Perfectly balanced, it's a great way to quench your thirst and enjoy the taste of fresh lemons any time of the day.",30.0,https://images.deliveryhero.io/image/talabat/Menuitems/Lemon_Juice637884904954322780.jpg?width=172&amp;height=172
Mango Juice,"Made from the freshest, ripest mangos, carefully selected for the perfect balance of sweetness and tanginess.",30.0,https://images.deliveryhero.io/image/talabat/Menuitems/Mango_Juice637884904954322592.jpg?width=172&amp;height=172
Pineapple Juice,"A sweet, tropical drink made by blending the flesh of a pineapple. It is a rich source of vitamin C and contains enzymes that can aid digestion.",30.0,https://images.deliveryhero.io/image/talabat/Menuitems/Pineapple_Juice637884904954322911.jpg?width=172&amp;height=172
Kiwi Juice,"Made from freshly squeezed kiwis, it's packed with natural sweetness, vitamins and minerals, making it a healthy and delicious drink option.",30.0,https://images.deliveryhero.io/image/talabat/Menuitems/Kiwi_Juice637884904954322252.jpg?width=172&amp;height=172
Apple Juice,Made with a blend of juicy apples,30.0,https://images.deliveryhero.io/image/talabat/Menuitems/Green_Apple_Juice637884904954323703.jpg?width=172&amp;height=172
Watermelon Juice,Refreshing and hydrating beverage made from freshly squeezed watermelon. It is a natural source of vitamins and minerals,30.0,https://images.deliveryhero.io/image/talabat/Menuitems/Watermelon_Juice637884904954323440.jpg?width=172&amp;height=172
Carrot Juice,"Made with freshly squeezed carrots, it's a rich source of Vitamin A and other essential nutrients, perfect for those looking for a healthy and delicious drink.",30.0,https://images.deliveryhero.io/image/talabat/Menuitems/Carrot_Juice637884904954321657.jpg?width=172&amp;height=172
Pomegranate Juice,"Made from carefully selected, ripe pomegranates, it's a perfect balance of sweet and tangy that's packed with antioxidants, making it a healthy and delicious drink option.",30.0,
Melon Juice,"Quench your thirst and revitalize your senses with our refreshing Melon Juice, made from juicy and ripe melons, blended to perfection and served icy cold for a delightful and revitalizing beverage.",30.0,https://images.deliveryhero.io/image/talabat/Menuitems/Sweet_melon_juice637884904954323284.jpg?width=172&amp;height=172
Lemon With Mint Juice,"Made with a blend of fresh lemons, mint leaves, and a touch of sweetness, it's a perfect thirst quencher that will refresh your taste buds and invigorate your senses.",30.0,
Guava Juice,"Made from freshly squeezed guavas, it's a perfect balance of sweet and tangy and packed with Vitamin C, making it a delicious and healthy drink option.",30.0,
Cocktail Juice,"Made with a blend of seasonal fruits, it's a healthy and delicious option for breakfast, lunch, or a snack and a great way to get your daily dose of vitamins and nutrients.",30.0,https://images.deliveryhero.io/image/talabat/Menuitems/Cocktail_Juice637884904954321227.jpg?width=172&amp;height=172
Avocado Juice,"Made from freshly pressed avocados, it's packed with healthy fats, vitamins and minerals, making it a nutritious and delicious drink option.",33.0,https://images.deliveryhero.io/image/talabat/Menuitems/Avocado_Juice637884904954321602.jpg?width=172&amp;height=172
Rainbow Cocktail Juice,,33.0,https://images.deliveryhero.io/image/talabat/Menuitems/Rainbow_cocktail_juice637884904954323181.jpg?width=172&amp;height=172
Fruit Cocktail,Made with a blend of seasonal fruits and reat way to get your daily dose of vitamins and nutrients.,35.0,https://images.deliveryhero.io/image/talabat/Menuitems/Fruit_Cocktail637884904954321759.jpg?width=172&amp;height=172
Fruit Salad,"Made with a mix of fresh and seasonal fruits, it's a healthy and delicious option for breakfast, lunch, or a snack and a great way to get your daily dose of vitamins and nutrients.",35.0,
Milkshake,"Creamy, velvety, and indulgent - our milkshake made with premium ice cream is the perfect treat to satisfy your sweet tooth!",30.0,https://images.deliveryhero.io/image/talabat/Menuitems/Milkshake637884904954322570.jpg?width=172&amp;height=172
Laban Ayran,"Enjoy our Laban Ayran,a cool, creamy blend of tangy yogurt, fragrant herbs, and a hint of salt,for a refreshing drink that revitalizes your palate with each sip.",23.0,https://images.deliveryhero.io/image/talabat/Menuitems/Laban_Ayran637884904954322511.jpg?width=172&amp;height=172
Coca-Cola,Carbonated soft drink,7.5,https://images.deliveryhero.io/image/talabat/Menuitems/Coca-Cola_330ML_637495948358465878.jpg?width=172&amp;height=172
Fanta,Carbonated soft drink,7.5,https://images.deliveryhero.io/image/talabat/Menuitems/Fanta_Orange_330ML_637495948364334609.jpg?width=172&amp;height=172
Sprite,Non-caffeinated soft drink,7.5,https://images.deliveryhero.io/image/talabat/Menuitems/Sprite_330ML_637495948368979376.jpg?width=172&amp;height=172
Energy Drinks,An energy drink that contains a large amount of caffeine.,30.0,
Perrier 18,,15.0,https://images.deliveryhero.io/image/talabat/Menuitems/Perrier_18637884904954322872.jpg?width=172&amp;height=172
Lebanese Water,,0.0,https://images.deliveryhero.io/image/talabat/Menuitems/Lebanese_water637884904954322226.jpg?width=172&amp;height=172
Non Alcoholic Beer,"Refreshing, nonalcoholic beverage.",30.0,https://images.deliveryhero.io/image/talabat/Menuitems/Nonalcoholic_beer637884904954323851.jpg?width=172&amp;height=172
Turkish Coffee,"Experience the rich, bold flavor of authentic Turkish coffee with our premium blend made from the finest hand-picked Arabica beans.",19.0,https://images.deliveryhero.io/image/talabat/Menuitems/Turkish_Coffee637884904954323088.jpg?width=172&amp;height=172
Espresso,Experience the bold and intense flavor of our freshly brewed espresso.,20.0,https://images.deliveryhero.io/image/talabat/Menuitems/Espresso637884904954322144.jpg?width=172&amp;height=172
Tea,"Savor the rich aroma and taste of our premium tea, expertly blended to create a perfect tea drinking experience.",20.0,https://images.deliveryhero.io/image/talabat/Menuitems/Tea637884904954323264.jpg?width=172&amp;height=172
Chamomile,Chamomile is a type of herb that is commonly used to make tea.,24.0,https://images.deliveryhero.io/image/talabat/Menuitems/Chamomile_Tea637884904954321518.jpg?width=172&amp;height=172
Mochaccino,"Awaken your senses with our heavenly Mochaccino—a blissful blend of velvety chocolate, bold espresso, and creamy milk, topped with frothy foam for an irresistible coffee treat.",25.0,https://images.deliveryhero.io/image/talabat/Menuitems/Mochaccino637884904954322830.jpg?width=172&amp;height=172
Cafe Latte,"Made with espresso and steamed milk, it's the perfect way to start your day or take a break during the day.",25.0,https://images.deliveryhero.io/image/talabat/Menuitems/Cafe_latte637884904954321145.jpg?width=172&amp;height=172
Cappuccino,"Made with espresso and steamed milk creating rich, velvety taste.",25.0,https://images.deliveryhero.io/image/talabat/Menuitems/Cappuccino637884904954322041.jpg?width=172&amp;height=172
Ginger,"Awaken your senses with the spicy and sweet flavors of our ginger, harvested and expertly prepared to enhance its natural taste and aroma",25.0,https://images.deliveryhero.io/image/talabat/Menuitems/Ginger_tea637884904954321737.jpg?width=172&amp;height=172
Moroccan Tea,"A blend of traditional green tea, fresh mint, and warm spices, creating a soothing and refreshing drink that will transport you to the bustling markets of Marrakesh.",22.0,
Nescafe,"Experience the bold and rich flavor of premium Arabica beans in our convenient Nescafe, made with a special blend of coffee for a quick and delicious pick-me-up.",24.0,https://images.deliveryhero.io/image/talabat/Menuitems/beverages/nescafe.jpg?width=172&amp;height=172
Hot Chocolate,"Made with rich cocoa powder, it's the perfect treat when you just want to indulge in something sweet.",25.0,https://images.deliveryhero.io/image/talabat/Menuitems/Hot_Chocolate637884904954321915.jpg?width=172&amp;height=172
