item_name,item_description,item_price,item_image
Cheese And Turkey Manoushe,"Lebanese flatbread topped with cheese and smoked turkey
",18.0,https://images.deliveryhero.io/image/talabat/Menuitems/mmw_637899292159175291?width=172&amp;height=172
Cheese Manoushe,Lebanese flatbread topped with cheese and herbs.,16.0,https://images.deliveryhero.io/image/talabat/Menuitems/mmw_637974724257861723?width=172&amp;height=172
Lahm B Ajine With Cheese Manoushe,,19.0,https://images.deliveryhero.io/image/talabat/Menuitems/mmw_637899290495556169?width=172&amp;height=172
Full Boneless Chicken,"Grilled chicken boneless, served with French fries, garlic paste, pickles and bread",68.0,https://images.deliveryhero.io/image/talabat/Menuitems/blob_637549565729624677?width=172&amp;height=172
Hummus With Tahini,"Chickpeas blended with thaini, lemon, olive oil, cumin powder.",20.0,https://images.deliveryhero.io/image/talabat/Menuitems/mmw_637952954233601583?width=172&amp;height=172
Breakfast Combo 1,"Falafel, foul, hummus, pickles, vegetable and bread",42.0,https://images.deliveryhero.io/image/talabat/Menuitems/mmw_637987562101761651?width=172&amp;height=172
Breakfast Combo 2,"Falafel, foul, hummus, labneh, vegetable and bread",42.0,https://images.deliveryhero.io/image/talabat/Menuitems/mmw_637987561196772154?width=172&amp;height=172
Manakish Combo,3 manakish of your choice and vegetable plate,47.0,https://images.deliveryhero.io/image/talabat/Menuitems/mmw_637985601881880376?width=172&amp;height=172
Manakish Combo 2,2 Manakish and soft drink.,43.0,https://images.deliveryhero.io/image/talabat/Menuitems/mmw_637985607723765969?width=172&amp;height=172
Tawook Combo,"6 cubes of tawook, mutabel, hummus, French fries, garlic paste.",48.0,https://images.deliveryhero.io/image/talabat/Menuitems/mmw_637985987482676861?width=172&amp;height=172
2 Boneless Chickens With Spiced Arabic Rice ,"2 whole boneless grill chicken with spiced arabic rice, Fattoush, pickles, garlic  and daqoos sauce",120.0,https://images.deliveryhero.io/image/talabat/Menuitems/mmw_637985844833446527?width=172&amp;height=172
2 Full Boneless Chickens With Arayes,"2 full boneless grilled chickens, arayes, fattouch salad, French fries, hummus, garlic and freash bread.",144.0,https://images.deliveryhero.io/image/talabat/Menuitems/mmw_637954961328951317?width=172&amp;height=172
Mix Grill With Appetizers Combo,"2 skewers kebab, 2 skewers shish tawook, 2 skewers tikka, 4 pieces fried kibbeh, 4 pieces cheese rolls served with garlic, hummus, moutabel and bread",144.0,
Za'atar Manoushe,,12.0,https://images.deliveryhero.io/image/talabat/Menuitems/mmw_637897547256570867?width=172&amp;height=172
Labneh Manoushe,Traditional Lebanese flatbread topped with labneh (strained yogurt).,12.0,https://images.deliveryhero.io/image/talabat/Menuitems/mmw_637897549339726148?width=172&amp;height=172
Halloumi Beit EL Zaytoun ,Manakish with halloumi cheese & dried mint. ,22.0,https://images.deliveryhero.io/image/talabat/Menuitems/mmw_638246069487070157?width=172&amp;height=172
Akkawi Chesse With Oman Chips,,18.0,https://images.deliveryhero.io/image/talabat/Menuitems/mmw_638251165587143661?width=172&amp;height=172
Duplex Manakish,Tow-Layers dough Filled With Akkawi Chesse Topped With Zaatar,26.0,https://images.deliveryhero.io/image/talabat/Menuitems/mmw_638257233966405305?width=172&amp;height=172
Cheese Manoushe,Lebanese flatbread topped with cheese and herbs.,16.0,https://images.deliveryhero.io/image/talabat/Menuitems/mmw_637974724257861723?width=172&amp;height=172
Za'atar With Vegetables Manoushe,,15.0,https://images.deliveryhero.io/image/talabat/Menuitems/mmw_637897547616885591?width=172&amp;height=172
Cheese With Vegetables Manoushe,Flat Lebanese bread topped with cheese and vegetables,17.0,https://images.deliveryhero.io/image/talabat/Menuitems/mmw_637901283640869114?width=172&amp;height=172
Labneh With Vegetables Manoushe,,17.0,https://images.deliveryhero.io/image/talabat/Menuitems/mmw_637897547865760374?width=172&amp;height=172
Labneh With Za'atar Manoushe,,17.0,https://images.deliveryhero.io/image/talabat/Menuitems/mmw_637897548156699681?width=172&amp;height=172
Cheese And Turkey Manoushe,"Lebanese flatbread topped with cheese and smoked turkey
",18.0,https://images.deliveryhero.io/image/talabat/Menuitems/mmw_637899292159175291?width=172&amp;height=172
Cheese And Sojok Manoushe,,19.0,https://images.deliveryhero.io/image/talabat/Menuitems/mmw_637900274753458400?width=172&amp;height=172
Lahm B Ajine Manoushe,,17.0,https://images.deliveryhero.io/image/talabat/Menuitems/mmw_637899285741693212?width=172&amp;height=172
Cheese And Hot Dog Manoushe,,19.0,https://images.deliveryhero.io/image/talabat/Menuitems/mmw_637899287394778605?width=172&amp;height=172
Lahm B Ajine With Cheese Manoushe,,19.0,https://images.deliveryhero.io/image/talabat/Menuitems/mmw_637899290495556169?width=172&amp;height=172
Cheese With Parsley Manoushe,,17.0,https://images.deliveryhero.io/image/talabat/Menuitems/mmw_637901284129940980?width=172&amp;height=172
Muhammara With Cheese Manoushe,,17.0,https://images.deliveryhero.io/image/talabat/Menuitems/blob_637554688789956950?width=172&amp;height=172
Spinach Manoushe,"A traditional Middle Eastern flatbread topped with a flavorful mixture of spinach, herbs, and spices.",17.0,https://images.deliveryhero.io/image/talabat/Menuitems/mmw_637904706697916292?width=172&amp;height=172
Spinach With Labneh Manoushe,"Lebanese flatbread topped with labneh and spinach
",18.0,https://images.deliveryhero.io/image/talabat/Menuitems/mmw_637904706488886400?width=172&amp;height=172
Spinach With Cheese Manoushe,,19.0,https://images.deliveryhero.io/image/talabat/Menuitems/mmw_637983188779081265?width=172&amp;height=172
Cheese And Honey Manoushe,,19.0,https://images.deliveryhero.io/image/talabat/Menuitems/mmw_637901284409074634?width=172&amp;height=172
Cheese And Zaatar Manoushe,Lebanese flatbread topped with cheese and zaatar,19.0,https://images.deliveryhero.io/image/talabat/Menuitems/mmw_637901285253422413?width=172&amp;height=172
Zaatar Jabali Manoushe,,15.5,https://images.deliveryhero.io/image/talabat/Menuitems/mmw_637900275852390979?width=172&amp;height=172
Kofta Manakish,,21.5,https://images.deliveryhero.io/image/talabat/Menuitems/mmw_637904707450417469?width=172&amp;height=172
Muhammara Manoushe,A flatbread topped with muhammara sauce.,12.0,https://images.deliveryhero.io/image/talabat/Menuitems/mmw_637900275522365279?width=172&amp;height=172
Fatayer Falafel,"Falafel, lettuce, cucumber pickles, turnip red, tahina and tomato.
",20.5,https://images.deliveryhero.io/image/talabat/Menuitems/mmw_637952379176081979?width=172&amp;height=172
Cheese And Egg Fatayer,,21.0,https://images.deliveryhero.io/image/talabat/Menuitems/blob_637558387991700040?width=172&amp;height=172
Lamb Meat And Chesse Fatayer,"Grill lamb meat, green capsicum, corn, cheese and BBQ sauce.",28.0,https://images.deliveryhero.io/image/talabat/Menuitems/mmw_637952376053067341?width=172&amp;height=172
Halloumi Beit El Zaytoun Fatayer ,Fatayer with Halloumi Cheese & dried mint.,22.0,
Akkawi Cheese Fatayer With Mountain Thyme And Cherry Tomatoes,Cheese Akkawi with light thyme and cherry tomatoes,26.5,https://images.deliveryhero.io/image/talabat/Menuitems/mmw_637937263447620989?width=172&amp;height=172
Zaatar With Vegetables And Feta Cheese Fatayer,Cheese feta with mountain thyme and cherry tomatoes onion cucumber,21.5,https://images.deliveryhero.io/image/talabat/Menuitems/mmw_637937264512681740?width=172&amp;height=172
Kebab Platter,"4 Kofta skewers served with French fries, hummus, pickles and fresh bread",56.5,https://images.deliveryhero.io/image/talabat/Menuitems/mmw_637987570226941458?width=172&amp;height=172
Kabab Orfalli,"Kabab spicy balls with grilled tomato, grilled eggplant served with hummus and pickles.",0.0,https://images.deliveryhero.io/image/talabat/Menuitems/mmw_638251944230194208?width=172&amp;height=172
Beit El Zaytoun Arayes Platter,"Cheese, tomato, green capsicum on the bread served with tomato and cucumber.",32.0,
Kabab Eggplant Platter,"Kabab balls, grilled eggplant served with hummus, French fries and pickles",49.0,https://images.deliveryhero.io/image/talabat/Menuitems/mmw_638238867725024262?width=172&amp;height=172
Kabab Khosh Khash Platter,"Skewers of seasoned and minced meat with onion, parsley mixed with tomato sauce served with grilled tomato, hummus, and pickles.",49.0,https://images.deliveryhero.io/image/talabat/Menuitems/mmw_638238868699240840?width=172&amp;height=172
Mix Grill,"Skewers of veal tikka, shesh tawook, kofta, served with french fries, hummus and pickles.	",69.0,https://images.deliveryhero.io/image/talabat/Menuitems/mmw_637983192860091699?width=172&amp;height=172
Tawook Platter,"Tender chicken skewers, served with French fries, garlic paste and pickles.	",42.0,https://images.deliveryhero.io/image/talabat/Menuitems/mmw_637987584669578175?width=172&amp;height=172
Meat Platter,"Skewers of marinated and grilled tender lamb meat cubes, served with bread, french fries, hummus and pickles.",59.0,https://images.deliveryhero.io/image/talabat/Menuitems/blob_637418312448239792?width=172&amp;height=172
Arayes Kofta Platter,"Stuffed grilled pita bread with minced meat served with hummus, french fries and pickles.",36.0,https://images.deliveryhero.io/image/talabat/Menuitems/blob_637469230514923927?width=172&amp;height=172
Mix Grill 1 Kilo,"11 skewers of lamb tikka shish tawook, lamb kebab, served with french fries, spicy bread, garlic sauce, hummus, pickles and bread.",162.0,https://images.deliveryhero.io/image/talabat/Menuitems/mmw_637973531706501249?width=172&amp;height=172
Kebab 1 Kilo,"11 Skewers of Kofta , served with french fries , 2 small plate Hummus , pickles and fresh bread",144.0,https://images.deliveryhero.io/image/talabat/Menuitems/Kofta_1_Kilo_637180912066816731.jpg?width=172&amp;height=172
Tawook 1 Kilo,"11 skewers of grilled Tawouk Chicken served with Garlic, French fries, pickles and Fresh Bread.",120.0,https://images.deliveryhero.io/image/talabat/Menuitems/mmw_637973530846080236?width=172&amp;height=172
Tikka 1 Kilo,"10 skewers of grilled tikka served with hummus, French fries, pickles and fresh bread.",168.0,https://images.deliveryhero.io/image/talabat/Menuitems/mmw_637973850569846893?width=172&amp;height=172
1/2 Boneless Chicken,"Half grilled chicken boneless, served with French fries, garlic paste, pickles and bread",50.0,https://images.deliveryhero.io/image/talabat/Menuitems/mmw_637970991420120227?width=172&amp;height=172
Full Boneless Chicken,"Grilled chicken boneless, served with French fries, garlic paste, pickles and bread",68.0,https://images.deliveryhero.io/image/talabat/Menuitems/blob_637549565729624677?width=172&amp;height=172
1/2 Kilo Tikka,"6 skewers of lamb served with hummus, pickle, spicy bread, French fries and fresh bread",84.0,https://images.deliveryhero.io/image/talabat/Menuitems/mmw_637973838384828340?width=172&amp;height=172
1/2 Kilo Kebab,"6 Skewers of Kofta, 2 small plate Hummus, pickles, fresh bread and served with French fries",72.0,
1/2 Kilo Mix Grill,"6 skewers of veal Tikka, shish Tawook, Kofta, served with french fries, spicy bread, hummus, pickles and bread.",84.0,https://images.deliveryhero.io/image/talabat/Menuitems/mmw_638270041515253814?width=172&amp;height=172
"Tawook 0,5 KG","6 skewers of grilled Tawook Chicken served with Garlic , French fries , pickles and Fresh Bread.",72.0,https://images.deliveryhero.io/image/talabat/Menuitems/mmw_637973833660670778?width=172&amp;height=172
Hummus With Tahini,"Chickpeas blended with thaini, lemon, olive oil, cumin powder.",20.0,https://images.deliveryhero.io/image/talabat/Menuitems/mmw_637952954233601583?width=172&amp;height=172
Hummus With Almond,"Mix chickpeas with tahini, lemon, olive oil and cumin powder with almonds",26.0,https://images.deliveryhero.io/image/talabat/Menuitems/mmw_637952955120859492?width=172&amp;height=172
Spicy Hummus,Chickpeas blended with beit el zaytoun spices.,23.0,https://images.deliveryhero.io/image/talabat/Menuitems/mmw_637977093821167508?width=172&amp;height=172
Eggplant Muttabal,"Grilled eggplant, tahini, lemon juice, olive oil and pomegranate seeds.",21.0,https://images.deliveryhero.io/image/talabat/Menuitems/mmw_637985832245243144?width=172&amp;height=172
Vine Leaves,"Stuffed with rice, parsley, onion, tomato and lemon juice. ",19.0,https://images.deliveryhero.io/image/talabat/Menuitems/mmw_638005036134103093?width=172&amp;height=172
Labneh With Garlic,Labneh with garlic dried mint and olive oil. ,19.0,https://images.deliveryhero.io/image/talabat/Menuitems/blob_637553370757201834?width=172&amp;height=172
Hummus Beiruti ,"Hummus with lemon parsley mint , garlic ",25.0,https://images.deliveryhero.io/image/talabat/Menuitems/mmw_637987566434190138?width=172&amp;height=172
Allayet Lahme,"Small beef cubes mixed with tomato, green capsicum, green chilli and onion.",26.5,https://images.deliveryhero.io/image/talabat/Menuitems/blob_637559265513639938?width=172&amp;height=172
Shakshouka ,"Eggs scrambled with tomato, onion, sprinkled with our spices. ",20.5,https://images.deliveryhero.io/image/talabat/Menuitems/blob_637553796875046269?width=172&amp;height=172
French Fries,"Fried to a golden crisp perfection and perfectly seasoned, perfect accompaniment to any meal.",16.5,https://images.deliveryhero.io/image/talabat/Menuitems/blob_637553801209076095?width=172&amp;height=172
Cheese Rolls,Deep fried crisp cheese rolls.,20.0,https://images.deliveryhero.io/image/talabat/Menuitems/mmw_637954963039067282?width=172&amp;height=172
Fried Kebbeh,"Stuffed with minced lamb meat, onions and pine nuts. ",23.0,https://images.deliveryhero.io/image/talabat/Menuitems/mmw_637985833482710562?width=172&amp;height=172
Allayat Tomatoes,Fried tomatoes in pan served with fresh bread and pickles,18.0,https://images.deliveryhero.io/image/talabat/Menuitems/blob_637557648085783113?width=172&amp;height=172
Spinach Sambousek,6 pcs Spinach Sambousek,20.0,https://images.deliveryhero.io/image/talabat/Menuitems/blob_637551598872626186?width=172&amp;height=172
Cheese Samosa 6 Pieces,,20.0,https://images.deliveryhero.io/image/talabat/Menuitems/mmw_637974483046741678?width=172&amp;height=172
Meat Samosa 6 Pieces,,20.0,https://images.deliveryhero.io/image/talabat/Menuitems/mmw_637974483453640162?width=172&amp;height=172
Lentil Soup,"Made with a blend of lentils, vegetables, and spices, it's a healthy and satisfying option.",14.5,https://images.deliveryhero.io/image/talabat/Menuitems/mmw_637904848969605987?width=172&amp;height=172
Cucumber Yogurt Salad,"refreshing and healthy salad that is made with cucumbers, yogurt, dill, and garlic",15.5,https://images.deliveryhero.io/image/talabat/Menuitems/blob_637554747656261957?width=172&amp;height=172
Tabouleh,"Fresh mix of chopped parsley, mint, tomato and onion tossed in olive oil and lemon. ",20.5,https://images.deliveryhero.io/image/talabat/Menuitems/mmw_637952932318409547?width=172&amp;height=172
Green Salad,"Mix of lettuce, cucumber, tomatoes, green pepper with lemon and olive oil dressing.",20.5,https://images.deliveryhero.io/image/talabat/Menuitems/blob_637559279007671345?width=172&amp;height=172
Rocca Salad     ,"Rocca leaves, tomato, pomegranate seeds with pomegranate molasses. ",21.5,https://images.deliveryhero.io/image/talabat/Menuitems/mmw_637952935686998294?width=172&amp;height=172
Fattouch'na,"Mix of lettuce, cucumber, tomatoes, green thyme, parsley mint, sumac, pomegranate seeds, olive oil, lemon juice, pomegranate molasses served with pita pieces.",20.5,https://images.deliveryhero.io/image/talabat/Menuitems/mmw_637952931967699582?width=172&amp;height=172
Greek Salad,"Lettuce, tomato, cucumber, green pepper, feta cheese, olives, oregano with lemon and olive oil dressing.",24.0,https://images.deliveryhero.io/image/talabat/Menuitems/mmw_638003771706970849?width=172&amp;height=172
Fattoush Salad With Grilled Tawook,,32.0,https://images.deliveryhero.io/image/talabat/Menuitems/mmw_637977094772057582?width=172&amp;height=172
Tawook Sandwich,"With fries, garlic, coleslaw and pickles.",20.5,https://images.deliveryhero.io/image/talabat/Menuitems/mmw_637980613364548487?width=172&amp;height=172
Tawook Beit El Zaytoun Sandwich,"Tawook, hummus, tahini, parsley, onion, french fries and pickles.",24.0,https://images.deliveryhero.io/image/talabat/Menuitems/mmw_637980618360752035?width=172&amp;height=172
Special Shish Tawook Sandwich,"Grilled chicken cubes, Turkey ham, lettuce, mayonnaise, corn, garlic, pickles, and French fries.",27.0,https://images.deliveryhero.io/image/talabat/Menuitems/mmw_637980612246356818?width=172&amp;height=172
Kebab Sandwich,"Hummus, parsley, onion, tomato and pickles.",20.5,https://images.deliveryhero.io/image/talabat/Menuitems/mmw_637980613858688942?width=172&amp;height=172
Tikka Sandwich,"Tikka pieces, hummus, parsley, onion, tomato, and pickles.",21.5,https://images.deliveryhero.io/image/talabat/Menuitems/mmw_637980613650292801?width=172&amp;height=172
Potato Sandwich,"Savor the heavenly delight of our Potato Sandwich: golden, crispy potato slices layered with delectable fillings, nestled between fluffy bread, for a truly irresistible treat!",17.0,https://images.deliveryhero.io/image/talabat/Menuitems/blob_637562549444283209?width=172&amp;height=172
Hummus Sandwich,"Hummus, tomato, onion, parsley, mint and pickles.",14.5,https://images.deliveryhero.io/image/talabat/Menuitems/Hummus_Sandwich_637180909878405682.jpg?width=172&amp;height=172
Kebab Orfalli Sandwich,"Kebab, grilled tomato, grilled onion, hummus, and pickles; wrapped in Arabic bread then toasted on the grill.",24.0,
Special Kafta Sandwich,"Spicy kafta spread on the bread, hummus, parsley, onion and pickles.",30.0,
1/2 Grilled Boneless Chicken With Kabsa Rice,"1/2 Grilled boneless chicken on charcoal with kabsa rice, dakoussa salad with fattoush salad and lentil soup",57.0,https://images.deliveryhero.io/image/talabat/Menuitems/mmw_637979558145345801?width=172&amp;height=172
Kofta Tahini,With fattoush salad and lentil soup,57.0,https://images.deliveryhero.io/image/talabat/Menuitems/mmw_637974724633067879?width=172&amp;height=172
Kebab With Rice,"With fattoush salad and lentil soup

",57.0,https://images.deliveryhero.io/image/talabat/Menuitems/blob_637549108993516064?width=172&amp;height=172
Baked Chicken With Potato and Vegetables,"Baked chicken with potato in the oven with tomato sauce served with rice, fattoush salad and lentil soup
",57.0,https://images.deliveryhero.io/image/talabat/Menuitems/mmw_637987554081757023?width=172&amp;height=172
Dawood Basha With Rice,"200 grams ground lamb, mixed with chopped parsley, onions, spices and salt and pepper. Served With fattoush salad and lentil soup.",57.0,https://images.deliveryhero.io/image/talabat/Menuitems/mmw_637987554983522062?width=172&amp;height=172
Kibbeh Labanieh,"Kibbeh labanieh is a classic middle eastern dish of kibbe in a cooked garlic yogurt sauce, and delicious kibbeh are parcels of spiced ground lambwrapped in bulgur and meat casing, they look like little American footballs, and are so delicious, served with fattoush salad and lentil soup",57.0,https://images.deliveryhero.io/image/talabat/Menuitems/mmw_638003771127660039?width=172&amp;height=172
Kousa bil Laban ,"Zucchini stuffed with meat in yogurt sauce, served with rice, fattoush salad and lentil soup",57.0,https://images.deliveryhero.io/image/talabat/Menuitems/mmw_637856218885789447?width=172&amp;height=172
Shish Barak,"Beef dumpling cooked in yogurt sauce and served with rice, fattoush salad and lentil soup
",57.0,https://images.deliveryhero.io/image/talabat/Menuitems/mmw_637900294174639226?width=172&amp;height=172
Shish Taouk With Kabsa Rice ,2 skewer taouk with kabsa rice served with daqus sauce and lenttil soup and fattouch salad,57.0,
Omelette Eggs,"A dish made from 3 eggs that are mixed together, cooked without stirring, , served folded and served with fresh bread",18.0,https://images.deliveryhero.io/image/talabat/Menuitems/blob_637553360718377368?width=172&amp;height=172
Baked Halloumi,"Baked halloumi cheese, mint leaves, olives and served with fresh bread.",21.5,
Omelette Cheese And Vegetables,"A dish made from eggs that are mixed together, cooked without stirring, served folded in half with a filling of cheese, vegetables and served with fresh bread",23.0,https://images.deliveryhero.io/image/talabat/Menuitems/mmw_637979557140536809?width=172&amp;height=172
Fried Egg,3 Fried eggs served with fresh bread,17.0,https://images.deliveryhero.io/image/talabat/Menuitems/mmw_637970993986323367?width=172&amp;height=172
Mussabha,Boiled chickpeas puree with tahini and olive oil.,20.0,
Hummus Fatteh,"Toasted bread chickpeas, yoghurt, tahini, butter & fried almond.",26.5,
Fatteh Awarma,"Toasted bread chickpeas, yoghurt, tahini, butter ,Lamb meat and fried almond.",31.0,https://images.deliveryhero.io/image/talabat/Menuitems/mmw_638226911696914939?width=172&amp;height=172
Fatteh Eggplant,"Toasted bread, chickpeas, yoghurt, tahini, butter, eggplant and fried almond.",26.0,https://images.deliveryhero.io/image/talabat/Menuitems/mmw_638226916330877473?width=172&amp;height=172
Lebanese Foul ,"Fava beans cooked with garlic, lemon juice, olive oil, topped with chickpeas, diced tomato served with side vegetable, and fresh bread.",19.0,https://images.deliveryhero.io/image/talabat/Menuitems/mmw_637987563756177546?width=172&amp;height=172
Falafel Plate,"Fried falafel with vegetables, tahini, pickles and 8 big pcs.",14.5,https://images.deliveryhero.io/image/talabat/Menuitems/mmw_638007629249149916?width=172&amp;height=172
Falafel Sandwich,"Homemade falafel with parsley, tahini, pickles and vegetables rolled up in Arabic bread.",12.0,https://images.deliveryhero.io/image/talabat/Menuitems/mmw_638012544101131450?width=172&amp;height=172
Wrap Falafel,"Falafel, tomato, lettuce, mint, parsley, raddish and tahini sauce.",19.0,https://images.deliveryhero.io/image/talabat/Menuitems/mmw_637987571577358426?width=172&amp;height=172
Mini Zaatar 6 Pcs,6 Pieces,26.0,https://images.deliveryhero.io/image/talabat/Menuitems/mmw_637987568966408474?width=172&amp;height=172
Mini Cheese 6 Pcs,6 Pieces,28.0,https://images.deliveryhero.io/image/talabat/Menuitems/mmw_637970989812729337?width=172&amp;height=172
Mini Lahm B Ajine 6 Pcs,"6 Pieces 
",28.0,https://images.deliveryhero.io/image/talabat/Menuitems/mmw_637970989440381446?width=172&amp;height=172
Mini Lahm B Ajine Shamiyeh 6 Pcs,"Lahm b ajine minis with cheese, 6 pieces",28.5,https://images.deliveryhero.io/image/talabat/Menuitems/mmw_637985847838638524?width=172&amp;height=172
Mini Spinach 6 Pcs,6 Pieces,27.0,https://images.deliveryhero.io/image/talabat/Menuitems/mmw_637970990311529140?width=172&amp;height=172
Mini Pizza Vegetables 6 Pcs,"6 Pieces 
",28.0,https://images.deliveryhero.io/image/talabat/Menuitems/mmw_637970990703026150?width=172&amp;height=172
Mini Pizza Margaritta 6 Pcs,6 Pieces,28.0,https://images.deliveryhero.io/image/talabat/Menuitems/mmw_637985832728847229?width=172&amp;height=172
Safiha Baalbaki Mini,3 pieces,15.0,https://images.deliveryhero.io/image/talabat/Menuitems/mmw_637874471982536368?width=172&amp;height=172
Mini Pies Combo 50 Pieces,"Zaatar, cheese, spinach, lahm b ajin. lahm b ajin shamieh, mini pizza vegetable and mini pizza margherita",170.0,https://images.deliveryhero.io/image/talabat/Menuitems/mmw_637874474947463909?width=172&amp;height=172
100 Mini Pies,"Zaatar, cheese, spinach, lahm b ajin. lahm b ajin shamieh, mini pizza vegetable and mini pizza margherita",300.0,https://images.deliveryhero.io/image/talabat/Menuitems/mmw_637874476537718253?width=172&amp;height=172
Mini Fatayer Box ,"Box contains 3 Spinach, 3 cheese parsley, 3 zaatar and 3 lahm b ajine fatayers.",45.0,https://images.deliveryhero.io/image/talabat/Menuitems/mmw_637977097855425776?width=172&amp;height=172
Arabic Kofta Sandwich,"Served with hummus, fries and pickles.",32.0,https://images.deliveryhero.io/image/talabat/Menuitems/Kafta_sandwich_636866018863066000.jpg?width=172&amp;height=172
Grilled Meat Arabic Sandwich,"Served with hummus, fries and pickles.",32.0,https://images.deliveryhero.io/image/talabat/Menuitems/Grilled_Meat_Arabic__637180909887394249.jpg?width=172&amp;height=172
Tawook Arabic Sandwich,"Served with garlic, fries and pickles.",30.0,https://images.deliveryhero.io/image/talabat/Menuitems/Tawook_Arabic_Sandwi_637180914941827597.jpg?width=172&amp;height=172
Arabic Classic Shish Tawook Sandwish,"Served with garlic, French fries and pickles",32.0,
Margherita Pizza Large,"Cheese, pizza sauce and oregano",49.0,https://images.deliveryhero.io/image/talabat/Menuitems/mmw_637904847639043077?width=172&amp;height=172
Vegetarian Pizza Large,"Tomato sauce, capsicum, black olives, mushroom, corn, and oregano.",49.0,https://images.deliveryhero.io/image/talabat/Menuitems/mmw_638005036612145635?width=172&amp;height=172
Margarita Pizza Regular,"Cheese, pizza sauce and oregano",37.0,https://images.deliveryhero.io/image/talabat/Menuitems/mmw_637904848255365249?width=172&amp;height=172
Vegetarian Pizza Regular,"Tomato, capsicum, black olives, mushroom and oregano.",37.0,https://images.deliveryhero.io/image/talabat/Menuitems/mmw_638005036820155531?width=172&amp;height=172
BBQ Pizza Regular ,"Chicken, pizza sauce, BBQ sauce, green capsicum, tomato, mushroom, black olives, oregano",37.0,https://images.deliveryhero.io/image/talabat/Menuitems/mmw_638257955984492165?width=172&amp;height=172
BBQ Pizza Larg,"Chicken, pizza sauce, BBQ sauce, green capsicum, tomato, mushroom, black olives and oregano.",49.0,https://images.deliveryhero.io/image/talabat/Menuitems/mmw_638258721564335126?width=172&amp;height=172
Crispy Chicken Pizza Regular,"Chicken, pizza sauce, green capsicum, corn, tomato, mushroom, black olives, oregano",37.0,https://images.deliveryhero.io/image/talabat/Menuitems/mmw_638258740251698303?width=172&amp;height=172
"Crispy Chicken Pizza, Larg","Chicken, pizza sauce, green capsicum, corn, tomato, mushroom, black olives, oregano",49.0,https://images.deliveryhero.io/image/talabat/Menuitems/mmw_638258784022685067?width=172&amp;height=172
Turkey And Cheese Wrap,"Turkey, cheese, corn, lettuce, tomato, mayo mustard dressing.",24.0,https://images.deliveryhero.io/image/talabat/Menuitems/mmw_637952936855116073?width=172&amp;height=172
Kofta Beit El Zaytoun Wrap,"Kofta, coleslaw, french fries, ketchup and pickles.",26.0,
Kofta Muhammara Wrap,"Kofta, cheese, hummus, muhammara, onion, parsley and mint.",26.5,
Meat Steak And Cheese Wrap,"Grilled Lamb Meat, green pepper, corn, cheese and barbecue sauce",26.5,https://images.deliveryhero.io/image/talabat/Menuitems/blob_637562542157581201?width=172&amp;height=172
Sojok Wrap,"Sojok, lettuce, tomatoes, pickled cucumbers, mayo and corn in a crispy bread ",30.0,https://images.deliveryhero.io/image/talabat/Menuitems/mmw_637952944069363516?width=172&amp;height=172
Vegetable Plate,"Cucumber, tomatoes, olives, lettuce, onions, rocca and mint.",12.0,
Hummus Dip,A classic and flavorful chickpea dip.,10.0,
Garlic Dip,"Made with cream cheese, sour cream, garlic",10.0,
Pepsi,Carbonated soft drink,8.0,https://images.deliveryhero.io/image/talabat/Menuitems/mmw_637977420260742951?width=172&amp;height=172
Coca Cola ,Soft Drink ,8.0,https://images.deliveryhero.io/image/talabat/Menuitems/istockphoto458464735612x6638258822493245428.jpg?width=172&amp;height=172
Sprite,Non-caffeinated soft drink,8.0,https://images.deliveryhero.io/image/talabat/Menuitems/mmw_637977100777443126?width=172&amp;height=172
Fanta ,Soft drink,8.0,https://images.deliveryhero.io/image/talabat/Menuitems/mmw_638215906849417806?width=172&amp;height=172
Mirinda ,Soft drink,8.0,https://images.deliveryhero.io/image/talabat/Menuitems/MirindaCan638030650917854633.jpg?width=172&amp;height=172
Small Water,Stay hydrated and refreshed with our water. ,5.0,https://images.deliveryhero.io/image/talabat/Menuitems/blob_637554869613792462?width=172&amp;height=172
Orange Juice,"Made capturing all the natural sweetness and tangy citrus flavor. Packed with Vitamin C, it's the perfect thirst quencher and a healthy addition to your daily diet.",19.0,https://images.deliveryhero.io/image/talabat/Menuitems/blob_637554858629485450?width=172&amp;height=172
Lemon Mint Juice,"Made with a blend of fresh lemons, mint, and a touch of sweetness, it's a perfect thirst quencher and great to enjoy anytime of the day.",18.0,https://images.deliveryhero.io/image/talabat/Menuitems/blob_637554873522326443?width=172&amp;height=172
