item_name,item_description,item_price,item_image
Mixed Grill,"Shish tawuq, adana kebap, lamb filet and bulgur rice ",98.0,https://images.deliveryhero.io/image/talabat/Menuitems/mmw_637821986461863278?width=172&amp;height=172
Shish Tawuq,"Skewers of grilled chicken breast, leg and rice ",58.0,https://images.deliveryhero.io/image/talabat/Menuitems/mmw_637821983306775606?width=172&amp;height=172
Adana Kebap,Skewers of grilled lamb and beef with bulgur rice,59.0,https://images.deliveryhero.io/image/talabat/Menuitems/mmw_637821986725850202?width=172&amp;height=172
Bey Signature Salad,"Tulum, raisins, fresh vegetables, pomegranate seeds and sauce",55.0,https://images.deliveryhero.io/image/talabat/Menuitems/mmw_638268554728686405?width=172&amp;height=172
Boneless Chicken,Grilled boneless chicken served with fries,35.0,https://images.deliveryhero.io/image/talabat/Menuitems/mmw_637822006800592331?width=172&amp;height=172
Hummus,Creamy chickpea puree with tahini sauce ,24.0,https://images.deliveryhero.io/image/talabat/Menuitems/mmw_638268521272688630?width=172&amp;height=172
Muhammara,Creamy roasted red pepper with walnuts.,26.0,https://images.deliveryhero.io/image/talabat/Menuitems/mmw_638269364745173672?width=172&amp;height=172
Mutabbel,"Grilled eggplant with tahini, yogurt, garlic, topped with pomegranate seeds. ",27.0,https://images.deliveryhero.io/image/talabat/Menuitems/mmw_638272850025908665?width=172&amp;height=172
Mezzeh Platter,A selection of BEY's flavorsome appetizers,75.0,https://images.deliveryhero.io/image/talabat/Menuitems/mmw_637821863009660456?width=172&amp;height=172
Babaganush,"Mashed cooked eggplant with tomato, capsicum and garlic",26.0,https://images.deliveryhero.io/image/talabat/Menuitems/mmw_638269365294263302?width=172&amp;height=172
Biber Yogurtlama,Strained yogurt with smoked chili and garlic,28.0,https://images.deliveryhero.io/image/talabat/Menuitems/mmw_638074903217073759?width=172&amp;height=172
Zeytin Salatasi,"Fresh green olives, parsley, garlic and fresh tomato.",28.0,https://images.deliveryhero.io/image/talabat/Menuitems/mmw_638271105850775264?width=172&amp;height=172
Sigara Cheese,Fried pastry rolls filled with cheese,24.0,https://images.deliveryhero.io/image/talabat/Menuitems/mmw_638268553232659590?width=172&amp;height=172
Sarma,Vine leaves rolls with minced meat,27.0,https://images.deliveryhero.io/image/talabat/Menuitems/mmw_637821871979696834?width=172&amp;height=172
Ali Nazik,Grilled and pureed eggplant topped with lamb cubes,43.0,https://images.deliveryhero.io/image/talabat/Menuitems/mmw_638268527431214419?width=172&amp;height=172
Hummus with Meat,Creamy chickpea puree topped with butter-fried beef,41.0,https://images.deliveryhero.io/image/talabat/Menuitems/mmw_638268555827497888?width=172&amp;height=172
Meat Kebbeh,"A mixture of bulgur wheat, beef, pine nuts, onions and spices fried to perfection.",26.0,https://images.deliveryhero.io/image/talabat/Menuitems/mmw_638269366377518810?width=172&amp;height=172
Musakhan Rolls,"Fried succulent rolls of chicken, onion, sumac, pine nuts and saffron",26.0,
Grilled Halloumi,,31.0,
Bey Signature Salad,"Tulum, raisins, fresh vegetables, pomegranate seeds and sauce",55.0,https://images.deliveryhero.io/image/talabat/Menuitems/mmw_638268554728686405?width=172&amp;height=172
Sunshine Salad,"Strawberry, almonds and mixed lettuce.",53.0,https://images.deliveryhero.io/image/talabat/Menuitems/mmw_638231500236191864?width=172&amp;height=172
Rocca Salad,"Rocca leaves, red cabbage, walnuts, goat cheese, pomegranate seeds, onion, and cherry tomato.",43.0,https://images.deliveryhero.io/image/talabat/Menuitems/mmw_638268528762085370?width=172&amp;height=172
Bey Caesar Salad,"Romaine lettuce, grilled chicken breast, croutons, served with caesar salad dressings.",43.0,https://images.deliveryhero.io/image/talabat/Menuitems/mmw_638269367286458529?width=172&amp;height=172
Fattoush Salad,"Mixed lettuce, tomato, cucumber, carrots, red cabbage, mint, watercress, zaatar, pomegranate seeds, molasses, onion, sumac powder.",39.0,https://images.deliveryhero.io/image/talabat/Menuitems/mmw_638272853465370051?width=172&amp;height=172
Greek Salad,"Iceberg, cherry tomato, cucumber, green capsicum, onion, feta cheese, black olives and basil sauce.",39.0,https://images.deliveryhero.io/image/talabat/Menuitems/mmw_638268529612517834?width=172&amp;height=172
Tomato Burrata Salad,"Burrata cheese, tomato, cherry tomato, served with Rocket Leaves",59.0,https://images.deliveryhero.io/image/talabat/Menuitems/mmw_638269368872832100?width=172&amp;height=172
Kale Salad,"Kale, parmesan chili cheese, walnuts, dates, pomegranate seeds, quinoa, served with avocado",63.0,https://images.deliveryhero.io/image/talabat/Menuitems/mmw_638268530366456292?width=172&amp;height=172
Lahmacun,"Flatbread topped with minced meat, tomatoes, capsicum and onions",32.0,https://images.deliveryhero.io/image/talabat/Menuitems/mmw_637821890933466361?width=172&amp;height=172
Kumpir With Vegetables,"Baked potato topped with vegetables, sweetcorn and mozzarella cheese",41.0,https://images.deliveryhero.io/image/talabat/Menuitems/mmw_637821889464478829?width=172&amp;height=172
Antep Lahmacun,"Flatbread topped with minced meat, tomato, capsicum, onions and chili",32.0,https://images.deliveryhero.io/image/talabat/Menuitems/mmw_637821892279992971?width=172&amp;height=172
Lazy Pide,"3 chesses, feta, mozzarella and cheddar.",43.0,https://images.deliveryhero.io/image/talabat/Menuitems/mmw_638230536257916422?width=172&amp;height=172
Kusbasi Pide,,43.0,https://images.deliveryhero.io/image/talabat/Menuitems/mmw_638231504100018877?width=172&amp;height=172
 Sucuklu Pide,Sucuklu and hot honey,45.0,https://images.deliveryhero.io/image/talabat/Menuitems/mmw_638266855511544960?width=172&amp;height=172
Feta Cheese Pide,,37.0,https://images.deliveryhero.io/image/talabat/Menuitems/mmw_638266811323869833?width=172&amp;height=172
Pizza Margherita,"Fresh buffalo mozzarella cheese, parmesan cheese, and san Marzano tomato dip sauce with fresh basil and olive oil.",56.0,https://images.deliveryhero.io/image/talabat/Menuitems/mmw_638230539441668349?width=172&amp;height=172
Pepperoni Pizza,"Fresh buffalo mozzarella cheese, beef pepperoni and san Marzano tomato dip sauce.",63.0,https://images.deliveryhero.io/image/talabat/Menuitems/mmw_638230539950644550?width=172&amp;height=172
Bianca Pizza,"Cheddar cheese, buffalo mozzarella and goat's cheese, garlic oil and rocca.",69.0,https://images.deliveryhero.io/image/talabat/Menuitems/mmw_638230541800762894?width=172&amp;height=172
Chicken Alfredo,"Chicken, cream, butter,parmesan,garlic,herbs,and mushroom.",49.0,https://images.deliveryhero.io/image/talabat/Menuitems/mmw_638231482873838685?width=172&amp;height=172
Manti,"Traditional dough pasta with ground beef served with yogurt, garlic, cooked with butter.",52.0,https://images.deliveryhero.io/image/talabat/Menuitems/mmw_638268539632268003?width=172&amp;height=172
Shrimp Penne,"Penne pasta, garlic, shrimp, onion, basil, cherry tomato, parmesan cheese and served with tomato sauce.",56.0,https://images.deliveryhero.io/image/talabat/Menuitems/mmw_638269368867791341?width=172&amp;height=172
Penne Arrabbiata,"Penne, garlic, onion, basil, chili flakes, cherry tomato,, parmesan cheese, served with tomato sauce.",46.0,https://images.deliveryhero.io/image/talabat/Menuitems/mmw_638268530713280607?width=172&amp;height=172
Spaghetti Bolognese,"Tomato sauce, onion, beef, carrots, celery, leeks, garlic and parmesan cheese.",49.0,https://images.deliveryhero.io/image/talabat/Menuitems/mmw_638269369151469408?width=172&amp;height=172
Fila Sandwich,"Beef, green capsicum, onion, sweet chili, mozzarella cheese, mushroom and fresh baguette served with fries.",59.0,
Chicken Fajita Sandwich,"Chicken,green capsicum, onion, sweet corn, mushroom, sweet chili, mozzarella cheese, fresh baguette served with fries.",49.0,
Doner Sandwich Chicken,"Chicken shawarma, freshly baked shawarma bread, served with homemade sauce with fries.",43.0,https://images.deliveryhero.io/image/talabat/Menuitems/mmw_638266897599726575?width=172&amp;height=172
Grilled Halloumi Sandwich,"Tomato cucumber, mint, grill halloumi, fresh baguette, pesto sauce with green salad. ",43.0,https://images.deliveryhero.io/image/talabat/Menuitems/mmw_638269369697540875?width=172&amp;height=172
Chicken Doner Durum,"Chicken diner with vegetables, served with homemade sauce with fries.",43.0,https://images.deliveryhero.io/image/talabat/Menuitems/mmw_638266860194070436?width=172&amp;height=172
Shish Tavuk Durum,"Grilled chicken breast, garlic sauce, pickles and fries.",37.0,https://images.deliveryhero.io/image/talabat/Menuitems/mmw_638268532599768868?width=172&amp;height=172
Harbiye Durum,"Mixed lamb and beef with tomato, onion, sumac, parsley with fries.",49.0,https://images.deliveryhero.io/image/talabat/Menuitems/mmw_638266860605702277?width=172&amp;height=172
Bonn Burger,"Beef, A secret recipe by the founder served potato wedges and sauce on the side",59.0,
Tender Burger,"Tender and juicy chicken patty with tomato, pickles, lettuce, mozzarella cheese and mayo with garlic sauce with potato wedges on the side.",49.0,https://images.deliveryhero.io/image/talabat/Menuitems/mmw_638271108685409051?width=172&amp;height=172
Doner Plate Beef,,59.0,https://images.deliveryhero.io/image/talabat/Menuitems/mmw_638266895773788998?width=172&amp;height=172
Doner Plate Chicken,,53.0,https://images.deliveryhero.io/image/talabat/Menuitems/mmw_638269376737839978?width=172&amp;height=172
Kibbeh Labanieh,"Kibbeh, yogurt, white rice, garlic, and coriander with nuts.",45.0,https://images.deliveryhero.io/image/talabat/Menuitems/mmw_638268534365335602?width=172&amp;height=172
Iskender Chicken,Chicken doner with tomato sauce and thick yogurt,62.0,https://images.deliveryhero.io/image/talabat/Menuitems/mmw_637821934815862967?width=172&amp;height=172
Iskender Beef,Beef doner with tomato sauce and thick yogurt,68.0,https://images.deliveryhero.io/image/talabat/Menuitems/mmw_637821952121526824?width=172&amp;height=172
Shish Tawuq,"Skewers of grilled chicken breast, leg and rice ",58.0,https://images.deliveryhero.io/image/talabat/Menuitems/mmw_637821983306775606?width=172&amp;height=172
Adana Kebap,Skewers of grilled lamb and beef with bulgur rice,59.0,https://images.deliveryhero.io/image/talabat/Menuitems/mmw_637821986725850202?width=172&amp;height=172
BEY Kebap,Mixed lamb and beef wrapped with lavash bread,56.0,https://images.deliveryhero.io/image/talabat/Menuitems/mmw_637821993064445125?width=172&amp;height=172
Kusbasi,Skewers of grilled lamb filet and bulgur rice,63.0,https://images.deliveryhero.io/image/talabat/Menuitems/mmw_637821993798895103?width=172&amp;height=172
Pirzola,Lamb chops and bulgur rice,99.0,https://images.deliveryhero.io/image/talabat/Menuitems/mmw_637821985178754586?width=172&amp;height=172
Mixed Grill,"Shish tawuq, adana kebap, lamb filet and bulgur rice ",98.0,https://images.deliveryhero.io/image/talabat/Menuitems/mmw_637821986461863278?width=172&amp;height=172
Kafes,Savory and perfectly cooked lamb chops,165.0,https://images.deliveryhero.io/image/talabat/Menuitems/mmw_637822000622117206?width=172&amp;height=172
Mixed Family Grill ,"4 pieces Adana kebab, 4 pieces pirzola lamb chop, 4 pieces kusbasi lamb cubes, 4 pieces shish tavuk.",360.0,https://images.deliveryhero.io/image/talabat/Menuitems/mmw_638075721554315928?width=172&amp;height=172
Shashlik,"Skewer of beef tenderloins, with grilled tomato and onion served with rice.",95.0,https://images.deliveryhero.io/image/talabat/Menuitems/mmw_638268558280946000?width=172&amp;height=172
Gran Canaria,,153.0,https://images.deliveryhero.io/image/talabat/Menuitems/mmw_638231501846484827?width=172&amp;height=172
Rib Eye Steak,"Served with baby potato, with zaatar base on the side.",163.0,
Veal Chops,"Marinated veal in soya sauce, cream, garlic, ginger, olive oil, lime butter served with baby potato",167.0,https://images.deliveryhero.io/image/talabat/Menuitems/mmw_638269371482638533?width=172&amp;height=172
Tiger Prawn,Marinated prawn with mixed salad served with lemon on the side.,119.0,https://images.deliveryhero.io/image/talabat/Menuitems/mmw_638268537548809375?width=172&amp;height=172
Sharhat Mutafa,"Beef tenderloin, mushroom, thyme,lemon juice, garlic and butter.",105.0,https://images.deliveryhero.io/image/talabat/Menuitems/mmw_638271108265957616?width=172&amp;height=172
Lokum,Seared beef tenderloin steaks with the choice of side dish between sautéed vegetable or mashed potato.,109.0,https://images.deliveryhero.io/image/talabat/Menuitems/mmw_637822002121994131?width=172&amp;height=172
Mini Pide,"Flatbread topped with mixed cheese, parsley and sesame seeds",25.0,https://images.deliveryhero.io/image/talabat/Menuitems/mmw_637822006359507183?width=172&amp;height=172
Boneless Chicken,Grilled boneless chicken served with fries,35.0,https://images.deliveryhero.io/image/talabat/Menuitems/mmw_637822006800592331?width=172&amp;height=172
Chicken Fingers,Fried chicken fingers served with fries.,37.0,
Kids Pasta Bolognese,Pasta served with bolognese sauce.,37.0,https://images.deliveryhero.io/image/talabat/Menuitems/mmw_638271108742539507?width=172&amp;height=172
Künefe with Cream,Fresh Turkish künefe,39.0,https://images.deliveryhero.io/image/talabat/Menuitems/mmw_638268561830016692?width=172&amp;height=172
Baklava With Cream,Fresh Turkish baklava,49.0,https://images.deliveryhero.io/image/talabat/Menuitems/mmw_637822009935128722?width=172&amp;height=172
Fruit Platter Small,Fruit platter that complements any full course treat,60.0,https://images.deliveryhero.io/image/talabat/Menuitems/mmw_638268562070113254?width=172&amp;height=172
Fruit Platter Big,Fruit platter that complements any full course treat,98.0,https://images.deliveryhero.io/image/talabat/Menuitems/mmw_638268562330356151?width=172&amp;height=172
Künefe With Nutella,Fresh Turkish künefe garnished with Nutella,39.0,https://images.deliveryhero.io/image/talabat/Menuitems/mmw_637822008800952212?width=172&amp;height=172
Katmer ,Crispy phyllo dough with kaymak and crushed pistachio,55.0,https://images.deliveryhero.io/image/talabat/Menuitems/mmw_637822012765567540?width=172&amp;height=172
Mouhalabiya,A creamy middle eastern delicacy with zafraan.,37.0,
Rice Pudding,Classic creamy stove top rice Pudding,29.0,
San Sebastian Blueberry Cheese Cake,"A traditional Spanish Basque cheese cake, light creamy, and smooth and perfectly caramelized with blueberry sauce at the top.",45.0,https://images.deliveryhero.io/image/talabat/Menuitems/mmw_638268582259983571?width=172&amp;height=172
San Sebastian Chocolate Cheese Cake,"A traditional Spanish Basque cheesecake, light, creamy and smooth. ",45.0,https://images.deliveryhero.io/image/talabat/Menuitems/mmw_638268588525280266?width=172&amp;height=172
Bulgur Rice,Traditional turkish rice with tomato sauce and turkish spices.,15.0,
White Rice,"Get a perfect complement to your meal with our high-quality White Rice. Made from premium quality long-grain rice, it is carefully cleaned, processed to retain its natural taste and texture.",15.0,
Fries,Fried to a golden crisp perfection and perfectly seasoned,23.0,
Potato Wedges,,25.0,
Kafas Rice,,20.0,
Mashed Potato,,15.0,
Sauteed Vegetables,"Blend of crisp and tender veggies, expertly seasoned and cooked to perfection",15.0,
Extra Avocado,Extra piece of avocado.,15.0,
Extra Chicken,"Succulent, juicy, and perfectly seasoned",15.0,
Extra Feta Cheese,,12.0,
Ayran,"Refresh your palate with the cool and creamy blend of yogurt, water, and salt.",12.0,https://images.deliveryhero.io/image/talabat/Menuitems/Ayran637840541179372241.jpg?width=172&amp;height=172
Fresh Orange Juice,"Made with freshly squeezed oranges, it's a great source of Vitamin C and perfect for any time of the day.",28.0,https://images.deliveryhero.io/image/talabat/Menuitems/orange637840542148584218.jpg?width=172&amp;height=172
Fresh Watermelon Juice,Refreshing and hydrating beverage made from freshly squeezed watermelon. It is a natural source of vitamins and minerals,28.0,https://images.deliveryhero.io/image/talabat/Menuitems/WatermelonJuiceRecipe637840542580678051.jpg?width=172&amp;height=172
Fresh Green Apple Juice,A sweet and refreshing juice made from fresh apples.,28.0,https://images.deliveryhero.io/image/talabat/Menuitems/Apple_Juice637840542729226756.jpg?width=172&amp;height=172
Fresh Red Apple,,28.0,https://images.deliveryhero.io/image/talabat/Menuitems/Apple_Juice637840542756789860.jpg?width=172&amp;height=172
Fresh Carrot Juice,"Made with freshly squeezed carrots, it's a rich source of Vitamin A and other essential nutrients, perfect for those looking for a healthy and delicious drink.",28.0,https://images.deliveryhero.io/image/talabat/Menuitems/Carrot_Cocktail637840542798316821.jpg?width=172&amp;height=172
Fresh Pomegranate Juice,"Indulge in the tangy and nutritious goodness of our Fresh Pomegranate Juice, made from hand-pressed pomegranates for a burst of flavor in every sip.",28.0,https://images.deliveryhero.io/image/talabat/Menuitems/pomegranatejuice637840542885132970.jpg?width=172&amp;height=172
Regular Coca-Cola,Soft Drink,12.0,https://images.deliveryhero.io/image/talabat/Menuitems/coke_zero637840545103002417.jpg?width=172&amp;height=172
Light Coca-Cola,Free Sugar Soft Drink.,12.0,https://images.deliveryhero.io/image/talabat/Menuitems/coke_lite637840544729752961.jpg?width=172&amp;height=172
Zero Coca-Cola,,12.0,https://images.deliveryhero.io/image/talabat/Menuitems/coke637840545046320487.jpg?width=172&amp;height=172
Sprite,Non-caffeinated soft drink,12.0,https://images.deliveryhero.io/image/talabat/Menuitems/sprite637840545160423687.jpg?width=172&amp;height=172
Fanta Orange,Carbonated soft drink,12.0,https://images.deliveryhero.io/image/talabat/Menuitems/fanta637840545268274026.png?width=172&amp;height=172
Homemade Lemon Iced Tea,"Freshly squeezed lemon, ice, sugar syrup",22.0,
Homemade Peach Iced Tea,"Refreshing drink with peach syrup, sugar syrup and ice",22.0,
Mixed Berry Iced Tea,"Fresh variety of berries, ice, sugar syrup",24.0,
Freak Shake Oreo Milkshake,"Ice cream, Oreo, crushed ice chocolate syrup and kaymak cream",36.0,
Pistachio Milkshake,"Pistachio Ice cream, milk and whipped cream",36.0,
Strawberry Milkshake,"Fresh Strawberries, ice cream, milk, crushed ice and whipped cream",36.0,
Vanilla Milkshake,"Vanilla ice cream, crushed ice, milk and whipped cream.",36.0,
Chocolate Milkshake,"Chocolate ice cream, milk, crushed ice and whipped cream.",36.0,
Caramel Milkshake,"Caramel sauce, ice cream, milk, crushed ice and whipped cream.",36.0,
