item_name,item_description,item_price,item_image
Gosht Nihari Biryani,Slow cooked lamb aromatic biryani served with “bhurani”- garlic raita,58.0,https://images.deliveryhero.io/image/talabat/Menuitems/AB1A0A6C835704692BC64DEF93257F8A?width=172&amp;height=172
Raan Biryani,24 Hours cooked boneless leg of lamb biryani,58.0,https://images.deliveryhero.io/image/talabat/Menuitems/62AD0CF37E273AF3221E0DB757C2488B?width=172&amp;height=172
Baida Roti Mutton,Signature stuffed and shallow fried bread from Bhendi Bazzar (Serves 1-2),40.0,https://images.deliveryhero.io/image/talabat/Menuitems/94F83DC11F8D8F34EB05D587B4CA34B9?width=172&amp;height=172
Double Dal Fry,"Slow cooked lentil tempered with ghee, garlic, chilli, and cumin",29.0,https://images.deliveryhero.io/image/talabat/Menuitems/480AFA85FA5174F45C320975DF5924BE?width=172&amp;height=172
Kathi Kebab Roll Chicken,"The age old “kathi’s” – in sticks, wrapped in a flaky bread",23.0,https://images.deliveryhero.io/image/talabat/Menuitems/AE274F13587FDD8ED80C785F11AC0BC5?width=172&amp;height=172
Raan Biryani,24 Hours cooked boneless leg of lamb biryani,58.0,https://images.deliveryhero.io/image/talabat/Menuitems/62AD0CF37E273AF3221E0DB757C2488B?width=172&amp;height=172
Ravaiya,Stuffed baby brinjal with sour and spicy spice mixture,35.0,https://images.deliveryhero.io/image/talabat/Menuitems/C9630AC4F71B13B6EFFAE23AAD869C33?width=172&amp;height=172
Salli Gosht,"Our parsi home classic mutton preparation, served with crispy fried potato “salli”",52.0,https://images.deliveryhero.io/image/talabat/Menuitems/C6D06929FD4BA66CEA2009442E44273D?width=172&amp;height=172
Soti Pe Boti,"Tender cuts of chicken, skewered and coated with eggs",40.0,https://images.deliveryhero.io/image/talabat/Menuitems/2BFBD993F36B8146DF2A41492EEBC792?width=172&amp;height=172
Spicy Murgh Bhuna,Mumbai’s best version of slow roasted chicken curry,40.0,https://images.deliveryhero.io/image/talabat/Menuitems/E21379CBDCEF749CC05FFCC7E4B0FA8A?width=172&amp;height=172
White Murgh Ki Dum Biryani,"Mild “white” malai chicken biryani, served with raita. A Signature from the Bazaar.",52.0,https://images.deliveryhero.io/image/talabat/Menuitems/CF8AEEC3A365814B8DC0C5AF211844A2?width=172&amp;height=172
Murg Kali Miri Kebab,"Our signature chicken morsels, marinated with black pepper and charred in a charcoal grill",40.0,https://images.deliveryhero.io/image/talabat/Menuitems/B4135E783CE557B5060B5BD5D77A0FBB?width=172&amp;height=172
Malpua With Rabri,,23.0,https://images.deliveryhero.io/image/talabat/Menuitems/05F5BD781C8D91735076C53ECBFA97D8?width=172&amp;height=172
Keema Matar,"A south bombay staple, mutton mince with green peas and dill leaves",40.0,https://images.deliveryhero.io/image/talabat/Menuitems/2AF043FF5C928EB3AB18CC2A5FDA4849?width=172&amp;height=172
Khaman Na Pattice,"“Bateta” – potato snack, stuffed with grated coconut and raisins",29.0,https://images.deliveryhero.io/image/talabat/Menuitems/30AC5A248A15825924BC9E9F60DA6062?width=172&amp;height=172
Baida Roti Mutton,Signature stuffed and shallow fried bread from Bhendi Bazzar (Serves 1-2),40.0,https://images.deliveryhero.io/image/talabat/Menuitems/8185FC0B3550BA88B44D236B1510ED0A?width=172&amp;height=172
Chana Bateta,Null bazar’s famous tangy black chickpeas and potato curry,35.0,https://images.deliveryhero.io/image/talabat/Menuitems/A1187537B73DD4578B729235AE58D39E?width=172&amp;height=172
Gurda Kaleji,Everyone’s favourite mutton liver and kidney dish flavoured with home made spice mix,40.0,https://images.deliveryhero.io/image/talabat/Menuitems/2F9F71C14394381387344EAFBF802DB7?width=172&amp;height=172
Fish Achari Kebab,"Fresh catch of the day, char grilled with tangy spices",40.0,https://images.deliveryhero.io/image/talabat/Menuitems/655D7EDC4FA0F8C41F4DFA559CFD2D66?width=172&amp;height=172
Kasturi Chicken Seekh Kebab,"A delectable kebab of chicken mince, which melts at first bite",40.0,https://images.deliveryhero.io/image/talabat/Menuitems/764DE340E92C87215D29E6F7AFF9EBAE?width=172&amp;height=172
Keema Patti Samosa,"Classic mutton keema snack from the streets of mumbai, wrapped in paper thin sheets",17.0,https://images.deliveryhero.io/image/talabat/Menuitems/F2DD807451CE61E4872D6F4D3D9CE1B5?width=172&amp;height=172
Makai Nu Seekh,"Kebab of corn enhanced with coriander and chefs favourite spices, charred and smoked",35.0,https://images.deliveryhero.io/image/talabat/Menuitems/D7193CC080B45F5336997197AC4B9402?width=172&amp;height=172
Mang Daal Na Pakora,"Lentil pakoras with mint relish, and dry ginger chutney",29.0,https://images.deliveryhero.io/image/talabat/Menuitems/F3EA367EF37876E2BF1483250C96F5EF?width=172&amp;height=172
Murg Kali Miri Kebab,"Our signature chicken morsels, marinated with black pepper and charred in a charcoal grill",40.0,https://images.deliveryhero.io/image/talabat/Menuitems/9E09FBFBA8729429BCA95E526A7DACF3?width=172&amp;height=172
Mutton Gilafi Kebab,Our take on seekh kebab of mutton with three peppers and cheese,40.0,https://images.deliveryhero.io/image/talabat/Menuitems/EF6E68A07DE7F0DF325A0BB4647FB9DA?width=172&amp;height=172
Paneer Na Pattice,"Cottage cheese flavoured with cumin and chilis, crumbed and served crisp",35.0,https://images.deliveryhero.io/image/talabat/Menuitems/EFF3FD9EA1851EC0697165043C352A33?width=172&amp;height=172
Sewai Fried Prawns,"A street favourite of the bazaar, coated and fried",40.0,https://images.deliveryhero.io/image/talabat/Menuitems/AC4AE9E4FB462266D8019851930D0ECD?width=172&amp;height=172
Soti Pe Boti,"Tender cuts of chicken, skewered and coated with eggs",40.0,https://images.deliveryhero.io/image/talabat/Menuitems/FDFE651E21AA9283D38EAE84A08A1DF4?width=172&amp;height=172
Khaman Na Pattice,"“Bateta” – potato snack, stuffed with grated coconut and raisins",29.0,https://images.deliveryhero.io/image/talabat/Menuitems/2086B1B8CAB2A99A666CA2966D6CA057?width=172&amp;height=172
Tala Hua Gobi,Street side crispy cauliflower tossed with crispy golden garlic and chilis,17.0,https://images.deliveryhero.io/image/talabat/Menuitems/F972D398252257A6969914C9C4376366?width=172&amp;height=172
Vegetable Patti Samosa,Melange of vegetable wrapped in thin sheets and deep fried,17.0,https://images.deliveryhero.io/image/talabat/Menuitems/8D7923C1882DD6EB835766D93D9D5E15?width=172&amp;height=172
Gosht Nihari Biryani,Slow cooked lamb aromatic biryani served with “bhurani”- garlic raita,58.0,https://images.deliveryhero.io/image/talabat/Menuitems/AB1A0A6C835704692BC64DEF93257F8A?width=172&amp;height=172
Machli Tikka Smoked Biryani,Fresh fish biryani served with mix vegetable raita,52.0,https://images.deliveryhero.io/image/talabat/Menuitems/C328A437AAC914FC161AA8B777A47A34?width=172&amp;height=172
Masoor Pulao,Aromatic rice with slow cooked whole lentils served with raita,37.0,https://images.deliveryhero.io/image/talabat/Menuitems/9B73691999A29E7AC447BF6FAD8F94A6?width=172&amp;height=172
Murgh Tawa Pulao,"Classic bombay tawa pulao, served with kachumber salad and raita",52.0,https://images.deliveryhero.io/image/talabat/Menuitems/0AF390E5DF544EBDFC85256CDB23549C?width=172&amp;height=172
Paneer Masala Tawa Pulao,Spiced cottage cheese with peppers mixed with fragrant rice cooked in “tawa”- griddle,40.0,https://images.deliveryhero.io/image/talabat/Menuitems/75B06471DDA50D7FEF735A41DEA232AA?width=172&amp;height=172
Raan Biryani,24 Hours cooked boneless leg of lamb biryani,58.0,https://images.deliveryhero.io/image/talabat/Menuitems/CE27EA85850DB2940C9F7DA300E3EF04?width=172&amp;height=172
Riyazi Seekh Biryani,Our classic mutton seekh fragrant biryani coated with rich brown gravy and fried onions,58.0,https://images.deliveryhero.io/image/talabat/Menuitems/C68CB8318887586C8254C81670A8506A?width=172&amp;height=172
Royal Dum Subz Biryani,Mughlai style mix vegetable biryani with raita,40.0,https://images.deliveryhero.io/image/talabat/Menuitems/A76947D122C79CEED6D84B49B5141E76?width=172&amp;height=172
White Murgh Ki Dum Biryani,"Mild “white” malai chicken biryani, served with raita. A Signature from the Bazaar.",52.0,https://images.deliveryhero.io/image/talabat/Menuitems/7ACFF0B58FBF3CEDFD6F8C787BFABE9B?width=172&amp;height=172
Zaffrani Pulao,Saffron enhanced basmati rice pulao,35.0,https://images.deliveryhero.io/image/talabat/Menuitems/9674A02B38BBCBE19D7A2120F3C6A4C9?width=172&amp;height=172
Mughlai Murgh Seekh Biryani,The mughals own chicken seekh kebab biryani cooked in “dum” for hours,48.0,https://images.deliveryhero.io/image/talabat/Menuitems/BA8BAFAE5EF938947F9B0FEE23F9D342?width=172&amp;height=172
Baida Roll Chicken,"“Baida” – egg, street style egg roll stuffed with spicy mixtures with Chicken kathi",32.0,https://images.deliveryhero.io/image/talabat/Menuitems/435E1139FA54B89A30818DD8C1FB375A?width=172&amp;height=172
Baida Roll Mutton,"“Baida” – egg, street style egg roll stuffed with spicy mixtures of Mutton boti",37.0,https://images.deliveryhero.io/image/talabat/Menuitems/95499280C140FEE45D8F4AEC87E0424D?width=172&amp;height=172
Baida Roti Chicken,Signature stuffed and shallow fried bread from Bhendi Bazzar (Serves 1-2),40.0,https://images.deliveryhero.io/image/talabat/Menuitems/61D06B74407074C516EB74BCDBB1AA08?width=172&amp;height=172
Baida Roti Mutton,Signature stuffed and shallow fried bread from Bhendi Bazzar (Serves 1-2),40.0,https://images.deliveryhero.io/image/talabat/Menuitems/94F83DC11F8D8F34EB05D587B4CA34B9?width=172&amp;height=172
Baida Roti Prawns,Signature stuffed and shallow fried bread from Bhendi Bazzar (Serves 1-2),40.0,https://images.deliveryhero.io/image/talabat/Menuitems/3D5BD52DC0611A640EB2F56B2663720C?width=172&amp;height=172
Kathi Kebab Roll Chicken,"The age old “kathi’s” – in sticks, wrapped in a flaky bread",23.0,https://images.deliveryhero.io/image/talabat/Menuitems/AE274F13587FDD8ED80C785F11AC0BC5?width=172&amp;height=172
Kathi Kebab Roll Fish,"The age old “kathi’s” – in sticks, wrapped in a flaky bread",35.0,https://images.deliveryhero.io/image/talabat/Menuitems/F3DF08E3F4C1C9633B6C54833D153EE5?width=172&amp;height=172
Kathi Kebab Roll Mutton,"The age old “kathi’s” – in sticks, wrapped in a flaky bread",35.0,https://images.deliveryhero.io/image/talabat/Menuitems/0B046678E73991E9CE9E9174FF4A69FC?width=172&amp;height=172
Kathi Kebab Roll Vegetables,"The age old “kathi’s” – in sticks, wrapped in a flaky bread",23.0,https://images.deliveryhero.io/image/talabat/Menuitems/AF248BDBAA2D2741D2AEA670D867C9FD?width=172&amp;height=172
Khurchan Paratha Roll Chicken,"“Khurchan”- to scrape, with peppers and onions, enhanced with homemade spices and herbs",29.0,https://images.deliveryhero.io/image/talabat/Menuitems/9425F41BDFE70CA196E03F0943906A5D?width=172&amp;height=172
Khurchan Paratha Roll Mutton,"“Khurchan”- to scrape, with peppers and onions, enhanced with homemade spices and herbs",35.0,https://images.deliveryhero.io/image/talabat/Menuitems/5D67029072495551C454F1DD28D6BCA3?width=172&amp;height=172
Khurchan Paratha Roll Paneer,"“Khurchan”- to scrape, with peppers and onions, enhanced with homemade spices and herbs",23.0,https://images.deliveryhero.io/image/talabat/Menuitems/0113D23C6326075BAA96837737B01963?width=172&amp;height=172
Khurchan Paratha Roll Prawns,"“Khurchan”- to scrape, with peppers and onions, enhanced with homemade spices and herbs",40.0,https://images.deliveryhero.io/image/talabat/Menuitems/0415A1CE85DED1A1B41198F4B1CC55F7?width=172&amp;height=172
Naan Chaap Chicken,The street style burger served for decades,29.0,https://images.deliveryhero.io/image/talabat/Menuitems/521CB7858A447DDD058216B4C48EEF42?width=172&amp;height=172
Naan Chaap Fish,The street style burger served for decades,35.0,https://images.deliveryhero.io/image/talabat/Menuitems/9C178B14D43572C8D481C490F48B4C2B?width=172&amp;height=172
Naan Chaap Paneer,The street style burger served for decades,23.0,https://images.deliveryhero.io/image/talabat/Menuitems/328674FC5FB2929EDE640DB49109F5BE?width=172&amp;height=172
Roti Pe Boti,Slow cooked mutton chunks stuffed inside a leavened bread,40.0,https://images.deliveryhero.io/image/talabat/Menuitems/3698D11FA7E239C08D8F59B84CEEACA7?width=172&amp;height=172
Seekh Paratha Roll Chicken,Stuffed with minced preparations,29.0,https://images.deliveryhero.io/image/talabat/Menuitems/54DCC13B8F184348479526BAAAF0E560?width=172&amp;height=172
Seekh Paratha Roll Corn,Stuffed with minced preparations,23.0,https://images.deliveryhero.io/image/talabat/Menuitems/54178B01C275E3C98D0B6619D4E7C849?width=172&amp;height=172
Seekh Paratha Roll Mutton,Stuffed with minced preparations,35.0,https://images.deliveryhero.io/image/talabat/Menuitems/DDDE1F52E0449C827BAE818C64DB6CB5?width=172&amp;height=172
Naan Chaap Mutton,The street style burger served for decades,35.0,https://images.deliveryhero.io/image/talabat/Menuitems/36F6CABB9096027CD241DD14A7D6FFCE?width=172&amp;height=172
Murgh Keema Ghotala,Traditionally a breakfast of champions! Flavourful chicken mince topped with boiled egg,40.0,https://images.deliveryhero.io/image/talabat/Menuitems/A8DBA9BB9FDAC29C279749D660875F23?width=172&amp;height=172
Paneer Tawa Masala,Traditionally made cottage cheese tossed with bell peppers,37.0,https://images.deliveryhero.io/image/talabat/Menuitems/46C588C00BB89F571EA9496D33A454C0?width=172&amp;height=172
Ravaiya,Stuffed baby brinjal with sour and spicy spice mixture,35.0,https://images.deliveryhero.io/image/talabat/Menuitems/AD100C655B932D09A17160BB48061DFA?width=172&amp;height=172
Spicy Murgh Bhuna,Mumbai’s best version of slow roasted chicken curry,40.0,https://images.deliveryhero.io/image/talabat/Menuitems/BB86D29A06895A6B3FD07D23DDD6EA45?width=172&amp;height=172
Subz Tawa Khaas,Melange of seasonal vegetable in a very special gravy,35.0,https://images.deliveryhero.io/image/talabat/Menuitems/B3FCDC7056C40AF6FF0E5F665B5EE219?width=172&amp;height=172
Murgh Kaleji Masala Fry,Sauteed chunks of chicken liver with robust flavours,40.0,https://images.deliveryhero.io/image/talabat/Menuitems/B42CE7E95D23B7BA8C93777989BDB7A1?width=172&amp;height=172
Jhinga Tawa,Juicy prawns cooked in a piquant tomato sauce,52.0,https://images.deliveryhero.io/image/talabat/Menuitems/D8AE8151C843AF62C60249C56A50C47D?width=172&amp;height=172
Jalfrazi Gosht Boti,A western influenced mutton dish aromatically seasoned with peppers,48.0,https://images.deliveryhero.io/image/talabat/Menuitems/95390AA245EB01259EB2F93FF8FC65A8?width=172&amp;height=172
Bheja Fry,"Something to ‘think’ about! Creamy melt in the mouth, pieces of sauteed mutton brains",40.0,https://images.deliveryhero.io/image/talabat/Menuitems/2A6AD5D0E70CF20939CC3E8FDC777572?width=172&amp;height=172
Chana Bateta,Null bazar’s famous tangy black chickpeas and potato curry,35.0,https://images.deliveryhero.io/image/talabat/Menuitems/F467070AF5FF08663BBB4A452B968E36?width=172&amp;height=172
Gurda Kaleji,Everyone’s favourite mutton liver and kidney dish flavoured with home made spice mix,40.0,https://images.deliveryhero.io/image/talabat/Menuitems/BDDD0247F7CD8AE61F239B245F042213?width=172&amp;height=172
Badami Malai Kofta Curry,"“Koftas” – soft cottage cheese balls with nuts, served in mild spiced gravy and cream",40.0,https://images.deliveryhero.io/image/talabat/Menuitems/EC47A5922E5C2169CFAFD22E0DEC6552?width=172&amp;height=172
Double Dal Fry,"Slow cooked lentil tempered with ghee, garlic, chilli, and cumin",29.0,https://images.deliveryhero.io/image/talabat/Menuitems/480AFA85FA5174F45C320975DF5924BE?width=172&amp;height=172
Dum Ka Murgh,Rich and creamy textured chicken gravy cooked by the method of “dum”,48.0,https://images.deliveryhero.io/image/talabat/Menuitems/78E75474C6C393160916D613284F6D98?width=172&amp;height=172
Lagan Na Murgh,"Marinated chicken simmered in “lagan” – the thick bottomed pan, in mild tomato gravy and spice blend",48.0,https://images.deliveryhero.io/image/talabat/Menuitems/8D32DD9C9F78D95399C74A2879273483?width=172&amp;height=172
Mughlai Prawn Korma,"Charcoal cooked prawns, in thick aromatic and mild awadhi gravy",52.0,https://images.deliveryhero.io/image/talabat/Menuitems/9BC3BEBA4BBBF2159AB7E0E86787BBA2?width=172&amp;height=172
Mutton Nihari,"Straight from the royal kitchens of the mughals, slow cooked mutton stew",58.0,https://images.deliveryhero.io/image/talabat/Menuitems/DC1A3E251730777BABB864B30A8A19E3?width=172&amp;height=172
Navratan Korma,Mixed seasonal vegetable in cashew nut gravy,40.0,https://images.deliveryhero.io/image/talabat/Menuitems/2CE4576DB724C18B74D815F96C4EC83C?width=172&amp;height=172
Panner Tikka Masala,"Classic preparation of cottage cheese, charred and served with rich tomato base gravy",40.0,https://images.deliveryhero.io/image/talabat/Menuitems/A2AACD989813A487F81159C711959461?width=172&amp;height=172
Salli Gosht,"Our parsi home classic mutton preparation, served with crispy fried potato “salli”",52.0,https://images.deliveryhero.io/image/talabat/Menuitems/A69375F75C39F292D2ACE46DB7C7F0AC?width=172&amp;height=172
Maska Pao,Soft rolls with butter,6.0,https://images.deliveryhero.io/image/talabat/Menuitems/497B437042733D94019CC8E065762F44?width=172&amp;height=172
Steamed Basmati Rice,Aromatic steamed long grain rice,6.0,https://images.deliveryhero.io/image/talabat/Menuitems/75C7458E92F8E134A4585206E67661EA?width=172&amp;height=172
Wheat Lachcha Parantha,"Flaky Layered Parathas, made with wheat flour",6.0,https://images.deliveryhero.io/image/talabat/Menuitems/AFFEDDD8E11436F429D57817B822A65A?width=172&amp;height=172
Zafrani Parantha,"Ghee Enhanced Bread, flavoured with Saffron",6.0,https://images.deliveryhero.io/image/talabat/Menuitems/2C22EFBC7CF8B39504DECFE69AC06CBA?width=172&amp;height=172
Malpua With Rabri,Traditional pancakes topped with nuts and thick rabri,23.0,https://images.deliveryhero.io/image/talabat/Menuitems/926384FB7391FC9227947B9C800981BF?width=172&amp;height=172
Phirni,A celebratory rice dessert with saffron,23.0,https://images.deliveryhero.io/image/talabat/Menuitems/334DF93A291CDB2AA9C13AC5C99E7DB8?width=172&amp;height=172
Sheer Kurma,Vermicelli cooked in sweetened milk and served with nuts,23.0,https://images.deliveryhero.io/image/talabat/Menuitems/030BE1C401E1E4A52BFB2E99C7438082?width=172&amp;height=172
Aam Panna Iced Tea,,14.0,https://images.deliveryhero.io/image/talabat/Menuitems/ED58F8142927CD0533E8C1FE22294DD2?width=172&amp;height=172
Falsa Nu Sharbat,,17.0,
Jeera Cold,,14.0,https://images.deliveryhero.io/image/talabat/Menuitems/D45D0245B6E14F3772453A827B374FF0?width=172&amp;height=172
Roohafzah Milk Shake,,17.0,https://images.deliveryhero.io/image/talabat/Menuitems/ABCB82D61BA7C3B256B34E2108C999DA?width=172&amp;height=172
Sakar Tetti Nu Sharbat,,17.0,https://images.deliveryhero.io/image/talabat/Menuitems/D485A43DDFF7731A6D909D1E5F099A50?width=172&amp;height=172
