item_name,item_description,item_price,item_image
Due Burger,"1 Chicken Burger, 1 Beef Burger and French Fries",59.0,https://images.deliveryhero.io/image/talabat/Menuitems/CB963C40485ADF324EC77F7494E224E3?width=172&amp;height=172
The Trio Deal,1 Tawouk Sandwich + 1 Kafta Sandwich + 1 Fries Sandwich,30.0,https://images.deliveryhero.io/image/talabat/Menuitems/2B1E320F7CD3125601EC71EF0958E834?width=172&amp;height=172
Kafta Combo,"Kafta platter, your choice of 1 side (Fattouch/Tabbouleh/Hummus) accompanied by 1 soft drink",59.0,https://images.deliveryhero.io/image/talabat/Menuitems/A0DA6389753CD6FB17BCA557B526831C?width=172&amp;height=172
Tawouk Combo,"Tawouk platter, your choice of 1 side (Fattouch/Tabbouleh/Hummus) accompanied by 1 soft drink",55.0,https://images.deliveryhero.io/image/talabat/Menuitems/882038682CF8415BD55D639FF0F87E5B?width=172&amp;height=172
Mixed Grill Combo,"Mixed grill platter, your choice of 1 side (Fattouch/Tabbouleh/Hummos) accompanied by 1 soft drink",66.0,https://images.deliveryhero.io/image/talabat/Menuitems/34C6B49F186F917A557E0488074DC901?width=172&amp;height=172
Lebanese Chicken Burger,"Grilled chicken breast with pickles, lollo biando lettuce, french fries and ayoli sauce",32.0,https://images.deliveryhero.io/image/talabat/Menuitems/8F74CEA85535A6DAE3285C90CA36811D?width=172&amp;height=172
Special Potato Sandwich,"French fries, coleslaw, pickles, ketchup, smoked turkey, mozzarella cheese and ayoli sauce rolled in arabic bread",18.0,https://images.deliveryhero.io/image/talabat/Menuitems/9099FAE142D5340DFC540A738E5A1BD5?width=172&amp;height=172
Tawouk Special Sandwich,"Charcoal grilled marinated chicken with pickles, smoked turkey ham, mozzarella cheese, sweet corn, ayoli sauce & fries, rolled in arabic bread",25.0,https://images.deliveryhero.io/image/talabat/Menuitems/5D4973FF8DE47B3CF1DF112C57DC1B4C?width=172&amp;height=172
Chicken Escalope Sandwich,"Homemade breaded chicken breast with coleslaw, pickles, fries & ayoli sauce in a toasted sub bread",26.0,https://images.deliveryhero.io/image/talabat/Menuitems/6884343857200149801DC41877A3A885?width=172&amp;height=172
Lebanese Beef Burger,"Homemade beef patty with coleslaw, fries, ketchup, mustard and vegetable garnish served in a toasted sesame bun",35.0,https://images.deliveryhero.io/image/talabat/Menuitems/CA0E11DB371DD2731A6C095F5C9A0AB2?width=172&amp;height=172
Kafta Sandwich,"Grilled beef kafta with eggplant moutabbal, tomato, biwaz & cucumber pickles rolled in arabic bread",25.0,https://images.deliveryhero.io/image/talabat/Menuitems/0285584B072A371D05AADFB4AA047873?width=172&amp;height=172
Tawouk Sandwich,"Grilled marinated chicken,with coleslaw,cucumber pickles & fries rolled in arabic bread",25.0,https://images.deliveryhero.io/image/talabat/Menuitems/E955D389388EFD367C433B557861A553?width=172&amp;height=172
Chicken Mousahhab Sandwich,"Pulled roasted chiken, pickles, fries & ayoli mayo sauce in a toasted sub bread",28.0,https://images.deliveryhero.io/image/talabat/Menuitems/D2BBEF55C294EC17475A0CA5C4605297?width=172&amp;height=172
Grilled Tenderloin Sandwich,"Grilled marinated beef kebab with hummos, tomato, biwaz & cucumber pickles rolled in arabic bread",29.0,https://images.deliveryhero.io/image/talabat/Menuitems/AD6E41C9C86CA028826D99062C3F5E0A?width=172&amp;height=172
Makanek Sandwich,"Oriental spiced beef sausage, tomato, pickles, pomegranate molasses & mayo in a toasted sub bread",25.0,https://images.deliveryhero.io/image/talabat/Menuitems/AFACCE8A606E695E00333CD80AF437BD?width=172&amp;height=172
Francisco Sandwich,"A Best Seller! Grilled marinated chicken, mushroom, pickles, corn, lettuce, mozzarella cheese, & ayoli mayo sauce in a toasted sub bread",29.0,https://images.deliveryhero.io/image/talabat/Menuitems/07C390ECE45AF97B5BC5DF17E2B4227F?width=172&amp;height=172
Batata Sandwich,"AKA The Lebanese Fries Sandwich: Fries, coleslaw, ketchup, pickles and ayoli sauce rolled in arabic bread",18.0,https://images.deliveryhero.io/image/talabat/Menuitems/247BE2296E168B8D75E708C700903C34?width=172&amp;height=172
Soujouk Sandwich,"Oriental spiced beef sausage, tomato, pickles, tomato sauce & mayo in a toasted sub bread",26.0,https://images.deliveryhero.io/image/talabat/Menuitems/CF7429F67FD750729F0B08E1F4E353C4?width=172&amp;height=172
Lebanese Burger Sandwich,"Homemade beef patty with coleslaw, fries, ketchup, mustard & vegetable garnish rolled in arabic bread",35.0,https://images.deliveryhero.io/image/talabat/Menuitems/9EFD8F6CF0F6CAC40FD83312D0B8DF1B?width=172&amp;height=172
Mixed Grills Platter,"Bosta's selection of grilled marinated chicken, beef kafta & kebab accompanied with tomato, cucumber pickles, biwaz & fries",59.0,https://images.deliveryhero.io/image/talabat/Menuitems/A44FE7254DBA791278DE4258C1B3B140?width=172&amp;height=172
Beef Tenderloin Platter,"Grilled marinated beef kebab with tomato, biwaz & cucumber pickles accompanied with a side of fries",59.0,https://images.deliveryhero.io/image/talabat/Menuitems/3B559AD2EC0CAD0983A4730467DA1A23?width=172&amp;height=172
Kafta Platter,"Grilled beef kafta with eggplant, tomato, biwaz & cucumber pickles accompanied with a side of fries",53.0,https://images.deliveryhero.io/image/talabat/Menuitems/489D0C8AA4F59C1741758A6249C4DA74?width=172&amp;height=172
Tawouk Platter,Grilled marinated chicken with coleslaw and cucumber pickles accompanied with a side of fries,49.0,https://images.deliveryhero.io/image/talabat/Menuitems/FEB1D2D0E275854A6DADD012D6989AD8?width=172&amp;height=172
Mixed Shawarma Platter,"Middle Eastern sizzled beef & chicken accompanied with tomato, pickles, biwaz, fries & ayoli sauce",47.0,https://images.deliveryhero.io/image/talabat/Menuitems/3424726F8482E7D962718CDBAA62C5A8?width=172&amp;height=172
Lebanese Double Burger,"Homemade double beef patty with coleslaw, ketchup, mustard, tomato, lettuce, onion slices accompanied with french fries",53.0,https://images.deliveryhero.io/image/talabat/Menuitems/F65E3852CA3A2E072CFE582CD21CA2C2?width=172&amp;height=172
Hummos With Meat,Puree of boiled chickpeas blended with tahini paste & lemon juice topped with spiced meat with a side of arabic bread,35.0,https://images.deliveryhero.io/image/talabat/Menuitems/13EC3A3B049FBA9261F557B6DEBADE4B?width=172&amp;height=172
Moutabbal,"Roasted eggplant with tahini paste, lemon juice, pomegranate seeds & scallions with a side of arabic bread",27.0,
Hummos Bi Tahini,Puree of boiled chickpeas blended with tahini paste & lemon juice with a side of arabic bread,26.0,https://images.deliveryhero.io/image/talabat/Menuitems/E03299F0D97DBB7E252F8D537920D714?width=172&amp;height=172
Hummos With Chicken Ras Asfour,"Puree of boiled chickpeas blended with tahini paste & lemon juice, topped with garlic & coriander chicken cubes with a side of arabic bread",29.0,https://images.deliveryhero.io/image/talabat/Menuitems/CB8F57F081F9F1D610CB3FF31DAC7349?width=172&amp;height=172
Spicy Potato Wedges,"Crispy potato wedges tossed  with garlic, coriander & chili with a side of ayoli",25.0,https://images.deliveryhero.io/image/talabat/Menuitems/2721640CEBF20907C7E60866D838EF87?width=172&amp;height=172
Chicken Shawarma Shaker,Lettuce salad topped with chicken shawarma with a side of ayoli sauce,29.0,https://images.deliveryhero.io/image/talabat/Menuitems/63D43C1CDB8BD8F96B2AF3251D2CCC23?width=172&amp;height=172
Cheese Rolls,6 pieces of puff pastry fried rolls stuffed with a cheese mix,27.0,https://images.deliveryhero.io/image/talabat/Menuitems/6DBA2A207C1753B2458ABE7FE7C9CC85?width=172&amp;height=172
Beef Shawarma Shaker,Lettuce salad topped with beef shawarma with a side of tarator,33.0,https://images.deliveryhero.io/image/talabat/Menuitems/3447F6DC7E093179F406FAA9EB3FA3A0?width=172&amp;height=172
French Fries,Crispy fried potato sticks,19.0,https://images.deliveryhero.io/image/talabat/Menuitems/C9F0A80A7370CE4E863691F9243D0C50?width=172&amp;height=172
Fried Kebbeh,5 pieces of kebbeh balls stuffed with minced meat & pine nuts,32.0,https://images.deliveryhero.io/image/talabat/Menuitems/15CC224D72047A61093F8EEFEC95D54C?width=172&amp;height=172
Spinach Fatayer,Oven baked spinach pastries,4.0,https://images.deliveryhero.io/image/talabat/Menuitems/27036A63C3411F5B772D4B6621CA13AD?width=172&amp;height=172
Mini Pizza,Homemade style pizza bites with bell pepper and olives,4.0,https://images.deliveryhero.io/image/talabat/Menuitems/C53C6EB1869A1F0364929B270197CB31?width=172&amp;height=172
Sfiha Baalbakiyeh,Traditional oven baked Lebanese minced lamb meat pastries,4.0,https://images.deliveryhero.io/image/talabat/Menuitems/51D054E9054B24F0FB059AD55EA4629B?width=172&amp;height=172
Thyme Fatayer,Lebanese famous thym pastries known as mini-manakish,3.0,https://images.deliveryhero.io/image/talabat/Menuitems/43843E250AD2C3FF27DD37DCEE4A81EC?width=172&amp;height=172
Diet pepsi, ,9.0,https://images.deliveryhero.io/image/talabat/Menuitems/1372C17E7324786130653901CF8AC338?width=172&amp;height=172
7up, ,9.0,https://images.deliveryhero.io/image/talabat/Menuitems/F6C9BCA379FDA552E3351BD7FA7B25D2?width=172&amp;height=172
Pepsi, ,9.0,https://images.deliveryhero.io/image/talabat/Menuitems/AD3C5E28F18A55668448429967532FE3?width=172&amp;height=172
Diet 7up, ,9.0,https://images.deliveryhero.io/image/talabat/Menuitems/929F3886ADB4C77F940212A6AD38C64C?width=172&amp;height=172
Water, ,8.0,https://images.deliveryhero.io/image/talabat/Menuitems/4F9810E7D7EEF6BA256FED7BDECD8B2A?width=172&amp;height=172
