item_name,item_description,item_price,item_image
French fries,"Fried to a golden crisp perfection and perfectly seasoned, perfect accompaniment to any meal.",15.0,https://images.deliveryhero.io/image/talabat/Menuitems/French_Fries638180471992858102.jpg?width=172&amp;height=172
Buffalo Ranch Burger,"crispy panko-crusted chicken breast dipped in buffalo sauce, lettuce, tomato, pickles, onions and special ranch dressing served in our potato bun",42.0,https://images.deliveryhero.io/image/talabat/Menuitems/Buffalo_Ranch_Burger638180472004556719.jpg?width=172&amp;height=172
Crispy Chicken Burger,"Crispy Panko-crusted chicken breast, lettuce, tomato, pickles, and garlic mayo served in our potato bun.",39.0,https://images.deliveryhero.io/image/talabat/Menuitems/Crispy_Chicken_Burger638180455346991615.jpg?width=172&amp;height=172
CheeseBurger," Angus beef, premium American cheese, and your choice of dressing and toppings served in our potato bun.",47.0,https://images.deliveryhero.io/image/talabat/Menuitems/Cheeseburger638180472009004053.jpg?width=172&amp;height=172
Potato wedges,"Made with potatoes, cut into wedges, and seasoned with a blend of herbs and spices,.",16.0,https://images.deliveryhero.io/image/talabat/Menuitems/Potato_Wedges638180471997856925.jpg?width=172&amp;height=172
Hamburger,Angus beef and your choice of dressing and toppings are served in our potato bun.,42.0,https://images.deliveryhero.io/image/talabat/Menuitems/Hamburger638180455347647167.jpg?width=172&amp;height=172
Double Burger, Duo of Angus beef patties and your choice of dressing and toppings served in our potato bun. ,55.0,https://images.deliveryhero.io/image/talabat/Menuitems/Double_Burger638180455364827860.jpg?width=172&amp;height=172
CheeseBurger," Angus beef, premium American cheese, and your choice of dressing and toppings served in our potato bun.",47.0,https://images.deliveryhero.io/image/talabat/Menuitems/Cheeseburger638180472009004053.jpg?width=172&amp;height=172
Double Cheeseburger,"Duo of Angus beef patties, premium American cheese, and your choice of dressing and toppings served in our potato bun",59.0,https://images.deliveryhero.io/image/talabat/Menuitems/Double_Cheeseburger638180455359774569.jpg?width=172&amp;height=172
Spicy Hamburger ,"Angus beef, premium American cheese, lettuce, tomato, pickles, and spicy sauce served in our potato bun.",44.0,https://images.deliveryhero.io/image/talabat/Menuitems/Spicy_Hamburger638180472008556030.jpg?width=172&amp;height=172
Swiss Mushroom Burger ,"Angus beef, Swiss cheese, and creamy mushroom sauce. served in our potato bun",46.0,https://images.deliveryhero.io/image/talabat/Menuitems/Swiss_Mushroom_Burger_2638185340735443287.jpg?width=172&amp;height=172
Mini Burger ," Angus Beef, and your choice of dressing and toppings served in our potato bun",35.0,https://images.deliveryhero.io/image/talabat/Menuitems/Mini_Burger638180455335833422.jpg?width=172&amp;height=172
Buffalo Ranch Burger,"crispy panko-crusted chicken breast dipped in buffalo sauce, lettuce, tomato, pickles, onions and special ranch dressing served in our potato bun",42.0,https://images.deliveryhero.io/image/talabat/Menuitems/Buffalo_Ranch_Burger638180472004556719.jpg?width=172&amp;height=172
Chicken Burger,"grilled chicken breasts, lettuce, tomato, pickles, garlic mayo and served in our potato bun",39.0,https://images.deliveryhero.io/image/talabat/Menuitems/Chicken_Burger638180471994300564.jpg?width=172&amp;height=172
Crispy Chicken Burger,"Crispy Panko-crusted chicken breast, lettuce, tomato, pickles, and garlic mayo served in our potato bun.",39.0,https://images.deliveryhero.io/image/talabat/Menuitems/Crispy_Chicken_Burger638180455346991615.jpg?width=172&amp;height=172
Mozzarella Burger ,"Golden fried mozzarella square, lettuce, tomato, pickles, and cocktail sauce served in our potato bun.",42.0,https://images.deliveryhero.io/image/talabat/Menuitems/Mozzarella_Burger638180472005213706.jpg?width=172&amp;height=172
Classic Hot Dog ,"Hot Dog, crispy shoestring fries, lettuce, mayo, ketchup, and mustard served in our potato roll.",38.0,https://images.deliveryhero.io/image/talabat/Menuitems/Classic_Hot_Dog638180472006954820.jpg?width=172&amp;height=172
Ultimate Hot Dog ,"Hot Dog, premium American cheese, crispy shoestring fries, lettuce, mayo, ketchup, and mustard served in our potato roll.",43.0,https://images.deliveryhero.io/image/talabat/Menuitems/Ultimate_Hotdog_1638185345454393781.jpg?width=172&amp;height=172
Chicken Strips ,"Golden fried Panko-crusted chicken breast strips, served with honey mustard sauce.",39.0,https://images.deliveryhero.io/image/talabat/Menuitems/Chicken_Strips638180472002184452.jpg?width=172&amp;height=172
Barbecue Dipped Chicken Strips ,Coated in barbecue sauce.,45.0,https://images.deliveryhero.io/image/talabat/Menuitems/Barbecue_Dipped_Chicken_S638180471983973850.jpg?width=172&amp;height=172
Buffalo Dipped Chicken Strips ,Coated in buffalo sauce.,45.0,https://images.deliveryhero.io/image/talabat/Menuitems/Buffalo_Dipped_Chicken_St638180471941462005.jpg?width=172&amp;height=172
Mozzarella Sticks ,"Golden fried Panko-breaded mozzarella, served with cocktail dressing.",42.0,https://images.deliveryhero.io/image/talabat/Menuitems/Mozzarella_Sticks638180472000847866.jpg?width=172&amp;height=172
French fries,"Fried to a golden crisp perfection and perfectly seasoned, perfect accompaniment to any meal.",15.0,https://images.deliveryhero.io/image/talabat/Menuitems/French_Fries638180471992858102.jpg?width=172&amp;height=172
Potato wedges,"Made with potatoes, cut into wedges, and seasoned with a blend of herbs and spices,.",16.0,https://images.deliveryhero.io/image/talabat/Menuitems/Potato_Wedges638180471997856925.jpg?width=172&amp;height=172
Chocolate Bun ,"A mix of Biscoff spread, lotus biscuits and pure Belgian chocolate served in our special buttery potato bun.",39.0,https://images.deliveryhero.io/image/talabat/Menuitems/Chocolate_Bun638180471983191568.jpg?width=172&amp;height=172
Pepsi  ,Soft drink,12.0,https://images.deliveryhero.io/image/talabat/Menuitems/Pepsi638180472006974937.jpg?width=172&amp;height=172
Mirinda  ,Soft drink,12.0,https://images.deliveryhero.io/image/talabat/Menuitems/Mirinda638180472011020242.jpg?width=172&amp;height=172
7 Up  ,Soft Drink,12.0,https://images.deliveryhero.io/image/talabat/Menuitems/7up638180471984687750.jpg?width=172&amp;height=172
Diet Pepsi  ,Soft Drink,12.0,https://images.deliveryhero.io/image/talabat/Menuitems/Diet_Pepsi638180471987186575.jpg?width=172&amp;height=172
Diet 7 Up  ,Soft Drink,12.0,https://images.deliveryhero.io/image/talabat/Menuitems/7up_diet_1638185343608997502.jpg?width=172&amp;height=172
Water 500ml  ,Mineral Water,7.0,https://images.deliveryhero.io/image/talabat/Menuitems/Water_1638185349119650923.jpg?width=172&amp;height=172
Sparkling Water  ,Carbonated water,15.0,https://images.deliveryhero.io/image/talabat/Menuitems/Sparkling_Water638180471969949532.jpg?width=172&amp;height=172
Ice Tea Lemon  ,A cold and refreshing tea infused with lemon flavor.,13.0,https://images.deliveryhero.io/image/talabat/Menuitems/Lemon_Ice_Tea638180472011348265.jpg?width=172&amp;height=172
Ice tea peach  ,"A cold beverage made with peach-flavored tea, typically served over ice.",13.0,https://images.deliveryhero.io/image/talabat/Menuitems/Peach_Ice_Tea638180472008077479.jpg?width=172&amp;height=172
