item_name,item_description,item_price,item_image
Spaghetti Bolognese,"Spaghetti pasta bowl, topped with meaty bolognese sauce.",30.0,https://images.deliveryhero.io/image/talabat/Menuitems/blob_637647797824477632?width=172&amp;height=172
 Bateel Breakfast,"Omelette or classic scrambled eggs, a pastry of your choice, toast with a selection of bateel premium jams and a hot beverage or fresh juice",79.0,https://images.deliveryhero.io/image/talabat/Menuitems/BATEEL_BREAKFAST_637175425601143939.jpg?width=172&amp;height=172
Americano,"Made with freshly brewed espresso and hot water, it's the perfect choice for coffee lovers who appreciate a strong and robust taste.",22.0,https://images.deliveryhero.io/image/talabat/Menuitems/AMERICANO_636905207098726228.jpg?width=172&amp;height=172
 Almond Croissant,"French butter croissant filled with marzipan, topped with roasted almond and dusted with icing sugar",18.0,https://images.deliveryhero.io/image/talabat/Menuitems/ALMOND_CROISANT_636905206500680888.jpg?width=172&amp;height=172
Tomato And Burrata Soup,"Smooth tomato soup enhanced with creamy
burrata and pistachio and basil pesto.",52.0,https://images.deliveryhero.io/image/talabat/Menuitems/blob_637406104774825205?width=172&amp;height=172
Coffee and Croissant - Order Hot Coffee And Get Pastry Of Your Choice,,34.0,https://images.deliveryhero.io/image/talabat/Menuitems/morning_offer_637611857185186332.jpg?width=172&amp;height=172
Coffee and Croissant - Order Americano Or Hot Tea And Get Pastry Of Your Choice,,34.0,https://images.deliveryhero.io/image/talabat/Menuitems/morning_offer_637611857191369647.jpg?width=172&amp;height=172
 Bateel Breakfast,"Omelette or classic scrambled eggs, a pastry of your choice, toast with a selection of bateel premium jams and a hot beverage or fresh juice",79.0,https://images.deliveryhero.io/image/talabat/Menuitems/BATEEL_BREAKFAST_637175425601143939.jpg?width=172&amp;height=172
Healthy Breakfast,"Classic or egg white omelette served with asparagus, avocado, mini fruit platter and hot beverage or detox juice.",92.0,https://images.deliveryhero.io/image/talabat/Menuitems/HEALTHY_BREAKFAST_637175425610512932.jpg?width=172&amp;height=172
Triple Chocolate Cake,"Dark chocolate, hazelnut streusel, with thick layers of silky white chocolate cream, milk chocolate cream, finished with dark chocolate hazelnut glaze topped with white chocolate and dark chocolate discs.",92.0,https://images.deliveryhero.io/image/talabat/Menuitems/blob_637406257516494173?width=172&amp;height=172
Red Velvet Cake,"Filled With Cream Cheese Icing, Topped With White Chocolate And Red Velvet Crumble.",92.0,https://images.deliveryhero.io/image/talabat/Menuitems/blob_637406258507449004?width=172&amp;height=172
Date And Pecan Bread 500g,"Classic sourdough filled with pecans and our famous khidri dates, 500gm.",24.0,https://images.deliveryhero.io/image/talabat/Menuitems/DATE_AND_PECAN_BREAD_636905206344237222.jpg?width=172&amp;height=172
Walnut And Raisin Bread,"Classic sourdough filled with sweet black raisins and crunchy walnuts, 500gm.",24.0,https://images.deliveryhero.io/image/talabat/Menuitems/WALNUT_AND_RAISIN_BR_636905166067270046.jpg?width=172&amp;height=172
Sour Dough Loaf 500gm,"Classic sourdough loaf with a golden crust, 500gm.",15.0,https://images.deliveryhero.io/image/talabat/Menuitems/Levain_bread_636905206356777819.jpg?width=172&amp;height=172
Cereal Organic,"Organic stone ground whole wheat bread with a mixture of brown linseed, millet, oatmeal, pumpkin and sesame seeds, 500gm.",19.0,https://images.deliveryhero.io/image/talabat/Menuitems/ORGANIC_CEREAL_SEEDS_636905206364097830.jpg?width=172&amp;height=172
Brioche Twist Loaf 180gm,Classic brioche loaf with a soft and sweet flavour and light buttery glaze.,15.0,https://images.deliveryhero.io/image/talabat/Menuitems/BRIOCHE_TWIST_636905206377423750.jpg?width=172&amp;height=172
Baguette Viennoise,"Baguette with a soft crust and subtle sweetness, 150gm.",13.0,https://images.deliveryhero.io/image/talabat/Menuitems/BAGUETTE_VIENNOISE_636905206386897862.jpg?width=172&amp;height=172
Baguette Sesame 280g,"Classic french baguette topped with sesame seeds, 280gm.",13.0,https://images.deliveryhero.io/image/talabat/Menuitems/Baguette_Sesame_636905206396218284.jpg?width=172&amp;height=172
French Baguette Levain,"Classic french baguette filled and topped with tantalizing za'atar blend, 280gm.",11.0,https://images.deliveryhero.io/image/talabat/Menuitems/FRENCH_BAGUETTE_LIQU_636905206415226530.jpg?width=172&amp;height=172
Onion Bread 180G,"Classic sourdough blended with roasted onion and topped with onion confit, 180gm.",10.0,https://images.deliveryhero.io/image/talabat/Menuitems/Onion_Bread_636905206422083108.jpg?width=172&amp;height=172
Permesan Bread 180G,"Classic sourdough topped parmesan reggiano, 180gm.",10.0,https://images.deliveryhero.io/image/talabat/Menuitems/PARMESAN_CHEESE_BREAD_636905206428649411.jpg?width=172&amp;height=172
Country Tomato Olive Loaf,"Classic sourdough blended with sundried tomatoes and olives, 200gm.",19.0,https://images.deliveryhero.io/image/talabat/Menuitems/TOMATO_AND_OLIVE_BRE_636905166075868285.jpg?width=172&amp;height=172
La Meule Organic,"Organic stone ground whole wheat bread with a lightly dusted rustic crust, 800gm.",28.0,https://images.deliveryhero.io/image/talabat/Menuitems/MEULE_ORGANIC_BREAD_636905206435325824.jpg?width=172&amp;height=172
Whole Wheat Organic 500 Gm,Organic stone ground whole wheat bread with a dark golden crust.,19.0,https://images.deliveryhero.io/image/talabat/Menuitems/Whole_Wheat_Organic__637308426221016286.jpg?width=172&amp;height=172
Ciabatta Bread,,9.0,https://images.deliveryhero.io/image/talabat/Menuitems/blob_637563292264868061?width=172&amp;height=172
Zaatar Loaf 280 G,Short loaf made from selection of wheat flour T65 and buckwheat sourdough knead & topped with zaatar frais.,13.0,https://images.deliveryhero.io/image/talabat/Menuitems/mmw_638187140037960086?width=172&amp;height=172
 Plain Croissant,"Traditional French Croissant made with flour, sugar and butter",15.0,https://images.deliveryhero.io/image/talabat/Menuitems/PLAIN_CROISSANT_(2)_636905206487553850.jpg?width=172&amp;height=172
 Cheese Croissant,"Traditional French Cheese croissant made with flour, sugar, and butter topped with grated cheese",18.0,https://images.deliveryhero.io/image/talabat/Menuitems/CHEESE_CROISSANT_636905206494134561.jpg?width=172&amp;height=172
Chocolate Coconut Croissant ,"Croissant deep soaked in sugar syrup filled with coconut, almond, hazelnut frangipane cream and topped with frangipane sprinkled with coconut strips and silver almond.",18.0,https://images.deliveryhero.io/image/talabat/Menuitems/mmw_638187141132114472?width=172&amp;height=172
 Almond Croissant,"French butter croissant filled with marzipan, topped with roasted almond and dusted with icing sugar",18.0,https://images.deliveryhero.io/image/talabat/Menuitems/ALMOND_CROISANT_636905206500680888.jpg?width=172&amp;height=172
 Pain Au Chocolat,French butter croissant filled with finest chocolate,18.0,https://images.deliveryhero.io/image/talabat/Menuitems/PAIN_AU_CHOCOLAT_636905206517026549.jpg?width=172&amp;height=172
 Cinnamon Roll,French butter croissant dough filled with a cinnamon infused crème patisserie and topped with raisins,18.0,https://images.deliveryhero.io/image/talabat/Menuitems/CINNAMON_ROLL_636905206522631934.jpg?width=172&amp;height=172
Blueberry Muffin,Traditional moist American breakfast cake with blueberries,16.0,https://images.deliveryhero.io/image/talabat/Menuitems/mmw_638191292826504446?width=172&amp;height=172
Chocolate And Hazelnut ,,16.0,https://images.deliveryhero.io/image/talabat/Menuitems/DOUBLE_CHOCOLATE_636905206541016363.jpg?width=172&amp;height=172
Blueberry Danish ,French Danish made with croissant dough.,18.0,https://images.deliveryhero.io/image/talabat/Menuitems/mmw_638313356286828925?width=172&amp;height=172
Bateel Porridge ,"Healthy mix of quinoa, chia seeds, rolled oats mixed with almond milk, organic date syrup, topped with banana, and summer berries.
",52.0,https://images.deliveryhero.io/image/talabat/Menuitems/mmw_637921976447116198?width=172&amp;height=172
Green shakshuka,"Two soft poached eggs with healthy, green vegetables, jalapeño salsa verde, feta, and mâché lettuce on toasted organic sourdough.",65.0,https://images.deliveryhero.io/image/talabat/Menuitems/mmw_638249304532785331?width=172&amp;height=172
Basque Style Egg Shakshuka,"Shakshuka made with a Bateel twist, featuring spicy red pepper piperade, two poached eggs, sumac labneh, served with your choice of bread.",68.0,https://images.deliveryhero.io/image/talabat/Menuitems/mmw_638249305036700161?width=172&amp;height=172
Organic Date And Yoghurt Bowl,"Greek yoghurt with exclusive wanan dates, puffed Italian farro, seasonal fruits and date syrup.",46.0,https://images.deliveryhero.io/image/talabat/Menuitems/mmw_638100758284355915?width=172&amp;height=172
Mediterranean Açaí Bowl ,"Organic açaí blend topped with granola, cantaloup melon, berries, physalis, cashew butter drops and a dusting of coconut flakes.",47.0,https://images.deliveryhero.io/image/talabat/Menuitems/mmw_637921945777808121?width=172&amp;height=172
Belgian Waffle,"Freshly-baked waffles topped with mixed berries, sweet raspberry coulis, whipped cream and a smooth chocolate sauce.
",62.0,https://images.deliveryhero.io/image/talabat/Menuitems/BELGIAN_WAFFLE_636905206461476622.jpg?width=172&amp;height=172
Date French Toast,"Warm brioche French toast served, with toffee sauce, Chantilly cream, and fresh berries.",54.0,https://images.deliveryhero.io/image/talabat/Menuitems/blob_637647796937705105?width=172&amp;height=172
Organic Granola,"
Greek yoghurt topped with crunchy homemade
granola and a selection of chopped seasonal fruits.",42.0,https://images.deliveryhero.io/image/talabat/Menuitems/ORGANIC_GRANOLA_636905206454123869.jpg?width=172&amp;height=172
Seasonal Fruits,"Bateels selection of fresh fruits, sliced and presented on a sharing plate.
",47.0,https://images.deliveryhero.io/image/talabat/Menuitems/mmw_638231051737198449?width=172&amp;height=172
Bateel Levant Plate,"A traditional selection of homemade foul madame, labneh, grilled halloumi, baba ghannoush, Ligurian olives, mint, tomatoes, cucumber and Arabic bread.
",72.0,https://images.deliveryhero.io/image/talabat/Menuitems/blob_637406025853545339?width=172&amp;height=172
 Truffle Scrambled Eggs,"Soft and creamy eggs, scrambled in black truffle butter, with 24 month Parmigiano Reggiano, served with asparagus spears on light and fluffy croissant.",65.0,https://images.deliveryhero.io/image/talabat/Menuitems/mmw_638222474445451550?width=172&amp;height=172
Mushroom Tartine,"Sautéed portobello, wild mushrooms, folded into fresh herby labneh, served on toasted cereal bread with soft poached eggs and parmigiano reggiano.",58.0,https://images.deliveryhero.io/image/talabat/Menuitems/blob_637591967097664246?width=172&amp;height=172
Bateel Avocado Toast,"Toasted wholewheat bread topped with
fresh avocado, rocket and two perfectly
poached eggs.",64.0,https://images.deliveryhero.io/image/talabat/Menuitems/avocado_toast_636905206446276332.jpg?width=172&amp;height=172
 Eggs Royale,"Two poached eggs with Scottish smoked
salmon and sautéed spinach on toasted
home-baked English muffins, hollandaise sauce
and sautéed asparagus.
",68.0,https://images.deliveryhero.io/image/talabat/Menuitems/4Eggs_Royale_637318234653611089.jpg?width=172&amp;height=172
Eggs Benedict,"Two poached eggs with sliced turkey ham on
toasted home-baked English muffins, topped
with hollandaise sauce and served with
sautéed asparagus.",62.0,https://images.deliveryhero.io/image/talabat/Menuitems/3Eggs_Benedict_637318234575135825.jpg?width=172&amp;height=172
Egg White Omelette With Kale And Mushroom,"Bateels signature omelette made from egg whites, mixed with fresh mushrooms and green kale.
",64.0,https://images.deliveryhero.io/image/talabat/Menuitems/blob_637406076783892003?width=172&amp;height=172
Classic Scrambled,Simply three soft scrambled eggs served on toasted sourdough and fresh labneh.,52.0,https://images.deliveryhero.io/image/talabat/Menuitems/blob_637591967675949469?width=172&amp;height=172
Spinach And Feta Cheese,,64.0,https://images.deliveryhero.io/image/talabat/Menuitems/blob_637647796541904908?width=172&amp;height=172
Plain Eggs,,52.0,https://images.deliveryhero.io/image/talabat/Menuitems/mmw_638231051945199136?width=172&amp;height=172
Eggs with 24 Month Aged Parmigiano Reggiano,,56.0,https://images.deliveryhero.io/image/talabat/Menuitems/mmw_638231052739910047?width=172&amp;height=172
Smoked Salmon And Avocado,"Scottish smoked salmon and avocado with
marinated beetroot, horseradish crème and
a honey mustard vinaigrette.",68.0,https://images.deliveryhero.io/image/talabat/Menuitems/mmw_637940848147012348?width=172&amp;height=172
Burrata Salad,"Italian burrata with heirloom tomato, wild rocket and basil pesto.",82.0,https://images.deliveryhero.io/image/talabat/Menuitems/mmw_638100760723481367?width=172&amp;height=172
Date And Fig Salad,"Bateel organic dates with black fig, goat cheese, bulgur wheat and a quince vinaigrette.",66.0,https://images.deliveryhero.io/image/talabat/Menuitems/mmw_638100772110779621?width=172&amp;height=172
Minestrone Soup,"A rich beef broth soup with mini meatballs, umbrian beans, orzo pasta, crispy croutons and parmesano reggiano.",56.0,https://images.deliveryhero.io/image/talabat/Menuitems/mmw_637921979404844767?width=172&amp;height=172
Roasted Pumpkin,"Blend of seasonal pumpkin and cannellini beans, garnished with pumpkin seeds, crunchy herb pangrattato and served with chilli oil.",52.0,https://images.deliveryhero.io/image/talabat/Menuitems/blob_637406107629608201?width=172&amp;height=172
Mediterranean Farro Soup,"Hearty blend of borlotti beans, farro grains,
fresh kale and a medley of Mediterranean herbs.",50.0,https://images.deliveryhero.io/image/talabat/Menuitems/MEDITERRANEAN_FARRO__636905206565996046.jpg?width=172&amp;height=172
Tomato And Burrata Soup,"Smooth tomato soup enhanced with creamy
burrata and pistachio and basil pesto.",52.0,https://images.deliveryhero.io/image/talabat/Menuitems/blob_637406104774825205?width=172&amp;height=172
Asparagus Soup,Classic French asparagus soup.,48.0,https://images.deliveryhero.io/image/talabat/Menuitems/blob_637406105847258240?width=172&amp;height=172
Mushroom Soup,"Wholesome mushroom soup made with a mix of porcini, oyster, shiitake, fresh button and Chiodini varieties.
",48.0,https://images.deliveryhero.io/image/talabat/Menuitems/Musroom-Soup_636905206572934274.jpg?width=172&amp;height=172
Lentil Soup,"Traditional lentil soup with aromatic spices,
served with lemon and zaatar croutons.",48.0,https://images.deliveryhero.io/image/talabat/Menuitems/1Lentil_Soup_637318233902350570.jpg?width=172&amp;height=172
Beef Brochette Salad,"Grilled tenderloin cubes alongside a salad
of fresh radicchio, spinach and quinoa with a
peppercorn and zaatar vinaigrette.",98.0,https://images.deliveryhero.io/image/talabat/Menuitems/mmw_637977195396906403?width=172&amp;height=172
Sicilian Seafood Pasta New,"Warm salad with fresh baby calamari, shrimp, paccheri pasta, roasted pepper, tossed in crunchy Calabrian chilli and pistachio pangrattato.",89.0,https://images.deliveryhero.io/image/talabat/Menuitems/mmw_638222477236879598?width=172&amp;height=172
Lentil And Roasted Corn With Halloumi,"Beluga, puy, and umbrian lentils with roasted, corn, pecan, avocado, red onion, pomegranate, cherry tomato, chicory, carrot, and celery, dressed in pomegranate and apple vinaigrette.",82.0,https://images.deliveryhero.io/image/talabat/Menuitems/mmw_638211210777876537?width=172&amp;height=172
Lentil And Roasted Corn,"Beluga, puy and umbrian lentils with roasted corn, pecan, avocado, red onion, pomegranate, cherry tomato, chicory, carrot, celery, dressed in a pomegranate and apple vinaigrette.
",70.0,https://images.deliveryhero.io/image/talabat/Menuitems/mmw_638100772788129594?width=172&amp;height=172
Glazed Hot Smoked Salmon ,"Scottish salmon fillet marinated in Bateel date syrup
and hot smoked inhouse, served with quinoa
tabbouleh, beetroot and avocado with honey
and dill vinaigrette.",90.0,https://images.deliveryhero.io/image/talabat/Menuitems/mmw_638101668853653988?width=172&amp;height=172
Avocado Caesar,"Crunchy baby gem lettuce, sliced avocado,
zaatar-spiced croutons, Parmigiano Reggiano
and caesar dressing.",62.0,https://images.deliveryhero.io/image/talabat/Menuitems/mmw_638231053478128776?width=172&amp;height=172
Avocado Caesar With Chicken,"Crunchy baby gem lettuce, sliced avocado, zaatar-spiced croutons, parmigiano reggiano
and Caesar dressing.",74.0,https://images.deliveryhero.io/image/talabat/Menuitems/mmw_638231053287231483?width=172&amp;height=172
Avocado Caesar With Halloumi,"Crunchy baby gem lettuce, sliced avocado, zaatar spiced croutons, Parmigiano Reggiano and caesar dressing.",74.0,https://images.deliveryhero.io/image/talabat/Menuitems/mmw_638231053045863225?width=172&amp;height=172
Avocado Caesar With Marinated Prawns,"Crunchy baby gem lettuce, sliced avocado, zaatar spiced croutons, parmigiano reggiano and caesar dressing.",80.0,https://images.deliveryhero.io/image/talabat/Menuitems/mmw_638231053149721736?width=172&amp;height=172
Bateel Green Bowl,"Baby gem, Romaine lettuce mixed with 
avocado, broad beans, sugar snap peas, 
asparagus, crunchy quinoa and a light 
calamansi lime dressing.",70.0,https://images.deliveryhero.io/image/talabat/Menuitems/blob_637731888979054145?width=172&amp;height=172
Bateel Green Bowl With Marinated Prawns,"Baby gem, romaine lettuce mixed with avocado, broad beans, sugar snap peas, 
asparagus, crunchy quinoa and a light calamansi lime dressing",88.0,https://images.deliveryhero.io/image/talabat/Menuitems/mmw_638209707949857421?width=172&amp;height=172
Bateel Green Bowl With Halloumi,"Baby gem, romaine lettuce mixed with avocado, broad beans, sugar snap peas, 
asparagus, crunchy quinoa and a light calamansi lime dressing",82.0,https://images.deliveryhero.io/image/talabat/Menuitems/mmw_638209712575723169?width=172&amp;height=172
Bateel Green Bowl With Chicken ,"Baby gem, romaine lettuce mixed with avocado, broad beans, sugar snap peas, asparagus, crunchy quinoa and a light calamansi lime dressing",82.0,https://images.deliveryhero.io/image/talabat/Menuitems/mmw_638209708528357020?width=172&amp;height=172
Mediterranean Superfood Salad Plain,"Quinoa, beetroot, baby spinach, pomegranate, squash, sautéed kale, roasted celeriac and puffed Italian farro with a black olive and citrus dressing.
",74.0,https://images.deliveryhero.io/image/talabat/Menuitems/mmw_638101665782765717?width=172&amp;height=172
Mediterranean Superfood With Halloumi ,"Quinoa, beetroot, baby spinach, pomegranate, squash, sautéed kale, roasted celeriac and puffed, Italian farro with a black olive and citrus dressing.",84.0,https://images.deliveryhero.io/image/talabat/Menuitems/mmw_638210452475008076?width=172&amp;height=172
Mediterranean Superfood With Chicken ,"Quinoa, beetroot, baby spinach, pomegranate, squash, sautéed kale, roasted celeriac and puffed Italian farro with a black olive and citrus dressing.",84.0,https://images.deliveryhero.io/image/talabat/Menuitems/mmw_638210451422713750?width=172&amp;height=172
Mediterranean Superfood With Marinated Prawns,"Quinoa, beetroot, baby spinach, pomegranate, squash, sauteed kale, roasted celeriac and puffed and Italian farro with a black olive and citrus dressing.",90.0,https://images.deliveryhero.io/image/talabat/Menuitems/mmw_638209712730041970?width=172&amp;height=172
Smoked Salmon Rye,"Scottish smoked salmon with capers,
lemon, mascarpone and wild rocket in
homemade dark rye bread.",84.0,https://images.deliveryhero.io/image/talabat/Menuitems/mmw_638108682144740657?width=172&amp;height=172
Beef Short Rib Ciabatta,"Slow braised beef short rib, melted provolone, truffle, mustard aioli, tropea onion jam and wild rocket in ciabatta bread.",98.0,https://images.deliveryhero.io/image/talabat/Menuitems/mmw_638131681327953513?width=172&amp;height=172
Mediterranean Ciabatta,"Grilled Spanish, red and yellow pepper, eggplant, zucchini in ciabatta bread with stracciatella cheese and salsa verde.",78.0,https://images.deliveryhero.io/image/talabat/Menuitems/mmw_638158612252141843?width=172&amp;height=172
Chicken Club Sandwich,"Tender chicken breast, tarragon omelet,
avocado and Espelette pepper aioli with
a choice of toasted sliced white, wholewheat
or Bateel date bread.",72.0,https://images.deliveryhero.io/image/talabat/Menuitems/BATEEL_CLUB_637096172223162671.jpg?width=172&amp;height=172
Quattro Formaggi Ravioli New,"Ravioli filled with four Italian fine cheeses, served with a roasted pepper and plum tomato sauce, fresh basil, herb pangrattato and 24-month Parmigiano Reggiano.",74.0,https://images.deliveryhero.io/image/talabat/Menuitems/mmw_638222476655936296?width=172&amp;height=172
Braised Short Rib Cannelloni ,"Baked homemade pasta filled with braised short rib and veal, Italian four-cheese and Pomodoro sauce finished with Parmigiano Reggiano.",104.0,https://images.deliveryhero.io/image/talabat/Menuitems/mmw_637921980130575178?width=172&amp;height=172
King Mushroom Bolognese,"Rigatoni pasta with roasted wild mushrooms and cauliflower braised in san Marzano tomatoes, Italian oregano and sprinkled with vegan parmesan.",74.0,https://images.deliveryhero.io/image/talabat/Menuitems/mmw_638100775101332960?width=172&amp;height=172
Pesto Fusilli Pasta,"Fusilli pasta enveloped in a pistachio and
basil pesto, with semi-dried tomatoes.",72.0,https://images.deliveryhero.io/image/talabat/Menuitems/blob_637406171489004270?width=172&amp;height=172
Chicken Fusilli Pasta,"Fusilli with chicken, mushrooms, garlic and
parsley, served in a creamy sauce made from
fresh labneh.
",79.0,https://images.deliveryhero.io/image/talabat/Menuitems/blob_637407908433415960?width=172&amp;height=172
Rigatoni All Arrabiata,"Rigatoni pasta in a spicy tomato sauce, mixed with Ligurian olives, fresh tomatoes and topped with Parmigiano Reggiano.
",72.0,https://images.deliveryhero.io/image/talabat/Menuitems/Rigatoni_Al_Arabiatta_636905173404400162.jpg?width=172&amp;height=172
Mushroom Risotto,"Arborio risotto with shiitake, porcini, black trompette, cardoncello, button and Chiodini mushrooms topped with parsley and Parmigiano Reggiano.
",78.0,https://images.deliveryhero.io/image/talabat/Menuitems/6Mushroom_Risotto_637318236661979131.jpg?width=172&amp;height=172
Red Snapper Primavera New,"Mediterranean-style red snapper with a light farro risotto, fresh summer vegetables and herb butter sauce.",124.0,https://images.deliveryhero.io/image/talabat/Menuitems/mmw_638249331605572115?width=172&amp;height=172
Moroccan Wagyu Meatballs,"Prime wagyu beef meatballs with dates, pine nuts, saffron couscous, spiced tomato sauce
and strained yoghurt.",125.0,https://images.deliveryhero.io/image/talabat/Menuitems/mmw_638100777224848198?width=172&amp;height=172
Braised Short Rib,Balsamic braised beef short rib with dauphinoise potatoes and heritage carrots.,165.0,https://images.deliveryhero.io/image/talabat/Menuitems/mmw_638127453416189901?width=172&amp;height=172
Sicilian Chicken Piccata,"Corn fed chicken breast stuffed with spinach, ricotta, served with a saffron, lemon and parmigiano reggiano risotto.",114.0,https://images.deliveryhero.io/image/talabat/Menuitems/blob_637406163901139204?width=172&amp;height=172
Grilled Salmon And Quinoa,"Light quinoa risotto with grilled salmon topped with fresh coriander, asparagus, peas, zucchini, zesty lemon and zaatar sauce.",124.0,https://images.deliveryhero.io/image/talabat/Menuitems/1Grilled_Salmon_and__637318233470243362.jpg?width=172&amp;height=172
Farmhouse Chicken Breast,Grilled chicken breast served with mashed potatoes.,30.0,https://images.deliveryhero.io/image/talabat/Menuitems/1Farmhouse_Chicken_B_637278276585950820.jpg?width=172&amp;height=172
Mini Chicken Toastie,Chicken and melted cheese layers in toasted white bread.,30.0,https://images.deliveryhero.io/image/talabat/Menuitems/3Mini_Chicken_Toastie_637278280078432621.jpg?width=172&amp;height=172
Mini Tuna Melt,Tuna mixed with cheddar cheese melted together in a toastie.,30.0,
Rigatoni Pasta With Tomato Sauce,Tubes of pasta served with tomato sauce.,30.0,https://images.deliveryhero.io/image/talabat/Menuitems/blob_637647798282930825?width=172&amp;height=172
Rigatoni Pasta With Creamy Cheese Sauce,Tubes of pasta served with creamy cheese sauce.,30.0,https://images.deliveryhero.io/image/talabat/Menuitems/blob_637647798026377342?width=172&amp;height=172
Spaghetti Bolognese,"Spaghetti pasta bowl, topped with meaty bolognese sauce.",30.0,https://images.deliveryhero.io/image/talabat/Menuitems/blob_637647797824477632?width=172&amp;height=172
Tomato Soup,"Warm your soul with juicy and ripe tomatoes blended into a silky soup, make perfect comfort food for any day ",30.0,https://images.deliveryhero.io/image/talabat/Menuitems/2Kids-Tomato_Soup_637278281703832760.jpg?width=172&amp;height=172
Rigatoni Pasta With Pesto Sauce,Tubes of pasta served with pesto sauce.,30.0,https://images.deliveryhero.io/image/talabat/Menuitems/blob_637647799468261384?width=172&amp;height=172
Kids Mushroom Soup,"Wholesome mushroom soup made with a mix of porcini, oyster, shiitake, fresh button and chiodini varieties.",30.0,https://images.deliveryhero.io/image/talabat/Menuitems/mmw_638179211535659912?width=172&amp;height=172
Sticky Toffee Pudding ,"Bateel’s next-generation Date Pudding is served warm with a sticky date infused dark muscovado sauce, vanilla mascarpone Chantilly",66.0,https://images.deliveryhero.io/image/talabat/Menuitems/blob_637731931294791240?width=172&amp;height=172
Vanilla Millefeuille,"Layered French puff pastry with
smooth cream, flavoured with
organic Bateel date syrup.",42.0,https://images.deliveryhero.io/image/talabat/Menuitems/mmw_637931448672638028?width=172&amp;height=172
Lemon Tart ,"French pastry tart filled with lemon
curd, fresh lemon confit, Italian meringue
and whipped lemon jelly.",44.0,https://images.deliveryhero.io/image/talabat/Menuitems/mmw_637921982815711773?width=172&amp;height=172
Blueberry Cheesecake,"Light cream cheese layered on
a crunchy biscuit base and topped
with a blueberry compote.
",44.0,https://images.deliveryhero.io/image/talabat/Menuitems/mmw_638211203583171175?width=172&amp;height=172
Strawberry Tart ,"Fresh chocolate tart filled with
vanilla custard and finished with
the season’s finest strawberries.",46.0,https://images.deliveryhero.io/image/talabat/Menuitems/mmw_637921984406706269?width=172&amp;height=172
Chocolate Raspberry Cake,"Vegan raspberry cake with
a creamy ganache on a crunchy
chocolate biscuit base.",44.0,https://images.deliveryhero.io/image/talabat/Menuitems/blob_637591971949779826?width=172&amp;height=172
Madagascar Dark ChoColate Cake,"Aromatic chocolate biscuit base
topped with tonka bean cream,
Madagascar dark chocolate mousse,
crispy praline and feuilletine.",44.0,https://images.deliveryhero.io/image/talabat/Menuitems/MADAGASCAR_DARK_CHOC_636905206874513041.jpg?width=172&amp;height=172
Date French Toast,"Warm brioche French toast served with salted caramel, Chantilly cream and fresh berries.",58.0,https://images.deliveryhero.io/image/talabat/Menuitems/mmw_637921966308405788?width=172&amp;height=172
ChoColate Fondant,Warm Chocolate Fondant With A Molten Center And Mascarpone Chantilly,54.0,https://images.deliveryhero.io/image/talabat/Menuitems/CHOCOLATE_FONDANT_636905206818689454.jpg?width=172&amp;height=172
Pecan Pie,"Freshly-baked pie with crunchy pecans, Bateel date dhibs and Kholas dates topped with caramelized pecans.
",40.0,https://images.deliveryhero.io/image/talabat/Menuitems/mmw_638128157572875644?width=172&amp;height=172
Bateel Signature Qahwa,"Traditional arabic coffee served in a dallah flask alongside moist organic rhutab dates from our date farms, small, three rhutab dates, medium, seven rhutab dates, large, nine rhutab dates.",0.0,https://images.deliveryhero.io/image/talabat/Menuitems/BATEEL_SIGNATURE_QAH_636905207074249343.jpg?width=172&amp;height=172
Choco Praline,,29.0,https://images.deliveryhero.io/image/talabat/Menuitems/mmw_638128158017041158?width=172&amp;height=172
Royal Saffron Mocha New,Coffee layered in chocolate and saffron with organic date syrup.,39.0,https://images.deliveryhero.io/image/talabat/Menuitems/mmw_638223345378738871?width=172&amp;height=172
Spiced Royal Qahwa,Qahwa with saffron and cardamom served with three organic rhutab dates,56.0,https://images.deliveryhero.io/image/talabat/Menuitems/Royal-Qahwa_637145343986332425.jpg?width=172&amp;height=172
Traditional Moroccan Tea,A timeless classic. This fine wild moroccan tea is a perfect blend of green tea with fresh mint leaves.,35.0,https://images.deliveryhero.io/image/talabat/Menuitems/TRADITIONAL_MOROCCAN_636905166186334179.jpg?width=172&amp;height=172
Cappuccino,"Made with espresso and steamed milk creating rich, velvety taste.",24.0,https://images.deliveryhero.io/image/talabat/Menuitems/blob_637647800784399245?width=172&amp;height=172
Caffè Lattè,,24.0,https://images.deliveryhero.io/image/talabat/Menuitems/blob_637647801482204703?width=172&amp;height=172
Americano,"Made with freshly brewed espresso and hot water, it's the perfect choice for coffee lovers who appreciate a strong and robust taste.",22.0,https://images.deliveryhero.io/image/talabat/Menuitems/AMERICANO_636905207098726228.jpg?width=172&amp;height=172
Flat White,"Made with a double shot of espresso and steamed milk, it's a perfect balance of strength and creaminess that will keep you going throughout the day.",24.0,https://images.deliveryhero.io/image/talabat/Menuitems/blob_637647802105041297?width=172&amp;height=172
Date Lattè,Coffee with date syrup topped with whipped cream.,29.0,https://images.deliveryhero.io/image/talabat/Menuitems/15Date_Latte_637279825240257883.jpg?width=172&amp;height=172
Matcha Lattè,,29.0,https://images.deliveryhero.io/image/talabat/Menuitems/Matcha-Latte25_Aed_637145343924252886.jpg?width=172&amp;height=172
Caffè Caramel,"Coffee with caramel syrup finished with cream and caramel
",29.0,https://images.deliveryhero.io/image/talabat/Menuitems/CAFE_CARAMEL_636905207112729675.jpg?width=172&amp;height=172
Caffè Mocha,Coffee with dark chocolate topped with whipped cream,29.0,https://images.deliveryhero.io/image/talabat/Menuitems/DARK_CHOCLATE_CAFFE__636905207120076727.jpg?width=172&amp;height=172
Spanish Lattè,"Coffee with condensed milk, date syrup and steamed milk.
",29.0,https://images.deliveryhero.io/image/talabat/Menuitems/Spanish_Latte_637184659597651617.jpg?width=172&amp;height=172
Valrhona Hot Chocolate,French valrhona hot chocolate finished with foamed milk.,35.0,https://images.deliveryhero.io/image/talabat/Menuitems/Valrhona-Hot-Chocola_637145343944682479.jpg?width=172&amp;height=172
Vegan Hot Chocolate,Guilt-free hot chocolate made with almond milk.,32.0,https://images.deliveryhero.io/image/talabat/Menuitems/Vegan-Hot-Chocolate_637145343966183100.jpg?width=172&amp;height=172
Lemon Ginger Tea,"Black tea with ginger, lemon, honey and cinnamon.",32.0,https://images.deliveryhero.io/image/talabat/Menuitems/blob_637406194560232070?width=172&amp;height=172
Darjeeling Finest Black Tea,,24.0,https://images.deliveryhero.io/image/talabat/Menuitems/DARJEELING_FINEST_636905207156083726.jpg?width=172&amp;height=172
Earl Grey Fleurs Blues Black Tea,Black tea with light floral and citrus hints,24.0,https://images.deliveryhero.io/image/talabat/Menuitems/EARL_GREY_FLEURS_BLU_636905207184273894.jpg?width=172&amp;height=172
English Breakfast Black Tea,"Blend of the Yunnan and Assam tea.
",24.0,https://images.deliveryhero.io/image/talabat/Menuitems/English__BREAKFAST_T_637175425669050497.jpg?width=172&amp;height=172
Jasmine Green Tea,"Tea with the aroma of jasmine.
",24.0,https://images.deliveryhero.io/image/talabat/Menuitems/JASMINE_636905207189869265.jpg?width=172&amp;height=172
Chinese Green Tea,Premium green tea with a mild and refreshing taste.,24.0,https://images.deliveryhero.io/image/talabat/Menuitems/CHINESE_GREEN_636905207196395530.jpg?width=172&amp;height=172
Mint Green Tea,,24.0,https://images.deliveryhero.io/image/talabat/Menuitems/MINT_Tea_636905207201772631.jpg?width=172&amp;height=172
Sencha Ariake Tea,Japanese green tea with floral notes.,24.0,https://images.deliveryhero.io/image/talabat/Menuitems/23Sencha_Ariake_637279827024787318.jpg?width=172&amp;height=172
Rooibos Des Vahines Infusion Tea,"Rooibos tea with rosebuds, marigold and vanilla",24.0,https://images.deliveryhero.io/image/talabat/Menuitems/ROOIBOS_DES_VAHINES_636905173486269770.jpg?width=172&amp;height=172
Chamomile Tea,"Chamomile tea with a floral aroma
",24.0,https://images.deliveryhero.io/image/talabat/Menuitems/CHAMOMILE_636905207207514080.jpg?width=172&amp;height=172
Summer Detox New,"Healthy mix of lemon, ginger, apple, celery, orange and elderflower.",37.0,https://images.deliveryhero.io/image/talabat/Menuitems/mmw_638223343693048572?width=172&amp;height=172
Charcoal Detox,"A blend of cherry, banana, blackberries, blackcurrant, blueberries and active charcoal.",37.0,https://images.deliveryhero.io/image/talabat/Menuitems/blob_637591973827776612?width=172&amp;height=172
Orange Detox,"A cleansing blend of fresh orange, pineapple, carrot and ginger.",37.0,https://images.deliveryhero.io/image/talabat/Menuitems/blob_637591974230711862?width=172&amp;height=172
Green Cold Press,"A blend of spinach, apple, cucumber, celery, pineapple, lemon and ginger.",37.0,https://images.deliveryhero.io/image/talabat/Menuitems/blob_637591974664743262?width=172&amp;height=172
Red Cold Press,"Detox combination of beetroot, carrot, apple, cucumber, lime and ginger.",37.0,https://images.deliveryhero.io/image/talabat/Menuitems/blob_637591975039967010?width=172&amp;height=172
Passion Fruit Mojito,"Flavourful non alcoholic mix of lemon soda, passionfruit, orange, lime and pineapple garnished with mint.
",36.0,https://images.deliveryhero.io/image/talabat/Menuitems/mmw_637925318668872151?width=172&amp;height=172
Sparkling Cucumber,"Cooling cucumber with sparkling soda, lemon, pineapple, thyme and mint",36.0,https://images.deliveryhero.io/image/talabat/Menuitems/mmw_638128158422384398?width=172&amp;height=172
Açaí And Berry,"Balanced blend of açaí, blueberry, mango, banana and almond milk.",40.0,https://images.deliveryhero.io/image/talabat/Menuitems/mmw_638128158593904294?width=172&amp;height=172
Kiwi Mojito (New),"Bright blend of fresh kiwi, apple juice, lime, mint and soda.",36.0,https://images.deliveryhero.io/image/talabat/Menuitems/mmw_638223345003641604?width=172&amp;height=172
Watermelon Fizz New,"Sparkling mix of watermelon, lemon, grapefruit and soda.",36.0,https://images.deliveryhero.io/image/talabat/Menuitems/mmw_638223346063015725?width=172&amp;height=172
Breakfast Booster (New),"Protein packed blend of peanut butter, Greek yoghurt, banana, blueberry and vanilla.",40.0,https://images.deliveryhero.io/image/talabat/Menuitems/mmw_638223346089680686?width=172&amp;height=172
Lemon And Mint juice,Lemon juice with mint leaves served over crushed ice.,36.0,https://images.deliveryhero.io/image/talabat/Menuitems/blob_637406206425640066?width=172&amp;height=172
Orange Juice,"Made capturing all the natural sweetness and tangy citrus flavor. Packed with Vitamin C, it's the perfect thirst quencher and a healthy addition to your daily diet.",30.0,https://images.deliveryhero.io/image/talabat/Menuitems/ORANGE_636905207057643407.jpg?width=172&amp;height=172
Carrot Juice,"Made with freshly squeezed carrots, it's a rich source of Vitamin A and other essential nutrients, perfect for those looking for a healthy and delicious drink.",30.0,https://images.deliveryhero.io/image/talabat/Menuitems/Carrot_Juice_636905207063699216.jpg?width=172&amp;height=172
Green Apple Juice,Refreshing and hydrating beverage made from freshly green apple. It is a natural source of vitamins and minerals,30.0,https://images.deliveryhero.io/image/talabat/Menuitems/blob_637647802691401244?width=172&amp;height=172
Orange And Carrot Juice,A refreshing and nutritious juice made from oranges and carrots.,30.0,https://images.deliveryhero.io/image/talabat/Menuitems/ORANGE___CARROT_JUICE_637175425657249177.jpg?width=172&amp;height=172
Pineapple Juice,"A sweet, tropical drink made by blending the flesh of a pineapple. It is a rich source of vitamin C and contains enzymes that can aid digestion.",30.0,https://images.deliveryhero.io/image/talabat/Menuitems/blob_637647802870150472?width=172&amp;height=172
Watermelon Juice,,30.0,https://images.deliveryhero.io/image/talabat/Menuitems/mmw_638261526508168019?width=172&amp;height=172
Vanilla Milkshake,"Made with vanilla ice cream and milk for a creamy and delicious treat. Perfect for any time of day, our milkshake is sure to be a hit with anyone who loves the taste of rich vanilla.",38.0,https://images.deliveryhero.io/image/talabat/Menuitems/15Vanilla_Milkshake_637279814915918264.jpg?width=172&amp;height=172
ChoColate Milkshake,A chocolate milkshake is a sweet and creamy drink made from blending chocolate with milk.,38.0,https://images.deliveryhero.io/image/talabat/Menuitems/CHOCOLATE_Shake_636906003700072099.jpg?width=172&amp;height=172
Strawberry Milkshake,"Made with strawberries and creamy vanilla ice cream for a sweet and satisfying treat. Perfect for any time of the day, our milkshake is sure to be a hit with anyone who loves the taste of fresh strawberries.",38.0,https://images.deliveryhero.io/image/talabat/Menuitems/STRAWBERRY_Shake_636905173479022822.jpg?width=172&amp;height=172
Pistachio And Date,,38.0,https://images.deliveryhero.io/image/talabat/Menuitems/mmw_637932188763041353?width=172&amp;height=172
Peach IceTea,Iced black tea flavored with sweet peaches.,30.0,https://images.deliveryhero.io/image/talabat/Menuitems/PEACH_ice_tea_636905206957335392.jpg?width=172&amp;height=172
Honey Lemon And Ginger Iced Tea,,30.0,https://images.deliveryhero.io/image/talabat/Menuitems/32Honey_Lemon__Ginge_637279807212631441.jpg?width=172&amp;height=172
Iced Frappe,,34.0,https://images.deliveryhero.io/image/talabat/Menuitems/blob_637406217789808489?width=172&amp;height=172
Butterfly Pea ,,30.0,https://images.deliveryhero.io/image/talabat/Menuitems/mmw_638127513448284346?width=172&amp;height=172
Matcha Frappé,,36.0,https://images.deliveryhero.io/image/talabat/Menuitems/mmw_638127513589224490?width=172&amp;height=172
Date Frappé,,36.0,https://images.deliveryhero.io/image/talabat/Menuitems/mmw_638127513965623317?width=172&amp;height=172
Black Forest Frappé,,36.0,https://images.deliveryhero.io/image/talabat/Menuitems/mmw_638127514539029447?width=172&amp;height=172
French Iced Mocha New,,36.0,https://images.deliveryhero.io/image/talabat/Menuitems/mmw_638223346696026108?width=172&amp;height=172
Iced Latte,"Made with rich espresso, milk, and ice, it's the perfect way to cool down and refresh yourself during the hot summer days, or any time you crave a refreshing coffee.",30.0,https://images.deliveryhero.io/image/talabat/Menuitems/ICED_LATTE_636905207032289056.jpg?width=172&amp;height=172
Iced Spanish Latte ,Shot of espresso that condensed cold milk adds a creamy sweetness to the coffee .,30.0,https://images.deliveryhero.io/image/talabat/Menuitems/mmw_637925291386260841?width=172&amp;height=172
San Pellegrino,Sparkling water.,22.0,https://images.deliveryhero.io/image/talabat/Menuitems/SAN_PELLEGRINO_636905173472504092.jpg?width=172&amp;height=172
Acqua Panna,Still mineral water.,22.0,https://images.deliveryhero.io/image/talabat/Menuitems/ACQUA_PANNA_636905206938546781.jpg?width=172&amp;height=172
Local Water,500 ml. ,13.0,https://images.deliveryhero.io/image/talabat/Menuitems/LOCAL_WATER_636905206945389846.jpg?width=172&amp;height=172
Pepsi,Carbonated soft drink,20.0,https://images.deliveryhero.io/image/talabat/Menuitems/13Softdrinks_637278455780193168.jpg?width=172&amp;height=172
Mirinda,Carbonated soft drink,20.0,https://images.deliveryhero.io/image/talabat/Menuitems/13Softdrinks_637278456111719565.jpg?width=172&amp;height=172
7Up,Non-caffeinated soft drink,20.0,https://images.deliveryhero.io/image/talabat/Menuitems/13Softdrinks_637278456291305785.jpg?width=172&amp;height=172
Palm Box Collection 130 Gm,"Discover the palm collection, a quintessential gourmet gifting choice for any occasion. dates filled with pistachios and orange peel ",80.0,https://images.deliveryhero.io/image/talabat/Menuitems/mmw_637989194040817156?width=172&amp;height=172
Palm Box Collection 330g,"Discover the palm collection, a quintessential gourmet gifting choice for any occasion. dates filled with pistachios and orange peel",160.0,https://images.deliveryhero.io/image/talabat/Menuitems/mmw_637989195783178926?width=172&amp;height=172
Palm Box Collection 580g,"Discover the palm collection, a quintessential gourmet gifting choice for any occasion. dates filled with pistachios and orange peel, caramelised macadamia.",235.0,https://images.deliveryhero.io/image/talabat/Menuitems/mmw_637989198178837420?width=172&amp;height=172
Palm Box Collection 865g,"Discover the Palm collection, a quintessential gourmet gifting choice for any occasion. Dates filled with pistachios and orange peel, caramelised macadamia.",310.0,https://images.deliveryhero.io/image/talabat/Menuitems/mmw_637989200247102901?width=172&amp;height=172
Signature Collection Box Assorted Filled Dates ,"Discover the exclusive signature collection, a stunning gift set featuring bateel’s exceptional date varieties.

550 Gm",225.0,https://images.deliveryhero.io/image/talabat/Menuitems/mmw_637952091039714645?width=172&amp;height=172
Cassandra Ballotin 250gm Filled Dates,Bateel signature gift packaging with a dark brown base and a textured light gold lid.,130.0,https://images.deliveryhero.io/image/talabat/Menuitems/blob_637594455426298135?width=172&amp;height=172
Cassandra Ballotin 500gm Filled Dates,Bateel signature gift packaging with a dark brown base and a textured light gold lid.,200.0,https://images.deliveryhero.io/image/talabat/Menuitems/blob_637594455948278292?width=172&amp;height=172
Cassandra Gold 100g Filled Dates,Bateel signature gift packaging with a dark brown base and a textured light gold lid.,60.0,https://images.deliveryhero.io/image/talabat/Menuitems/blob_637594447929763062?width=172&amp;height=172
Napura Beige Filled Dates 340 Gram,A sustainable gift set in sophisticated natural tones,130.0,https://images.deliveryhero.io/image/talabat/Menuitems/blob_637594454260799988?width=172&amp;height=172
Midas Filled Dates 160 Grams,Luxurious gift boxes in metallic bronze tones with a leatherette finish.,100.0,https://images.deliveryhero.io/image/talabat/Menuitems/blob_637594452210008021?width=172&amp;height=172
Midas Filled Dates 590 Grams,Luxurious gift boxes in metallic bronze tones with a leatherette finish.,235.0,https://images.deliveryhero.io/image/talabat/Menuitems/blob_637594453261719822?width=172&amp;height=172
Date Bites Individual,Savour our premium and healthy date bites.,4.0,https://images.deliveryhero.io/image/talabat/Menuitems/mmw_638313983784285439?width=172&amp;height=172
Bateel Date Bites,"Savour our premium and healthy date bites. Pack includes chocolate, lemon, almond and raspberry date bites.",52.0,https://images.deliveryhero.io/image/talabat/Menuitems/mmw_638313976395142708?width=172&amp;height=172
Bateel Date Bar Raspberry 40 G ,"A premium and healthy date bars, crafted from the finest organic Bateel dates. ",15.0,https://images.deliveryhero.io/image/talabat/Menuitems/mmw_638128162019728721?width=172&amp;height=172
Bateel Date Bar Chocolate 40 G,"A premium and healthy date bars, crafted from the finest organic Bateel dates. ",15.0,https://images.deliveryhero.io/image/talabat/Menuitems/mmw_638128162515821031?width=172&amp;height=172
Bateel Date Bar Lemon 40 G ,"A premium and healthy date bars, crafted from the finest organic Bateel dates. ",15.0,https://images.deliveryhero.io/image/talabat/Menuitems/mmw_638128164295451488?width=172&amp;height=172
Bateel Date Bar Almond 40 G ,"A premium and healthy date bars, crafted from the finest organic Bateel dates.",15.0,https://images.deliveryhero.io/image/talabat/Menuitems/mmw_638128163272393160?width=172&amp;height=172
Bateel Date Bar Gift Set,"Featuring four distinct flavours, enjoy a premium, healthy treat. Available in four delicious new flavours, Almond, Cocoa, Lemon and Raspberry. ",55.0,https://images.deliveryhero.io/image/talabat/Menuitems/mmw_638128165559637957?width=172&amp;height=172
Assorted Wrapped Kholas,,2.0,https://images.deliveryhero.io/image/talabat/Menuitems/blob_637420057585743608?width=172&amp;height=172
Assorted Wrapped Maamoul,,3.0,https://images.deliveryhero.io/image/talabat/Menuitems/blob_637420057276361283?width=172&amp;height=172
Praline Date Spread 230g,"Crafted from premium organic dates, Bateel’s Praline date spread is a delectable gourmet treat.
",60.0,https://images.deliveryhero.io/image/talabat/Menuitems/mmw_637985615539906389?width=172&amp;height=172
Date Jam 220g,Crafted with the finest organic Khidri dates.,45.0,https://images.deliveryhero.io/image/talabat/Menuitems/mmw_638187149927468976?width=172&amp;height=172
Date And Orange Marmalade 240 G,Unique orange marmalade with organic Segai dates.,45.0,https://images.deliveryhero.io/image/talabat/Menuitems/mmw_638187152066619695?width=172&amp;height=172
Ajwa Date Dhibs 250g,"A traditional sweetener, ajwa date dhibs are a healthy alternative to sugar.
",45.0,https://images.deliveryhero.io/image/talabat/Menuitems/blob_637431280889134600?width=172&amp;height=172
Umbrian Extra Virgin Olive Oil,"Organic and all natural, Bateel brings the heart of Italy to your plate with Umbrian extra virgin olive oil.
",55.0,https://images.deliveryhero.io/image/talabat/Menuitems/EV_Olive_Oil_100ml-R_637299193484024650.jpg?width=172&amp;height=172
Date Balsamic Vinegar Aged 10 Years Without Box 100 Ml,"Discover fine Modena balsamic vinegar infused with Bateel premium dates for an enhanced flavour profile.
",105.0,https://images.deliveryhero.io/image/talabat/Menuitems/Date_Balsamic_6year__637302309023027552.jpg?width=172&amp;height=172
Date Balsamic Vinegar 10 Year With Box,"Discover fine Modena balsamic vinegar infused with Bateel premium dates for an enhanced flavour profile.
",115.0,https://images.deliveryhero.io/image/talabat/Menuitems/blob_637420037673161736?width=172&amp;height=172
Date Balsamic Vinegar Aged 6 Years 100 Ml,"Discover fine modena balsamic vinegar infused with Bateel premium dates for an enhanced flavour profile.
",75.0,https://images.deliveryhero.io/image/talabat/Menuitems/Date_Balsamic_6year__637300994608648576.jpg?width=172&amp;height=172
Arabica Decaffeinated Ground Coffee 250 Gm,"Enjoy the delicious taste of mountain grown Arabica coffee without the caffeine.
",65.0,https://images.deliveryhero.io/image/talabat/Menuitems/blob_637420057994578088?width=172&amp;height=172
Arabica Ground Coffee 250 G,"Bateel presents the most authentic Arabica ground coffee in the region.
",65.0,https://images.deliveryhero.io/image/talabat/Menuitems/ArabicaGroundCoffee__637302309905185455.jpg?width=172&amp;height=172
Arabica Coffee Beans 250 G,"Slow roasted for a premium taste, Bateel Arabica coffee beans are an exotic blend.
",65.0,https://images.deliveryhero.io/image/talabat/Menuitems/Arabica_Whole_Bean_C_637302311927536308.jpg?width=172&amp;height=172
Arabica Coffee Beans 1 Kg,"Slow roasted for a premium taste, Bateel Arabica coffee beans are an exotic blend.
",170.0,https://images.deliveryhero.io/image/talabat/Menuitems/Arabica_Whole_Bean_C_637302312106883546.jpg?width=172&amp;height=172
Qahwa Coffee 190gm,"Discover premium Arabic coffee made from the finest beans grown in Yemen at bateel.
",95.0,https://images.deliveryhero.io/image/talabat/Menuitems/Qahwa_Coffee_190gm_637302312617763847.jpg?width=172&amp;height=172
Forest Honey 250g,"Light, mild and delicate in taste, bateel's acacia honey is a sweet delight.
",60.0,https://images.deliveryhero.io/image/talabat/Menuitems/mmw_637985613090208756?width=172&amp;height=172
Bateel Honey Acacia 250 G,"Light, mild and delicate in taste, Bateel Acacia Honey is a sweet delight.
",60.0,https://images.deliveryhero.io/image/talabat/Menuitems/blob_637420032085513857?width=172&amp;height=172
Caramelised Almonds 160 G Glass,"A delightful treat, Bateel caramelised almonds are encased in a sweet coating.
",60.0,https://images.deliveryhero.io/image/talabat/Menuitems/blob_637420025287553624?width=172&amp;height=172
Caramelized Pecan 150 Gm,"Subtly sweet, caramelised pecans offer a delicious crunch.
",60.0,https://images.deliveryhero.io/image/talabat/Menuitems/blob_637420025682846119?width=172&amp;height=172
Sparkling Apple And Pomegranate Juice With Box 750 Ml,"Enjoy bateel’s delicious sparkling pomegranate juice over ice.
",90.0,https://images.deliveryhero.io/image/talabat/Menuitems/Sparkling_Pomegranat_637302313920190130.jpg?width=172&amp;height=172
Sparkling Apple And Date Juice With Box 750 Ml,"Bateel signature sparkling apple and date juice is refreshing, and delicious.
",90.0,https://images.deliveryhero.io/image/talabat/Menuitems/Sparkling_Date_Drink_637302313305707007.jpg?width=172&amp;height=172
Sparkling Apple And Date Juice Without Box 750 Ml,"Bateel signature sparkling apple and date juice is refreshing and delicious.
",72.0,https://images.deliveryhero.io/image/talabat/Menuitems/9Bateel_Sparkling_Da_637304250054726977.jpg?width=172&amp;height=172
Sparkling Apple And Pomegranate Juice Without Box 750 Ml,"Enjoy bateel’s delicious sparkling pomegranate juice over ice.
",72.0,https://images.deliveryhero.io/image/talabat/Menuitems/8Bateel_Sparkling_Po_637304250186585078.jpg?width=172&amp;height=172
Saltd Carmel And Vanilla Spread 230 Gm,,40.0,https://images.deliveryhero.io/image/talabat/Menuitems/Salted_Caramel_and_V_637302313659111138.jpg?width=172&amp;height=172
Pesto Genovese 200 Gm,"Celebrating the culinary tradition of Italy with a favourite the pesto genovese is delicious in fresh pastas and rustic bakery recipes.
",35.0,https://images.deliveryhero.io/image/talabat/Menuitems/blob_637618532135245991?width=172&amp;height=172
Black Olive Tapenade 200 Gm,"Crafted using traditional Italian recipes, bateel’s exclusive black olive tapenade is of supreme quality.
",45.0,https://images.deliveryhero.io/image/talabat/Menuitems/blob_637618532600491987?width=172&amp;height=172
Date Mustard 230 Gm,"Made from organic barhi dates, bateel’s date mustard combines french mustard with the sweet flavour of gourmet dates.
",60.0,https://images.deliveryhero.io/image/talabat/Menuitems/blob_637618533063344180?width=172&amp;height=172
Italian Chilli Peppers 230gm,"Succulent, aromatic and deliciously warming, Bateel’s chilli peppers are a gourmet bestseller.
",45.0,https://images.deliveryhero.io/image/talabat/Menuitems/blob_637618533398040296?width=172&amp;height=172
Date And Rose Milk Chocolate,Experience a luscious combination of vegan milk chocolate and natural rose flavour.,29.0,https://images.deliveryhero.io/image/talabat/Menuitems/mmw_638249199052264855?width=172&amp;height=172
Dulce De Leche Chocolate Bar 70 Gm,"Discover an exceptional creation crafted from the finest ingredients.
",29.0,https://images.deliveryhero.io/image/talabat/Menuitems/mmw_638249196286127966?width=172&amp;height=172
Milk Chocolate Bar 70 Gm,"Enjoy an irresistible milk chocolate made form the finest single origin chocolate.
",29.0,https://images.deliveryhero.io/image/talabat/Menuitems/mmw_638249196514652166?width=172&amp;height=172
