item_name,item_description,item_price,item_image
Chicken Mix Roti,,19.0,https://images.deliveryhero.io/image/talabat/Menuitems/20221207_Talabat_Chaiwala638060900270076639.jpg?width=172&amp;height=172
Beef Mix Roti,,19.0,https://images.deliveryhero.io/image/talabat/Menuitems/20221207_Talabat_Chaiwala638060900268136093.jpg?width=172&amp;height=172
Paratha cheese Omelette,,7.0,https://images.deliveryhero.io/image/talabat/Menuitems/mmw_638048822583530789?width=172&amp;height=172
Roast Bread with Coconut sambol,,7.0,https://images.deliveryhero.io/image/talabat/Menuitems/20221207_Talabat_Chaiwala638060900272233318.jpg?width=172&amp;height=172
Egg Omelette paratha,,6.0,https://images.deliveryhero.io/image/talabat/Menuitems/20221207_Talabat_Chaiwala638060900262261538.jpg?width=172&amp;height=172
Egg Maggi,,12.0,https://images.deliveryhero.io/image/talabat/Menuitems/mmw_638164668540233030?width=172&amp;height=172
Veggie Maggi,,10.0,
Chicken Burger,Chicken burger and fries,18.0,https://images.deliveryhero.io/image/talabat/Menuitems/mmw_638167992919162915?width=172&amp;height=172
Chicken Club Sandwich,Chicken Club sandwich and Fries,19.0,https://images.deliveryhero.io/image/talabat/Menuitems/mmw_638167994578265303?width=172&amp;height=172
Tandoori Chai,,6.0,https://images.deliveryhero.io/image/talabat/Menuitems/20221207_Talabat_Chaiwala638060911328976045.jpg?width=172&amp;height=172
Cardamom Chai,,6.0,https://images.deliveryhero.io/image/talabat/Menuitems/20221207_Talabat_Chaiwala638060900177567647.jpg?width=172&amp;height=172
Chai Twist Hot,,6.0,https://images.deliveryhero.io/image/talabat/Menuitems/20221207_Talabat_Chaiwala638060906063682117.jpg?width=172&amp;height=172
Ceylon Karak Chai,,4.0,https://images.deliveryhero.io/image/talabat/Menuitems/20221207_Talabat_Chaiwala638060900176997492.jpg?width=172&amp;height=172
Chai Blast,,7.0,https://images.deliveryhero.io/image/talabat/Menuitems/20221207_Talabat_Chaiwala638060912548464379.jpg?width=172&amp;height=172
Saffron Chai,,7.0,https://images.deliveryhero.io/image/talabat/Menuitems/20221207_Talabat_Chaiwala638060900221439388.jpg?width=172&amp;height=172
Milk Saffron,"Crafted with premium leaves and fragrant saffron, and creamy milk",7.0,https://images.deliveryhero.io/image/talabat/Menuitems/mmw_638048884788979249?width=172&amp;height=172
Sukku Coffee,,6.0,https://images.deliveryhero.io/image/talabat/Menuitems/20221207_Talabat_Chaiwala638060900209882076.jpg?width=172&amp;height=172
Ceylon Classic Chai,,4.0,https://images.deliveryhero.io/image/talabat/Menuitems/mmw_638096344160541633?width=172&amp;height=172
Plain paratha,Flaky and buttery Indian flatbread made with whole wheat flour,2.0,https://images.deliveryhero.io/image/talabat/Menuitems/20221207_Talabat_Chaiwala638060900270111790.jpg?width=172&amp;height=172
Egg Omelette paratha,,6.0,https://images.deliveryhero.io/image/talabat/Menuitems/20221207_Talabat_Chaiwala638060900262261538.jpg?width=172&amp;height=172
Paratha cheese Omelette,,7.0,https://images.deliveryhero.io/image/talabat/Menuitems/mmw_638048822583530789?width=172&amp;height=172
Chicken Paratha,"Made of tender chicken pieces and aromatic spices, wrapped in a flaky and buttery paratha (Indian flatbread).",8.0,https://images.deliveryhero.io/image/talabat/Menuitems/20221207_Talabat_Chaiwala638060900268673285.jpg?width=172&amp;height=172
Chicken Paratha with Extra cheese,,10.0,https://images.deliveryhero.io/image/talabat/Menuitems/20221207_Talabat_Chaiwala638060900269297502.jpg?width=172&amp;height=172
Nutella And Banana Paratha,,8.0,https://images.deliveryhero.io/image/talabat/Menuitems/20221207_Talabat_Chaiwala638060900268393157.jpg?width=172&amp;height=172
Cheese Roti,,20.0,https://images.deliveryhero.io/image/talabat/Menuitems/20221207_Talabat_Chaiwala638060900263381110.jpg?width=172&amp;height=172
Roast Bread with Coconut sambol,,7.0,https://images.deliveryhero.io/image/talabat/Menuitems/20221207_Talabat_Chaiwala638060900272233318.jpg?width=172&amp;height=172
Sandwich Bread with Seeni sambol,,7.0,https://images.deliveryhero.io/image/talabat/Menuitems/20221207_Talabat_Chaiwala638060900271896461.jpg?width=172&amp;height=172
Chicken Chips Sandwiche,,12.0,https://images.deliveryhero.io/image/talabat/Menuitems/mmw_638164666865527054?width=172&amp;height=172
Avocado Sandwich,,18.0,https://images.deliveryhero.io/image/talabat/Menuitems/mmw_638164670495760587?width=172&amp;height=172
Chicken Mix Roti,,19.0,https://images.deliveryhero.io/image/talabat/Menuitems/20221207_Talabat_Chaiwala638060900270076639.jpg?width=172&amp;height=172
Beef Mix Roti,,19.0,https://images.deliveryhero.io/image/talabat/Menuitems/20221207_Talabat_Chaiwala638060900268136093.jpg?width=172&amp;height=172
Prawn Mix Roti,,23.0,https://images.deliveryhero.io/image/talabat/Menuitems/20221207_Talabat_Chaiwala638060900274020932.jpg?width=172&amp;height=172
Egg Mix Roti,,17.0,https://images.deliveryhero.io/image/talabat/Menuitems/20221207_Talabat_Chaiwala638060900271872879.jpg?width=172&amp;height=172
Vegetable Mix Roti,,16.0,https://images.deliveryhero.io/image/talabat/Menuitems/20221207_Talabat_Chaiwala638060913067030896.jpg?width=172&amp;height=172
Tea Bun Bread,,7.0,https://images.deliveryhero.io/image/talabat/Menuitems/20221207_Talabat_Chaiwala638060900253066165.jpg?width=172&amp;height=172
Paneer Bun Bread,,11.0,https://images.deliveryhero.io/image/talabat/Menuitems/20221207_Talabat_Chaiwala638060900267101895.jpg?width=172&amp;height=172
Vada Pav,"A spicy potato fritter served in a soft bun, garnished with chutneys and spices.",11.0,https://images.deliveryhero.io/image/talabat/Menuitems/20221207_Talabat_Chaiwala638060900266456850.jpg?width=172&amp;height=172
Vada Pav Fish,,13.0,https://images.deliveryhero.io/image/talabat/Menuitems/20221207_Talabat_Chaiwala638060913360200073.jpg?width=172&amp;height=172
Isso Wade,,7.0,https://images.deliveryhero.io/image/talabat/Menuitems/20221207_Talabat_Chaiwala638060900270532691.jpg?width=172&amp;height=172
Chicken Samosa,A crispy and flaky pastry shell stuffed with succulent and spicy chicken filling,4.0,https://images.deliveryhero.io/image/talabat/Menuitems/20221207_Talabat_Chaiwala638060900254494095.jpg?width=172&amp;height=172
Beef Samosa,Crispy pastries filled with spiced beef.,4.0,https://images.deliveryhero.io/image/talabat/Menuitems/20221207_Talabat_Chaiwala638060912820968857.jpg?width=172&amp;height=172
Cheese Samosa,"Savory pastries filled with a delectable mixture of melted cheese, herbs, and spices, wrapped in a crispy and golden pastry shell",4.0,https://images.deliveryhero.io/image/talabat/Menuitems/20221207_Talabat_Chaiwala638060900261545236.jpg?width=172&amp;height=172
Fish Cutlet,,4.0,https://images.deliveryhero.io/image/talabat/Menuitems/20221207_Talabat_Chaiwala638060900270300201.jpg?width=172&amp;height=172
Veg Cutlet,,3.0,https://images.deliveryhero.io/image/talabat/Menuitems/20221207_Talabat_Chaiwala638060913254234900.jpg?width=172&amp;height=172
Cheese Finger,,3.0,https://images.deliveryhero.io/image/talabat/Menuitems/20221207_Talabat_Chaiwala638060900265551444.jpg?width=172&amp;height=172
Chai blast Chill,,16.0,https://images.deliveryhero.io/image/talabat/Menuitems/mmw_638048881537144592?width=172&amp;height=172
Chai twist chill,,13.0,https://images.deliveryhero.io/image/talabat/Menuitems/mmw_638048881088437032?width=172&amp;height=172
Orange Juice,"Made capturing all the natural sweetness and tangy citrus flavor. Packed with Vitamin C, it's the perfect thirst quencher and a healthy addition to your daily diet.",13.0,https://images.deliveryhero.io/image/talabat/Menuitems/mmw_638048880567416679?width=172&amp;height=172
Watermelon Juice,Refreshing and hydrating beverage made from freshly squeezed watermelon. It is a natural source of vitamins and minerals,13.0,https://images.deliveryhero.io/image/talabat/Menuitems/mmw_638048876688503477?width=172&amp;height=172
Passion fruit Juice,A juice has a unique and tangy flavor that is both sweet and sour.,17.0,https://images.deliveryhero.io/image/talabat/Menuitems/mmw_638048880029299733?width=172&amp;height=172
Chocolate Milkshake,"Satisfy your sweet tooth with our rich and creamy Chocolate Milkshake, made with chocolate ice cream and milk.",15.0,https://images.deliveryhero.io/image/talabat/Menuitems/mmw_638048879329896642?width=172&amp;height=172
Avocado Juice,"Made from freshly pressed avocados, it's packed with healthy fats, vitamins and minerals, making it a nutritious and delicious drink option.",16.0,https://images.deliveryhero.io/image/talabat/Menuitems/mmw_638048878621809500?width=172&amp;height=172
Lime With Soda ,,11.0,https://images.deliveryhero.io/image/talabat/Menuitems/mmw_638048874652613151?width=172&amp;height=172
King coconut with pineapple Juice,,20.0,https://images.deliveryhero.io/image/talabat/Menuitems/mmw_638048870053271877?width=172&amp;height=172
Mango Juice,"Made from the freshest, ripest mangos, carefully selected for the perfect balance of sweetness and tanginess.",16.0,https://images.deliveryhero.io/image/talabat/Menuitems/mmw_638048876266766366?width=172&amp;height=172
Mango Milkshake,"Made with mangoes, milk and ice cream, it's a perfect blend of sweet and creamy, perfect to enjoy on a hot summer day or any time you crave something sweet.",16.0,https://images.deliveryhero.io/image/talabat/Menuitems/mmw_638048875781873767?width=172&amp;height=172
Strawberry Milkshake,"Made with strawberries and creamy vanilla ice cream for a sweet and satisfying treat. Perfect for any time of the day, our milkshake is sure to be a hit with anyone who loves the taste of fresh strawberries.",19.0,https://images.deliveryhero.io/image/talabat/Menuitems/mmw_638048877563172186?width=172&amp;height=172
1 Vada Pav And 1 Ceylon Classic Chai,,10.0,
1 Musk Bun + 1 Ceylon Classis Chai,,7.0,
1 Fish Cutlet With 1 Ceylon Classic Chai,,5.0,
1 Paneer Bun And 1Ceylon Classic Chai,,12.0,
1 Fish Roll And 1 Ceylon Classic Chai,,5.0,
1 Coconut Sambol + Ceylon Classic Chai,,9.0,
1 Seeni Sambol + 1 Ceylon Classic Chai,,9.0,
1 Club Sandwich + 2 Watermelon Fresh Juice,,30.0,
1 Club Sandwich And 2 Orange Fresh Juice,,30.0,
