item_name,item_description,item_price,item_image
Double Meal,"2 Burger 2 Wrap ,2  Fries and 2  Drinks",40.5,
HebroMax Burger,2 Hebro Max Burger,16.2,https://images.deliveryhero.io/image/talabat/Menuitems/20221128_Talabat_UAE_Chic638057532260275218.jpg?width=172&amp;height=172
Super B Meal ,"6 Pieces Strips, 2 Garlic Dip,1 Fries,1 Bun , 1 Burger and 1 Wrap",33.75,https://images.deliveryhero.io/image/talabat/Menuitems/20221128_Talabat_UAE_Chic638057532294933022.jpg?width=172&amp;height=172
Super Max 21 Meal,"21 Pieces chicken, 2 Fries Large, 6 bun , 5, Garlic Sause and 2 Coleslaw Large",133.65,
Variety Meal V2,"6 Pieces Chicken ,6 Pieces Strips ,2 Fries , 3 Bun, 3 Garlic Dip and 2 Coleslaw",60.75,https://images.deliveryhero.io/image/talabat/Menuitems/20221128_Talabat_UAE_Chic638057532294387167.jpg?width=172&amp;height=172
Max Crunchy Burger,,17.55,https://images.deliveryhero.io/image/talabat/Menuitems/20221128_Talabat_UAE_Chic638057532221264252.jpg?width=172&amp;height=172
Veg Burger,"A burger made without meat, typically containing a patty made from vegetables or plant-based ingredients.",13.5,https://images.deliveryhero.io/image/talabat/Menuitems/20221128_Talabat_UAE_Chic638057532242441927.jpg?width=172&amp;height=172
Hebro Chicken Burger,,14.85,
Max Royal Wrap,,12.15,https://images.deliveryhero.io/image/talabat/Menuitems/20221128_Talabat_UAE_Chic638057532223267373.jpg?width=172&amp;height=172
Dynamax Wrap,,13.5,https://images.deliveryhero.io/image/talabat/Menuitems/20221128_Talabat_UAE_Chic638057532220018369.jpg?width=172&amp;height=172
Mexi Spicy Wrap,,13.5,https://images.deliveryhero.io/image/talabat/Menuitems/20221128_Talabat_UAE_Chic638057532222468686.jpg?width=172&amp;height=172
Veg Wrap,"A veg wrap, filled with a variety of vegetables and flavorful sauces.",10.8,https://images.deliveryhero.io/image/talabat/Menuitems/20221128_Talabat_UAE_Chic638057532230828340.jpg?width=172&amp;height=172
Max Combo M1,"1 Crunchy, Regular Fries, 1 Piece Chicken and 1 Coca-Cola",27.0,https://images.deliveryhero.io/image/talabat/Menuitems/20221128_Talabat_UAE_Chic638057532261595070.jpg?width=172&amp;height=172
Max Combo M2,"2 Royal Wrap,1 Fries and 1 Coca-Cola",29.7,https://images.deliveryhero.io/image/talabat/Menuitems/20221128_Talabat_UAE_Chic638057532248815288.jpg?width=172&amp;height=172
Max Combo M3,"2 Royal Crunchy, 1 Fries and 1 Coca-Cola",32.4,https://images.deliveryhero.io/image/talabat/Menuitems/20221128_Talabat_UAE_Chic638057532276584546.jpg?width=172&amp;height=172
Max Snack Meal,"2 pieces chicken, 1 bun ,small fries and 1 coleslaw",18.9,https://images.deliveryhero.io/image/talabat/Menuitems/20221128_Talabat_UAE_Chic638057532276526644.jpg?width=172&amp;height=172
Max Dinner Meal,"3 pieces chicken, 1 bun ,small fries, 1 coleslaw and Coca-Cola",27.0,https://images.deliveryhero.io/image/talabat/Menuitems/20221128_Talabat_UAE_Chic638057532279616997.jpg?width=172&amp;height=172
Super Dinner Meal,"4 pieces chicken, 1 bun ,small fries and 1 Garlic Sauce",29.7,https://images.deliveryhero.io/image/talabat/Menuitems/20221128_Talabat_UAE_Chic638057532294643936.jpg?width=172&amp;height=172
Max Strips Combo Meal,"4 pieces strips , small fries, 1 Bun, 1 Small Coleslaw  ,1 Garlic paste and Coca-Cola",27.0,https://images.deliveryhero.io/image/talabat/Menuitems/20221128_Talabat_UAE_Chic638057532289703967.jpg?width=172&amp;height=172
Strips and Dips 4 pieces,"4 pieces Strips, Regular Fries, 1 Bun and Dynamite Sauce",20.25,https://images.deliveryhero.io/image/talabat/Menuitems/20221128_Talabat_UAE_Chic638057532130727507.jpg?width=172&amp;height=172
Strips and Dips 8 pieces,"8 pieces Strips, 2 Bun, Dynamite Sauce and Regular Fries ",33.75,https://images.deliveryhero.io/image/talabat/Menuitems/20221128_Talabat_UAE_Chic638057532295817810.jpg?width=172&amp;height=172
Super Max 6 Meal,"6 Pieces chicken, 3 bun , 1 Regular Fries, 1 large coleslow and 2 Garlic Sause",60.75,https://images.deliveryhero.io/image/talabat/Menuitems/20221128_Talabat_UAE_Chic638057532295740993.jpg?width=172&amp;height=172
Super Max 9 Meal,"9 Pieces chicken, 3 bun , 1 Fries Large , 1 large coleslow and 3 Garlic Sause",74.25,https://images.deliveryhero.io/image/talabat/Menuitems/20221128_Talabat_UAE_Chic638057532296552411.jpg?width=172&amp;height=172
Super Max 12 Meal,"12 Pieces chicken, 4 bun , 1 Fries Large, 1 large coleslow and 4 Garlic Sause",87.75,https://images.deliveryhero.io/image/talabat/Menuitems/20221128_Talabat_UAE_Chic638057532297060084.jpg?width=172&amp;height=172
Super Max 15 Meal ,"15 Pieces chicken,4 bun , 1 Fries Large, 4 Garlic Sause and Coleslaw Large",101.25,
Super Max 21 Meal,"21 Pieces chicken, 2 Fries Large, 6 bun , 5, Garlic Sause and 2 Coleslaw Large",133.65,
Big Box Meal 18,"8 Pieces chicken, 10 Pieces Strips ,1 Fries Large, 4 bun , 4, Garlic Sause and 1 Coleslaw Large",87.75,
Max Wrap and Hebro Max Burger,1 Max Wrap and 1 Hebro Max Burger,16.2,https://images.deliveryhero.io/image/talabat/Menuitems/20221128_Talabat_UAE_Chic638057532238954202.jpg?width=172&amp;height=172
HebroMax Burger,2 Hebro Max Burger,16.2,https://images.deliveryhero.io/image/talabat/Menuitems/20221128_Talabat_UAE_Chic638057532260275218.jpg?width=172&amp;height=172
Double Burger Meal,"2 Burger , Fries and Drinks",24.3,
Double Wrap Meal,"2 Wrap , Fries and Coca-Cola",24.3,
Double Meal,"2 Burger 2 Wrap ,2  Fries and 2  Drinks",40.5,
Super A Meal ,"3 Pieces Chicken ,3 Pieces Strips, 1 Fries, 2 Bun, 2 Garlic Dip, 1 Burger and 1 Wrap",33.75,
Super B Meal ,"6 Pieces Strips, 2 Garlic Dip,1 Fries,1 Bun , 1 Burger and 1 Wrap",33.75,https://images.deliveryhero.io/image/talabat/Menuitems/20221128_Talabat_UAE_Chic638057532294933022.jpg?width=172&amp;height=172
Variety Meal V1,"3 Pieces Chicken ,3 Pieces Strips, 1 Fries ,Coca-Cola, 2 Bun and 2 Garlic Dip",32.4,https://images.deliveryhero.io/image/talabat/Menuitems/20221128_Talabat_UAE_Chic638057532296119283.jpg?width=172&amp;height=172
Variety Meal V2,"6 Pieces Chicken ,6 Pieces Strips ,2 Fries , 3 Bun, 3 Garlic Dip and 2 Coleslaw",60.75,https://images.deliveryhero.io/image/talabat/Menuitems/20221128_Talabat_UAE_Chic638057532294387167.jpg?width=172&amp;height=172
Nuggets Meal,"5 Pieces Nuggets, Regular Fries and 1 Juice",18.9,https://images.deliveryhero.io/image/talabat/Menuitems/20221128_Talabat_UAE_Chic638057532286630555.jpg?width=172&amp;height=172
Chicken Burger Meal,"1 Grill burger, Regular Fries and 1 Juice",18.9,https://images.deliveryhero.io/image/talabat/Menuitems/20221128_Talabat_UAE_Chic638057532247220719.jpg?width=172&amp;height=172
Chickpop Meal,"1 Chickpop, Regular Fries and 1 Juice",18.9,https://images.deliveryhero.io/image/talabat/Menuitems/20221128_Talabat_UAE_Chic638057532284937671.jpg?width=172&amp;height=172
Chicken Strips Meal,"3 Strips, Regular Fries and 1 Juice",18.9,https://images.deliveryhero.io/image/talabat/Menuitems/20221128_Talabat_UAE_Chic638057532268633491.jpg?width=172&amp;height=172
Regular French Fries ,Fries 110 g,8.1,https://images.deliveryhero.io/image/talabat/Menuitems/20221128_Talabat_UAE_Chic638057532238967470.jpg?width=172&amp;height=172
Heberano Sauce,Heberano Sauce 40g,2.7,
Dynamate Sauce,Dynamate Sauce 40g,2.7,https://images.deliveryhero.io/image/talabat/Menuitems/20221128_Talabat_UAE_Chic638057532122654718.jpg?width=172&amp;height=172
Garlic Sauce,"A creamy blend of fresh garlic, tangy lemon juice and smooth mayonnaise, perfect for dipping, spreading or drizzling over meats, veggies or sandwiches.",1.35,https://images.deliveryhero.io/image/talabat/Menuitems/20221128_Talabat_UAE_Chic638057532126260210.jpg?width=172&amp;height=172
Large Coleslaw ,A large serving of coleslaw salad.,6.75,https://images.deliveryhero.io/image/talabat/Menuitems/20221128_Talabat_UAE_Chic638057532090769191.jpg?width=172&amp;height=172
Small Coleslaw ,A small serving of coleslaw salad.,4.05,
Curly Fries Large,Curly Fries 150g,16.2,https://images.deliveryhero.io/image/talabat/Menuitems/20221128_Talabat_UAE_Chic638057532271348462.jpg?width=172&amp;height=172
Curly small fries,Curly Fries 110g,9.45,
1 piece Chicken,,5.4,https://images.deliveryhero.io/image/talabat/Menuitems/20221128_Talabat_UAE_Chic638057532140633139.jpg?width=172&amp;height=172
1 piece Strips,,4.05,https://images.deliveryhero.io/image/talabat/Menuitems/20221128_Talabat_UAE_Chic638057532159493194.jpg?width=172&amp;height=172
Onion Rings Large,Onion Rings 12 Pieces,16.2,https://images.deliveryhero.io/image/talabat/Menuitems/20221128_Talabat_UAE_Chic638057532258536870.jpg?width=172&amp;height=172
Onion Rings Small,Onion Rings 6Pieces,9.45,
Potato Wedges Large,Wedges 250g,16.2,https://images.deliveryhero.io/image/talabat/Menuitems/20221128_Talabat_UAE_Chic638057532269476015.jpg?width=172&amp;height=172
Potato Wedges Small,Wedges 125g,9.45,
French Fries Large,Fries 220 g,13.5,
French Fries Up Size,Fries 160 g,9.45,
Chick Pop Small,,9.45,
Chick Pop Large,,16.2,https://images.deliveryhero.io/image/talabat/Menuitems/20221128_Talabat_UAE_Chic638057532264587621.jpg?width=172&amp;height=172
Coca-Cola Can 300ml,,6.5,
Fanta Can 300ml,,6.5,
Coca-Cola Zero Can 300ml,,6.5,
Sprite Can 300ml,,6.5,
Coca-Cola 1L,,14.0,
Fanta 1L,,14.0,
Sprite 1L,,14.0,
Coca-Cola 2.25L,,18.0,
Fanta 2.25L,,18.0,
Sprite 2.25L,,18.0,
Water 500ml,Mineral Water,3.0,
Add on Fries and Coca-Cola,,9.45,
