item_name,item_description,item_price,item_image
Juicy Chicken Sando,"Crispy chicken tenders dipped in with dynamite, aged Cheddar cheese, lettuce iceberg",36.0,https://images.deliveryhero.io/image/talabat/Menuitems/0A38BB779F525B077412E4FDF4D269CC?width=172&amp;height=172
4 Pcs Meal ( Tenders),"4 large chicken tenders, butter toast, one fries coleslaw salad and one sauce",42.0,https://images.deliveryhero.io/image/talabat/Menuitems/8F55AA913E7C9A21F2B6991F74E4255A?width=172&amp;height=172
Nashville Chicken Sando,"Nashville Chicken tenders, cheddar cheese, lettuce, pickles, special sauce.",36.0,https://images.deliveryhero.io/image/talabat/Menuitems/E51572604702BD0787B7388E1D5FFF42?width=172&amp;height=172
Combo for One,Choice of one burger + one chicken tender + fries + choice of drink,55.0,https://images.deliveryhero.io/image/talabat/Menuitems/EE6E54E9C1C5C5E35AF639D0CB26BC78?width=172&amp;height=172
Chick Slider,"2 x Chicken slider with pickles, special sauce, lettuce.",38.0,https://images.deliveryhero.io/image/talabat/Menuitems/C71681E12B8DCDCA615B2FD56EEE9B4E?width=172&amp;height=172
2 Pcs Meal ( Tenders),"2 large chicken tenders, butter toast, one fries, one slaw salad, special sauce.",32.0,https://images.deliveryhero.io/image/talabat/Menuitems/2993D312D8F76595F5C60A6B37FE1DF1?width=172&amp;height=172
4 Pcs Meal ( Tenders),"4 large chicken tenders, butter toast, one fries coleslaw salad and one sauce",42.0,https://images.deliveryhero.io/image/talabat/Menuitems/8F55AA913E7C9A21F2B6991F74E4255A?width=172&amp;height=172
8 Pcs Meal ( Tenders),"8 large chicken tenders , butter toast, 2 fries, 2 coleslaw and 2 special sauces",78.0,https://images.deliveryhero.io/image/talabat/Menuitems/9AB037308C54577DFA44DF8E150623CB?width=172&amp;height=172
Combo for One,Choice of one burger + one chicken tender + fries + choice of drink,55.0,https://images.deliveryhero.io/image/talabat/Menuitems/EE6E54E9C1C5C5E35AF639D0CB26BC78?width=172&amp;height=172
Combo for Two,Choice of two burgers + two tenders + Fries + one choice of side + two drinks,99.0,https://images.deliveryhero.io/image/talabat/Menuitems/CC1E393077BBE57ED271C3B54D3BB0B6?width=172&amp;height=172
Original Chicken Sando,"Crispy chicken tenders, aged Cheddar cheese, tomatoes, iceburg, pickles and our special zesty sauce",36.0,https://images.deliveryhero.io/image/talabat/Menuitems/461DD4B944EACF067FB15A3FEC76C6A5?width=172&amp;height=172
Juicy Chicken Sando,"Crispy chicken tenders dipped in with dynamite, aged Cheddar cheese, lettuce iceberg",36.0,https://images.deliveryhero.io/image/talabat/Menuitems/0A38BB779F525B077412E4FDF4D269CC?width=172&amp;height=172
Nashville Chicken Sando,"Nashville Chicken tenders, cheddar cheese, lettuce, pickles, special sauce.",36.0,https://images.deliveryhero.io/image/talabat/Menuitems/E51572604702BD0787B7388E1D5FFF42?width=172&amp;height=172
Chick Slider,"2 x Chicken slider with pickles, special sauce, lettuce.",38.0,https://images.deliveryhero.io/image/talabat/Menuitems/C71681E12B8DCDCA615B2FD56EEE9B4E?width=172&amp;height=172
Buffalo Chicken Sando,"Crispy chicken tenders dipped in buffalo sauce, cheddar cheese, salami, slaw salad",38.0,https://images.deliveryhero.io/image/talabat/Menuitems/C49851DF609397841D5A5B0EE7660654?width=172&amp;height=172
Nshville Toast Melt,Nashville chicken tenders with extra doubled cheddar cheese,38.0,https://images.deliveryhero.io/image/talabat/Menuitems/F5BF109E205A3CBF61BF6A395460FF93?width=172&amp;height=172
French Fries,Skin fries,12.0,https://images.deliveryhero.io/image/talabat/Menuitems/C1E58B0A555B83FC281A532C35FFB818?width=172&amp;height=172
Chicken Salt Fries,Skin fries with chicken salt seasoning,13.0,https://images.deliveryhero.io/image/talabat/Menuitems/EED8187671B18DA921E817A6B97AE6A0?width=172&amp;height=172
Spicy Fries,Skin fries with hot spicy seasoning,13.0,https://images.deliveryhero.io/image/talabat/Menuitems/C1A0B4A1CDF2A2EF26FD5B97B1B42853?width=172&amp;height=172
Mozzarella Sticks,Four mozzarella sticks,21.0,https://images.deliveryhero.io/image/talabat/Menuitems/83DC114E691E3704F8B1D3B665F3F179?width=172&amp;height=172
Jalapeno Bites,4 bites of cheddar cheese & jalapeno,21.0,https://images.deliveryhero.io/image/talabat/Menuitems/2732073C9714917D164B2B945AE6166C?width=172&amp;height=172
Onion Rings,Fried 6 pieces onion rings,16.0,https://images.deliveryhero.io/image/talabat/Menuitems/70B819A13DCBDD99E1874503CF21BD85?width=172&amp;height=172
Chickez Fries,"Crispy chicken tender, french fries, chickez special sauce",25.0,https://images.deliveryhero.io/image/talabat/Menuitems/1CBEF22D65DBD285B82335C957D3A318?width=172&amp;height=172
Nash Chick Fries,"Nashville chicken tenders , Fries with nashville",28.0,https://images.deliveryhero.io/image/talabat/Menuitems/089615E1B30868024C31458C84B20306?width=172&amp;height=172
3 Chicken Tenders,3 piece of crispy chicken tender served with butter toast and special sauce,26.0,https://images.deliveryhero.io/image/talabat/Menuitems/C5EA01066AD675E8A6D2A40C916C2054?width=172&amp;height=172
Mac & Cheese,Shell Macaroni with 3 cheese sauce,15.0,https://images.deliveryhero.io/image/talabat/Menuitems/03E198FAB6AA96EAB331DCBFB120FF9E?width=172&amp;height=172
Battered Corn,Seasoned Corn with butter,10.0,https://images.deliveryhero.io/image/talabat/Menuitems/715A246BAB63FA7942A6731A0185E950?width=172&amp;height=172
Slaw Salad,"Mixed cabbage, carrot, mayo dressing",10.0,https://images.deliveryhero.io/image/talabat/Menuitems/2AF8E7BD625AA04B9A51ABA7B7DFFE60?width=172&amp;height=172
Buffalo Sauce,,5.0,https://images.deliveryhero.io/image/talabat/Menuitems/72EA12C2BAA878B1897BF6125422196C?width=172&amp;height=172
Dynamite Sauce,,5.0,
Cream Garlic,,5.0,https://images.deliveryhero.io/image/talabat/Menuitems/37E53B4FF92CBC6DDECBB098657D02E4?width=172&amp;height=172
Chicky Sauce,,5.0,https://images.deliveryhero.io/image/talabat/Menuitems/35A535990326BDF383A21958C671021E?width=172&amp;height=172
Zesty Original Sauce,,5.0,https://images.deliveryhero.io/image/talabat/Menuitems/7A4B31C3B4EAD9E30555E4197DA6CA6E?width=172&amp;height=172
Ranch Sauce,,5.0,https://images.deliveryhero.io/image/talabat/Menuitems/7F15E6B39702FC1FE4D6CDB74C1DEF37?width=172&amp;height=172
BBQ Sauce,,3.0,https://images.deliveryhero.io/image/talabat/Menuitems/A2B08F81DB3128C41510C98A8F647D08?width=172&amp;height=172
mayonnaise,,3.0,https://images.deliveryhero.io/image/talabat/Menuitems/48F2A70E607A4EDC7B54C4E2E38A5E05?width=172&amp;height=172
Ketchup,,3.0,https://images.deliveryhero.io/image/talabat/Menuitems/2E0E54E41505EEB365AB7A290444BFB7?width=172&amp;height=172
Natural Mineral Water,,6.0,https://images.deliveryhero.io/image/talabat/Menuitems/A9D899C87B4DA391B0CA1B73DCC855DC?width=172&amp;height=172
Pepsi,,7.0,https://images.deliveryhero.io/image/talabat/Menuitems/0D2CC8D06D6ED2720FF3D9B9B8725EA8?width=172&amp;height=172
Pepsi Diet,,7.0,https://images.deliveryhero.io/image/talabat/Menuitems/411FAD9239026BA18BEE445D4F1E9F6F?width=172&amp;height=172
7UP,,7.0,https://images.deliveryhero.io/image/talabat/Menuitems/EE6FB74AF3DFC7DC2CF30CDED710E2BA?width=172&amp;height=172
7UP Diet,,7.0,https://images.deliveryhero.io/image/talabat/Menuitems/EA7B420FB9E3ADD2052C6164532883A2?width=172&amp;height=172
Mirinda,,7.0,https://images.deliveryhero.io/image/talabat/Menuitems/77CB5F713E631DA183535E81E24E276B?width=172&amp;height=172
Mountain dew,,7.0,https://images.deliveryhero.io/image/talabat/Menuitems/111E3F742178C3AC9447B941A70708BC?width=172&amp;height=172
