item_name,item_description,item_price,item_image
Chicken Nuggets 10Pc,,16.0,https://images.deliveryhero.io/image/talabat/Menuitems/22DEC_14_TALABAT_UAE_CHIK638068794036859033.jpg?width=172&amp;height=172
Pops Large,,15.0,https://images.deliveryhero.io/image/talabat/Menuitems/mmw_638072155893765465?width=172&amp;height=172
French Fries large size,,14.0,https://images.deliveryhero.io/image/talabat/Menuitems/22DEC_14_TALABAT_UAE_CHIK638070439586761351.jpg?width=172&amp;height=172
9 pieces  Family Bucket meal ,"9 Pcs chicken , 2 Fries R  , 3 Coleslaw R  , Bun, Garlic ,1L Drink ",65.0,https://images.deliveryhero.io/image/talabat/Menuitems/mmw_638191423650624991?width=172&amp;height=172
Pops Small,,9.0,https://images.deliveryhero.io/image/talabat/Menuitems/mmw_638072155493820537?width=172&amp;height=172
Budget Meal,"4 pcs chicken, fries r and bun.",24.0,https://images.deliveryhero.io/image/talabat/Menuitems/mmw_638072279986760931?width=172&amp;height=172
Economic Combo Meal,"4 pcs chicken, fries r, coleslaw, drink of your choice, and bun.",29.0,https://images.deliveryhero.io/image/talabat/Menuitems/mmw_638191443228030935?width=172&amp;height=172
9 pieces  Family Bucket meal ,"9 Pcs chicken , 2 Fries R  , 3 Coleslaw R  , Bun, Garlic ,1L Drink ",65.0,https://images.deliveryhero.io/image/talabat/Menuitems/mmw_638191423650624991?width=172&amp;height=172
12 pieces Family Bucket meal,"12 pcs chicken, 3 fries regular, 4 coleslaw, 4 bun, 4 garlic, 1 liter drink ",90.0,https://images.deliveryhero.io/image/talabat/Menuitems/mmw_638191424225887498?width=172&amp;height=172
15 pieces Family Meal,"15 pcs chicken, 4 fries r, 5 coleslaw r, 5 bun, 5 garlic, 1l drink ",115.0,https://images.deliveryhero.io/image/talabat/Menuitems/mmw_638191424745265040?width=172&amp;height=172
15 Pcs Family Bucket Strips,"15 Pcs strips, 3 fries R, 3 coleslaw R, 3 bun, 3 garlic and 1L drink",65.0,https://images.deliveryhero.io/image/talabat/Menuitems/mmw_638191436875690605?width=172&amp;height=172
3Pc chicken  With Rice ,"3 Pcs chicken, coke, and rice.",20.0,https://images.deliveryhero.io/image/talabat/Menuitems/mmw_638072160692582002?width=172&amp;height=172
2 pieces Chicken Meal,"2Pcs Chicken, Fries(R) & Bun",15.0,https://images.deliveryhero.io/image/talabat/Menuitems/mmw_638191442767982102?width=172&amp;height=172
3 pieces Tender Strips Meal,"3 Pcs tender strips, fries R and bun ",15.0,https://images.deliveryhero.io/image/talabat/Menuitems/mmw_638191442883267883?width=172&amp;height=172
5 pieces Tender Strips Meal,"5 Pcs Tender Strips, Fries (Rregular) , Coleslaw ,Coke & Bun ",24.0,https://images.deliveryhero.io/image/talabat/Menuitems/mmw_638191442216269307?width=172&amp;height=172
Kid Meal Nuggets,,15.0,https://images.deliveryhero.io/image/talabat/Menuitems/mmw_638191452215892734?width=172&amp;height=172
Kids Meal Pops,,16.0,https://images.deliveryhero.io/image/talabat/Menuitems/mmw_638191452373389274?width=172&amp;height=172
Kids Burger Meal,,16.0,https://images.deliveryhero.io/image/talabat/Menuitems/mmw_638191453868478830?width=172&amp;height=172
Chicken Burger,"Made with a juicy, tender, and flavorful chicken patty, topped with fresh vegetables, and sauce. it's a perfect meal for lunch or dinner.",15.0,https://images.deliveryhero.io/image/talabat/Menuitems/mmw_638192958046263568?width=172&amp;height=172
Chicken Burger Combo,"Chicken burger , fries r and coke ",20.0,https://images.deliveryhero.io/image/talabat/Menuitems/mmw_638192961563063457?width=172&amp;height=172
Krispy X Burger,,17.0,https://images.deliveryhero.io/image/talabat/Menuitems/mmw_638192961440331043?width=172&amp;height=172
Krispy X Burger Combo,,22.0,https://images.deliveryhero.io/image/talabat/Menuitems/mmw_638192963525738223?width=172&amp;height=172
Krispy X Supreme Spicy sandwich ,,18.0,https://images.deliveryhero.io/image/talabat/Menuitems/mmw_638192962547614677?width=172&amp;height=172
Krispy X Supreme Spicy Combo sandwich ,,23.0,https://images.deliveryhero.io/image/talabat/Menuitems/mmw_638192964611511955?width=172&amp;height=172
Super X Supreme sandwich,,19.0,https://images.deliveryhero.io/image/talabat/Menuitems/mmw_638192965379438018?width=172&amp;height=172
Super X Supreme Combo sandwich ,,24.0,https://images.deliveryhero.io/image/talabat/Menuitems/22DEC_14_TALABAT_UAE_CHIK638070439662668574.jpg?width=172&amp;height=172
Chikex Wrap ,,12.0,https://images.deliveryhero.io/image/talabat/Menuitems/mmw_638192967345456371?width=172&amp;height=172
Chikex Wrap Combo ,,20.0,https://images.deliveryhero.io/image/talabat/Menuitems/mmw_638192969402511947?width=172&amp;height=172
Pops Small,,9.0,https://images.deliveryhero.io/image/talabat/Menuitems/mmw_638072155493820537?width=172&amp;height=172
Pops Large,,15.0,https://images.deliveryhero.io/image/talabat/Menuitems/mmw_638072155893765465?width=172&amp;height=172
Onion Rings,"Made with fresh onions, coated in a crispy batter, it's a perfect snack or side dish for any meal.",9.0,https://images.deliveryhero.io/image/talabat/Menuitems/22DEC_14_TALABAT_UAE_CHIK638070439690519861.jpg?width=172&amp;height=172
Coleslaw Regular size ,,5.0,https://images.deliveryhero.io/image/talabat/Menuitems/22DEC_14_TALABAT_UAE_CHIK638068795161795612.jpg?width=172&amp;height=172
French Fries Regular size,,7.0,https://images.deliveryhero.io/image/talabat/Menuitems/22DEC_14_TALABAT_UAE_CHIK638070439611044387.jpg?width=172&amp;height=172
French Fries large size,,14.0,https://images.deliveryhero.io/image/talabat/Menuitems/22DEC_14_TALABAT_UAE_CHIK638070439586761351.jpg?width=172&amp;height=172
Chicken Nuggets 10Pc,,16.0,https://images.deliveryhero.io/image/talabat/Menuitems/22DEC_14_TALABAT_UAE_CHIK638068794036859033.jpg?width=172&amp;height=172
Plain Rice,"Experience the comfort of a classic with our perfectly cooked Plain Rice, fluffy and versatile, a staple ingredient in any meal.",8.0,https://images.deliveryhero.io/image/talabat/Menuitems/22DEC_14_TALABAT_UAE_CHIK638070439662322807.jpg?width=172&amp;height=172
Bun,"A small, round bread roll.",1.0,https://images.deliveryhero.io/image/talabat/Menuitems/mmw_638072836369674948?width=172&amp;height=172
Extra Cheese,"Upgrade your dish with Extra Cheese, adding a rich and gooey layer of indulgence to satisfy your cheesy cravings.",1.0,https://images.deliveryhero.io/image/talabat/Menuitems/mmw_638161055228434580?width=172&amp;height=172
Garlic Sauce,"A creamy blend of fresh garlic, tangy lemon juice and smooth mayonnaise, perfect for dipping, spreading or drizzling over meats, veggies or sandwiches.",2.0,https://images.deliveryhero.io/image/talabat/Menuitems/Garlic_sauce638062133953189654.jpg?width=172&amp;height=172
Strawberry Mox,,12.0,https://images.deliveryhero.io/image/talabat/Menuitems/strawberry_mox638062134070710572.jpg?width=172&amp;height=172
Passion Fruit Mox,,12.0,https://images.deliveryhero.io/image/talabat/Menuitems/passion_fruit_mox638062134085798655.jpg?width=172&amp;height=172
Raspberry Mox,,12.0,https://images.deliveryhero.io/image/talabat/Menuitems/rasberry_mox638062134106466329.jpg?width=172&amp;height=172
Mint lemon mox,,12.0,https://images.deliveryhero.io/image/talabat/Menuitems/Mint_lemon_mox638062134104528084.jpg?width=172&amp;height=172
Blue Curacao Mox,,12.0,https://images.deliveryhero.io/image/talabat/Menuitems/blueberry_mox638062134091861062.jpg?width=172&amp;height=172
Drinks 1 ltr,,10.0,https://images.deliveryhero.io/image/talabat/Menuitems/mmw_638072855121807529?width=172&amp;height=172
