item_name,item_description,item_price,item_image
Minestrone Soup,"Traditional vegetable minestrone, served with toasted bread and virgin olive oil. ",30.0,https://images.deliveryhero.io/image/talabat/Menuitems/20200209_Talabat_UAE_637171174548039614.jpg?width=172&amp;height=172
Verdure Crude Barbera,"Crunchy raw  vegetable salad, baby gem lettuce, quinoa, avocado, cherry tomatoes, curly kale, pistachio, olive oil and apple vinegar dressing. ",50.0,
 Avocado E Quinoa,"Roasted chicken breast salad, avocado, quinoa, broccoli, baby gem lettuce salad, tomatoes, curly kale, pistachio, olive oil and balsamic vinegar. ",50.0,
Insalata Di Cesare Chicken,"Chicken, romaine lettuce, parmesan cheese, boiled egg, anchovies, croutons bread and served with  caesar dressing. ",45.0,
Toscana Panzanella,"Tuscany classic salad, prawns, cherry tomatoes, croutons bread, red onions and cucumbers. ",50.0,
Greek Salad and Feta Cheese,"Romaine lettuce, tomatoes, cucumbers, red onions, black olives, feta cheese, lemon and olive oil dressing. ",50.0,https://images.deliveryhero.io/image/talabat/Menuitems/20200209_Talabat_UAE_637171174742138290.jpg?width=172&amp;height=172
Chicken and Vegetables,"Chicken, tomatoes, onions, bell pepper and served with salad. ",70.0,
Carrot With Apple And Fennel Juice,Also contains ginger. ,28.0,
Pineapple With Ginger And Lemon Juice,Also contains cayenne pepper. ,28.0,
Cucumber With Mint And Spinach Juice,Also contains apple and ginger. ,28.0,
Beetroot With Carrot And Apple Juice,Also contains ginger and olive oil. ,28.0,
Lemon With Carrot And Orange Juice,"blend of lemon, carrot, and orange juice.",28.0,
Spinach With Celery And Apple Juice,Also contains kale. ,28.0,
Fat Burner,"Apple, strawberry, red pepper and chili. ",28.0,
