item_name,item_description,item_price,item_image
Veg Meal Box,"Paneer tikka masala, dal makhani, tandoori soya chap, jeera pulao, tandoori roti, laccha onion, lemon, papad, pickle and raita.",35.0,https://images.deliveryhero.io/image/talabat/Menuitems/mmw_637804377238508022?width=172&amp;height=172
Mutton Saoji,"Saoji Mutton is a spicy robust flavorful mutton curry from the region of Nagpur, Maharashtra.
",44.0,https://images.deliveryhero.io/image/talabat/Menuitems/20211209_Talabat_UAE_637749316653013810.jpg?width=172&amp;height=172
Bhel Puri,"Made with puffed rice, crunchy veggies, and an irresistible blend of chutneys and spices",25.0,https://images.deliveryhero.io/image/talabat/Menuitems/mmw_637786056460007116?width=172&amp;height=172
Tandoori Vegetable Biryani Box,"Vegetable biryani, salan, burani raita, salad, Papad and pickle.",30.0,https://images.deliveryhero.io/image/talabat/Menuitems/mmw_637804378842635171?width=172&amp;height=172
Dal E Claypot Signature,Mildly spiced black lentils cooked overnight and finished with butter and cream.,36.0,https://images.deliveryhero.io/image/talabat/Menuitems/mmw_637775084237800154?width=172&amp;height=172
Veg Meal Box,"Paneer tikka masala, dal makhani, tandoori soya chap, jeera pulao, tandoori roti, laccha onion, lemon, papad, pickle and raita.",35.0,https://images.deliveryhero.io/image/talabat/Menuitems/mmw_637804377238508022?width=172&amp;height=172
Tandoori Vegetable Biryani Box,"Vegetable biryani, salan, burani raita, salad, Papad and pickle.",30.0,https://images.deliveryhero.io/image/talabat/Menuitems/mmw_637804378842635171?width=172&amp;height=172
Non Veg Meal Box,"Chicken curry, dal makhani, tandoori soya chap, jeera pulao, tandoori roti, laccha onion, lemon, papad, pickle and raita.",35.0,https://images.deliveryhero.io/image/talabat/Menuitems/mmw_637804990981611465?width=172&amp;height=172
Tandoori Chicken Biryani Box,"Chicken biryani, salan, burani raita, salad, papad and pickle.",35.0,https://images.deliveryhero.io/image/talabat/Menuitems/mmw_637804378066066777?width=172&amp;height=172
Suran Shekampuri,"A concoction of yam, split gram, wholesome spices stuffed with cottage cheese, dates and almonds 

",36.0,https://images.deliveryhero.io/image/talabat/Menuitems/20211209_Talabat_UAE_637749338471040960.jpg?width=172&amp;height=172
Bhapa Kasundi Paneer Tikka,"Cottage cheese marinated with mustard paste, smoked with charcoal and slow cooked in a clay oven 
",36.0,https://images.deliveryhero.io/image/talabat/Menuitems/20211209_Talabat_UAE_637749338522919866.jpg?width=172&amp;height=172
Dahi Anjar As A Kebab,"Seasoned hung curd with roasted cumin and spices stuffed with figs deep fried to golden brown 

",36.0,https://images.deliveryhero.io/image/talabat/Menuitems/mmw_637756935992959102?width=172&amp;height=172
Rajma Aur Dhingri Ki Gilawat,"Red kidney beans, mushroom, thyme cakes and slowly cooked on a flat top griddle",36.0,https://images.deliveryhero.io/image/talabat/Menuitems/20211209_Talabat_UAE_637749338504650995.jpg?width=172&amp;height=172
Malai Broccoli,Broccoli cooked in tandoor marinated with roasted almonds and brown onion.,36.0,https://images.deliveryhero.io/image/talabat/Menuitems/20211209_Talabat_UAE_637749338492183083.jpg?width=172&amp;height=172
Desi Murgh Tikka,Boneless chicken leg marinated with hung curd and spices finished in the clay oven.,45.0,https://images.deliveryhero.io/image/talabat/Menuitems/blob_637752512747636719?width=172&amp;height=172
Malai Tikka,Chargrilled boneless chicken leg in creamy hung curd and white spices.,45.0,https://images.deliveryhero.io/image/talabat/Menuitems/20211209_Talabat_UAE_637749320753437070.jpg?width=172&amp;height=172
Tangdi Kebab 4 Pieces,Marinated chicken drumsticks with freshly ground aromatic spices,45.0,https://images.deliveryhero.io/image/talabat/Menuitems/20211209_Talabat_UAE_637749320766743199.jpg?width=172&amp;height=172
Chicken 65,Marinated chicken morsels tossed with curry leaves and green chili,45.0,https://images.deliveryhero.io/image/talabat/Menuitems/20211209_Talabat_UAE_637749320784139378.jpg?width=172&amp;height=172
Tandoori Chicken Momo’S,Himalayan chicken momos and slow-cooked in a tandoor,42.0,https://images.deliveryhero.io/image/talabat/Menuitems/blob_637752513275987860?width=172&amp;height=172
Badami Murgh Tikka,"Succulent creation from the Rakabdars of nawabs
",45.0,https://images.deliveryhero.io/image/talabat/Menuitems/20211209_Talabat_UAE_637749320802507836.jpg?width=172&amp;height=172
Tandoori Wings,"Chicken wings cooked in tandoor
",42.0,https://images.deliveryhero.io/image/talabat/Menuitems/mmw_637786050659786530?width=172&amp;height=172
Masala Seekh,,52.0,https://images.deliveryhero.io/image/talabat/Menuitems/20211209_Talabat_UAE_637749329041697676.jpg?width=172&amp;height=172
Peshawari Chapli Kebab,"Peshawari style minced lamb kebab with aromatic spices.
",52.0,https://images.deliveryhero.io/image/talabat/Menuitems/20211209_Talabat_UAE_637749329052273232.jpg?width=172&amp;height=172
Roti Pe Bihari Boti,"Lamb morsel marinated with spices, yogurt and cooked on a flat top griddle",52.0,https://images.deliveryhero.io/image/talabat/Menuitems/mmw_637786051366723197?width=172&amp;height=172
Ajwaini Macchi Tikka,"Nile perch fillet flavored with carom seeds and slow-cooked in a clay oven
",50.0,https://images.deliveryhero.io/image/talabat/Menuitems/20211209_Talabat_UAE_637749334005943489.jpg?width=172&amp;height=172
Samundari Shami kebab,"Ginger, carom seed seasoned seafood cakes
",50.0,https://images.deliveryhero.io/image/talabat/Menuitems/20211209_Talabat_UAE_637749333995433549.jpg?width=172&amp;height=172
Paneer Tikka Masala,Tandoor cooked paneer tikka smothered with spicy masala gravy.,36.0,https://images.deliveryhero.io/image/talabat/Menuitems/20211209_Talabat_UAE_637749337009857363.jpg?width=172&amp;height=172
Palak Paneer,Paneer simmered in scrumptious spinach gravy.,36.0,https://images.deliveryhero.io/image/talabat/Menuitems/mmw_637756953376210708?width=172&amp;height=172
Bharwan Gucchi Korma,Cottage cheese and cheddar stuffed himalayan mushroom in rich creamy gravy.,36.0,https://images.deliveryhero.io/image/talabat/Menuitems/mmw_637786054200569479?width=172&amp;height=172
Jodhpuri Aloo,"Tossed spring potatoes in sesame and red chili, finished with fresh coriander.",36.0,https://images.deliveryhero.io/image/talabat/Menuitems/mmw_637756954161744891?width=172&amp;height=172
Masaledar Makhana Matar,A spicy concoction of fox nuts and green peas.,36.0,https://images.deliveryhero.io/image/talabat/Menuitems/mmw_637786054263299615?width=172&amp;height=172
Dum Aloo Banarsi,Baby potato cooked in creamy tomato gravy.,36.0,https://images.deliveryhero.io/image/talabat/Menuitems/20211209_Talabat_UAE_637749337021914024.jpg?width=172&amp;height=172
Gatte Ka Saag,Steamed gram flour dumplings cooked in spicy yogurt gravy tempered with carom seeds.,36.0,https://images.deliveryhero.io/image/talabat/Menuitems/20211209_Talabat_UAE_637749337032960173.jpg?width=172&amp;height=172
Soya Tikka Masala,Soya morsels cooked in delectable tikka masala gravy.,40.0,https://images.deliveryhero.io/image/talabat/Menuitems/mmw_637786055266532438?width=172&amp;height=172
Jardaloo Kofta Curry,Dry apricot stuffed cheese dumplings cooked in aromatic roasted cashew nut gravy.,38.0,https://images.deliveryhero.io/image/talabat/Menuitems/20211209_Talabat_UAE_637749337051030467.jpg?width=172&amp;height=172
Bhuna kukda,Scrumptious creation which has the true aroma of spices and Rajasthani cuisine.,36.0,https://images.deliveryhero.io/image/talabat/Menuitems/20211209_Talabat_UAE_637749323424832841.jpg?width=172&amp;height=172
Methi Murgh,"Fenugreek flavored chicken, in succulent creamy gravy and tempered with Kashmiri red chili.",38.0,https://images.deliveryhero.io/image/talabat/Menuitems/20211209_Talabat_UAE_637749323447765110.jpg?width=172&amp;height=172
Murgh Makhani,"Cardamom, cashew flavored rich tomato gravy and finished with kasoori methi.",38.0,https://images.deliveryhero.io/image/talabat/Menuitems/mmw_637756932968380133?width=172&amp;height=172
Chicken chettinad,Chicken cooked in fiery spicy and fresh grated coconut.,38.0,https://images.deliveryhero.io/image/talabat/Menuitems/20211209_Talabat_UAE_637749323468279125.jpg?width=172&amp;height=172
Kadai chicken,Free-range chicken and cooked in garlic tempered with twice-cooked onions.,38.0,https://images.deliveryhero.io/image/talabat/Menuitems/20211209_Talabat_UAE_637749323491822026.jpg?width=172&amp;height=172
Kolhapuri green egg curry,"Boiled eggs cooked in aromatic green masala, Indian whole spices and coconut.
",36.0,https://images.deliveryhero.io/image/talabat/Menuitems/20211209_Talabat_UAE_637749323510611203.jpg?width=172&amp;height=172
Kashmiri Rista,"Kashmiri saffron-flavored meatballs in spicy red gravy
",44.0,https://images.deliveryhero.io/image/talabat/Menuitems/20211209_Talabat_UAE_637749316632821096.jpg?width=172&amp;height=172
Mutton Saoji,"Saoji Mutton is a spicy robust flavorful mutton curry from the region of Nagpur, Maharashtra.
",44.0,https://images.deliveryhero.io/image/talabat/Menuitems/20211209_Talabat_UAE_637749316653013810.jpg?width=172&amp;height=172
Laal Mass,"Rich Rajasthani lamb in chili yogurt gravy
",44.0,https://images.deliveryhero.io/image/talabat/Menuitems/mmw_637756933726174980?width=172&amp;height=172
Gosht kaliya,"The Regal formation of Rakabdars from Aurangabad, Succulent slow-cooked lamb morsels, cooked in a rich saffron & turmeric gravy
",44.0,https://images.deliveryhero.io/image/talabat/Menuitems/20211209_Talabat_UAE_637749327917989626.jpg?width=172&amp;height=172
Mutton Beli Ram,"One of the treasures of Chef Beli Ram, who was the head cook in the kitchen of Maharaja Ranjit Singh",44.0,https://images.deliveryhero.io/image/talabat/Menuitems/mmw_637786051686577376?width=172&amp;height=172
Chettinad Prawn Masala,"Spicy South Indian style prawn curry.
",44.0,https://images.deliveryhero.io/image/talabat/Menuitems/20211209_Talabat_UAE_637749333274544872.jpg?width=172&amp;height=172
Goan Curry,"Fresh coconut and tomato gravy, with a hint of tangy kokum.",0.0,https://images.deliveryhero.io/image/talabat/Menuitems/mmw_637775080810874957?width=172&amp;height=172
Nadan Curry,Kerala style King fish or prawns cooked in coconut milk tempered with curry leaves.,0.0,https://images.deliveryhero.io/image/talabat/Menuitems/mmw_637787061732482691?width=172&amp;height=172
Andhra Macchi Kofta Curry,"Andhra style tangy, spicy, red fish ball curry.",42.0,https://images.deliveryhero.io/image/talabat/Menuitems/mmw_637786054066723605?width=172&amp;height=172
Seafood Handi,A rich and spicy Pakistani Indian style seafood curry with fish kofta and shrimps.,45.0,https://images.deliveryhero.io/image/talabat/Menuitems/mmw_637786054124819768?width=172&amp;height=172
Lucknowi Murgh Biryani,Basmati rice with spiced chicken and from the city of the nawabs,46.0,https://images.deliveryhero.io/image/talabat/Menuitems/mmw_637756943728071646?width=172&amp;height=172
Kacche Gosht Ki Biryani Signature,Hyderabadi style aromatic herbs and saffron-infused basmati rice with tender lamb,56.0,https://images.deliveryhero.io/image/talabat/Menuitems/mmw_637756943083717791?width=172&amp;height=172
Gosht Motia Pulao,Hearty pulao bursting with rich flavors drizzled with saffron syrup and topped with minced meatballs.,32.0,https://images.deliveryhero.io/image/talabat/Menuitems/mmw_637786055329796466?width=172&amp;height=172
Zaitooni Biryani,Veggies and olives with spices all tossed together,40.0,https://images.deliveryhero.io/image/talabat/Menuitems/20211209_Talabat_UAE_637749331111451366.jpg?width=172&amp;height=172
Sambhar Sadam,"Spicy sambhar rice origins from the state of Karnataka
",32.0,https://images.deliveryhero.io/image/talabat/Menuitems/20211209_Talabat_UAE_637749331147529619.jpg?width=172&amp;height=172
Konju Biryani,Kerala style prawn biryani,52.0,https://images.deliveryhero.io/image/talabat/Menuitems/20211209_Talabat_UAE_637749331129487235.jpg?width=172&amp;height=172
Jeera Pulao,"Cumin tempered basmati rice
",12.0,https://images.deliveryhero.io/image/talabat/Menuitems/mmw_637775088997112622?width=172&amp;height=172
Sada Chawal,"Steamed basmati rice
",10.0,https://images.deliveryhero.io/image/talabat/Menuitems/mmw_637775088354162278?width=172&amp;height=172
Dal E Claypot Signature,Mildly spiced black lentils cooked overnight and finished with butter and cream.,36.0,https://images.deliveryhero.io/image/talabat/Menuitems/mmw_637775084237800154?width=172&amp;height=172
Dal Dhaba ,Highway dhaba style tempered yellow lentils. ,34.0,https://images.deliveryhero.io/image/talabat/Menuitems/mmw_637794794726155139?width=172&amp;height=172
Khatti Dal,Steamed yellow lentils tempered with curry leaves with a hint of tamarind.,34.0,https://images.deliveryhero.io/image/talabat/Menuitems/20211209_Talabat_UAE_637749326038449763.jpg?width=172&amp;height=172
Palak Dal Khichdi,"Nutritious 
",32.0,https://images.deliveryhero.io/image/talabat/Menuitems/mmw_637794796845480230?width=172&amp;height=172
Tandoori Roti,"A soft and fluffy unleavened bread with a slightly smoky flavor, perfect for scooping up savory curries and tandoori dishes.",6.0,https://images.deliveryhero.io/image/talabat/Menuitems/20211209_Talabat_UAE_637749346048248745.jpg?width=172&amp;height=172
Butter Roti,"Delight in the warm and buttery goodness of our Butter Roti, a delectable Indian bread that effortlessly complements any dish, adding a touch of comfort and satisfaction to your meal.",8.0,https://images.deliveryhero.io/image/talabat/Menuitems/mmw_637794795205445941?width=172&amp;height=172
Plain Naan,"Indulge in the warm and pillowy goodness of our freshly baked Plain Naan, brushed with melted butter and sprinkled with fragrant herbs, creating the perfect accompaniment to any savory dish.",8.0,https://images.deliveryhero.io/image/talabat/Menuitems/20211209_Talabat_UAE_637749346066771049.jpg?width=172&amp;height=172
Butter Naan,"Savor the warm, buttery goodness of our fluffy Butter Naan, infused with rich ghee flavor in every bite.",8.0,https://images.deliveryhero.io/image/talabat/Menuitems/mmw_637786062968611972?width=172&amp;height=172
Garlic Cheese Naan,,8.0,https://images.deliveryhero.io/image/talabat/Menuitems/mmw_637794797876135190?width=172&amp;height=172
Keema Naan,Indian bread stuffed with minced meat (keema).,16.0,https://images.deliveryhero.io/image/talabat/Menuitems/mmw_637794795745330879?width=172&amp;height=172
Cheese Chili Naan,,16.0,https://images.deliveryhero.io/image/talabat/Menuitems/mmw_637786063473621181?width=172&amp;height=172
Rumali Roti,Thin and soft Indian bread.,12.0,https://images.deliveryhero.io/image/talabat/Menuitems/20211209_Talabat_UAE_637749346088413051.jpg?width=172&amp;height=172
Multigrain Roti,,12.0,https://images.deliveryhero.io/image/talabat/Menuitems/mmw_637794796278161592?width=172&amp;height=172
Missi Roti,"A flavorful Indian bread made with a mix of whole wheat flour, spices, and gram flour.",12.0,https://images.deliveryhero.io/image/talabat/Menuitems/20211209_Talabat_UAE_637749346106675469.jpg?width=172&amp;height=172
Laccha Paratha,flaky Indian flatbread.,12.0,https://images.deliveryhero.io/image/talabat/Menuitems/20211209_Talabat_UAE_637749346124891506.jpg?width=172&amp;height=172
Tandoori Kookad And Sprout Salad,"Tandoori chicken tossed with moong sprouts, mint, coriander, and tamarind dressing.",22.0,https://images.deliveryhero.io/image/talabat/Menuitems/20211209_Talabat_UAE_637749332373538603.jpg?width=172&amp;height=172
Tandoori Aloo And Makhana Bhel,"Roasted masala foxnuts, roasted peanuts and tandoori aloo with bhel chutney.",20.0,https://images.deliveryhero.io/image/talabat/Menuitems/20211209_Talabat_UAE_637749332385100817.jpg?width=172&amp;height=172
Green Salad,"Slice of onion, tomato cucumber, and carrot.",12.0,https://images.deliveryhero.io/image/talabat/Menuitems/mmw_637756931438438383?width=172&amp;height=172
Murgh Yakhani,"Whole spices and saffron flavored chicken broth, served with masala pav
",20.0,https://images.deliveryhero.io/image/talabat/Menuitems/blob_637752514315672154?width=172&amp;height=172
Dal Ka Soup,Yellow lentils cooked in spiced pureed to perfection.,15.0,https://images.deliveryhero.io/image/talabat/Menuitems/20211209_Talabat_UAE_637749314289439320.jpg?width=172&amp;height=172
Tamatar Dhaniya Ka Soup,Tomato soup flavored with coriander stem.,15.0,https://images.deliveryhero.io/image/talabat/Menuitems/20211209_Talabat_UAE_637749314277217131.jpg?width=172&amp;height=172
Bhel Puri,"Made with puffed rice, crunchy veggies, and an irresistible blend of chutneys and spices",25.0,https://images.deliveryhero.io/image/talabat/Menuitems/mmw_637786056460007116?width=172&amp;height=172
Pani Puri,"Rispy puris, filled with a tangy and spicy mixture of chickpeas, potatoes, and chutneys, topped with refreshing mint water",16.0,https://images.deliveryhero.io/image/talabat/Menuitems/mmw_637786056584139448?width=172&amp;height=172
Sev Puri,"Crispy puris topped with a delightful combination of spicy chutneys, tangy tamarind sauce, and crunchy sev",18.0,https://images.deliveryhero.io/image/talabat/Menuitems/mmw_637786056662630321?width=172&amp;height=172
Dahi Vada,Savory lentil dumplings soaked in yogurt.,18.0,https://images.deliveryhero.io/image/talabat/Menuitems/mmw_637794797327905368?width=172&amp;height=172
Masala Peanut,,18.0,https://images.deliveryhero.io/image/talabat/Menuitems/mmw_637775073640778086?width=172&amp;height=172
Masala Papad,"This crispy Indian appetizer is sprinkled with a tantalizing blend of spices, offering a burst of tanginess and heat",15.0,https://images.deliveryhero.io/image/talabat/Menuitems/mmw_637786056744182437?width=172&amp;height=172
Thandai MOUSSE Signature,"The quintessential thandai a decadent makeover with the goodness of saffron, thandai syrup and whipped cream",16.0,https://images.deliveryhero.io/image/talabat/Menuitems/20211209_Talabat_UAE_637749327133041608.jpg?width=172&amp;height=172
Zafrani Ras Malai TIRAMISU (Signature),Your Indian dessert with a caffeine twist with this fusion of Ras malai and tiramisu,16.0,https://images.deliveryhero.io/image/talabat/Menuitems/20211209_Talabat_UAE_637749327152864518.jpg?width=172&amp;height=172
Gulab Jamun Cheesecake,A scrumptious feast of our very own gulab jamun,16.0,https://images.deliveryhero.io/image/talabat/Menuitems/mmw_637756944672031159?width=172&amp;height=172
Desi ghee ka kadai halwa,"Whole wheat flour, cow ghee and roasted nuts",20.0,https://images.deliveryhero.io/image/talabat/Menuitems/mmw_637786056923378132?width=172&amp;height=172
Gulab Jamun,Deep-fried dough balls soaked in warm sugar syrup served with ice-cream,16.0,https://images.deliveryhero.io/image/talabat/Menuitems/mmw_637756945526799113?width=172&amp;height=172
