item_name,item_description,item_price,item_image
Americano,Espresso with hot water and add splash of milk.,19.0,https://images.deliveryhero.io/image/talabat/Menuitems/blob_637618182025979519?width=172&amp;height=172
Cappuccino,"Our espresso, frothy milk and chocolate dusting.",21.5,https://images.deliveryhero.io/image/talabat/Menuitems/mmw_637953844744297901?width=172&amp;height=172
Iced Spanish Latte,"A sweet, creamy combination of sweetened milk and espresso served over ice",24.0,https://images.deliveryhero.io/image/talabat/Menuitems/mmw_637953830583286758?width=172&amp;height=172
Cheddar And Tomato Toastie,With cheddar cheese and fresh tomatoes,27.0,https://images.deliveryhero.io/image/talabat/Menuitems/mmw_637922925386527526?width=172&amp;height=172
Spanish Latte,A sweet and creamy combination of sweetened milk and espresso,24.0,https://images.deliveryhero.io/image/talabat/Menuitems/mmw_637953830715986776?width=172&amp;height=172
Falafel Flatbread,"Puff pastry flatbread with a tomato harissa sauce topped with falafel, tahini, pomegranate seeds, roasted onion and baby Rocca",18.0,https://images.deliveryhero.io/image/talabat/Menuitems/Falafel_Flatbread_638294159450917400.png?width=172&amp;height=172
Maplenut Latte,Our new autumn season drinks with espresso and a generous amount of fresh cream topped with maple-flavored syrup and autumn crunch topping.,26.0,https://images.deliveryhero.io/image/talabat/Menuitems/Maplenut_Latte_2638294158370676212.png?width=172&amp;height=172
Maplenut Iced Spanish Latte,"A balance of sweet and smooth mixture of milk, espresso, and maple nut flavors in a cold drink",27.0,https://images.deliveryhero.io/image/talabat/Menuitems/Maplenut_Iced_Spanish_Lat638294159872589869.png?width=172&amp;height=172
Maplenut Frappe,A blended drink where toasted hazelnut and the warming flavor of maple meets for the perfect drink sensation,29.0,https://images.deliveryhero.io/image/talabat/Menuitems/Maplenut_Frappe638294158613503211.png?width=172&amp;height=172
Maplenut Cold Brew,An elevation of a simple cold brew with maple flavored cold foam with autumn crunch finish!,27.0,https://images.deliveryhero.io/image/talabat/Menuitems/Maplenut_Cold_Brew_2638294159233925298.png?width=172&amp;height=172
70% Dark Chocolate Bar,No added sugar and 70% cacao,9.5,https://images.deliveryhero.io/image/talabat/Menuitems/mmw_637922939183067720?width=172&amp;height=172
Açai Chia Pot,"Açai purée with Greek yogurt, chia seeds and mango, 199 kcal.",21.0,https://images.deliveryhero.io/image/talabat/Menuitems/Açai_Chia_Pot638086271117642506.jpg?width=172&amp;height=172
Whole Grain Porridge,Warm oat porridge with wholegrain oat flakes,13.0,https://images.deliveryhero.io/image/talabat/Menuitems/mmw_637922920204823836?width=172&amp;height=172
Chocolate Chip Cookie,Chewy soft butter cookie with chocolate chunks,15.0,https://images.deliveryhero.io/image/talabat/Menuitems/mmw_637922936439585900?width=172&amp;height=172
White Chocolate Fudge Cookie,"Chewy, fudgy cookie studded with white chocolate chips",15.0,https://images.deliveryhero.io/image/talabat/Menuitems/mmw_637922936260487208?width=172&amp;height=172
Pastel De Nata,Classic Portuguese Egg Tart Pastry filled with Vanilla Custard,8.0,https://images.deliveryhero.io/image/talabat/Menuitems/mmw_637922934172388508?width=172&amp;height=172
Chocolate Donut,Donut coated with dark chocolate and white chocolate stripes,12.0,https://images.deliveryhero.io/image/talabat/Menuitems/mmw_637922934322342104?width=172&amp;height=172
Butter Croissant,"Golden colour, delicate crispiness and a firm texture.",12.0,https://images.deliveryhero.io/image/talabat/Menuitems/mmw_637878210876512254?width=172&amp;height=172
Almond Croissant,"French golden and glistening croissant with almonds filling, topped with almond flakes and icing sugar.",15.0,https://images.deliveryhero.io/image/talabat/Menuitems/mmw_637878213136444643?width=172&amp;height=172
Pain Au Chocolat,Pure cocoa with the subtlety of a pure butter puff pastry.,14.0,https://images.deliveryhero.io/image/talabat/Menuitems/mmw_637878215123727908?width=172&amp;height=172
Emmental Croissant,Pure butter croissant with Emmental cheese,17.0,https://images.deliveryhero.io/image/talabat/Menuitems/mmw_637922935146080069?width=172&amp;height=172
Blueberry Muffin,Traditional Muffin with Blueberry Filling and Biscuit Crumble Garnish,17.0,https://images.deliveryhero.io/image/talabat/Menuitems/mmw_637922935888744009?width=172&amp;height=172
Banana Bread Slice,Moist Banana Bread – Ideally Served Warm,12.5,https://images.deliveryhero.io/image/talabat/Menuitems/mmw_637922934032206302?width=172&amp;height=172
Turkey And Cheese Pretzel,Pretzel style bread filled with cream cheese and smoked turkey. Topped with parmesan cheese and parsley,16.5,https://images.deliveryhero.io/image/talabat/Menuitems/mmw_637922923771887627?width=172&amp;height=172
Cumberland Chicken Sausage Roll,Pure Butter Puff Pastry with Cumberland Chicken Sausage Filling,18.0,https://images.deliveryhero.io/image/talabat/Menuitems/mmw_637922923069897923?width=172&amp;height=172
Freakin Healthy Chocolate Granola,"Gluten free rolled oats, organic coconut nectar, raw chocolate natural cocoa powder and coconut oil.",19.0,https://images.deliveryhero.io/image/talabat/Menuitems/mmw_638015416723660008?width=172&amp;height=172
Freakin Healthy Classic Granola,"Gluten free rolled oats, Sunflower seeds, organic coconut nectar, pumpkin seeds, coconut oil, cinnamon powder and puffed quinoa.",19.0,https://images.deliveryhero.io/image/talabat/Menuitems/mmw_638009465934642870?width=172&amp;height=172
Double Chocolate Muffin,"Double chocolate muffin with chocolate cream filling, garnished with chocolate shavings. Allergen, egg, milk, soy, and wheat. Calories 633
",17.0,https://images.deliveryhero.io/image/talabat/Menuitems/Double_Chocolate_Muffin638086271328987042.jpg?width=172&amp;height=172
Cheddar And Tomato Toastie,With cheddar cheese and fresh tomatoes,27.0,https://images.deliveryhero.io/image/talabat/Menuitems/mmw_637922925386527526?width=172&amp;height=172
Turkey Ham And Three Cheese Panini,"Artisan ciabatta bread, cheddar cheese, emmental cheese, mozzarella cheese, pommery mustard and mayonnaise",28.0,https://images.deliveryhero.io/image/talabat/Menuitems/mmw_637922925531922913?width=172&amp;height=172
Mexican Mixed Bean Wrap,"Spicy Mixed Beans, Guacamole, Spring Onion, Mozzarella and Cheddar Cheese. Spinach Tortilla",27.5,https://images.deliveryhero.io/image/talabat/Menuitems/mmw_637922925835128722?width=172&amp;height=172
Falafel And Halloumi Arabic Wrap,"Arabic bread, grilled halloumi cheese, dill pickle and wild rocket with harissa dressing",27.5,https://images.deliveryhero.io/image/talabat/Menuitems/mmw_637922925989483707?width=172&amp;height=172
Chicken Caesar Wrap,"With romaine lettuce, parmesan cheese & turkey bacon",29.0,https://images.deliveryhero.io/image/talabat/Menuitems/mmw_637923643012620281?width=172&amp;height=172
Chicken Tikka Wrap,"Soft paratha with chicken tikka, cucumber, carrot, cashew nut, crispy onion and mint, tamarind and mango chutneys.",29.0,https://images.deliveryhero.io/image/talabat/Menuitems/mmw_637923641027875777?width=172&amp;height=172
Italian Roasted Chicken Salad,"Fusilli pasta, chicken, dried tomatoes, kalamata olives, marjoram, rocket and balsamic dressing",29.5,https://images.deliveryhero.io/image/talabat/Menuitems/mmw_637922932931527993?width=172&amp;height=172
Roasted Chicken Caesar Salad,"Romaine Lettuce, Pulled Chicken, Grilled Turkey, Parmesan and Caesar Dressing",29.5,https://images.deliveryhero.io/image/talabat/Menuitems/mmw_637922933197365587?width=172&amp;height=172
Chicken Biryani,"Pilau basmati rice, Indian spiced chicken and minted yogurt.",32.0,https://images.deliveryhero.io/image/talabat/Menuitems/mmw_637922933648607495?width=172&amp;height=172
Plant Based Almond Square,"Almond, coconut nectar, raisins, dark chocolate 80 %, gluten free rolled oats, coconut oil and cinnamon.",17.0,https://images.deliveryhero.io/image/talabat/Menuitems/mmw_638015408186176476?width=172&amp;height=172
Plant Based Hazelnut Square,"Hazelnut, coconut nectar, dark chocolate 80%, gluten free rolled oats, almond, cocoa powder, coconut oil, cocoa nut powder, Himalayan salt and vitamin D3.",17.0,https://images.deliveryhero.io/image/talabat/Menuitems/mmw_638015410955063356?width=172&amp;height=172
Flat White,"Combination of espresso, velvety milk with a perfect florette.",21.5,https://images.deliveryhero.io/image/talabat/Menuitems/blob_637618172357342677?width=172&amp;height=172
Americano,Espresso with hot water and add splash of milk.,19.0,https://images.deliveryhero.io/image/talabat/Menuitems/blob_637618182025979519?width=172&amp;height=172
Mocha,Espresso coffee topped with rich chocolate and finished with cocoa powder.,24.5,https://images.deliveryhero.io/image/talabat/Menuitems/mmw_637953848031147908?width=172&amp;height=172
Hot Chocolate,We only use the best cocoa for this indulgent drink. Blended with textured milk for a creamy rich taste,24.0,https://images.deliveryhero.io/image/talabat/Menuitems/mmw_637953850539147133?width=172&amp;height=172
Magic,Double ristretto extraction with textured milk finished with a florette,20.5,https://images.deliveryhero.io/image/talabat/Menuitems/mmw_637953856565459789?width=172&amp;height=172
Classic Corto,"Espresso, textured milk and signed off with a little heart",19.5,https://images.deliveryhero.io/image/talabat/Menuitems/mmw_637953855267876857?width=172&amp;height=172
Mocha Corto,Espresso combined with textured chocolatey milk,20.5,https://images.deliveryhero.io/image/talabat/Menuitems/mmw_637953855396267427?width=172&amp;height=172
Spanish Latte,A sweet and creamy combination of sweetened milk and espresso,24.0,https://images.deliveryhero.io/image/talabat/Menuitems/mmw_637953830715986776?width=172&amp;height=172
Latte,Espresso with steamed milk for a smooth and creamy coffee.,21.5,https://images.deliveryhero.io/image/talabat/Menuitems/blob_637618116908712887?width=172&amp;height=172
Chai Latte,"Extract of black tea with our aromatic spices, served as a sweetened milky latte",22.0,https://images.deliveryhero.io/image/talabat/Menuitems/mmw_637953841970045397?width=172&amp;height=172
Cappuccino,"Our espresso, frothy milk and chocolate dusting.",21.5,https://images.deliveryhero.io/image/talabat/Menuitems/mmw_637953844744297901?width=172&amp;height=172
Hot Caramel Macchiato,Freshly frothed milk with vanilla-flavored syrup marked with espresso and topped with a caramel drizzle for an oh-so-sweet finish.,27.0,https://images.deliveryhero.io/image/talabat/Menuitems/mmw_638281970931071324?width=172&amp;height=172
Strawberry Cream Frappé,"An indulgent blended drink made with strawberry sauce, milk and ice finished with fresh cream.",30.0,https://images.deliveryhero.io/image/talabat/Menuitems/mmw_637953813882820963?width=172&amp;height=172
Iced Classic Corto,"Espresso, chilled milk and shaken with ice to create a creamy iced coffee",19.0,https://images.deliveryhero.io/image/talabat/Menuitems/mmw_637953854572948685?width=172&amp;height=172
Iced Magic,Rich short coffee flavor iced drink.,20.5,https://images.deliveryhero.io/image/talabat/Menuitems/mmw_637953856395352835?width=172&amp;height=172
Iced Hot Chocolate,We only use the best cocoa for this indulgent drink. served over ice,24.0,https://images.deliveryhero.io/image/talabat/Menuitems/mmw_637953849653475801?width=172&amp;height=172
Iced Mocha,Iced coffee made with chocolate sauce freshly shaken with espresso and poured over iced cold milk.,24.5,https://images.deliveryhero.io/image/talabat/Menuitems/mmw_637953847750502021?width=172&amp;height=172
Iced Latte,"Icy cold milk, espresso and served over ice.",21.5,https://images.deliveryhero.io/image/talabat/Menuitems/blob_637618132550682626?width=172&amp;height=172
Iced Chai Latte,"A mixture of chai concentrate, milk shaken with ice that creates a mix of milky and savory flavor of cinnamon spices",22.0,https://images.deliveryhero.io/image/talabat/Menuitems/mmw_637953842189800348?width=172&amp;height=172
Iced Americano,Espresso topped with cold water and served with ice,18.0,https://images.deliveryhero.io/image/talabat/Menuitems/mmw_637953841336728905?width=172&amp;height=172
Iced Flat White,"Classic flat white recreated in cold, espresso shot, blended with milk and topped with milky foam.",21.0,https://images.deliveryhero.io/image/talabat/Menuitems/blob_637618176254916072?width=172&amp;height=172
Iced Cappuccino,Balanced coffee made with shaken espresso and topped with milky foam.,21.0,https://images.deliveryhero.io/image/talabat/Menuitems/mmw_637953845598976464?width=172&amp;height=172
Iced Caramel Macchiato,"Iced caramel flavoured latte topped with silky, velvety caramel foam and caramel sauce.",27.0,https://images.deliveryhero.io/image/talabat/Menuitems/mmw_637953832873079308?width=172&amp;height=172
Iced Chocolate Macchiato,Iced chocolate-flavored latte topped with silky and velvety chocolate foam and caramel sauce.,27.0,https://images.deliveryhero.io/image/talabat/Menuitems/mmw_637953832737912962?width=172&amp;height=172
Iced Spanish Latte,"A sweet, creamy combination of sweetened milk and espresso served over ice",24.0,https://images.deliveryhero.io/image/talabat/Menuitems/mmw_637953830583286758?width=172&amp;height=172
Cold Foam 5 Origins Cold Brew,A cold refreshing brewed coffee expertly crafted blend from 5 leading coffee-growing nations.,28.0,https://images.deliveryhero.io/image/talabat/Menuitems/mmw_637985095805163813?width=172&amp;height=172
5 Origins Cold Brew,cold refreshing brewed coffee expertly crafted blend from 5 leading coffee-growing nations.,23.0,https://images.deliveryhero.io/image/talabat/Menuitems/mmw_637985093107657584?width=172&amp;height=172
Colombian Cold Brew,"Smooth, well-balanced and refreshing. Single origin Colombian beans brewed in-store for 20 hours and served over ice",24.0,https://images.deliveryhero.io/image/talabat/Menuitems/mmw_637953831717577730?width=172&amp;height=172
Caramel Cream Frappé,Caramel flavoured drink topped with cream. good sweet option for non-coffee drinks,28.0,https://images.deliveryhero.io/image/talabat/Menuitems/mmw_637953815854668655?width=172&amp;height=172
Mocha Cream Frappé,"Luxurious blend of Belgian chocolate sauce, milk, ice and our own espresso.",28.0,https://images.deliveryhero.io/image/talabat/Menuitems/mmw_637953815561179830?width=172&amp;height=172
Coffee Cream Frappé,Ice blended coffee drink with a shot of espresso topped with cream,28.0,https://images.deliveryhero.io/image/talabat/Menuitems/1200x800_0076_Coffee_637254779159377060.jpg?width=172&amp;height=172
Belgian Chocolate Cream Frappé,Our one of the favorite blended drink in town Belgian chocolate on a drink,28.0,https://images.deliveryhero.io/image/talabat/Menuitems/mmw_637953814836226825?width=172&amp;height=172
Iced Mocha Corto,Short coffee and chocolate combination.,20.0,https://images.deliveryhero.io/image/talabat/Menuitems/mmw_637953855102684010?width=172&amp;height=172
Cold Foam Colombian Cold Brew,"Single-origin Colombian beans brewed in-store for 20 hours, served over ice and topped with whipped milky foam",28.0,https://images.deliveryhero.io/image/talabat/Menuitems/mmw_638304036373940367?width=172&amp;height=172
White Chocolate Hazelnut Frappe,فرابيه شوكولاتة بيضاء طازجة و نكهة بالبندق,29.0,https://images.deliveryhero.io/image/talabat/Menuitems/mmw_638308909036778917?width=172&amp;height=172
Blueberry Bubble Frappe,"This delicious summertime treat is well-known for its cooling qualities. A blueberry flavoured frappe which is indulgent and fruity with an element of surprise of blueberry burst!

",31.0,https://images.deliveryhero.io/image/talabat/Menuitems/mmw_638304605417819093?width=172&amp;height=172
Lemon Hibiscus Iced Tea,"With its intermingling of delicious berry and tart hibiscus flavors, our Hibiscus Tea offers a taste bud-tingling sipping experience with delightfully refreshing classic lemonade infusion whether enjoyed as a morning refresher or an afternoon thirst quench.",26.0,https://images.deliveryhero.io/image/talabat/Menuitems/mmw_637944560549348062?width=172&amp;height=172
Lemon Iced Tea,"Savor the invigorating citrus zing of our handcrafted Lemon Iced Tea, a perfectly balanced blend of finest tea leaves and tangy lemon.",24.0,https://images.deliveryhero.io/image/talabat/Menuitems/mmw_637953867183965229?width=172&amp;height=172
Classic Lemonade,Refreshing iced drink with a tangy lemonade flavour.,24.0,https://images.deliveryhero.io/image/talabat/Menuitems/mmw_637953867319154594?width=172&amp;height=172
Peach Iced Tea,Freshly brewed tea with peach flavor,24.0,https://images.deliveryhero.io/image/talabat/Menuitems/Peach_Iced_Tea638027344780712454.jpg?width=172&amp;height=172
Peach Lemonade,Refreshing iced drink with peach flavor,24.0,https://images.deliveryhero.io/image/talabat/Menuitems/Peach_Lemonade_2638021155851629821.jpg?width=172&amp;height=172
Apple & Strawberry Refresher,An apple and strawberry mix with a balance sweet and tangy flavour that will surely make your summer extra vibrant,25.0,https://images.deliveryhero.io/image/talabat/Menuitems/mmw_638307135027839929?width=172&amp;height=172
Peach & Blueberry Bubble Iced Tea,An energizing beverage filled with refreshing and fruity flavoured iced tea with playful blueberry bubbles. Serve cold to instantly cool you off,28.0,https://images.deliveryhero.io/image/talabat/Menuitems/mmw_638304046441809769?width=172&amp;height=172
English Breakfast Tea,"A bold and full body tea, full of flavour.",16.0,https://images.deliveryhero.io/image/talabat/Menuitems/mmw_637953859742638920?width=172&amp;height=172
Green Tea,A wonderfully mellow steam dried green tea.,16.0,https://images.deliveryhero.io/image/talabat/Menuitems/mmw_637953859857829101?width=172&amp;height=172
Peppermint Tea,Our glorious peppermint tea is rounded with vibrant bursts of sweet spearmint.,16.0,https://images.deliveryhero.io/image/talabat/Menuitems/mmw_637953859971272731?width=172&amp;height=172
Earl Grey Tea,A black tea blended with citrusy flavour of bergamot.,16.0,https://images.deliveryhero.io/image/talabat/Menuitems/mmw_637953860555430085?width=172&amp;height=172
Arwa Water 500 Ml,Mineral Water.,6.5,https://images.deliveryhero.io/image/talabat/Menuitems/mmw_638320213757670917?width=172&amp;height=172
Aqua Morelli Still,Mineral Still Water,15.0,https://images.deliveryhero.io/image/talabat/Menuitems/mmw_637944562962462854?width=172&amp;height=172
Coca Cola Regular 500 Ml,,17.0,https://images.deliveryhero.io/image/talabat/Menuitems/mmw_638320225213938450?width=172&amp;height=172
Coca-Cola Light 500 Ml,Carbonated Soft Drinks,17.0,https://images.deliveryhero.io/image/talabat/Menuitems/mmw_638320230141169835?width=172&amp;height=172
Sprite Regular 500 Ml,,17.0,https://images.deliveryhero.io/image/talabat/Menuitems/mmw_638320224920895069?width=172&amp;height=172
Fanta Orange 500 Ml,Carbonated Soft Drinks,17.0,https://images.deliveryhero.io/image/talabat/Menuitems/mmw_638320232582196210?width=172&amp;height=172
Orange Juice 330 ml,100% Orange Juice,15.0,https://images.deliveryhero.io/image/talabat/Menuitems/mmw_638320234941963568?width=172&amp;height=172
Red Bull Energy Drink,,23.0,https://images.deliveryhero.io/image/talabat/Menuitems/blob_637589139488138543?width=172&amp;height=172
Vitamin Well Reload,"Vitamin B and D, magnesium and zinc with flavour of lemon and lime",18.0,https://images.deliveryhero.io/image/talabat/Menuitems/blob_637589144812635261?width=172&amp;height=172
Vitamin Well Hydrate,"Vitamin C and D, biotin and zinc with flavour of rhubarb strawberry",18.0,https://images.deliveryhero.io/image/talabat/Menuitems/blob_637589145678313463?width=172&amp;height=172
Thrill Burn Stubborn,"Cold-pressed green apple, mango, celery, banana, turmeric and almond ",23.0,https://images.deliveryhero.io/image/talabat/Menuitems/mmw_638320222963718846?width=172&amp;height=172
Thrill Red Juice,"Cold-pressed green apple, beetroot, kale, red apple, spinach, cucumber, Romaine lettuce, basil, celery, hibiscus and ginger ",23.0,https://images.deliveryhero.io/image/talabat/Menuitems/mmw_638320220644759328?width=172&amp;height=172
Thrill Green Goodness ,"Cold Pressed green apple, celery, parsley, galangal and Himalayan pink salt ",23.0,https://images.deliveryhero.io/image/talabat/Menuitems/mmw_638320218104306689?width=172&amp;height=172
Classic New York Cheesecake,"Shortcrust Pastry Filled & Baked with Cream Cheese, Cream & Vanilla.",25.0,https://images.deliveryhero.io/image/talabat/Menuitems/mmw_637922936664244238?width=172&amp;height=172
Caramel Short Bread,Buttery Rich Shortbread with Caramel and Belgian Milk Chocolate,17.0,https://images.deliveryhero.io/image/talabat/Menuitems/mmw_637922936842546146?width=172&amp;height=172
Freakin Healthy Peanut Butter Bites,Hazelnut biscuit base with fresh peanut butter covered with 80 % raw chocolate with no added refined sugar.  vegan  gluten free  no refined sugar  no preservatives  no gmo  no wheat  no eggs  no soy  no artificial colours/flavours  no junk.,11.0,https://images.deliveryhero.io/image/talabat/Menuitems/mmw_637922938061119742?width=172&amp;height=172
Freakin Healthy Coconut Butter Bites,Hazelnut Biscuit base with fresh coconut butter covered with 80 % raw chocolate with no added refined sugar.  Vegan  Gluten Free  No refined Sugar  No preservatives  No GMO  No wheat  No Eggs  No Soy  No artificial colours/flavours  No junk,11.0,https://images.deliveryhero.io/image/talabat/Menuitems/mmw_637922938462672608?width=172&amp;height=172
Freakin Healthy Caramel Almond Butter Bites,"Hazelnut biscuit base layered with almond and caramel butter covered with 80 percent raw chocolate, no added sugar, no dairy, no wheat, no eggs and no preservatives",11.0,https://images.deliveryhero.io/image/talabat/Menuitems/mmw_637922938335655866?width=172&amp;height=172
Mix Nuts And Dried Fruit,"Peanut, almond, cranberry and pistachio kernel.",10.0,https://images.deliveryhero.io/image/talabat/Menuitems/mmw_638015425293762128?width=172&amp;height=172
Hunter's French Mature Cheese Crisps,Hand cooked potato chips with mature cheese flavour.,10.5,https://images.deliveryhero.io/image/talabat/Menuitems/mmw_637985090103870576?width=172&amp;height=172
Hunter's Sea Salt And Crushed Pepper Crisps,Hand cooked potato chips with sea salt And crushed pepper flavor,10.5,https://images.deliveryhero.io/image/talabat/Menuitems/mmw_637985088733960022?width=172&amp;height=172
Hunter's Sweet Chilli Chutney Crisps,Hand cooked potato chips with sweet chili chutney flavour.,10.5,https://images.deliveryhero.io/image/talabat/Menuitems/mmw_637985087244743698?width=172&amp;height=172
Milk Chocolate Buckwheat Waffles,Buckwheat wafers with milk chocolate,9.75,https://images.deliveryhero.io/image/talabat/Menuitems/mmw_637985084354824635?width=172&amp;height=172
White Coconut Chocolate Buckwheat Waffles,Buckwheat wafers with white chocolate & coconut,9.75,https://images.deliveryhero.io/image/talabat/Menuitems/mmw_637985083069630185?width=172&amp;height=172
Munchbox Munch Crispies,Crispy and chewy rice crispy snack with marshmallows,10.0,https://images.deliveryhero.io/image/talabat/Menuitems/mmw_637944592315980424?width=172&amp;height=172
Munchbox Keto Cookie,"Mildly sweet chocolate chip cookie with almond powder, butter and dark chocolate chips",10.0,https://images.deliveryhero.io/image/talabat/Menuitems/mmw_637944591188838185?width=172&amp;height=172
Freakin Healthy Chocolate Chip Kids Cookies,"Gluten free rolled oats, coconut nectar, coconut oil, dates, flax seeds, natural vanilla flavor and Himalayan salt",6.0,https://images.deliveryhero.io/image/talabat/Menuitems/mmw_637944589928774351?width=172&amp;height=172
Milk Chocolate Bar,Milk chocolate bar,9.5,https://images.deliveryhero.io/image/talabat/Menuitems/mmw_637922939293141782?width=172&amp;height=172
Buckwheat Chocolate With Coconut,"Handmade Buckwheat Chocolate with Cocoa Butter, Grated Coconut and Coconut Sugar",12.0,https://images.deliveryhero.io/image/talabat/Menuitems/mmw_638284609029871247?width=172&amp;height=172
Buckwheat Chocolate With Peanut,"Handmade buckwheat chocolate with cocoa butter, peanuts, maltitol and prebiotic inulin",12.0,https://images.deliveryhero.io/image/talabat/Menuitems/mmw_638284610959228618?width=172&amp;height=172
