item_name,item_description,item_price,item_image
Beef Burger Combo,"Comes with choice of your one beef burger, choice of a side and a drink",54.0,https://images.deliveryhero.io/image/talabat/Menuitems/B0F305B44FEB2C1B68323F1BE11B0D7B?width=172&amp;height=172
Double Trouble,"Comes with choice of your two (beef or chicken) burgers, choice of a side and two drinks",84.0,https://images.deliveryhero.io/image/talabat/Menuitems/3C916A75F45DB42E0DCEB56185FE9E29?width=172&amp;height=172
Chicken Burger Combo,"Comes with choice of your one chicken burger, choice of a side and a drink",48.0,https://images.deliveryhero.io/image/talabat/Menuitems/76C4752B88AD50A4ED9E639D0D111351?width=172&amp;height=172
Mexican Beef Burger,"Fresh angus beef topped with avocado guacamole, slice cheese and thousand island sauce",38.0,https://images.deliveryhero.io/image/talabat/Menuitems/1882A8ECCABCA28D457757419B11EC27?width=172&amp;height=172
Signature Burger,"Double angus beef patty, smoked beef bacon, crispy fried onion rings served with american cheese slice and smoked BBQ sauce",38.0,https://images.deliveryhero.io/image/talabat/Menuitems/57F2B9FF4EAB0D7787E30A01FE465B4F?width=172&amp;height=172
Stuffed Beef Burger,"Homemade cheese stuffed beef patty, slice cheese, lettuce, mayo-ketchup sauce",46.0,https://images.deliveryhero.io/image/talabat/Menuitems/CDC88CAAB42B59F204AA61C5225DB537?width=172&amp;height=172
Steak Beef Burger,Specially marinated beef steak served with iceberg lettuce and special sauce,49.0,https://images.deliveryhero.io/image/talabat/Menuitems/F46B6B58847FD03104817A27B87C4889?width=172&amp;height=172
Teriyaki Steak Burger,"Teriyaki marinated beef tenderloin with mixed capsicum, 4 cheese, lettuce, special salty mayo sauce",52.0,https://images.deliveryhero.io/image/talabat/Menuitems/020FB9BF53729C06E7C1B9FBDBB308EF?width=172&amp;height=172
Cheese Burger,"Mix cheese or mozzarella, cheddar coated beef patty, lettuce, special spicy mayo sauce",42.0,https://images.deliveryhero.io/image/talabat/Menuitems/CF04E8085B2B76BF921A09368096510B?width=172&amp;height=172
Caramelized Beef Burger,"Angus beef, caramelized onion, cheese slice, BBQ sauce",28.0,https://images.deliveryhero.io/image/talabat/Menuitems/6AD11EC021C4E5ABC88B8B641A5F26EC?width=172&amp;height=172
Sunrise Burger,"Angus beef, fried egg, onion rings, slice cheese, special sauce",28.0,https://images.deliveryhero.io/image/talabat/Menuitems/797C630DDC14A1219E90A174A58E7992?width=172&amp;height=172
Cheetos Beef Burger,"Angus beef, slice cheese, crunchy Cheetos, with special sauce",32.0,https://images.deliveryhero.io/image/talabat/Menuitems/048401265752B1A3902FBC9BEEFF03D7?width=172&amp;height=172
Classic Beef Burger,"Angus beef, sliced tomatoes, lettuce, slice cheese with sauce",28.0,https://images.deliveryhero.io/image/talabat/Menuitems/BA63C3590DF2F2B6666AB334D448522C?width=172&amp;height=172
Swiss Mushroom Burger,"Angus beef patty, sauteed mushroom sauce, slice cheese, grilled mushrooms",42.0,https://images.deliveryhero.io/image/talabat/Menuitems/E5E09241759737265AEA379B49D35C6A?width=172&amp;height=172
Deluxe Beef Burger,"Double angus beef patty, cheese slices, mayo sauce",38.0,https://images.deliveryhero.io/image/talabat/Menuitems/9EA9167192AD38A706E09D53BF41D0F2?width=172&amp;height=172
Coleslaw Chicken Burger,Homemade breaded chicken with coleslaw on top served with iceberg and mayo,34.0,https://images.deliveryhero.io/image/talabat/Menuitems/97065FD92BB215AE61C457E6E2592F30?width=172&amp;height=172
Spicy Garlic Chicken Burger,"Fried chicken with spicy garlic sauce, lettuce and french mayo",38.0,https://images.deliveryhero.io/image/talabat/Menuitems/4DC30C1D1BDDC8076B8773A0D50E790E?width=172&amp;height=172
Cheesy Chicken Burger,Cheese coated breaded fried chicken with ranch mayo and lettuce,38.0,https://images.deliveryhero.io/image/talabat/Menuitems/6523EDF129C57DA9169E8466C536A79E?width=172&amp;height=172
Nashville Chicken Burger,"Homemade chicken marinated in a hot sauce, coleslaw, slice cheese and special sauce",38.0,https://images.deliveryhero.io/image/talabat/Menuitems/D7954E6662490FDE4672B5A004C7729F?width=172&amp;height=172
Jalapeno Chicken Burger,"Crispy coated chicken, jalapeno slice, cheese slice served with sauce",36.0,https://images.deliveryhero.io/image/talabat/Menuitems/831339C6DE4BCEDB7106ABF418D7F981?width=172&amp;height=172
Classic Zinger Burger,"Homemade crispy coated chicken with slice cheese, jalapenos and special sauce",38.0,https://images.deliveryhero.io/image/talabat/Menuitems/D9201E3AC93561802D372980E1CB5748?width=172&amp;height=172
Crispy Chicken Burger,Crispy coated chicken with slice cheese and sauce,26.0,https://images.deliveryhero.io/image/talabat/Menuitems/5A38F586B1A8A59C8FF181E619B3F484?width=172&amp;height=172
Honey Glazed Sriracha Burger,Home-made crispy chicken marinated with honey glazed spicy sriracha sauce topped with coleslaw,48.0,https://images.deliveryhero.io/image/talabat/Menuitems/ED4D1C602028F56BA8DA3209D96C8AF5?width=172&amp;height=172
Chicken Parmigiana Burger,Breaded crispy chicken topped with parmesan cheese and pomodoro sauce,32.0,https://images.deliveryhero.io/image/talabat/Menuitems/640E1291A85CE4C4356087575C3C6977?width=172&amp;height=172
Vegetable Burger,"Fried vegetable patty, topped with lettuce, tomato slices and special sauce",22.0,https://images.deliveryhero.io/image/talabat/Menuitems/72B03779C4254ED1B8A3C78287722835?width=172&amp;height=172
Chicken Tender With Fries,Fried seasoned strips of chicken served with french fries,32.0,https://images.deliveryhero.io/image/talabat/Menuitems/25B9D72BBDF57980949AACCE35E4A094?width=172&amp;height=172
Bacon Cheese Fries,Crispy fries with smoked beef bacon and cheddar sauce,38.0,https://images.deliveryhero.io/image/talabat/Menuitems/D0A2373D22266705BAC651A379107923?width=172&amp;height=172
Sando Fries,Crispy fries with breaded chicken chunks topped with dynamite sauce,32.0,https://images.deliveryhero.io/image/talabat/Menuitems/1A3C2965891B4A34261E3D68AFF27810?width=172&amp;height=172
Mushroom Fries,Crispy fries with cheese sauce and grilled mushrooms,30.0,https://images.deliveryhero.io/image/talabat/Menuitems/9C4C257BAEF0B585ED49B310E3E4376A?width=172&amp;height=172
Cheetos Meat Fries,"Crispy fries with cheese sauce, meat, Cheetos topped with mayo ketchup",40.0,https://images.deliveryhero.io/image/talabat/Menuitems/957DF9F7518D7FCBF8EA9ABE19CCB411?width=172&amp;height=172
Sweet Potato Fries,Sweet potato crispy fries,20.0,https://images.deliveryhero.io/image/talabat/Menuitems/6F43ADDCB26F7365172EDAD95D89D9E4?width=172&amp;height=172
Cheese Fries,Crispy fries with creamy cheddar cheese sauce,22.0,https://images.deliveryhero.io/image/talabat/Menuitems/C7516CA384B39E3BE6551C639EA457C2?width=172&amp;height=172
Crisp Fries,Crispy fries,14.0,https://images.deliveryhero.io/image/talabat/Menuitems/0F5F79D58C47A103BBB0E876C856AACE?width=172&amp;height=172
Buffalo Chicken Wings,8pcs of wings marinated with buffalo sauce,35.0,https://images.deliveryhero.io/image/talabat/Menuitems/A4D32A39FED641FE6F6C80C35C3EF749?width=172&amp;height=172
Dynamite Chicken,8pcs of crispy chicken served with dynamite sauce,28.0,https://images.deliveryhero.io/image/talabat/Menuitems/181756E5FE1C3718307F3314A5F29C58?width=172&amp;height=172
Dynamite Shrimps,8pcs of crispy dynamite shrimps served with dynamite sauce,30.0,https://images.deliveryhero.io/image/talabat/Menuitems/ECBB91935D39704FD5E1511DE335651C?width=172&amp;height=172
Jalapeno Poppers,6pcs of crispy jalapeno poppers,35.0,https://images.deliveryhero.io/image/talabat/Menuitems/F1523BA5BCEA12A8A40DF585DD76914B?width=172&amp;height=172
Mozzarella Sticks,6pcs of mozzarella sticks,28.0,https://images.deliveryhero.io/image/talabat/Menuitems/A8F11B6F024FB79B340298DF061C8566?width=172&amp;height=172
Potato Wedges,10pcs of potato wedges,22.0,https://images.deliveryhero.io/image/talabat/Menuitems/9973203463E3A9AAA2B4115CB01BADC4?width=172&amp;height=172
Onion Rings,6pcs of onion rings,20.0,https://images.deliveryhero.io/image/talabat/Menuitems/393A746C1A23B024964EAE235D507A02?width=172&amp;height=172
Spicy Chicken Wings,8pcs of wings marinated with spicy sauce,32.0,https://images.deliveryhero.io/image/talabat/Menuitems/E23D78E81101F8578393C3A673A65DA1?width=172&amp;height=172
Lemon Mint,"Fresh lemon, mint, mojito syrup, sprite, crushed ice",20.0,https://images.deliveryhero.io/image/talabat/Menuitems/E431B78772AD9595AE59A0519B70C50B?width=172&amp;height=172
Coke,330ml,10.0,https://images.deliveryhero.io/image/talabat/Menuitems/F6345B36829A47ED14B1A1B4A9121467?width=172&amp;height=172
Diet Coke,330ml,10.0,https://images.deliveryhero.io/image/talabat/Menuitems/B2C6863BAFC7E0607A2555B0B9139EC4?width=172&amp;height=172
Fanta,330ml,10.0,https://images.deliveryhero.io/image/talabat/Menuitems/728FC33E8E05DFBDF5542BD1FD4045B3?width=172&amp;height=172
Sprite,330ml,10.0,https://images.deliveryhero.io/image/talabat/Menuitems/B61CC8397D7DCBE2FD03AC858B9CDD5E?width=172&amp;height=172
Water,500ml,8.0,https://images.deliveryhero.io/image/talabat/Menuitems/F0C8D43FDC1B0BDEB5A2D85553AB0ACB?width=172&amp;height=172
