item_name,item_description,item_price,item_image
Russian Salad,"Indulge in the creamy and flavorful combination of our Russian Salad, made with tender boiled potatoes, crisp vegetables, and a tangy dressing, delivering a delicious and satisfying side dish for any meal.",14.0,https://images.deliveryhero.io/image/talabat/Menuitems/blob_637441671385511972?width=172&amp;height=172
Meat With Cabbage And Beetroot Soup,,16.0,https://images.deliveryhero.io/image/talabat/Menuitems/blob_637442480781600265?width=172&amp;height=172
Chicken Cutlet Meal,"Cucumber slices, tomato slices, brown buckwheat, mashed potato, cabbage salad and vinaigrette sauce. 385 kcal",22.0,https://images.deliveryhero.io/image/talabat/Menuitems/blob_637443411308373537?width=172&amp;height=172
Manty Meal,"Orange slices, tomato slices, vinaigrette, sauces and spicy carrot salad. 380 kcalorie.",22.0,https://images.deliveryhero.io/image/talabat/Menuitems/blob_637443412585140987?width=172&amp;height=172
Cottage Cheese Pancake,,14.0,https://images.deliveryhero.io/image/talabat/Menuitems/blob_637441775315496592?width=172&amp;height=172
Lamb With Peas,,35.0,https://images.deliveryhero.io/image/talabat/Menuitems/mmw_637906309026840737?width=172&amp;height=172
Narin With Khazi,,35.0,https://images.deliveryhero.io/image/talabat/Menuitems/mmw_637906237763596796?width=172&amp;height=172
Kazan Kebab,,35.0,https://images.deliveryhero.io/image/talabat/Menuitems/mmw_637906236363729415?width=172&amp;height=172
Lula Kebab,,26.0,
Roast Beef,"Tender and flavorful slices of succulent roast beef, seasoned to perfection, offering a savory and indulgent meat option that is perfect for sandwiches and salads.",26.0,https://images.deliveryhero.io/image/talabat/Menuitems/mmw_637906239997830308?width=172&amp;height=172
Stuffed Vine Leaves With Meat,,22.0,https://images.deliveryhero.io/image/talabat/Menuitems/mmw_637906309208223458?width=172&amp;height=172
Meatballs,,22.0,https://images.deliveryhero.io/image/talabat/Menuitems/mmw_637906254564101884?width=172&amp;height=172
Handmade Spaghetti With Meat And Sauce,,25.0,https://images.deliveryhero.io/image/talabat/Menuitems/mmw_637906256096246347?width=172&amp;height=172
Chicken Cutlet,Breaded and fried chicken cutlet.,25.0,https://images.deliveryhero.io/image/talabat/Menuitems/blob_637444312854799881?width=172&amp;height=172
Meat Cutlet,,25.0,https://images.deliveryhero.io/image/talabat/Menuitems/mmw_637906312385276997?width=172&amp;height=172
Cabbage Rolls With Minced Meat,,25.0,https://images.deliveryhero.io/image/talabat/Menuitems/blob_637444315614784838?width=172&amp;height=172
Stuffed Capsicum,Bell peppers filled with a stuffing.,25.0,https://images.deliveryhero.io/image/talabat/Menuitems/blob_637497694551207062?width=172&amp;height=172
Roast Beef With Potatoes,,25.0,https://images.deliveryhero.io/image/talabat/Menuitems/blob_637497706604635910?width=172&amp;height=172
Sliced Dough With Meat,,25.0,https://images.deliveryhero.io/image/talabat/Menuitems/mmw_637906287612539237?width=172&amp;height=172
Big Dumpling With Meat,,25.0,https://images.deliveryhero.io/image/talabat/Menuitems/mmw_637906267034695180?width=172&amp;height=172
Dumpling,,18.0,https://images.deliveryhero.io/image/talabat/Menuitems/blob_637444331873510597?width=172&amp;height=172
Dumpling With Potatoes,,18.0,https://images.deliveryhero.io/image/talabat/Menuitems/blob_637444332608425644?width=172&amp;height=172
Dumpling With Cottage Cheese,,18.0,https://images.deliveryhero.io/image/talabat/Menuitems/blob_637497715504697524?width=172&amp;height=172
Beef Stroganoff,Creamy beef dish with mushrooms and sour cream.,26.0,https://images.deliveryhero.io/image/talabat/Menuitems/mmw_637906313838899091?width=172&amp;height=172
Beef With Cheese,With potatoes and mushroom,25.0,https://images.deliveryhero.io/image/talabat/Menuitems/blob_637444335592918710?width=172&amp;height=172
Meat Chops,,26.0,https://images.deliveryhero.io/image/talabat/Menuitems/blob_637467656695325319?width=172&amp;height=172
Meat Spaghetti,Spaghetti dish with marinated meat.,22.0,https://images.deliveryhero.io/image/talabat/Menuitems/blob_637497736692683270?width=172&amp;height=172
Liver With Onions,,22.0,https://images.deliveryhero.io/image/talabat/Menuitems/blob_637497741502236976?width=172&amp;height=172
Mushroom With Potatoes,,25.0,https://images.deliveryhero.io/image/talabat/Menuitems/blob_637497746497692817?width=172&amp;height=172
Mushroom With Meat,,25.0,https://images.deliveryhero.io/image/talabat/Menuitems/blob_637497749655793826?width=172&amp;height=172
Mushroom With Sour Cream,,25.0,https://images.deliveryhero.io/image/talabat/Menuitems/blob_637497752140146684?width=172&amp;height=172
Mushroom With Potato And Meat,,26.0,https://images.deliveryhero.io/image/talabat/Menuitems/mmw_637906309090190231?width=172&amp;height=172
Fried Sausages With Onion,,20.0,
Beef Steak With Eggs,,22.0,https://images.deliveryhero.io/image/talabat/Menuitems/mmw_637906344953100960?width=172&amp;height=172
Fried Sausages With Egg Tomatoes,,22.0,https://images.deliveryhero.io/image/talabat/Menuitems/mmw_637906349747917123?width=172&amp;height=172
Mixed Cabbage With Vine Leaves And Capsicum,,26.0,https://images.deliveryhero.io/image/talabat/Menuitems/mmw_637906351542698536?width=172&amp;height=172
Fried Tongue With Onion,,28.0,https://images.deliveryhero.io/image/talabat/Menuitems/mmw_637906356255894974?width=172&amp;height=172
Fried Shrimp,"Fresh and plump shrimp, coated in a golden and crispy batter,",35.0,https://images.deliveryhero.io/image/talabat/Menuitems/blob_637442579015637887?width=172&amp;height=172
Fried Fish,"Tender and flaky fish, coated in a light and crispy batter, served with a side of tartar sauce",30.0,https://images.deliveryhero.io/image/talabat/Menuitems/mmw_637906358661294469?width=172&amp;height=172
Fried Meat With Potatoes,,35.0,https://images.deliveryhero.io/image/talabat/Menuitems/mmw_637906354074902392?width=172&amp;height=172
Plov With Rice Meat And Carrot,With meat and carrot. ,25.0,https://images.deliveryhero.io/image/talabat/Menuitems/mmw_637906366592780445?width=172&amp;height=172
Meat Dough With Onion,,25.0,
Fried Chicken,"Crispy, juicy fried chicken.",25.0,https://images.deliveryhero.io/image/talabat/Menuitems/mmw_637906386008243379?width=172&amp;height=172
Fried Quail,,22.0,https://images.deliveryhero.io/image/talabat/Menuitems/mmw_637906380190483661?width=172&amp;height=172
Chakhokhbili,,22.0,
Lintel With Meat And Rice Meal,,22.0,
Rice With Meat And Carrot,,22.0,
Cabbage Stew With Meat,,22.0,
Big Dumpling With Pumpkin,,25.0,
Halisa,,35.0,
Spicy Meat With Rice,,22.0,
Kurutob,,25.0,
Fish Stew With Vegetables,,35.0,
Juja Afsona,,25.0,
Potato Cheese With Meat And Chicken,,20.0,
Chicken Liver,"Made with rich, buttery, and slightly gamey flavor, and a touch of lemon for the ultimate comfort food. It's a perfect meal for lunch or dinner.",22.0,
Fried Dumpling,,18.0,
Meat Bits,,25.0,
Afsona Chicken Cutlet,,25.0,
Hammour,"Succulent and buttery taste of our perfectly grilled hammour, seasoned with blend of herbs and spices",35.0,
Fried Hammour,,35.0,https://images.deliveryhero.io/image/talabat/Menuitems/blob_637442580666193007?width=172&amp;height=172
Beef Cheese With Potato And Mushroom,,25.0,https://images.deliveryhero.io/image/talabat/Menuitems/mmw_637906322291881155?width=172&amp;height=172
Meat Biryani Meal,,26.0,https://images.deliveryhero.io/image/talabat/Menuitems/blob_637441617732760588?width=172&amp;height=172
Chicken Biryani Meal,A complete meal featuring chicken biryani.,24.0,https://images.deliveryhero.io/image/talabat/Menuitems/blob_637441618384046129?width=172&amp;height=172
Fish Biryani Meal,,35.0,https://images.deliveryhero.io/image/talabat/Menuitems/blob_637441658982298278?width=172&amp;height=172
Chicken Kiev Meal,"Orange slices, cucumber slices, vinaigrette, sauce, cabbage salad and french fries. 920 kilocalorie. ",22.0,https://images.deliveryhero.io/image/talabat/Menuitems/blob_637443408170069574?width=172&amp;height=172
Steak Meal,"Alivieh Salad, Green Peas, Orange Slices, Tomato Slices, Sauce, Cabbage Salad And French Fries. 570 Kilo Calorie.",22.0,https://images.deliveryhero.io/image/talabat/Menuitems/blob_637443410010762915?width=172&amp;height=172
Chopped Chicken Breast Meal,"Olivier, tomato slices, fried potatoes, spicy carrot salad and sauce. 840 kilocalorie. ",22.0,https://images.deliveryhero.io/image/talabat/Menuitems/blob_637443433937295308?width=172&amp;height=172
Shashlik Meal,"Onion slices, cucumber slices, vinaigrette, sauce and french fries. 540 kilocalorie. ",22.0,https://images.deliveryhero.io/image/talabat/Menuitems/blob_637443432684620394?width=172&amp;height=172
Meat Cutlet Meal,"Olivieh salad, tomato slices, buckwheat, sauce, spicy carrot salad and French fries. 455 kcalorie.",22.0,https://images.deliveryhero.io/image/talabat/Menuitems/blob_637443419230544451?width=172&amp;height=172
Chicken Tabaka Meal,"Orange slices, vinaigrette, sauce, cabbage salad and french fries. 650 kilocalorie. ",22.0,https://images.deliveryhero.io/image/talabat/Menuitems/blob_637443410628215586?width=172&amp;height=172
Chicken Cutlet Meal,"Cucumber slices, tomato slices, brown buckwheat, mashed potato, cabbage salad and vinaigrette sauce. 385 kcal",22.0,https://images.deliveryhero.io/image/talabat/Menuitems/blob_637443411308373537?width=172&amp;height=172
Fried Fish Meal,"Olivier, cucumber slices, orange slices, sauce, cabbage salad and french fries. 410 kilocalorie. ",22.0,https://images.deliveryhero.io/image/talabat/Menuitems/blob_637443414595614059?width=172&amp;height=172
Lyulya Kebab Meal,"Cauliflower, fried potatoes, peas, tomato slices and sauces. 420 kcalories",22.0,https://images.deliveryhero.io/image/talabat/Menuitems/blob_637443413640454910?width=172&amp;height=172
Manty Meal,"Orange slices, tomato slices, vinaigrette, sauces and spicy carrot salad. 380 kcalorie.",22.0,https://images.deliveryhero.io/image/talabat/Menuitems/blob_637443412585140987?width=172&amp;height=172
Beef Steak With Eggs Meal,"Rice, cauliflower, olivier, cucumber slices, orange slices, sauce and spicy carrot salad. 615 kilocalorie. ",22.0,https://images.deliveryhero.io/image/talabat/Menuitems/blob_637443431437300973?width=172&amp;height=172
Chicken Shawarma Meal,"Alivieh Salad, Tomato Slices, Pickled Cucumber, Sauce And Cabbage Salad. 826 Kilo Calorie.",22.0,https://images.deliveryhero.io/image/talabat/Menuitems/blob_637443405242559449?width=172&amp;height=172
Grilled Kebab,Skewered meat cooked on open flames.,35.0,https://images.deliveryhero.io/image/talabat/Menuitems/blob_637442336381934366?width=172&amp;height=172
Grilled Tikka,,35.0,https://images.deliveryhero.io/image/talabat/Menuitems/blob_637442337604649312?width=172&amp;height=172
Grilled Lamb Chops,"A delicious waffle made with banana batter, often topped with syrup or fresh fruits.",45.0,https://images.deliveryhero.io/image/talabat/Menuitems/blob_637441654903029980?width=172&amp;height=172
Grilled Quail,Grilled sea bass fillet with smoky flavor.,22.0,https://images.deliveryhero.io/image/talabat/Menuitems/blob_637441631585727871?width=172&amp;height=172
Grilled Liver,"Tender liver, expertly seasoned and grilled to perfection",35.0,https://images.deliveryhero.io/image/talabat/Menuitems/blob_637441653039150250?width=172&amp;height=172
Mix Grill Afsona,,45.0,
Mix Grill,"Savor our tantalizing Mix Grill, perfectly seasoned and grilled chicken, beef, and lamb for a delicious and satisfying meal.",45.0,https://images.deliveryhero.io/image/talabat/Menuitems/blob_637441652220528004?width=172&amp;height=172
Grilled Beef Roll,,35.0,https://images.deliveryhero.io/image/talabat/Menuitems/blob_637441639425990342?width=172&amp;height=172
Grilled Chicken Wings,"Succulent and flavorful wings cooked over an open flame, offering a smoky and charred taste.",30.0,https://images.deliveryhero.io/image/talabat/Menuitems/blob_637441633810112203?width=172&amp;height=172
Grilled Chicken Legs,,30.0,https://images.deliveryhero.io/image/talabat/Menuitems/blob_637441633082469015?width=172&amp;height=172
Grilled Vegetables,Assorted vegetables cooked on the grill.,15.0,https://images.deliveryhero.io/image/talabat/Menuitems/blob_637441642443449859?width=172&amp;height=172
Grilled Napoleon,,35.0,
Grilled Shrimp,"Savor our Grilled Shrimp—succulent jumbo shrimp marinated in a harmonious blend of herbs and spices, grilled to perfection, showcasing the ocean's finest treasure with natural sweetness and smoky char.",35.0,https://images.deliveryhero.io/image/talabat/Menuitems/blob_637441628420723709?width=172&amp;height=172
Shish Tawook,"Made with tender chunks of chicken marinated in a blend of spices and yogurt, grilled to perfection.",28.0,https://images.deliveryhero.io/image/talabat/Menuitems/blob_637441645377103526?width=172&amp;height=172
Grilled Arayes,,15.0,https://images.deliveryhero.io/image/talabat/Menuitems/blob_637441646321726853?width=172&amp;height=172
Half Grilled Chicken,"Freshly baked apple pie, with its flaky, buttery crust and warm, cinnamon-spiced filling bursting with juicy, caramelized apples that will have you savoring every bite!",20.0,https://images.deliveryhero.io/image/talabat/Menuitems/blob_637442344297914012?width=172&amp;height=172
Grilled Full Chicken,,36.0,https://images.deliveryhero.io/image/talabat/Menuitems/full_grilled_chicken_637511629348988660.jpg?width=172&amp;height=172
Vegetables Shrimp,,40.0,https://images.deliveryhero.io/image/talabat/Menuitems/blob_637442570256830768?width=172&amp;height=172
Grilled Hammour Fillet,"Grilled hammour fillet, a grilled fillet of hammour fish.",33.0,https://images.deliveryhero.io/image/talabat/Menuitems/blob_637442571602565759?width=172&amp;height=172
Fried Hammour Fillet,,35.0,https://images.deliveryhero.io/image/talabat/Menuitems/blob_637442575047672164?width=172&amp;height=172
King Fish With Rice,,30.0,
Gorchiza,,5.0,https://images.deliveryhero.io/image/talabat/Menuitems/blob_637442382799495055?width=172&amp;height=172
Adjika,,5.0,https://images.deliveryhero.io/image/talabat/Menuitems/blob_637442394321898397?width=172&amp;height=172
Sour Cream,Tangy and creamy condiment made from fermented cream.,5.0,https://images.deliveryhero.io/image/talabat/Menuitems/blob_637442397049003731?width=172&amp;height=172
Mayonnaise,"Elevate your favorite dishes with the creamy and tangy flavor of our mayonnaise, made with the finest ingredients and perfect for adding a delicious twist to any meal.",5.0,https://images.deliveryhero.io/image/talabat/Menuitems/blob_637442398649199647?width=172&amp;height=172
Tomato Sauce,Classic sauce made from tomatoes,5.0,https://images.deliveryhero.io/image/talabat/Menuitems/blob_637442400473939251?width=172&amp;height=172
Ketchup,"Unleash a burst of tangy, tomato goodness with our exquisite ketchup, a tantalizing companion that adds the perfect zing to every bite.",5.0,https://images.deliveryhero.io/image/talabat/Menuitems/blob_637442401877263168?width=172&amp;height=172
Fried Eggs,"Indulge in the simple perfection of Fried Eggs, with their golden yolks and tender whites, creating a satisfying breakfast or versatile addition to any meal.",10.0,https://images.deliveryhero.io/image/talabat/Menuitems/blob_637441606271917492?width=172&amp;height=172
Boiled Sausages,,12.0,https://images.deliveryhero.io/image/talabat/Menuitems/blob_637441605412517194?width=172&amp;height=172
Fried Sausages,,22.0,https://images.deliveryhero.io/image/talabat/Menuitems/blob_637441620410993618?width=172&amp;height=172
Shakshouka,"Eggs poached in a tomato and pepper sauce, seasoned with aromatic spices,",14.0,https://images.deliveryhero.io/image/talabat/Menuitems/blob_637441603872695986?width=172&amp;height=172
Boiled Eggs,"Boiled eggs are simple and versatile, with a firm white and a creamy yolk",13.0,https://images.deliveryhero.io/image/talabat/Menuitems/blob_637441609731759747?width=172&amp;height=172
Sour Cabbage Salad,,16.0,https://images.deliveryhero.io/image/talabat/Menuitems/blob_637441624091886080?width=172&amp;height=172
Russian Salad,"Indulge in the creamy and flavorful combination of our Russian Salad, made with tender boiled potatoes, crisp vegetables, and a tangy dressing, delivering a delicious and satisfying side dish for any meal.",14.0,https://images.deliveryhero.io/image/talabat/Menuitems/blob_637441671385511972?width=172&amp;height=172
Oriental Salad,"Embark on a tantalizing flavor journey with our Oriental Salad—a vibrant medley of crisp greens, crunchy vegetables, and exotic ingredients.",15.0,https://images.deliveryhero.io/image/talabat/Menuitems/blob_637441588196783880?width=172&amp;height=172
Arabic Salad,Made with a mix of fresh vegetables and dressed with lemon juice and olive oil. it's a healthy and delicious option for those looking for a side dish or a light meal.,10.0,https://images.deliveryhero.io/image/talabat/Menuitems/blob_637441669375185087?width=172&amp;height=172
Fried Eggplant With Sauce Salad,,16.0,https://images.deliveryhero.io/image/talabat/Menuitems/blob_637441668652642291?width=172&amp;height=172
Eggplant With Caviar Salad,,16.0,https://images.deliveryhero.io/image/talabat/Menuitems/blob_637441670683881212?width=172&amp;height=172
Eggplant With Meat Salad,,17.0,https://images.deliveryhero.io/image/talabat/Menuitems/blob_637441672407537944?width=172&amp;height=172
Spicy Fish With Vegetable Salad,,17.0,https://images.deliveryhero.io/image/talabat/Menuitems/blob_637441673300849953?width=172&amp;height=172
Herring Potato With Beetroot And Mayonnaise Salad,,18.0,https://images.deliveryhero.io/image/talabat/Menuitems/blob_637441675221242215?width=172&amp;height=172
Spicy Cabbage Salad,,16.0,https://images.deliveryhero.io/image/talabat/Menuitems/blob_637441676180740273?width=172&amp;height=172
Carrot Salad,,16.0,https://images.deliveryhero.io/image/talabat/Menuitems/blob_637441676912396574?width=172&amp;height=172
Fresh Tomato With Cucumber Salad,,16.0,https://images.deliveryhero.io/image/talabat/Menuitems/blob_637441692633745949?width=172&amp;height=172
Green Salad With Yoghurt,,16.0,https://images.deliveryhero.io/image/talabat/Menuitems/blob_637441696589607427?width=172&amp;height=172
Beetroot With Mayonnaise Salad,,16.0,https://images.deliveryhero.io/image/talabat/Menuitems/blob_637441695027184299?width=172&amp;height=172
Fresh Cabbage With Carrot Salad,,16.0,https://images.deliveryhero.io/image/talabat/Menuitems/blob_637441698748929983?width=172&amp;height=172
Samarkand Salad,,18.0,https://images.deliveryhero.io/image/talabat/Menuitems/blob_637441702131981055?width=172&amp;height=172
Miracle Salad,,16.0,https://images.deliveryhero.io/image/talabat/Menuitems/blob_637441709506339342?width=172&amp;height=172
Fantasy Salad,,18.0,https://images.deliveryhero.io/image/talabat/Menuitems/blob_637441725677552186?width=172&amp;height=172
Spring Salad,,18.0,https://images.deliveryhero.io/image/talabat/Menuitems/blob_637497609403396323?width=172&amp;height=172
Meat With Eggs And Cheese Salad,,18.0,https://images.deliveryhero.io/image/talabat/Menuitems/blob_637441726729496766?width=172&amp;height=172
Caesar Salad,"Made with crisp romaine lettuce, croutons, parmesan cheese, and Caesar dressing, it's a simple and delicious salad that is perfect as a side dish or a light meal.",16.0,https://images.deliveryhero.io/image/talabat/Menuitems/blob_637442308394873982?width=172&amp;height=172
Meat With Cucumber And Mushroom Salad,,18.0,https://images.deliveryhero.io/image/talabat/Menuitems/blob_637497613141747059?width=172&amp;height=172
Potato With Carrot Salad,With meat and green peas. ,16.0,https://images.deliveryhero.io/image/talabat/Menuitems/blob_637497614603695780?width=172&amp;height=172
Fruit Salad,"Made with a mix of fresh and seasonal fruits, it's a healthy and delicious option for breakfast, lunch, or a snack and a great way to get your daily dose of vitamins and nutrients.",16.0,https://images.deliveryhero.io/image/talabat/Menuitems/blob_637441711621406569?width=172&amp;height=172
Shrimp Salad,"Succulent shrimp, crisp vegetables, and a zesty dressing.",20.0,https://images.deliveryhero.io/image/talabat/Menuitems/blob_637441715016536346?width=172&amp;height=172
Meat Salad,,18.0,https://images.deliveryhero.io/image/talabat/Menuitems/blob_637441720672960552?width=172&amp;height=172
Love Salad,,16.0,
Lazzat Salad,,18.0,
Greek Salad,"Made with a mix of fresh vegetables such as tomatoes, cucumbers, onions, and feta cheese, it's a healthy and delicious option for those looking for a light meal or a side dish.",18.0,https://images.deliveryhero.io/image/talabat/Menuitems/blob_637441731045160054?width=172&amp;height=172
Spaghetti Salad,,16.0,https://images.deliveryhero.io/image/talabat/Menuitems/blob_637441731997698991?width=172&amp;height=172
Smak Salad,,17.0,https://images.deliveryhero.io/image/talabat/Menuitems/blob_637497635124674822?width=172&amp;height=172
Fresh Tomato With Cucumber And Capsicum Salad,,16.0,https://images.deliveryhero.io/image/talabat/Menuitems/blob_637442329344306958?width=172&amp;height=172
Afsona Salad,,20.0,
Tomato With Cucumber And Marinated Cabbage Salad,,18.0,https://images.deliveryhero.io/image/talabat/Menuitems/blob_637497649662626149?width=172&amp;height=172
Fried Potato With Meat Salad,With beetroot and carrot. French salad francoski salad,20.0,https://images.deliveryhero.io/image/talabat/Menuitems/blob_637497653486904260?width=172&amp;height=172
Assorted Meat Salad,,17.0,https://images.deliveryhero.io/image/talabat/Menuitems/blob_637441733636501835?width=172&amp;height=172
Mimosa Salad,,18.0,https://images.deliveryhero.io/image/talabat/Menuitems/blob_637441755779986287?width=172&amp;height=172
Meat With Potato Carrot And Green Peas Salad,,17.0,https://images.deliveryhero.io/image/talabat/Menuitems/blob_637442326943070463?width=172&amp;height=172
Mushroom Salad,,16.0,https://images.deliveryhero.io/image/talabat/Menuitems/blob_637442322314617494?width=172&amp;height=172
"Potato With Beetroot, Cabbage And Pea Salad",With cabbage and peas. ,16.0,https://images.deliveryhero.io/image/talabat/Menuitems/blob_637442319682794313?width=172&amp;height=172
Marinated Tomato Salad,Salad made with marinated tomatoes.,16.0,https://images.deliveryhero.io/image/talabat/Menuitems/blob_637441736615947749?width=172&amp;height=172
Marinated Cucumber Salad,,16.0,https://images.deliveryhero.io/image/talabat/Menuitems/blob_637441737438316225?width=172&amp;height=172
Meat With Cabbage And Beetroot Soup,,16.0,https://images.deliveryhero.io/image/talabat/Menuitems/blob_637442480781600265?width=172&amp;height=172
Sorrel Soup,,16.0,https://images.deliveryhero.io/image/talabat/Menuitems/blob_637442470600854467?width=172&amp;height=172
Meatball Soup,,16.0,https://images.deliveryhero.io/image/talabat/Menuitems/blob_637442468637615413?width=172&amp;height=172
Assorted Meat Soup,,18.0,https://images.deliveryhero.io/image/talabat/Menuitems/blob_637442467766873533?width=172&amp;height=172
Mushroom Soup,"Treat your taste buds to the rich and earthy flavors of tender mushrooms, herbs, and cream, blended into a creamy and satisfying bowl of warm Mushroom Soup",16.0,https://images.deliveryhero.io/image/talabat/Menuitems/blob_637442465580734314?width=172&amp;height=172
Chicken Soup,"Warm your soul with chunks of chicken and a rich broth, make perfect comfort food for any day ",17.0,https://images.deliveryhero.io/image/talabat/Menuitems/blob_637442467121791510?width=172&amp;height=172
"Laban Up With Egg, Meat And Potato Soup",,16.0,https://images.deliveryhero.io/image/talabat/Menuitems/blob_637442498535328436?width=172&amp;height=172
Lamb Soup,,25.0,https://images.deliveryhero.io/image/talabat/Menuitems/blob_637442473356147815?width=172&amp;height=172
Meat Soup,"classic meat soup that is made with beef, carrots, potatoes and onions",18.0,https://images.deliveryhero.io/image/talabat/Menuitems/blob_637442472625992725?width=172&amp;height=172
Dough In Meat Sauce Soup,,16.0,https://images.deliveryhero.io/image/talabat/Menuitems/blob_637442474694556019?width=172&amp;height=172
Pearl Barley With Marinated Cucumber Soup,,16.0,https://images.deliveryhero.io/image/talabat/Menuitems/blob_637442479334337165?width=172&amp;height=172
Fish Soup,,16.0,https://images.deliveryhero.io/image/talabat/Menuitems/blob_637442481714953159?width=172&amp;height=172
Homemade Noodles With Peas And Meat Soup,,17.0,https://images.deliveryhero.io/image/talabat/Menuitems/blob_637442483904677908?width=172&amp;height=172
Noodles With Chicken Soup,,16.0,https://images.deliveryhero.io/image/talabat/Menuitems/blob_637442485025499893?width=172&amp;height=172
Green Peas With Potato And Meat Soup,,16.0,https://images.deliveryhero.io/image/talabat/Menuitems/blob_637442487654174056?width=172&amp;height=172
Rice Soup,,17.0,https://images.deliveryhero.io/image/talabat/Menuitems/blob_637442486626766695?width=172&amp;height=172
Meat Dumpling Soup,,18.0,https://images.deliveryhero.io/image/talabat/Menuitems/blob_637442489208326249?width=172&amp;height=172
Russia Rice Soup,,16.0,https://images.deliveryhero.io/image/talabat/Menuitems/blob_637442491975013109?width=172&amp;height=172
Shrimp Soup,"Made with plump and juicy shrimp, simmered in a savory and aromatic broth, loaded with fresh vegetables and herbs, delivering a comforting and flavorful bowl of goodness that will soothe your soul.",18.0,https://images.deliveryhero.io/image/talabat/Menuitems/blob_637442493129087335?width=172&amp;height=172
Laban Up With Meat Soup,With eggs and potato. ,16.0,https://images.deliveryhero.io/image/talabat/Menuitems/blob_637442505089964481?width=172&amp;height=172
Jelly Meat Soup,,25.0,https://images.deliveryhero.io/image/talabat/Menuitems/blob_637442502683132962?width=172&amp;height=172
Vegetables With Meat Soup,,16.0,https://images.deliveryhero.io/image/talabat/Menuitems/blob_637442504225729912?width=172&amp;height=172
Korean Noodle Soup,,22.0,https://images.deliveryhero.io/image/talabat/Menuitems/blob_637442514479229732?width=172&amp;height=172
Lentil Soup,"Made with a blend of lentils, vegetables, and spices, it's a healthy and satisfying option.",15.0,https://images.deliveryhero.io/image/talabat/Menuitems/blob_637442511213236247?width=172&amp;height=172
Smoked Sausage Sandwich,,15.0,https://images.deliveryhero.io/image/talabat/Menuitems/blob_637442294906358330?width=172&amp;height=172
Jelly Meat,,17.0,https://images.deliveryhero.io/image/talabat/Menuitems/blob_637442296694581145?width=172&amp;height=172
Assorted Fish,,55.0,https://images.deliveryhero.io/image/talabat/Menuitems/blob_637442297538642553?width=172&amp;height=172
Herring With Potato And Onion,,30.0,https://images.deliveryhero.io/image/talabat/Menuitems/blob_637442298526146095?width=172&amp;height=172
Smoked Sausages,,60.0,https://images.deliveryhero.io/image/talabat/Menuitems/blob_637442299953754178?width=172&amp;height=172
Assorted Meat,,60.0,https://images.deliveryhero.io/image/talabat/Menuitems/blob_637442301531086462?width=172&amp;height=172
Mackerel Fish With Potatoes,,30.0,https://images.deliveryhero.io/image/talabat/Menuitems/blob_637442302425830150?width=172&amp;height=172
Tongue Portion,,25.0,https://images.deliveryhero.io/image/talabat/Menuitems/blob_637442304202355647?width=172&amp;height=172
Whole Tongue,,50.0,https://images.deliveryhero.io/image/talabat/Menuitems/blob_637442303256364546?width=172&amp;height=172
Sprat,,25.0,https://images.deliveryhero.io/image/talabat/Menuitems/blob_637441875757531794?width=172&amp;height=172
Khazi Portion,,30.0,https://images.deliveryhero.io/image/talabat/Menuitems/blob_637441874692010525?width=172&amp;height=172
Whole Khazi,,100.0,https://images.deliveryhero.io/image/talabat/Menuitems/blob_637441874031008723?width=172&amp;height=172
Big Sausage,,100.0,https://images.deliveryhero.io/image/talabat/Menuitems/blob_637443330322830664?width=172&amp;height=172
Smoked Chicken,,50.0,https://images.deliveryhero.io/image/talabat/Menuitems/blob_637441870860637343?width=172&amp;height=172
Hummus,"Made with the freshest ingredients, including chickpeas, tahini and lemon juice, resulting in a creamy and flavorful dip that's perfect for any occasion.",8.0,https://images.deliveryhero.io/image/talabat/Menuitems/blob_637441862168328866?width=172&amp;height=172
Tabbouleh,"Made with finely chopped parsley, tomatoes, and onions, mixed with mint, and a lemon dressing. A perfect blend of flavors and textures, making it a refreshing and healthy side dish or a satisfying light meal.",10.0,https://images.deliveryhero.io/image/talabat/Menuitems/blob_637441872283211574?width=172&amp;height=172
Fattoush,"Made with fresh vegetables, herbs and toasted pita bread. Our Fattoush salad is made with crisp lettuce, tomatoes, cucumbers, onions, parsley and mint, making it a perfect side dish or a satisfying light meal.",10.0,https://images.deliveryhero.io/image/talabat/Menuitems/blob_637441871560208943?width=172&amp;height=172
Uzbek Bread,,4.0,https://images.deliveryhero.io/image/talabat/Menuitems/blob_637441757190795977?width=172&amp;height=172
Shawarma Sandwich,"Made with meat (usually chicken, lamb, or beef), vegetables, and a variety of sauces and spices.",15.0,https://images.deliveryhero.io/image/talabat/Menuitems/blob_637442355324310045?width=172&amp;height=172
Samarkand Samosa,,8.0,https://images.deliveryhero.io/image/talabat/Menuitems/blob_637441766450036986?width=172&amp;height=172
Pumpkin Samosa,,8.0,https://images.deliveryhero.io/image/talabat/Menuitems/blob_637441767515851865?width=172&amp;height=172
Sour Cream Pancake,,14.0,https://images.deliveryhero.io/image/talabat/Menuitems/blob_637441770041094677?width=172&amp;height=172
Black Bread,,15.0,https://images.deliveryhero.io/image/talabat/Menuitems/blob_637441773626547163?width=172&amp;height=172
Cottage Cheese Pancake,,14.0,https://images.deliveryhero.io/image/talabat/Menuitems/blob_637441775315496592?width=172&amp;height=172
Beef Pancake,,14.0,https://images.deliveryhero.io/image/talabat/Menuitems/blob_637441823971124836?width=172&amp;height=172
Patir,,8.0,https://images.deliveryhero.io/image/talabat/Menuitems/blob_637441825364843998?width=172&amp;height=172
Condensed Milk Pancake,,14.0,https://images.deliveryhero.io/image/talabat/Menuitems/blob_637441826510317146?width=172&amp;height=172
Meat Pasty,,8.0,https://images.deliveryhero.io/image/talabat/Menuitems/blob_637441829277667012?width=172&amp;height=172
Meat Pies,,8.0,https://images.deliveryhero.io/image/talabat/Menuitems/blob_637441830327076800?width=172&amp;height=172
Potatoes Pies,,8.0,https://images.deliveryhero.io/image/talabat/Menuitems/blob_637442346660815210?width=172&amp;height=172
Cabbage Pies,,8.0,https://images.deliveryhero.io/image/talabat/Menuitems/blob_637441845399333895?width=172&amp;height=172
French Fries,"Fried to a golden crisp perfection and perfectly seasoned, perfect accompaniment to any meal.",10.0,https://images.deliveryhero.io/image/talabat/Menuitems/blob_637441850124563286?width=172&amp;height=172
Boiled Rice,,10.0,https://images.deliveryhero.io/image/talabat/Menuitems/blob_637442359917568109?width=172&amp;height=172
Buckwheat,,10.0,https://images.deliveryhero.io/image/talabat/Menuitems/blob_637441850772061216?width=172&amp;height=172
Braised Cabbage,,10.0,https://images.deliveryhero.io/image/talabat/Menuitems/blob_637442361438800503?width=172&amp;height=172
Macaroni,"Macaroni, a classic pasta shape.",8.0,https://images.deliveryhero.io/image/talabat/Menuitems/blob_637442367331543740?width=172&amp;height=172
Spaghetti,"A long, thin, cylindrical pasta that is a staple of Italian cuisine.",8.0,https://images.deliveryhero.io/image/talabat/Menuitems/blob_637441848263775979?width=172&amp;height=172
Mashed Potato,"Experience our Mashed Potato, featuring smooth and fluffy potatoes, whipped with creamy butter and rich milk, creating a luscious side dish that will complement any meal.",10.0,https://images.deliveryhero.io/image/talabat/Menuitems/blob_637441847510302316?width=172&amp;height=172
Pearl Barley,,10.0,https://images.deliveryhero.io/image/talabat/Menuitems/blob_637441846190507430?width=172&amp;height=172
Potato With Onion,,14.0,https://images.deliveryhero.io/image/talabat/Menuitems/blob_637441846800971721?width=172&amp;height=172
Fruit Juice,,15.0,https://images.deliveryhero.io/image/talabat/Menuitems/blob_637442415583130553?width=172&amp;height=172
Fruit Juice With Hibiscus Compote,,12.0,https://images.deliveryhero.io/image/talabat/Menuitems/blob_637442425695286448?width=172&amp;height=172
Cake Napoleon,,12.0,https://images.deliveryhero.io/image/talabat/Menuitems/blob_637441861337095729?width=172&amp;height=172
Honey Cake,"Experience the sweet, warm flavors of home with our Honey Cake, crafted with layers of tender sponge cake infused with the aromatic richness of honey and spices, for a comforting indulgence that will transport you to a cozy autumn day.",12.0,https://images.deliveryhero.io/image/talabat/Menuitems/blob_637442432663843310?width=172&amp;height=172
Chocolate Cake,"Experience a rich moist chocolate cake, with layers of moist sponge and chocolate frosting, a perfect way to celebrate your big day.",12.0,https://images.deliveryhero.io/image/talabat/Menuitems/blob_637442427538197646?width=172&amp;height=172
Ice Cream Vanilla,"frozen dessert made with cream, milk, sugar, and vanilla extract.",10.0,https://images.deliveryhero.io/image/talabat/Menuitems/blob_637442434072932758?width=172&amp;height=172
Apple Juice,Made with a blend of juicy apples,12.0,https://images.deliveryhero.io/image/talabat/Menuitems/blob_637442445210915348?width=172&amp;height=172
Plums Juice,Juice made from plums.,14.0,https://images.deliveryhero.io/image/talabat/Menuitems/blob_637442450272360565?width=172&amp;height=172
Orange Juice,"Made capturing all the natural sweetness and tangy citrus flavor. Packed with Vitamin C, it's the perfect thirst quencher and a healthy addition to your daily diet.",10.0,https://images.deliveryhero.io/image/talabat/Menuitems/blob_637442446663978946?width=172&amp;height=172
Pomegranate Juice,"Made from carefully selected, ripe pomegranates, it's a perfect balance of sweet and tangy that's packed with antioxidants, making it a healthy and delicious drink option.",12.0,https://images.deliveryhero.io/image/talabat/Menuitems/blob_637442448822189168?width=172&amp;height=172
Banana Juice,"Made with bananas and a touch of milk, it's a healthy and delicious alternative to other sugary drinks and perfect for breakfast or anytime you want something sweet.",10.0,https://images.deliveryhero.io/image/talabat/Menuitems/blob_637442452265408003?width=172&amp;height=172
Grapes Juice,"Indulge in the luscious ambrosia of our Grapes Juice, a delightful elixir crafted from plump, sun-ripened grapes, offering a burst of sweet, refreshing flavors that will invigorate your senses.",16.0,https://images.deliveryhero.io/image/talabat/Menuitems/blob_637442453485721736?width=172&amp;height=172
Strawberry,Indulge in the sweet and juicy burst of flavor with every bite of our plump and ripe strawberries,20.0,https://images.deliveryhero.io/image/talabat/Menuitems/blob_637442450960952459?width=172&amp;height=172
Cherry,A small and sweet fruit with a bright red color.,20.0,
Watermelon Juice,Refreshing and hydrating beverage made from freshly squeezed watermelon. It is a natural source of vitamins and minerals,10.0,https://images.deliveryhero.io/image/talabat/Menuitems/blob_637442443687397376?width=172&amp;height=172
Foul,"Combination of slow-cooked fava beans, garlic, lemon and spices, It's clasic dip  that is perfect as a side dish",12.0,https://images.deliveryhero.io/image/talabat/Menuitems/blob_637441691377789346?width=172&amp;height=172
Boiled Eggs,"Boiled eggs are simple and versatile, with a firm white and a creamy yolk",13.0,https://images.deliveryhero.io/image/talabat/Menuitems/blob_637441690775679901?width=172&amp;height=172
Fried Liver,Liver that has been fried until crispy.,22.0,https://images.deliveryhero.io/image/talabat/Menuitems/blob_637441687518924859?width=172&amp;height=172
Meat Hummus,A combination of creamy hummus topped with seasoned meat.,18.0,https://images.deliveryhero.io/image/talabat/Menuitems/blob_637441686912339735?width=172&amp;height=172
Vine Leaves,Add a touch of Mediterranean flavor to your meals with our delicious Vine Leaves.,22.0,https://images.deliveryhero.io/image/talabat/Menuitems/blob_637442292386605381?width=172&amp;height=172
