item_name,item_description,item_price,item_image
Momo Steamed Chicken,,18.95,https://images.deliveryhero.io/image/talabat/Menuitems/MomoSteamedChicken_063638076810264732069.jpg?width=172&amp;height=172
Momo Steamed Veg,"Steamed vegetable momo's with authentic momo chilli dip, juicy, savory",18.75,
Momo Fried Chicken,,20.95,https://images.deliveryhero.io/image/talabat/Menuitems/MomoFriedChicken_034638076810280535283.jpg?width=172&amp;height=172
Chicken Chilly Garlic Noodles,,25.75,https://images.deliveryhero.io/image/talabat/Menuitems/ChickenChillyGarlicNoodle638076810257539388.jpg?width=172&amp;height=172
Saver Combo Meal,"1 Entrée with a choice of 1 fried rice or chowmein noodles, with 1 drink ",28.95,
Momo Steamed Chicken,,18.95,https://images.deliveryhero.io/image/talabat/Menuitems/MomoSteamedChicken_063638076810264732069.jpg?width=172&amp;height=172
Momo Fried Chicken,,20.95,https://images.deliveryhero.io/image/talabat/Menuitems/MomoFriedChicken_034638076810280535283.jpg?width=172&amp;height=172
Momo Steamed Beef With Chilli Dip,"Steamed beef momo's with authentic momo chilli dip, juicy, savory",19.85,https://images.deliveryhero.io/image/talabat/Menuitems/mmw_638242161492153147?width=172&amp;height=172
Momo Fried Beef,"Fried Beef momo's with authentic momo chilli dip, golden and crispy, juicy, savory",21.85,
Momo Steamed Veg,"Steamed vegetable momo's with authentic momo chilli dip, juicy, savory",18.75,
Momo Fried Veg,"Fried vegetable momo's with authentic momo chilli dip, golden, crispy, juicy and savory",20.85,
Sharing Asian Garlic Wings Combo,"Celebrate occasions with delicious, savory, garlic flavor. 15 wings, sharing fries, 2 drinks.",49.0,https://images.deliveryhero.io/image/talabat/Menuitems/mmw_638234579196812383?width=172&amp;height=172
Chicken Sha’falay,,12.75,
Beef Sha’falay,,12.95,
Veg Sha’falay,,12.0,
Hot Garlic Chicken Fried Rice,,25.15,https://images.deliveryhero.io/image/talabat/Menuitems/HotGarlicChickenFriedRice638076810241201917.jpg?width=172&amp;height=172
Chicken Fried Rice,"Made with tender chicken, mixed with freshly cooked basmati rice, and stir-fried with a variety of vegetables and spices, it's a perfect meal for lunch or dinner, and a great alternative to traditional plain rice.",24.5,
Chicken Sichuan Fried Rice,,25.75,
Beef Sichuan Fried Rice,,26.75,https://images.deliveryhero.io/image/talabat/Menuitems/BeefSichuanFriedRice_022638076810235642487.jpg?width=172&amp;height=172
Beef Fried Rice,"Indulge in our beef fried rice, loaded with succulent beef, stir-fried rice, and a perfect blend of rich soy sauce, fragrant garlic for a flavorful and satisfying meal!",26.0,
Veg Fried Rice,"Delight in the aromatic allure of our Veg Fried Rice, a tantalizing blend of fluffy rice, vibrant vegetables, and a medley of aromatic spices, delivering a mouthwatering dish that will transport your taste buds to culinary paradise.",24.5,
Veg Sichuan Fried Rice,,24.95,
Chicken Chowmein,Stir-fried noodles with seasoned chicken and vegetables.,23.5,
Chicken Chilly Garlic Noodles,,25.75,https://images.deliveryhero.io/image/talabat/Menuitems/ChickenChillyGarlicNoodle638076810257539388.jpg?width=172&amp;height=172
Chicken Sichuan,,25.35,
Beef Chowmein,,26.0,
Beef Chilly Garlic Noodles,,26.75,
Beef Sichuan Noodles,,27.3,https://images.deliveryhero.io/image/talabat/Menuitems/BeefSichuanNoodles_05638076810197155336.jpg?width=172&amp;height=172
Veg Chowmein,,20.0,
Sichuan Veg Noodles,,21.95,
American Chop Suey,"A Chinese-inspired dish consisting of noodles, vegetables, and meat in a savory sauce.",24.0,https://images.deliveryhero.io/image/talabat/Menuitems/AmericanChopSuey_05638076810221318469.jpg?width=172&amp;height=172
Satay Chicken With Garden Vegetables Mild,,21.0,
Keongs Ginger Chicken,,23.5,https://images.deliveryhero.io/image/talabat/Menuitems/KeongsGingerChicken_18638076810266775747.jpg?width=172&amp;height=172
Sichuan Chicken With Peanuts and Dry Chilly,,25.0,https://images.deliveryhero.io/image/talabat/Menuitems/SichuanChickenWithPeanuts638076810281156272.jpg?width=172&amp;height=172
Sandong Chicken Spicy With Vegetables,,25.15,https://images.deliveryhero.io/image/talabat/Menuitems/SandongChickenSpicyWithVe638076810285179223.jpg?width=172&amp;height=172
Sichuan Chicken Spicy Capsicum and Vegetables,,24.5,
Basil Chicken,,24.0,
General Tao'z Chicken,,25.5,https://images.deliveryhero.io/image/talabat/Menuitems/GeneralTaozChicken_25638076810221980833.jpg?width=172&amp;height=172
Tsing Hoi Chicken,,24.0,https://images.deliveryhero.io/image/talabat/Menuitems/TsingHoiChicken_32638076810275227226.jpg?width=172&amp;height=172
Chicken Chilly,Spicy and savory chicken dish.,23.5,https://images.deliveryhero.io/image/talabat/Menuitems/ChickenChilly_11638076810254557661.jpg?width=172&amp;height=172
Sweet and Spicy Crispy Chicken,,24.5,https://images.deliveryhero.io/image/talabat/Menuitems/SweetAndSpicyCrispyChicke638076810275930454.jpg?width=172&amp;height=172
Beef Chilli,Spicy beef dish with a kick of chili flavor.,24.0,
Crispy Veg Koenjee,,23.5,https://images.deliveryhero.io/image/talabat/Menuitems/CrispyVegKoenjee_15638076810281027395.jpg?width=172&amp;height=172
Stirred Fried Mushroom In Ginger Chilly,,23.0,
Chicken Soup Noodles,,25.0,https://images.deliveryhero.io/image/talabat/Menuitems/ChickenSoupNoodles_11638076810286179691.jpg?width=172&amp;height=172
Beef Soup Noodles,,27.5,https://images.deliveryhero.io/image/talabat/Menuitems/BeefSoupNoodles_23638076810254574540.jpg?width=172&amp;height=172
Chicken Gyathuk,,25.5,https://images.deliveryhero.io/image/talabat/Menuitems/ChickenGyathuk_07638076810285184639.jpg?width=172&amp;height=172
Beef Gyathuk,,28.25,https://images.deliveryhero.io/image/talabat/Menuitems/BeefGyathuk_05638076810270318027.jpg?width=172&amp;height=172
Spicy Potato,"Indulge in our Spicy Potato delight, boasting perfectly seasoned, crispy potatoes with a fiery kick, delivering explosive flavors that will keep you craving this irresistible snack.",12.95,
Chicken Friends Meal,"Good for 2 up to 4, 20 Pcs and drink",35.95,
Veg Friends Meal,"Good for 2 up to 4, 20 Pcs and drink",35.0,
Beef Friends Meal,"Good for 2 up to 4, 20 Pcs and drink",38.75,
Mix Friends Meal,"Good for 2 up to 4, 20 Pcs and drink",38.95,
Saver Combo Meal,"1 Entrée with a choice of 1 fried rice or chowmein noodles, with 1 drink ",28.95,
Darjeelings Combo Meal,"2 Entrée with a choice of fried rice, noodles, 1 drink and served with prawn crackers",35.75,
Diet Pepsi,Carbonated soft drink with zero sugar & zero calories,4.0,
7 Up,Non-caffeinated soft drink,4.0,
Mountain Dew,"The original citrus-flavored soft drink with a bold and daring taste. With high caffeine content and a unique combination of flavors, it's the perfect choice for those who want to fuel their adrenaline and thirst in one shot.",4.0,
Mirinda,Carbonated soft drink,4.0,
Mineral Water,Stay hydrated and refreshed with our mineral water. ,3.25,
4 Pieces Momo,,8.95,
Chutney,"blended herbs, spices, and fruits",1.5,
