item_name,item_description,item_price,item_image
Shahi Non Veg Thali,,45.0,https://images.deliveryhero.io/image/talabat/Menuitems/Shahi_NonVeg_Thali638043869494919106.jpg?width=172&amp;height=172
Classic Chicken Tikka Masala,,40.0,
Taka Tak Paneer,,38.0,https://images.deliveryhero.io/image/talabat/Menuitems/Paneer_Taka_Tak638043866793181651.jpg?width=172&amp;height=172
Shahi Veg Thali,,45.0,https://images.deliveryhero.io/image/talabat/Menuitems/Shahi_Veg_Thali638043869713008027.jpg?width=172&amp;height=172
Chicken Tikka Biryani,"Experience our chicken tikka biryani, made with tender pieces of marinated chicken, fluffy basmati rice, and a mouthwatering blend of spices that will tantalize your taste buds with every forkful.",45.0,
Jodhpuri Mirchi Vada,,34.0,
Bhutte Matar Ki Tikki Aam papad chutney,,30.0,
Malai Broccoli,,30.0,
Bharwan Paneer Tikka,,34.0,
Malai Soya Chaap,,35.0,https://images.deliveryhero.io/image/talabat/Menuitems/Malai_Soya_Chaap638043863697741178.jpg?width=172&amp;height=172
Dahi ke Kabab,,34.0,https://images.deliveryhero.io/image/talabat/Menuitems/Dahi_kebab_3_x_2638043872204851220.jpg?width=172&amp;height=172
Moradabadi Sabzi Seekh,,34.0,https://images.deliveryhero.io/image/talabat/Menuitems/Moradabadi_Subz_Seekh638043865091583378.jpg?width=172&amp;height=172
Assorted Veg Platter ,,70.0,https://images.deliveryhero.io/image/talabat/Menuitems/Veg_Platter638043870033209225.jpg?width=172&amp;height=172
Surkh Bihari Boti,,34.0,https://images.deliveryhero.io/image/talabat/Menuitems/Bihari_boti_3_x_2638043871068982386.jpg?width=172&amp;height=172
Dhaba Tandoori Chicken - Half,,40.0,
Dhaba Tandoori Chicken - Full,,60.0,
Murgh Malai Tikka,,38.0,
Desi Chicken Tikka,,32.0,https://images.deliveryhero.io/image/talabat/Menuitems/Desi_Chicken_Tikka638043860423332821.jpg?width=172&amp;height=172
Angara Chicken,,36.0,
Banjara Chicken Kebeb,,38.0,
Lahori Chicken Seekh,,40.0,https://images.deliveryhero.io/image/talabat/Menuitems/Lahori_Chicken_Seekh638043863184904112.jpg?width=172&amp;height=172
Mutton Galouti Kebab,,48.0,
Pudina Seekh,,42.0,
Amritsari Fish Fry,,36.0,https://images.deliveryhero.io/image/talabat/Menuitems/Amritsari_Fish_Fry638043858507403868.jpg?width=172&amp;height=172
Lehsuni Fish Tikka,,38.0,https://images.deliveryhero.io/image/talabat/Menuitems/Lasuni_Fish_Tikka638043863472905033.jpg?width=172&amp;height=172
Tandoori Jhinga,,55.0,https://images.deliveryhero.io/image/talabat/Menuitems/Tandoori_Prawn638043869793278746.jpg?width=172&amp;height=172
Assorted Non Veg Platter,,80.0,https://images.deliveryhero.io/image/talabat/Menuitems/Non_Veg_Platter638043866090800726.jpg?width=172&amp;height=172
Punjabi Kadi Pakora Combo,,30.0,
Martban Chole Combo,,32.0,
Classic Chicken Tikka Masala Combo,,32.0,
Mutton Rogini Combo,,34.0,https://images.deliveryhero.io/image/talabat/Menuitems/Mutton_Rogini_Combo638043865908056333.jpg?width=172&amp;height=172
Keema with Bun Maska Combo,,32.0,
Dum Chicken Biryani Combo,,30.0,
Mutton Biryani Combo,,34.0,
Sarson Da Saag Makki Roti Combo,,32.0,
Rajma Chawal Combo,,30.0,
Pindi Chola Rice Combo,,32.0,
Dhaba Chicken Curry Combo,,32.0,
Desi Malai kofta,,40.0,
Tawa Paneer Bhurjee,,36.0,https://images.deliveryhero.io/image/talabat/Menuitems/Tawa_Paneer_Bhurjee638043869926755687.jpg?width=172&amp;height=172
Kadhai Paneer,Spicy paneer curry.,38.0,
Kadhai Chaap Masala,,32.0,
Martban ke Chole,,28.0,https://images.deliveryhero.io/image/talabat/Menuitems/Martban_ke_Chole638043863800928160.jpg?width=172&amp;height=172
Rajma Masala,North Indian dish made with kidney beans in a spiced tomato gravy.,25.0,https://images.deliveryhero.io/image/talabat/Menuitems/Rajmah_Masala638043867750481561.jpg?width=172&amp;height=172
Dal Dhaba Double Tadka,,28.0,
Paneer Makhanwala,Creamy and rich paneer (Indian cheese) curry.,38.0,
Monsoon Veggie,,28.0,
Dabawala Pav Bhaji,,28.0,https://images.deliveryhero.io/image/talabat/Menuitems/Dabawala_Pav_Bhaji638043859680359601.jpg?width=172&amp;height=172
Sarson Da Saag,,30.0,https://images.deliveryhero.io/image/talabat/Menuitems/SarsonDaSaag638043869084191028.jpg?width=172&amp;height=172
Paneer Makhini,,38.0,https://images.deliveryhero.io/image/talabat/Menuitems/Paneer_Makhini638043866520035637.jpg?width=172&amp;height=172
Taka Tak Paneer,,38.0,https://images.deliveryhero.io/image/talabat/Menuitems/Paneer_Taka_Tak638043866793181651.jpg?width=172&amp;height=172
Amritsari Palak wadi,,38.0,https://images.deliveryhero.io/image/talabat/Menuitems/Amritsari_Palak_Wadi638043858578153733.jpg?width=172&amp;height=172
Aloo Gobi Adraki,,30.0,https://images.deliveryhero.io/image/talabat/Menuitems/Aloo_Gobhi_Adraki638043858250504177.jpg?width=172&amp;height=172
Baigan Da Bharta,,30.0,https://images.deliveryhero.io/image/talabat/Menuitems/Baingan_bharta_4_x_5638043858846016567.jpg?width=172&amp;height=172
Punjabi Kadi Pakora,,28.0,
Vilayti Anda Bhurjee,,36.0,https://images.deliveryhero.io/image/talabat/Menuitems/Vilayti_Anda_Bhurjee638043870137768475.jpg?width=172&amp;height=172
Old Style Butter Chicken - Boneless,,40.0,
Old Style Butter Chicken - With Bone,,45.0,
Kukkad Cooker Curry,,38.0,
Peshwari Murg Kadhai,,38.0,https://images.deliveryhero.io/image/talabat/Menuitems/Peshwari_Murg_Kadhai638043866886219241.jpg?width=172&amp;height=172
Khurchan Chicken,,40.0,https://images.deliveryhero.io/image/talabat/Menuitems/Khurchan_Chicken638043857899893296.jpg?width=172&amp;height=172
Methi Murgh,,40.0,https://images.deliveryhero.io/image/talabat/Menuitems/Methi_Murgh638043863902871243.jpg?width=172&amp;height=172
Classic Chicken Tikka Masala,,40.0,
Gosht Roganjosh,,45.0,
Mutton Rara,Mutton dish cooked with a combination of spices and minced meat.,45.0,https://images.deliveryhero.io/image/talabat/Menuitems/Mutton_rara_4_x_5638043865818652880.jpg?width=172&amp;height=172
Saag Gosht,,48.0,https://images.deliveryhero.io/image/talabat/Menuitems/Saag_Gosht638043868926839372.jpg?width=172&amp;height=172
Mast Keema Wala Chaap,,50.0,
Bhuna Gosht,Spicy and flavorful Indian dish of sautéed and simmered meat.,45.0,
Kadhai Macchi ,,42.0,
Dal Makhan Maar Ke,,32.0,https://images.deliveryhero.io/image/talabat/Menuitems/Dal_Makhan_Mar_Ke638043859970694835.jpg?width=172&amp;height=172
Dal Amritsari,,30.0,https://images.deliveryhero.io/image/talabat/Menuitems/Dal_Panchmal638043860118743083.jpg?width=172&amp;height=172
Plain Roti,Thin flatbread without any added flavors.,4.0,https://images.deliveryhero.io/image/talabat/Menuitems/Roti_Plain_Butter638043868628869470.jpg?width=172&amp;height=172
Lasooni Naan,,8.0,
Butter Roti,"Delight in the warm and buttery goodness of our Butter Roti, a delectable Indian bread that effortlessly complements any dish, adding a touch of comfort and satisfaction to your meal.",5.0,https://images.deliveryhero.io/image/talabat/Menuitems/Roti_Plain_Butter638043868602093276.jpg?width=172&amp;height=172
Plain Naan,"Indulge in the warm and pillowy goodness of our freshly baked Plain Naan, brushed with melted butter and sprinkled with fragrant herbs, creating the perfect accompaniment to any savory dish.",6.0,
Butter Naan,"Savor the warm, buttery goodness of our fluffy Butter Naan.",8.0,
Garlic Naan,"Enjoy our fluffy Garlic Naan, with bold garlic flavor, the perfect side for any meal.",8.0,
Lachha Parantha,,8.0,https://images.deliveryhero.io/image/talabat/Menuitems/LachaParatha638043862774848514.jpg?width=172&amp;height=172
Missi Roti,"A flavorful Indian bread made with a mix of whole wheat flour, spices, and gram flour.",8.0,
Mirch Pyaz ka Parantha,,8.0,https://images.deliveryhero.io/image/talabat/Menuitems/MirchPyaazParatha638043864552982172.jpg?width=172&amp;height=172
Makkai Roti,,8.0,
Lal Mirch Parantha,,8.0,
Pudina Parantha,,8.0,
Peshawari Naan,,10.0,
Aloo Amritsari Kulcha,,10.0,
Cheese Amritsari Kulcha,,14.0,https://images.deliveryhero.io/image/talabat/Menuitems/Kulcha__Cheese_Paneer_Kee638043862368754060.jpg?width=172&amp;height=172
Paneer Amritsari Kulcha,,14.0,https://images.deliveryhero.io/image/talabat/Menuitems/Kulcha__Cheese_Paneer_Kee638043872991701142.jpg?width=172&amp;height=172
Keema Amritsari Kulcha,,16.0,https://images.deliveryhero.io/image/talabat/Menuitems/Kulcha__Cheese_Paneer_Kee638043873159597838.jpg?width=172&amp;height=172
Dhaba Bread Basket,,30.0,https://images.deliveryhero.io/image/talabat/Menuitems/DhababreadBasket638043861287615297.jpg?width=172&amp;height=172
Purani Dilli Ke Papdi Chaat,,22.0,
Dum Biryani Rice,,18.0,
Jeera Rice,"Jeera Rice, made using premium basmati rice, fragrant cumin, and a blend of traditional spices.",16.0,
Masala Khichdi,,28.0,
Basmati Chawal,,14.0,
Tarkari Masaledar Biryani,,34.0,
Dum Chicken Biryani,,42.0,https://images.deliveryhero.io/image/talabat/Menuitems/Dum_Chicken_Biryani638043861585293620.jpg?width=172&amp;height=172
Chicken Tikka Biryani,"Experience our chicken tikka biryani, made with tender pieces of marinated chicken, fluffy basmati rice, and a mouthwatering blend of spices that will tantalize your taste buds with every forkful.",45.0,
Mutton Biryani,Made with juicy and tender mutton pieces marinated in special spice mix with fragrant rice,48.0,https://images.deliveryhero.io/image/talabat/Menuitems/Mutton_Biryani638043865675727775.jpg?width=172&amp;height=172
Prawns Biryani ,"Made with aromatic spices, juicy prawns, and fragrant basmati rice",50.0,
Shahi Veg Thali,,45.0,https://images.deliveryhero.io/image/talabat/Menuitems/Shahi_Veg_Thali638043869713008027.jpg?width=172&amp;height=172
Punjabi Thali Veg,,32.0,https://images.deliveryhero.io/image/talabat/Menuitems/Punjabi_Thali_Veg638043867496216604.jpg?width=172&amp;height=172
Shahi Non Veg Thali,,45.0,https://images.deliveryhero.io/image/talabat/Menuitems/Shahi_NonVeg_Thali638043869494919106.jpg?width=172&amp;height=172
Punjabi Non Veg Thali,,34.0,https://images.deliveryhero.io/image/talabat/Menuitems/Punjabi_NonVeg_Thali638043867086104444.jpg?width=172&amp;height=172
Kache Papaya Peanut Salad,,22.0,
Fresh Green Salad,"include vegetables, such as tomatoes, cucumbers, carrots, and onions.",16.0,
Boondi Raita,"Creamy Boondi Raita, crispy boondi (gram flour pearls) mixed with yogurt and aromatic spices.",10.0,https://images.deliveryhero.io/image/talabat/Menuitems/BOONDI_RAITA_min638043859526286405.jpg?width=172&amp;height=172
Mixed Veggie Raita,,10.0,https://images.deliveryhero.io/image/talabat/Menuitems/MIX_VEGGIE_RAITA638043864789088003.jpg?width=172&amp;height=172
Pineapple Raita,Yogurt-based side dish with pineapple chunks.,12.0,
Chenna Cheese Cake,,20.0,
Shahi Rasmalai,,20.0,
Shahadi Jamun,,18.0,https://images.deliveryhero.io/image/talabat/Menuitems/Shahadi_Jamun638043869331837226.jpg?width=172&amp;height=172
Zauk E Shahi,,22.0,
Moong Dal Halwa,Dessert made with moong dal mung beans.,20.0,
Dessert Platter,,30.0,
Mineral Water,Mineral water,0.0,
Coca Cola - 330 ml,,7.0,https://images.deliveryhero.io/image/talabat/Menuitems/CocaCola638043885474221241.jpg?width=172&amp;height=172
Sprite - 330 ml,,7.0,https://images.deliveryhero.io/image/talabat/Menuitems/Sprite638043885107503059.jpg?width=172&amp;height=172
Fanta Orange - 330 ml,,7.0,https://images.deliveryhero.io/image/talabat/Menuitems/Fanta_Orange638043886137190673.jpg?width=172&amp;height=172
Diet Coke,Carbonated soft drink with zero sugar & zero calories,7.0,https://images.deliveryhero.io/image/talabat/Menuitems/DIETCOKE_800_600638043886154105089.jpg?width=172&amp;height=172
Thums Up  - 330 ml,,7.0,
