item_name,item_description,item_price,item_image
Flame Grilled Chicken Tikka,"Tender, charcoal grilled, flame cooked succulent pieces of chicken tikka, served with fresh salad, our signature sauces on our famous naan, or add fries and we ain't judging. 5 pieces of chicken per portion",60.0,https://images.deliveryhero.io/image/talabat/Menuitems/The_BBQ__Flame_Grilled_Ch638193136983445575.jpg?width=172&amp;height=172
The Classic Pitta,"Our classic donner served with fresh salad and our signature sauces in pitta, just choose your favourite donner meat and salad and enjoy, option, 'cos life would be boring otherwise",48.0,https://images.deliveryhero.io/image/talabat/Menuitems/The_Pitta__The_Classic638193133654746932.jpg?width=172&amp;height=172
Chef's Special Peri Peri Fries,"Our classic fries mixed in our chef's special sauce, adding an oomph and a bit of spice.",18.0,https://images.deliveryhero.io/image/talabat/Menuitems/The_Sides__Chefs_Special_638193313856322782.jpg?width=172&amp;height=172
Fries,Our classic plain fries.,10.0,https://images.deliveryhero.io/image/talabat/Menuitems/The_Sides__Fries638193306931521827.jpg?width=172&amp;height=172
The Classic Wrap,"Our classic donner, with fresh salad and our signature sauces in our freshly made wrap, choose your meat, add some fries and heat (if you dare!)",48.0,https://images.deliveryhero.io/image/talabat/Menuitems/The_Wrap__The_Classic638193132705135125.jpg?width=172&amp;height=172
The Classic Box,"The classic box for one, our classic donner box is layered with classic donner, fries, salad and our signature sauce, upgrading? Make it larger, or add some spice and go peri-peri on your fries, go on, you know you want to",48.0,https://images.deliveryhero.io/image/talabat/Menuitems/The_Box__The_classic638193136164872820.jpg?width=172&amp;height=172
The Chef's Special Box,"Our signature donner sizzled on a griddle with onions & capsicum and cooked in a spicy sauce, served in our bestseller box for one, our special donner box is layered with succulent, spicy donner, fries, salad and our signature sauces, upgrading, make it larger, or add some spice and go peri-peri on your fries go on you know you want to",58.0,https://images.deliveryhero.io/image/talabat/Menuitems/The_Box__The_chefs_specil638193136198620792.jpg?width=172&amp;height=172
The Classic Wrap,"Our classic donner, with fresh salad and our signature sauces in our freshly made wrap, choose your meat, add some fries and heat (if you dare!)",48.0,https://images.deliveryhero.io/image/talabat/Menuitems/The_Wrap__The_Classic638193132705135125.jpg?width=172&amp;height=172
The Chef's Special Wrap,"Our signature donner sizzled on griddle with onions and capsicum and cooked in spicy sauce, served with fresh salad and our signature sauces in our freshly made wrap, perfect with side of fries, or 2, or even 3.",58.0,https://images.deliveryhero.io/image/talabat/Menuitems/The_Wrap__The_chefs_speci638193488795774332.jpg?width=172&amp;height=172
The Classic Pitta,"Our classic donner served with fresh salad and our signature sauces in pitta, just choose your favourite donner meat and salad and enjoy, option, 'cos life would be boring otherwise",48.0,https://images.deliveryhero.io/image/talabat/Menuitems/The_Pitta__The_Classic638193133654746932.jpg?width=172&amp;height=172
The Chef's Special Pitta,"Our signature donner sizzled on a griddle with onions, capsicum, cooked in a spicy sauce. served with fresh salad, our signature sauces in pitta, feeling fancy and add some fiery fries and you won't regret it.",58.0,https://images.deliveryhero.io/image/talabat/Menuitems/The_Pitta__The_Chefs_Spec638193133714632039.jpg?width=172&amp;height=172
The Classic Naan,"Our classic donner served with salad and our signature sauces on our incredibly soft, stone baked naan, that everyone's talkin' about, choose your meat, upgrade your portion, add fries with some peri-peri heat, the choice is yours",48.0,https://images.deliveryhero.io/image/talabat/Menuitems/The_Naan__The_Classic638193489633758326.jpg?width=172&amp;height=172
The Chef's Special Naan,"Our signature donner sizzled on griddle with onions, capsicum and cooked in spicy sauce, Served with salad and sauces on our incredibly soft, stone baked naan, that everyone's talkin' about. Choose your meat, upgrade your portion, and add fiery fries, the choice is yours.",58.0,https://images.deliveryhero.io/image/talabat/Menuitems/The_Naan__The_Chefs_speci638193489669276216.jpg?width=172&amp;height=172
The Classic Meat Feast,"Our classic donner served with salad and our signature sauces on naan with a choice of chargrilled BBQ Kebab OR chicken tikka, the ultimate meat feast and protein fix",48.0,https://images.deliveryhero.io/image/talabat/Menuitems/The_Meat_Feast__The_Class638193489817642411.jpg?width=172&amp;height=172
The Chef's Special Meat Feast,"Our signature donner served with salad and our signature sauces on naan or with fries, with a choice of chargrilled bbq kebab and chicken tikka, the ultimate meat feast and protein fix",58.0,https://images.deliveryhero.io/image/talabat/Menuitems/The_Meat_Feast__Chefs_spe638193490137677118.jpg?width=172&amp;height=172
The Meat Seekh Kebab,"Our flame grilled, succulent mutton seekh kebab served with fresh salad, our signature sauces on our famous naan, add some fries if you want, we ain't judging, 4 pieces of kebab per portion.",65.0,https://images.deliveryhero.io/image/talabat/Menuitems/The_BBQ__The_Meat_Seekh_K638193490651638727.jpg?width=172&amp;height=172
The Chicken Seekh Kebab,"If you thought chicken was boring, our flame grilled chicken seekh kebab is about to change your life, served with fresh salad, our signature sauces on our famous naan, or add fries, we ain't judging, 4 pieces of kebab per portion",52.0,https://images.deliveryhero.io/image/talabat/Menuitems/The_BBQ__The_Chicken_Seek638193137161800598.jpg?width=172&amp;height=172
Flame Grilled Chicken Tikka,"Tender, charcoal grilled, flame cooked succulent pieces of chicken tikka, served with fresh salad, our signature sauces on our famous naan, or add fries and we ain't judging. 5 pieces of chicken per portion",60.0,https://images.deliveryhero.io/image/talabat/Menuitems/The_BBQ__Flame_Grilled_Ch638193136983445575.jpg?width=172&amp;height=172
The Classic Lamb Donner,Our Classic Lamb Donner served with your choice of Fresh Salad and Signature Sauces in a Box. Need to meet your protein goals Upgrade and add some extra Meat.,46.0,https://images.deliveryhero.io/image/talabat/Menuitems/Screenshot_20230829_15471638289064425732337.png?width=172&amp;height=172
The Classic Chicken Donner,"Our Classic Chicken Donner served with your choice of Fresh Salad and Signature Sauces in a Box. Need to meet your protein goals, Upgrade and add some extra Meat.",40.0,https://images.deliveryhero.io/image/talabat/Menuitems/Screenshot_20230829_15471638289064592099930.png?width=172&amp;height=172
The Donner Mix,The Best of Both. Our Classic Lamb & Chicken Donner served with your choice of Fresh Salad and Signature Sauces in a Box. Need to meet your protein goals. Upgrade and add some extra Meat.,46.0,https://images.deliveryhero.io/image/talabat/Menuitems/Screenshot_20230829_15471638289064731458833.png?width=172&amp;height=172
Flame Grilled Chicken Salad,"Bursting with flavour. Succulent pieces of flame grilled chicken pieces served with a choice of fresh salad and signature sauces. Feeling hungry, Hitting the gym, Pack in the protein and double up your portion size. Each box comes with 150g of nothin' but good old chicken.",42.0,https://images.deliveryhero.io/image/talabat/Menuitems/The_Protein_Box__Flame_Gr638193316204549687.jpg?width=172&amp;height=172
The Mini Donner Box,"A small box bursting with big flavors. A mini portion of our Classic Donner served in a Box with Fresh Salad and a side of Fries for our littlest and favorite customers. We know you need options so take your pick, lamb, chicken or if you're super adventurous, a mix of Both.",30.0,https://images.deliveryhero.io/image/talabat/Menuitems/Kids_Meal__The_Mini_Donne638193316891249695.jpg?width=172&amp;height=172
The Mini Donner Wrap Roll,"A mini portion of our Classic Donner all rolled up and served in a Wrap with Fresh Salad and a side of Fries for our littlest & favourite customers. We know you need options so take your pick - lamb, chicken or if you're super adventurous, a mix of both.",30.0,https://images.deliveryhero.io/image/talabat/Menuitems/Kids_meal__The_Mini_Donne638193317044596343.jpg?width=172&amp;height=172
The Chicken Nugget Meal,"Simple and Classic. And it's ok if you don't like donner. We don't mind, honestly. But try it someday, maybe، No, That's ok. We got you. Five pieces of chicken nuggets with a side of Fries. Delish",25.0,
Fries,Our classic plain fries.,10.0,https://images.deliveryhero.io/image/talabat/Menuitems/The_Sides__Fries638193306931521827.jpg?width=172&amp;height=172
Chef's Special Peri Peri Fries,"Our classic fries mixed in our chef's special sauce, adding an oomph and a bit of spice.",18.0,https://images.deliveryhero.io/image/talabat/Menuitems/The_Sides__Chefs_Special_638193313856322782.jpg?width=172&amp;height=172
Tandoori Naan,"Freshly baked, fluffy tandoor oven Naan.",4.0,https://images.deliveryhero.io/image/talabat/Menuitems/Tandoori_Naan638193313563553406.jpg?width=172&amp;height=172
Garlic Naan,Elevating our famous Naan with a twist of garlic.,6.0,https://images.deliveryhero.io/image/talabat/Menuitems/The_Sides__Garlic_Naan638193313660747479.jpg?width=172&amp;height=172
Yoghurt Mint Sauce,"Minty, fresh yoghurt to cool down the spice!",3.0,https://images.deliveryhero.io/image/talabat/Menuitems/Yoghurt_Mint_Sauce638193315356364472.jpg?width=172&amp;height=172
Garlic Mayo Sauce,Fresh garlic to make this creamy mayo sauce.,3.0,https://images.deliveryhero.io/image/talabat/Menuitems/Garlic_Mayo_Sauce638193315404458273.jpg?width=172&amp;height=172
DonnerChef Special Chili Sauce,Packed with a punch. Fiery and sweet,4.0,
Coke,330ml,5.0,
Sprite,330ml,5.0,https://images.deliveryhero.io/image/talabat/Menuitems/Sprite638193138534862401.jpg?width=172&amp;height=172
Fanta,330ml,5.0,
Water,Small,4.0,https://images.deliveryhero.io/image/talabat/Menuitems/Water638193141276097472.jpg?width=172&amp;height=172
