item_name,item_description,item_price,item_image
APPAM WITH EGG ROAST,"Soft rice pancake with egg roast
",11.0,https://images.deliveryhero.io/image/talabat/Menuitems/Eatzbay_restaurant_APPAM_638282012913364033.jpg?width=172&amp;height=172
Omelette With Bread,Fluffy egg with bread combo.,13.0,
Executive Breakfast,Special morning meal.,23.0,https://images.deliveryhero.io/image/talabat/Menuitems/Eatzbay_restaurant_Execut638282012981954441.jpg?width=172&amp;height=172
Egg Half Fry With Bread,Half fried egg with bread.,16.0,
Eatzbay Special Breakfast,"Signature morning feast.
",29.0,
Oats With Dry Fruits,"Nutritious oatmeal with dried fruits.
",20.0,
Oats With Fresh Fruits,Oatmeal topped with fresh fruits.,20.0,
Masala Dosa,Crispy spiced crepe.,11.0,
Oats With Milk,Creamy oatmeal with milk.,12.0,
Plain Dosa,Traditional thin crepe.,9.0,
Ghee Roast,Crispy crepe cooked in ghee.,10.0,
Idli Set,Steamed rice cakes set.,10.0,https://images.deliveryhero.io/image/talabat/Menuitems/mmw_638302980797940077?width=172&amp;height=172
PORATTA WITH EGG CURRY,"Flaky bread with egg curry
",11.0,
PORATTA WITH CHENA MASALA,"Flaky bread with chickpea masala
",11.0,
PORATTA WITH CHICKEN CURRY,"Flaky bread with chicken curry
",15.0,
PORATTA WITH BEEF CURRY,"Flaky bread with beef curry
",17.0,
APPAM WITH EGG ROAST,"Soft rice pancake with egg roast
",11.0,https://images.deliveryhero.io/image/talabat/Menuitems/Eatzbay_restaurant_APPAM_638282012913364033.jpg?width=172&amp;height=172
POORI BHAJI,"Puffed bread with vegetable curry
",11.0,https://images.deliveryhero.io/image/talabat/Menuitems/Eatzbay_restaurant_POORI_638282013016382909.jpg?width=172&amp;height=172
MINI TIFFIN,"Assorted breakfast dishes
",20.0,https://images.deliveryhero.io/image/talabat/Menuitems/Eatzbay_restaurant_MINI_T638282013014347105.jpg?width=172&amp;height=172
PUTTU KADALA,"Steamed rice cake with chickpea curry
",11.0,https://images.deliveryhero.io/image/talabat/Menuitems/mmw_638315898679991498?width=172&amp;height=172
CHICKEN CHILLI ROLL,"Chicken roll with chili sauce
",9.0,
VEGETABLE SANDWICH ROLL,"Veggie roll in sandwich form
",7.0,
OMELLETTE SANDWICH ROLL,"Egg roll in sandwich form
",7.0,
MANCHOW SOUP-CHIKCEN,"Chinese chicken soup
",18.2,https://images.deliveryhero.io/image/talabat/Menuitems/Eatzbay_restaurant_MANCHO638282012984003294.jpg?width=172&amp;height=172
HOT & SOUR SOUP-CHICKEN,"Spicy chicken soup
",18.2,
SWEETCORN SOUP-CHICKEN,"Chicken soup with sweetcorn
",18.2,
TOM YUM SOUP-CHICKEN,"Thai chicken soup
",18.2,
TOM YUM SOUP-SEAFOOD,"Thai seafood soup
",23.4,
ARABIC SALAD,"Fresh mixed vegetable salad
",16.0,https://images.deliveryhero.io/image/talabat/Menuitems/mmw_638297778905992893?width=172&amp;height=172
TABBOULEH,"Traditional Middle Eastern salad
",17.0,https://images.deliveryhero.io/image/talabat/Menuitems/mmw_638298567403896970?width=172&amp;height=172
AVOCADO SALAD,"Salad featuring avocado
",26.0,https://images.deliveryhero.io/image/talabat/Menuitems/mmw_638317594763598068?width=172&amp;height=172
MANGO SALAD,"Salad with mango chunks
",22.0,https://images.deliveryhero.io/image/talabat/Menuitems/Eatzbay_restaurant_MANGO_638282013001497820.jpg?width=172&amp;height=172
CAESAR SALAD CHICKEN,,28.0,
GREEN SALAD,"Fresh green leafy salad
",16.0,https://images.deliveryhero.io/image/talabat/Menuitems/mmw_638297780880140765?width=172&amp;height=172
FATTOUSH,"Lebanese bread salad
",16.0,https://images.deliveryhero.io/image/talabat/Menuitems/mmw_638298570468650157?width=172&amp;height=172
EATZBAY SPECIAL SALAD,"Signature restaurant salad
",39.0,https://images.deliveryhero.io/image/talabat/Menuitems/mmw_638297917541064994?width=172&amp;height=172
GOLDEN FRIED PRAWNS ,"Crispy fried prawns
",28.0,
DRAGON CHICKEN,"Spicy chicken appetizer
",26.0,
CHICKEN LOLLIPOP,"Chicken drumstick appetizer
",23.0,https://images.deliveryhero.io/image/talabat/Menuitems/mmw_638297972468960637?width=172&amp;height=172
FRENCH FRIES,"Classic potato fries
",12.0,
CHICKEN 65,"Spicy Indian chicken starter
",23.0,
GOBI 65,"Spicy cauliflower starter
",18.0,
CHICKEN NUGGETS ,"Bite-sized chicken pieces
",19.0,
DYNAMITE SHRIMPS WITH CHEETOS,"Shrimp dish with Cheetos
",36.0,
DYNAMITE SHRIMPS ,Made with succulent shrimp tossed in a spicy sauce,33.0,https://images.deliveryhero.io/image/talabat/Menuitems/Eatzbay_restaurant_DYNAMI638282012872009402.jpg?width=172&amp;height=172
DYNAMITE CHICKEN CHEETOS,"Spicy chicken with Cheetos
",30.0,
DYNAMITE CHICKEN ,"Spicy chicken dish
",27.0,
BUTTERFLY PRAWNS PLATE,"Prawns served butterflied
",31.0,
CHICKEN BIRIYANI,"Flavorful chicken rice dish
",18.0,
HARIYALI CHICKEN BIRIYANI,"Biryani with green chicken
",28.0,https://images.deliveryhero.io/image/talabat/Menuitems/Eatzbay_restaurant_HARIYA638282012981950460.jpg?width=172&amp;height=172
CHICKEN FRY BIRIYANI,"Biryani with fried chicken
",19.0,
BROASTED BIRIYANI,"Biryani with broasted chicken
",26.0,
MALAYI CHICKEN TIKKA BIRIYANI,"Biryani with Malai chicken tikka
",28.0,
CHICKEN WINGS BIRIYANI,"Biryani with chicken wings
",26.0,
VEGETABLE BIRIYANI,"Flavorful vegetable rice dish
",17.0,
BIRIYANI RICE,"Specially prepared biryani rice
",13.0,
WHITE RICE ,"Plain steamed rice
",10.0,
GHEE RICE,"Steamed rice cooked with ghee
",13.0,
JEERA RICE,"Cumin-flavored steamed rice
",13.0,
CURD RICE,"Rice with yogurt mixture
",13.0,
PULAO-VEGITABLE,,18.2,
PULAO-CHICKEN,,20.8,
PULAO RICE,"Flavorful spiced rice
",13.0,
CHICKEN HYDRABADI BIRIYANI,"Hyderabad-style chicken biryani
",23.0,
CHICKEN TANDOOR BIRIYANI,"Biryani with tandoori chicken
",23.0,
CHICKEN TIKKA BIRIYANI,"Biryani with chicken tikka
",26.0,https://images.deliveryhero.io/image/talabat/Menuitems/Eatzbay_restaurant_CHICKE638282012930298335.jpg?width=172&amp;height=172
CHICKEN KABAB BIRIYANI,"Biryani with chicken kababs
",26.0,https://images.deliveryhero.io/image/talabat/Menuitems/Eatzbay_restaurant_CHICKE638282013025904055.jpg?width=172&amp;height=172
MUTTON KABAB BIRIYANI,"Biryani with mutton kababs
",31.0,
PRAWNS BIRIYANI,"Biryani with prawns
",28.0,
BEEF BIRIYANI,"Flavorful beef rice dish
",22.0,
MUTTON BIRIYANI,"Flavorful mutton rice dish
",26.0,
Fried Rice And 2 Piece Lollipop And Manjurian,,30.0,https://images.deliveryhero.io/image/talabat/Menuitems/mmw_638297763420280247?width=172&amp;height=172
SCHEZWAN FRID RICE and LOLLIPOP COMBO meal,"Spicy fried rice with lollipop combo
",36.0,
Chezwan Noodles And Lollipop Combo Meals,"Spicy noodles with lollipop combo
",36.0,https://images.deliveryhero.io/image/talabat/Menuitems/mmw_638316756289445095?width=172&amp;height=172
FRID RICE and LOLLIPOP COMBO meal,"Fried rice with lollipop combo
",34.0,https://images.deliveryhero.io/image/talabat/Menuitems/mmw_638297765134092115?width=172&amp;height=172
NOODLES and LOLLIPOP COMBO meal,Combo featuring noodles and lollipop chicken.,34.0,https://images.deliveryhero.io/image/talabat/Menuitems/mmw_638302964974883390?width=172&amp;height=172
WHITE RICE WITH MANCHURIAN COMBO meal,Combo with white rice and Manchurian gravy.,26.0,https://images.deliveryhero.io/image/talabat/Menuitems/mmw_638315887595325786?width=172&amp;height=172
BROASTED WITH NOODLES COMBO meal,Combo meal with broasted chicken and noodles.,36.0,https://images.deliveryhero.io/image/talabat/Menuitems/mmw_638302966744535043?width=172&amp;height=172
BROASTED WITH FRIED RICE COMBO meal,Combo featuring broasted chicken and fried rice.,36.0,https://images.deliveryhero.io/image/talabat/Menuitems/mmw_638322166744437603?width=172&amp;height=172
WHITE RICE WITH TANDOOR CHICKEN WINGS COMBO meal,,23.0,https://images.deliveryhero.io/image/talabat/Menuitems/mmw_638297766059202011?width=172&amp;height=172
WHITE RICE WITH BEEF CURRY combo meal,,26.0,https://images.deliveryhero.io/image/talabat/Menuitems/mmw_638297768476983002?width=172&amp;height=172
BROASTED CHICKEN COMBO,Combo with broasted chicken and accompaniments.,26.0,https://images.deliveryhero.io/image/talabat/Menuitems/mmw_638292469972435893?width=172&amp;height=172
GHEE RICE CHICKEN COMBO meal,,24.0,https://images.deliveryhero.io/image/talabat/Menuitems/mmw_638297769367134994?width=172&amp;height=172
GHEE RICE BEEF COMBO meal,,26.0,
WHITE RICE and CHICKEN FRY WITH CHICEN CURRY COMBO meal,,24.0,https://images.deliveryhero.io/image/talabat/Menuitems/mmw_638297770210553405?width=172&amp;height=172
WHITE RICE WITH CHICKEN FRY WITH BEEF CURRY COMBO meal ,,26.0,https://images.deliveryhero.io/image/talabat/Menuitems/mmw_638302971837403829?width=172&amp;height=172
Eatzbay Vegetble Combo Meal,"Assorted vegetable dishes combo
",26.0,https://images.deliveryhero.io/image/talabat/Menuitems/mmw_638316758208794646?width=172&amp;height=172
Chicken Biriyani Combo,Combo meal with flavorful chicken biryani.,31.0,https://images.deliveryhero.io/image/talabat/Menuitems/mmw_638302970917497281?width=172&amp;height=172
JEERA RICE COMBO meal,"Combo with jeera rice, a dish flavored with cumin seeds.",26.0,https://images.deliveryhero.io/image/talabat/Menuitems/Eatzbay_restaurant_JEERA_638282013014045126.jpg?width=172&amp;height=172
Pulao Combo meal,"Flavorful spiced rice with accompaniments
",26.0,https://images.deliveryhero.io/image/talabat/Menuitems/Eatzbay_restaurant_Pulao_638282013015852527.jpg?width=172&amp;height=172
EATZBAY EXECUTIVE COMBO MEAL,Executive combo meal with diverse options from Eatzbay.,45.0,https://images.deliveryhero.io/image/talabat/Menuitems/Eatzbay_restaurant_EATZBA638282013013328352.jpg?width=172&amp;height=172
Chappati Chicken Combo meal,"Chappati with chicken curry combo
",21.0,https://images.deliveryhero.io/image/talabat/Menuitems/mmw_638307679835590718?width=172&amp;height=172
Chappati Beef Combo meal,"Chappati with beef curry combo
",23.0,https://images.deliveryhero.io/image/talabat/Menuitems/mmw_638316757195339976?width=172&amp;height=172
Tandoori Rotti Chicken Combo meal,"Tandoori roti with chicken curry combo
",23.0,https://images.deliveryhero.io/image/talabat/Menuitems/mmw_638307679885972805?width=172&amp;height=172
Tandoori Rotti Beef Combo meal,,26.0,https://images.deliveryhero.io/image/talabat/Menuitems/mmw_638297773579861531?width=172&amp;height=172
Poratta Chicken Combo meal,"Poratta with chicken curry combo
",21.0,https://images.deliveryhero.io/image/talabat/Menuitems/mmw_638297774089369006?width=172&amp;height=172
Poratta Beef Combo meal,"Poratta with beef curry combo
",23.0,
Noodles Chicken,,22.0,https://images.deliveryhero.io/image/talabat/Menuitems/mmw_638297781408002393?width=172&amp;height=172
Noodles Prawns,,28.0,https://images.deliveryhero.io/image/talabat/Menuitems/mmw_638302973868570737?width=172&amp;height=172
Noodles Mix,,29.0,https://images.deliveryhero.io/image/talabat/Menuitems/mmw_638297782286135878?width=172&amp;height=172
Fried Rice Chicken,"Chicken and rice in a crispy coat, a flavorful combination of textures.",22.0,https://images.deliveryhero.io/image/talabat/Menuitems/mmw_638311585843920766?width=172&amp;height=172
Fried Rice Prawns,,28.0,https://images.deliveryhero.io/image/talabat/Menuitems/mmw_638316757739823822?width=172&amp;height=172
Fried Rice Mix,,29.0,https://images.deliveryhero.io/image/talabat/Menuitems/mmw_638315889735093502?width=172&amp;height=172
Americal Chopsuey,,32.0,https://images.deliveryhero.io/image/talabat/Menuitems/mmw_638302976339395872?width=172&amp;height=172
Chinese Chopsuey,,32.0,
Schezwan Noodles Chicken,"Spicy chicken Schezwan noodles
",24.0,https://images.deliveryhero.io/image/talabat/Menuitems/mmw_638297783870892257?width=172&amp;height=172
Schezwan Noodles Prawns,"Spicy prawn Schezwan noodles
",30.0,
Schezwan Noodles Mix,"Spicy mixed Schezwan noodles
",32.0,https://images.deliveryhero.io/image/talabat/Menuitems/mmw_638302975177972054?width=172&amp;height=172
Schezwan Fried Rice Chicken,"Spicy chicken Schezwan fried rice
",26.0,https://images.deliveryhero.io/image/talabat/Menuitems/mmw_638316758493525932?width=172&amp;height=172
Schezwan Fried Rice Prawns,"Spicy prawn Schezwan fried rice
",30.0,
Schezwan Fried Rice Mix,"Spicy mixed Schezwan fried rice
",32.0,https://images.deliveryhero.io/image/talabat/Menuitems/mmw_638316758800417462?width=172&amp;height=172
Chilli Chicken,"Spicy chicken appetizer
",23.0,https://images.deliveryhero.io/image/talabat/Menuitems/mmw_638315893662946500?width=172&amp;height=172
Chicken Manchurian,"Chicken in manchurian sauce
",23.0,
Garlic Chicken,"Chicken cooked in garlic sauce
",26.0,
Ginger Chicken,"Chicken cooked in ginger sauce
",26.0,
Schezwan Chicken,"Spicy Schezwan chicken
",26.0,
Lemon Pepper Chicken,,26.0,https://images.deliveryhero.io/image/talabat/Menuitems/Eatzbay_restaurant_Lemon_638282013014315926.jpg?width=172&amp;height=172
Hong Kong Chicken,Chicken dish inspired by Hong Kong flavors.,26.0,
Sweet And Sour Chicken,,23.0,
Manchurian Prawns,"Prawns in manchurian sauce
",29.0,
Manchurian Kingfish,"Kingfish in manchurian sauce
",31.0,
Chilli Prawns,"Spicy prawn appetizer
",29.0,
Chilli Kingfish,"Spicy kingfish appetizer
",31.0,
Schezwan Prawns,"Spicy schezwan prawns
",31.0,
Chezwan Kingfish,"Spicy schezwan kingfish
",33.0,
Chilli Beef,"Spicy beef appetizer
",26.0,
Beef Manchurian,"Beef in Manchurian sauce
",26.0,
Garlic Beef,"Beef cooked in garlic sauce
",28.0,
Ginger Beef,"Beef cooked in ginger sauce
",28.0,
Schezwan Beef,"Spicy Schezwan beef
",28.0,
Beef Oyister Sauce,,28.0,
Crispy Beef,"Crispy and flavorful beef
",26.0,
Dragon Beef,"Dragon style spicy beef
",31.0,
Gobi Manchurian,"Cauliflower in manchurian sauce
",21.0,
Paneer Manchurian,"Paneer in manchurian sauce
",23.0,
Chilli Gobi,"Spicy cauliflower appetizer
",21.0,
Chilli Paneer,"Spicy paneer appetizer
",23.0,
Tandoor Chicken,"Tandoor cooked chicken
",29.0,https://images.deliveryhero.io/image/talabat/Menuitems/mmw_638297795087483734?width=172&amp;height=172
Tangri Kabab 4pcs,Tandoori chicken drumsticks 4 pieces,35.0,https://images.deliveryhero.io/image/talabat/Menuitems/mmw_638315894972845423?width=172&amp;height=172
Kalmi Kabab 4pcs,Tandoori chicken wings 4 pieces,35.0,
Tandoori Tang,Tandoor cooked lamb chops,19.0,
Tandoori Wings 8pcs,Tandoor cooked chicken wings 8 pieces,36.0,
Chicken Tikka,"Grilled marinated chicken pieces
",36.0,https://images.deliveryhero.io/image/talabat/Menuitems/mmw_638297795132462436?width=172&amp;height=172
Lazuli Tikka ,"Flavorful chicken tikka
",39.0,
Makni Tikka,"Creamy butter chicken tikka
",36.0,
Pahadi Kabab,"Grilled and spiced chicken kabab
",41.0,
Reshmi Tikka,"Silky smooth chicken tikka
",39.0,https://images.deliveryhero.io/image/talabat/Menuitems/Eatzbay_restaurant_Reshmi638282013025667677.jpg?width=172&amp;height=172
Achari Tikka,"Spicy and tangy chicken tikka
",39.0,
Banjara Tikka,"Spicy and aromatic chicken tikka
",39.0,
Kashimiri Tikka,"Kashmiri-spiced chicken tikka
",42.0,
Tandoori Cheese Tikka,"Cheese-filled tandoori chicken tikka
",45.0,
Hariyali Tikka,"Green and herbed chicken tikka
",36.0,
Jamuni Tikka,"Plum-flavored chicken tikka
",42.0,
Seekh Kabab,"Spiced and skewered minced meat
",39.0,https://images.deliveryhero.io/image/talabat/Menuitems/mmw_638297913831536925?width=172&amp;height=172
فطر تكا,"Grilled marinated mushroom pieces
",28.0,
Tandoori Mix Platter,"Assorted tandoori items platter
",0.0,https://images.deliveryhero.io/image/talabat/Menuitems/Eatzbay_restaurant_Tandoo638282013027392768.jpg?width=172&amp;height=172
Paneer Tikka,"Grilled marinated paneer pieces
",28.0,https://images.deliveryhero.io/image/talabat/Menuitems/Eatzbay_restaurant_Paneer638282013027712251.jpg?width=172&amp;height=172
Tandoori Potato,"Tandoor-cooked spiced potatoes
",26.0,
Veg Miloni Kabab,"Assorted vegetable kababs
",32.0,
Fish Achari Kabab,"Spicy and tangy fish kabab
",39.0,
Fish Tikka,"Grilled marinated fish pieces
",33.0,
Hamour Fillet Tikka,"Grilled marinated hamour fillet
",44.0,
Tandoori Prawns 8pcs,"Tandoor-cooked prawns 8 pieces
",44.0,
Butter Naan,"Soft and buttery Indian bread
",4.5,
Tandoori Roti,"Tandoor-baked Indian bread
",2.0,
Butter Roti,"Indian bread with butter
",3.5,
Plain Naan,"Soft and fluffy plain Indian bread
",3.5,
Garlic Naan,"Indian bread with garlic flavor
",4.5,
Poratha,"Layered and flaky Indian bread
",2.0,
Wheat Poratha,"Whole wheat layered Indian bread
",3.5,
Idiyappam,,2.0,
Vellappam,"Soft and fluffy rice pancake
",2.0,
Chapati,"Thin and unleavened Indian bread
",2.0,
Chicken Kadai,"Spicy and flavorful chicken dish
",20.0,
Chicken Mughlai,"Creamy and aromatic chicken dish
",23.0,
Butter Chicken,"Creamy and buttery chicken dish
",23.0,https://images.deliveryhero.io/image/talabat/Menuitems/Eatzbay_restaurant_Butter638282012963323694.jpg?width=172&amp;height=172
Chicken Tikka Masala,"Chicken in rich and spiced tomato gravy
",26.0,
Chicken Handi,"Chicken cooked in traditional handi
",26.0,
Chicken Masala,"Chicken in flavorful spiced gravy
",19.0,
Chicken Kuruma,"Creamy and coconut-based chicken curry
",23.0,
Mutton Kadai,"Spicy and flavorful mutton dish
",28.0,
Mutton Rogan Josh,"Rich and aromatic mutton curry
",32.0,
Mutton Masala,"Mutton in flavorful spiced gravy
",26.0,
Mutton Roast,"Roasted and spiced mutton
",32.0,
Mutton Kuruma,"Creamy and coconut-based mutton curry
",32.0,
Egg Roast,"Roasted and spiced egg dish
",15.0,
Egg Kuruma,"Scrambled eggs with spices and vegetables
",15.0,
Egg Burji,"Scrambled eggs with spices and vegetables
",14.0,
Dal Fry,"Tempered and spiced lentils
",12.0,
Aloo Gobi,"Potato and cauliflower stir-fry
",13.0,
Aloo Palak,"Potato and spinach stir-fry
",15.0,
Palak Paneer,"Creamy spinach and paneer dish
",18.0,
Paneer Butter Masala,"Paneer in rich and buttery tomato gravy
",20.0,
Veg Kadai,"Spicy and flavorful mixed vegetable dish
",15.0,
Paneer Kadai,"Spicy and flavorful paneer dish
",18.0,
Gobi Masala,"Spiced and flavorful cauliflower dish
",15.0,
Veg Kuruma,"Creamy and coconut-based vegetable curry
",15.0,
Mix Vegetable,"Assorted mixed vegetables dish
",13.0,
Snack Meal,"Light and filling snack meal
",20.0,https://images.deliveryhero.io/image/talabat/Menuitems/Eatzbay_restaurant_Snack_638282013016420343.jpg?width=172&amp;height=172
Dinner Meal,"Hearty and satisfying dinner meal
",30.0,https://images.deliveryhero.io/image/talabat/Menuitems/Eatzbay_restaurant_Dinner638282012963577522.jpg?width=172&amp;height=172
Extream Meal,"Ultimate and indulgent meal
",52.0,https://images.deliveryhero.io/image/talabat/Menuitems/Eatzbay_restaurant_Extrea638282013026963108.jpg?width=172&amp;height=172
Chicken Wings Meal,"Meal with flavorful chicken wings
",31.0,
Strips Meal,"Meal with tasty chicken strips
",31.0,
Mini Family Meal,"Smaller meal for a family
",70.0,
Family Meal,"Generous meal for a family
",93.0,
Party Meal,"Meal perfect for parties and gatherings
",149.0,
Zinker Club,"Signature club sandwich with Zinker twist
",22.0,https://images.deliveryhero.io/image/talabat/Menuitems/Eatzbay_restaurant_Zinker638282013010322476.jpg?width=172&amp;height=172
Hotdog Club,"Signature club sandwich with hotdog
",20.0,
Veg Club,"Signature vegetarian club sandwich
",20.0,
Chicken Club,"Signature chicken club sandwich
",21.0,
Arabic Special Club,"Signature club sandwich with Arabic flavors
",49.0,https://images.deliveryhero.io/image/talabat/Menuitems/Eatzbay_restaurant_Arabic638282012981240557.jpg?width=172&amp;height=172
Family Club,"Club sandwich for the whole family
",58.0,
Eatsbay Special Club,"Signature club sandwich with Eatsbay touch
",99.0,
Chicken Chiili Wrap,,21.0,
Veg Wrap,"A veg wrap, filled with a variety of vegetables and flavorful sauces.",18.0,
Zinker Wrap,"Signature wrap with Zinker twist
",20.0,
Hotdog Wrap,"Signature wrap with hotdog
",19.0,https://images.deliveryhero.io/image/talabat/Menuitems/Eatzbay_restaurant_Hotdog638282012981909868.jpg?width=172&amp;height=172
Mathafi Wrap,"Signature wrap with Mathafi
",19.0,
Beef Wrap,"Flavorful beef wrap
",19.0,
Twsiter Wrap,,19.0,https://images.deliveryhero.io/image/talabat/Menuitems/Eatzbay_restaurant_Twsite638282013007874652.jpg?width=172&amp;height=172
Twister Meal,"Meal with flavorful twister wrap
",19.0,
Egg Poratta,"Poratta with scrambled eggs filling
",18.2,
Beef Poratta,"Poratta with flavorful beef filling
",19.5,
Omlette Poratta,,15.6,
Kabab Poratta,"Poratta with kabab filling
",20.8,
Veg. Poratta,"Poratta with vegetarian filling
",15.6,
Tikka Poratta,"Poratta with tikka filling
",20.8,
Zinger Poratta,"Poratta with Zinger twist
",20.8,
Mega Zinker Burger,"Signature mega burger with Zinker twist
",28.0,
Beef Double Burger,"Classic double beef burger
",26.0,
Grilled Double Burger Chicken,,26.0,
Grilled Double Burger Beef,,29.0,
Grilled Burger Chicken,,19.0,
Grilled Burger Beef,,22.0,
Chicken Burger,"Classic chicken burger
",13.0,
Beef Burger,"Classic beef burger
",15.0,
Zinker Burger,"Signature Zinker twist burger
",18.2,https://images.deliveryhero.io/image/talabat/Menuitems/Eatzbay_restaurant_Zinker638282013016874131.jpg?width=172&amp;height=172
Chicken Double Burger,"Classic double chicken burger
",23.4,
Jumbo Prawns Burger,,23.4,
Prawns Combo,"Combo meal with prawns
",23.4,
Zinker Mathafi Combo,"Combo meal with Zinker Mathafi
",23.4,
Hotdog Combo,,19.5,
Chi Chilli Combo,"Combo meal with chicken chili
",19.5,
Butterfly Prawns Combo,,23.4,
Zinker Combo,"Combo meal with Zinker twist
",20.8,https://images.deliveryhero.io/image/talabat/Menuitems/Eatzbay_restaurant_Zinker638282013017187735.jpg?width=172&amp;height=172
Orange Juice,"Freshly squeezed orange juice
",15.6,
Carrot Juice,"Refreshing carrot juice
",15.6,
Pomegranate Juice,"Healthy and flavorful pomegranate juice
",15.6,
Mango Juice,"Fresh and tropical mango juice
",15.6,
Pineapple Juice,"Refreshing and tangy pineapple juice
",15.6,
Strawberry Juice,"Sweet and juicy strawberry juice
",15.6,
Papaya Juice,"Nutritious and delicious papaya juice
",15.6,
Watermelon Juice,"Refreshing watermelon juice
",13.0,
 Lemon Mint,"Cooling and refreshing lemon mint juice
",0.0,
Banana Juice,"Creamy and wholesome banana juice
",0.0,
Cocktail,"Classic mixed fruit cocktail
",0.0,
IRON BOOSTER,"Fresh juice made without ice and sugar
",20.8,https://images.deliveryhero.io/image/talabat/Menuitems/Eatzbay_restaurant_IRON_B638282012903965089.jpg?width=172&amp;height=172
WEIGHT LOSS,"Fresh juice made without ice and sugar
",20.8,https://images.deliveryhero.io/image/talabat/Menuitems/Eatzbay_restaurant_WEIGHT638282012862067131.jpg?width=172&amp;height=172
HANGOVER CURE,"Fresh juice made without ice and sugar
",20.8,https://images.deliveryhero.io/image/talabat/Menuitems/Eatzbay_restaurant_HANGOV638282012877717618.jpg?width=172&amp;height=172
RAPID RICOVERY,"Fresh juice made without ice and sugar
",20.8,
JUICE SALVATION,"Fresh juice made without ice and sugar
",20.8,https://images.deliveryhero.io/image/talabat/Menuitems/Eatzbay_restaurant_JUICE_638282012905735974.jpg?width=172&amp;height=172
EATZBAY BOOSTER,,23.4,
JACKFRUIT SHAKE,"Creamy and flavorful jackfruit shake
",23.4,
FALAK SPECIAL,"Signature shake with Falak twist
",23.4,https://images.deliveryhero.io/image/talabat/Menuitems/Eatzbay_restaurant_FALAK_638282012875576783.jpg?width=172&amp;height=172
TENDER COCONUT SHAKE,"Refreshing shake with tender coconut
",23.4,
THABAKATH,"Special and delicious shake
",19.5,https://images.deliveryhero.io/image/talabat/Menuitems/Eatzbay_restaurant_THABAK638282012866029960.jpg?width=172&amp;height=172
GALAXY,"Heavenly and indulgent shake
",19.5,
AVOCADO BERRIES,"Nutritious and delicious shake
",19.5,
FAZZA COCKATIL,,19.5,
ABOOD,"Special and refreshing cocktail
",19.5,
STRAWBERRY MOJITO,"Classic mojito with strawberry twist
",19.5,https://images.deliveryhero.io/image/talabat/Menuitems/Eatzbay_restaurant_STRAWB638282012935609302.jpg?width=172&amp;height=172
BLUEBERRY MOJITO,"Fresh and fruity blueberry mojito
",19.5,https://images.deliveryhero.io/image/talabat/Menuitems/Eatzbay_restaurant_BLUEBE638282012930667299.jpg?width=172&amp;height=172
VIRGIN MOJITO,"Refreshing cocktail made with lime, mint, soda water.",19.5,https://images.deliveryhero.io/image/talabat/Menuitems/mmw_638298574636851283?width=172&amp;height=172
MINT MOJITO,"Refreshing mint-flavored mojito
",19.5,https://images.deliveryhero.io/image/talabat/Menuitems/Eatzbay_restaurant_MINT_M638282012925775321.jpg?width=172&amp;height=172
PASSION FRUIT MOJITO,"Passion fruit-flavored mojito
",19.5,https://images.deliveryhero.io/image/talabat/Menuitems/mmw_638298575360903367?width=172&amp;height=172
WATERMELON MOJITO,"Refreshing watermelon-flavored mojito
",19.5,https://images.deliveryhero.io/image/talabat/Menuitems/mmw_638298578695007378?width=172&amp;height=172
BLUEBERRY SPECIAL,"Special shake with blueberry twist
",23.4,
BLUEBERRY WITH AVOCADO,"Shake with blueberry and avocado
",23.4,
BLUEBERRY WITH MANGO,"Shake with blueberry and mango
",23.4,
BLUEBERRY WITH STRAWBERRY,"Shake with blueberry and Strawbery
",23.4,
RASPBERRY SPECIAL,"Special shake with raspberry twist
",23.4,
RASPBERRY WITH AVOCADO,"Shake with raspberry and avocado
",23.4,
RASPBERRY WITH MANGO,"Shake with raspberry and mango
",23.4,
RASPBERRY WITH STRAWBERRY,"Shake with raspberry and strawberry
",23.4,
PASSION FRUIT SPECIAL,"Special shake with passion fruit twist
",23.4,
PASSION WITH AVOCADO,"Shake with passion fruit and avocado
",23.4,
PASSION WITH MANGO,"Shake with passion fruit and mango
",23.4,
PASSION WITH RUMAAN,"Shake with passion fruit and pomegranate
",23.4,
PASSION WITH ORANGE,"Shake with passion fruit and orange
",23.4,
OREO MILKSHAKE,"Creamy and chocolaty Oreo milkshake
",23.4,
GALAXY MILKSHAKE,"Indulgent and heavenly Galaxy milkshake
",23.4,
LOTUS MILKSHAKE,"Rich and flavorful Lotus milkshake
",23.4,
SNICKERS MILKSHAKE,"Decadent and nutty Snickers milkshake
",23.4,
NUTELLA MILKSHAKE,"Creamy and nutty Nutella milkshake
",23.4,
BOTTLE JUICE,"Assorted bottled fruit juices
",45.5,
CHOCONUT SUNDAE,"Sundae with chocolate and coconut flavors
",15.6,
MIX ICE CREAM,"Assorted mix of ice cream flavors
",10.4,
MIX FRUIT PLATE,"Plate with an assortment of fresh fruits
",26.0,
FRUIT BRICKS,"Assorted fruit-flavored popsicles
",19.5,
GLORY,"Delicious and delightful Glory dessert
",20.8,
FRUIT SALAD W. ICE CREAM,"Fresh fruit salad served with ice cream
",19.5,
MANGO FALOODA,"Traditional mango-flavored falooda
",20.8,
STRAWBERRY FALOODA,"Classic strawberry-flavored falooda
",20.8,
ROYAL FALOODA,"Rich and royal falooda dessert
",23.4,
EATZBAY FALOODA,"Signature falooda with Eatzbay twist
",23.4,
BANANA SPLIT,"Classic banana split dessert
",18.2,
KUNAFA,"Traditional Arabic sweet pastry dessert
",19.5,
BINARI TOWER,"Elaborate and delicious dessert
",23.4,
Mix Ice Cream,"Assorted mix of ice cream flavors
",0.0,
Mix Fruit Plate,"Plate with an assortment of fresh fruits
",0.0,
FRESH MILK TEA,"Traditional tea made with fresh milk
",3.9,
KARAK TEA,"Spiced and flavorful Karak tea
",1.95,
HORLICKS,"Nourishing and delicious Horlicks drink
",5.2,
BOOST,"Energy-boosting nutritional drink
",5.2,
GREEN TEA,"Healthful and soothing green tea
",1.95,
NESCAFE COFFEE,"Classic and aromatic Nescafe coffee
",2.6,
Zafraan Tea,"Flavorful and aromatic saffron tea
",0.0,
FRESH MILK COFFEE,"Traditional coffee made with fresh milk
",6.5,
BLACK COFFEE,"Strong and bold black coffee
",2.6,
COLD COFFEE,"Refreshing cold coffee drink
",15.6,
LEMON ICE TEA,"Iced tea with zesty lemon twist
",15.6,
Pepsi,Soft Drink,4.0,https://images.deliveryhero.io/image/talabat/Menuitems/Pepsi_Logo638261529160693328.jpg?width=172&amp;height=172
Mountain Dew,Soft Drink,4.0,https://images.deliveryhero.io/image/talabat/Menuitems/unnamed638261529267325983.jpg?width=172&amp;height=172
7 Up,Soft Drink,4.0,https://images.deliveryhero.io/image/talabat/Menuitems/7_Up_Logo_2638261529325980237.jpg?width=172&amp;height=172
COLA,"Classic and carbonated cola soda
",4.0,
small water,Mineral Water,2.0,https://images.deliveryhero.io/image/talabat/Menuitems/Mineral_Water638261529405315301.jpg?width=172&amp;height=172
WATER LARGE,"Bottled large-sized water
",4.0,
