item_name,item_description,item_price,item_image
Mulukhiyah with Half chicken,"Egyptian Mulukhiyah Pottery cooked with garlic butter served with stir fried half chicken, baladi salad, tahini sauce and bread",45.0,https://images.deliveryhero.io/image/talabat/Menuitems/mmw_638073960099683636?width=172&amp;height=172
Meat Kofta Sandwich ,"Mixture of minced meat kofta, carefully spiced, grilled on charcoal, served with tahini sauce, lettuce and grilled tomatoes.",16.0,https://images.deliveryhero.io/image/talabat/Menuitems/mmw_637970284654505784?width=172&amp;height=172
Pasta in Tomato Sauce Pottery,Oven cooked Penne pasta in fresh tomato sauce,19.0,https://images.deliveryhero.io/image/talabat/Menuitems/mmw_638263166710476042?width=172&amp;height=172
Plain Orzo Pasta Soup,Soup Of Orzo Pasta Cooked With Vegetables On The Egyptian Way,8.0,https://images.deliveryhero.io/image/talabat/Menuitems/mmw_637907262037481751?width=172&amp;height=172
Lentil Soup,Well-Cooked Lentil Mixed With Fresh Vegetables On Our Egyptian Way Served With Crispy Bread,11.0,https://images.deliveryhero.io/image/talabat/Menuitems/mmw_637907264642244909?width=172&amp;height=172
Baladi Vegetables Salad,A Selection Of Fresh Vegetables Cut And Marinated In The Traditional Egyptian Way,9.0,https://images.deliveryhero.io/image/talabat/Menuitems/mmw_637903079698297681?width=172&amp;height=172
French Fries Plate,Deep Fried French Fries Sprinkled With Salt,14.0,https://images.deliveryhero.io/image/talabat/Menuitems/mmw_637902194616878215?width=172&amp;height=172
Rice with Vermicelli,,10.0,https://images.deliveryhero.io/image/talabat/Menuitems/mmw_638264801256415651?width=172&amp;height=172
Mulukhiyah with Garlic,,15.0,https://images.deliveryhero.io/image/talabat/Menuitems/mmw_638074088860488844?width=172&amp;height=172
Okra in Tomato Sauce,,15.0,https://images.deliveryhero.io/image/talabat/Menuitems/mmw_638074089974222369?width=172&amp;height=172
Normal Breakfast Tray,"Beans, falafel, musakaa, french fries, boiled egg, mashed potatoes, green salad, pickles and bread",30.0,https://images.deliveryhero.io/image/talabat/Menuitems/mmw_637970280185526934?width=172&amp;height=172
Premium Breakfast Tray,"Beans, Falafel, Cheese tomato, Shakshouka, Mashed Potatoes, jam , Salad, Pickles, and Bread.	",42.0,https://images.deliveryhero.io/image/talabat/Menuitems/mmw_637971979127893711?width=172&amp;height=172
Shakshouka,"Eggs poached in a tomato and pepper sauce, seasoned with aromatic spices,",0.0,https://images.deliveryhero.io/image/talabat/Menuitems/mmw_637958332150877104?width=172&amp;height=172
Omelet Egg,"


",0.0,https://images.deliveryhero.io/image/talabat/Menuitems/mmw_637958339687013760?width=172&amp;height=172
Boiled Egg,"Indulge in the simplicity of our Boiled Egg, a perfectly cooked delight with a tender and creamy yolk, offering a satisfying burst of flavor in every bite.",0.0,https://images.deliveryhero.io/image/talabat/Menuitems/mmw_637958341577066807?width=172&amp;height=172
Egyptian Foul Plate,,10.0,https://images.deliveryhero.io/image/talabat/Menuitems/mmw_637942037380136288?width=172&amp;height=172
Alexandian Foul Plate,,20.0,https://images.deliveryhero.io/image/talabat/Menuitems/mmw_637942060539295508?width=172&amp;height=172
French Fries,"Fried to a golden crisp perfection and perfectly seasoned, perfect accompaniment to any meal.",0.0,https://images.deliveryhero.io/image/talabat/Menuitems/mmw_637973818620784009?width=172&amp;height=172
Musakaa,,0.0,https://images.deliveryhero.io/image/talabat/Menuitems/mmw_637973819377307095?width=172&amp;height=172
Mashed Potatoes,creamy and buttery seasond potato.,0.0,https://images.deliveryhero.io/image/talabat/Menuitems/mmw_638009442302970402?width=172&amp;height=172
Egyptian Falafel,,12.0,
Mulukhiyah with Half chicken,"Egyptian Mulukhiyah Pottery cooked with garlic butter served with stir fried half chicken, baladi salad, tahini sauce and bread",45.0,https://images.deliveryhero.io/image/talabat/Menuitems/mmw_638073960099683636?width=172&amp;height=172
Half BBQ Chicken,Marinated Bone Chicken With Our Delicious Spices and grilled over the charcoal,27.0,https://images.deliveryhero.io/image/talabat/Menuitems/mmw_638074033249550024?width=172&amp;height=172
Full BBQ Chicken,Marinated Bone Chicken With Our Delicious Spices and grilled over the charcoal,52.0,https://images.deliveryhero.io/image/talabat/Menuitems/mmw_638074034948625998?width=172&amp;height=172
Egyptian Meat Kofta,"Carefully spiced minced meat kofta grilled on charcoal, French fries, baladi salad, tahini, garlic dip and bread.",0.0,https://images.deliveryhero.io/image/talabat/Menuitems/mmw_638074055936056417?width=172&amp;height=172
Nigresco Pasta Pottery,Oven cooked spaghetti pasta mixed with chicken cubes and white sauce covered with the famous béchamel sauce and mozzarella cheese,27.0,https://images.deliveryhero.io/image/talabat/Menuitems/mmw_638263170682671214?width=172&amp;height=172
Pasta in Tomato Sauce Pottery,Oven cooked Penne pasta in fresh tomato sauce,19.0,https://images.deliveryhero.io/image/talabat/Menuitems/mmw_638263166710476042?width=172&amp;height=172
Bechamel Pasta Pottery,Oven cooked Penne pasta stuffed with minced meat sauce and covered with the famous béchamel sauce and mozzarella cheese,27.0,https://images.deliveryhero.io/image/talabat/Menuitems/mmw_638263170335514154?width=172&amp;height=172
Meat Kofta Sandwich ,"Mixture of minced meat kofta, carefully spiced, grilled on charcoal, served with tahini sauce, lettuce and grilled tomatoes.",16.0,https://images.deliveryhero.io/image/talabat/Menuitems/mmw_637970284654505784?width=172&amp;height=172
Chicken Shish Tawook Sandwich,"Marinated and Grilled shish tawook with lettuce, tomatoes, pickled cucumber and Garlic sauce",20.0,https://images.deliveryhero.io/image/talabat/Menuitems/mmw_637984336664569337?width=172&amp;height=172
Sobia juice,A creamy and sweet taste mad eof sobia.,15.0,https://images.deliveryhero.io/image/talabat/Menuitems/mmw_638214817268887183?width=172&amp;height=172
Water,Stay hydrated and refreshed with our water.,0.0,https://images.deliveryhero.io/image/talabat/Menuitems/mmw_637908268323206752?width=172&amp;height=172
