item_name,item_description,item_price,item_image
Beef Donburi Meal,"Beef Tenderloin, rice, fermented cabbage, poached egg with crunchy wasabi mayo spicy, sesame ponzu with green salad and drink.",62.0,https://images.deliveryhero.io/image/talabat/Menuitems/mmw_638129647802651504?width=172&amp;height=172
Make Your Own Poke Bowl Half,"Make your own Half Poke : 2 bases, up to 5 vegetables , 2 proteins, 4 Adds On, and 4 Garnishes  , with 1 sauce 
",43.0,https://images.deliveryhero.io/image/talabat/Menuitems/Myo_Half_poke638300226076407992.jpg?width=172&amp;height=172
Pastrami Brisket Meal,"Home-made focaccia sandwich with 6 hours of slow cooking pastrami brisket, mixed with japanese mayo and our in-house fermented red cabbage, And Green Salad with Drink.",62.0,https://images.deliveryhero.io/image/talabat/Menuitems/mmw_638129626960865162?width=172&amp;height=172
IMMUNITY BOOST,"green apple, spinach, parsley, ginger & lemon juice",24.0,https://images.deliveryhero.io/image/talabat/Menuitems/A839803DAE73D9008DBA6579379A9111?width=172&amp;height=172
Japanese Curry Beef Meal,"Beef tenderloin, Japanese curry, wakame, homemade fermented red cabbage, jasmine rice, With Green Salad, And Drink",59.0,https://images.deliveryhero.io/image/talabat/Menuitems/mmw_638129623530938683?width=172&amp;height=172
Pastrami Brisket Meal,"Home-made focaccia sandwich with 6 hours of slow cooking pastrami brisket, mixed with japanese mayo and our in-house fermented red cabbage, And Green Salad with Drink.",62.0,https://images.deliveryhero.io/image/talabat/Menuitems/mmw_638129626960865162?width=172&amp;height=172
Beef Donburi Meal,"Beef Tenderloin, rice, fermented cabbage, poached egg with crunchy wasabi mayo spicy, sesame ponzu with green salad and drink.",62.0,https://images.deliveryhero.io/image/talabat/Menuitems/mmw_638129647802651504?width=172&amp;height=172
Salmon And Soba Meal,"Pan seared Norwegian salmon, stir fry soba noodles, wafu sauce, spring onions, sesame seeds on the top, with green salad, and drink.",64.0,https://images.deliveryhero.io/image/talabat/Menuitems/mmw_638129651608354249?width=172&amp;height=172
Salmon Poke Bento,"Salmon poke with 4 pcs of salmon maki , 3 pcs sashimi , and salmon marinade with a bed of rice paper ",78.0,https://images.deliveryhero.io/image/talabat/Menuitems/Poke_Bento638300226076819555.jpg?width=172&amp;height=172
Chicken Miso Wrap,"Delight in our Miso Chicken Rice Sheet Roll: Tender, marinated chicken with mushrooms, carrots, sesame seeds, and a hint of togarashi spice. Simply irresistible, served with our homemade chili-carrot sauce.",26.0,https://images.deliveryhero.io/image/talabat/Menuitems/chicken_miso_wraps638300226018406876.jpg?width=172&amp;height=172
Edamame,,23.0,https://images.deliveryhero.io/image/talabat/Menuitems/salted_edamame638300226076382555.jpg?width=172&amp;height=172
Spicy Edamame,Steamed edamame marinated with our signature spicy chili sauce.,23.0,https://images.deliveryhero.io/image/talabat/Menuitems/spicy_edamame638300226003276781.jpg?width=172&amp;height=172
Shrimp Tempura,"Crispy, golden shrimp tempura served with our homemade chili and carrot sauce.",37.0,https://images.deliveryhero.io/image/talabat/Menuitems/shrimp_tempura638300226002375957.jpg?width=172&amp;height=172
Broccoli Soup,Vegan broccoli cream soup,21.0,https://images.deliveryhero.io/image/talabat/Menuitems/Broccoli_Soup638300225964591222.jpg?width=172&amp;height=172
Miso Soup,"A traditional Japanese soup made with soybean paste, miso with tofu and dry seaweed",15.0,https://images.deliveryhero.io/image/talabat/Menuitems/Miso_soup638300226002164168.jpg?width=172&amp;height=172
Tomato Soup,Vegan tomato soup with crouton on the side,21.0,https://images.deliveryhero.io/image/talabat/Menuitems/Tomato_soup638300226005725813.jpg?width=172&amp;height=172
Make Your Own Tall Sushi Burrito,"Build your own sushi burrito , by choosing 2 bases 4 veggies, 3 Add ons, and 2 proteins. Add 3 garnishes and 2 sauces. Served with pickled ginger, wasabi paste, and soy sauce on the side
",47.0,https://images.deliveryhero.io/image/talabat/Menuitems/Make_your_own_full_Burrit638300226055796963.jpg?width=172&amp;height=172
Make Your Own Half Sushi Burrito,"Make your own sushi burrito , by choosing 2 bases, 4 vegetables , and 2 proteins. Add 3 garnishes and 2 sauces. Served with pickled ginger, wasabi paste, and soy sauce on the side
",36.0,https://images.deliveryhero.io/image/talabat/Menuitems/Make_your_own_half_burrit638300226019424024.jpg?width=172&amp;height=172
Make Your Own Poke Bowl Full,"Make your own full Poke :2 bases, up to 5 vegetables , 4 proteins, 4 Adds On, and 4 garnishes  , with 1 sauce 
",46.0,https://images.deliveryhero.io/image/talabat/Menuitems/Myo_full_poke638300226056144919.jpg?width=172&amp;height=172
Make Your Own Poke Bowl Half,"Make your own Half Poke : 2 bases, up to 5 vegetables , 2 proteins, 4 Adds On, and 4 Garnishes  , with 1 sauce 
",43.0,https://images.deliveryhero.io/image/talabat/Menuitems/Myo_Half_poke638300226076407992.jpg?width=172&amp;height=172
Beef Danburi,"Tenderloin dish with rice, fermented cabbage, one poached egg on top with a pinch of salt and togarashi, crunchy wasabi mayo sauce and sesame ponzu sauce, served with side salad.",59.0,https://images.deliveryhero.io/image/talabat/Menuitems/Beef_danburi638300225965801636.jpg?width=172&amp;height=172
Salmon Soba,"Pan-seared norwegian salmon on a bed of stir fry soba noodles, and vegetarian wafu sauce, served with side salad.",62.0,https://images.deliveryhero.io/image/talabat/Menuitems/salmon__soba638300226020319709.jpg?width=172&amp;height=172
Japanese Cury Beef,"Beef Tenderloin, Japanese curry with wakame and our own fermented red cabbage on a bed of flavored jasmine rice, served with side salad.",56.0,https://images.deliveryhero.io/image/talabat/Menuitems/japanese_curry_beef638300226022599409.jpg?width=172&amp;height=172
Pastrami Brisket,,58.0,https://images.deliveryhero.io/image/talabat/Menuitems/7B4B84A7D6E431DB944E8F2D9638300378159875426.png?width=172&amp;height=172
Chicken Supreme,"Home-made focaccia, sous vide chicken ,home-made fermented cabbage and sriracha mayo, served with side salad",52.0,https://images.deliveryhero.io/image/talabat/Menuitems/D8E4CD6A6E35E3C8BFC62EE44638300379060627473.png?width=172&amp;height=172
Salmon and Soba,"Cooked Salmon with stir Fry Soba Noodles and sweet Wafu sauce on the top spring onions and sesame seeds, Miso Soup,  Edamame With Fermented Cabbage,  Green Salad,  4pcs Sushi Maki Of Your Choice.",67.0,https://images.deliveryhero.io/image/talabat/Menuitems/salmon_soba_teriyaki638300226058884642.jpg?width=172&amp;height=172
Chicken Teryaki,"Cooked Chicken Breast with Fried Rice And Teriyaki Sauce on the top spring onions and sesame seeds + Miso Soup + Edamame with fermented cabbage + Green Salad + 4pcs Sushi Maki Of Your Choice.
",57.0,https://images.deliveryhero.io/image/talabat/Menuitems/chicken_teriyaki_bento638300226056497764.jpg?width=172&amp;height=172
Beef teryaki,"Beef tenderloin with a fried rice and teriyaki sauce on the top spring onions and sesame seeds, Add on the side Miso soup + Edamame with fermented cabbage+ Green Salad + 4pcs Sushi Maki Of Your Choice.
",57.0,https://images.deliveryhero.io/image/talabat/Menuitems/Beef_teriyaki_Bento638300226074480828.jpg?width=172&amp;height=172
Chicken poke bowl,"Sushi rice, topped with grilled chicken, mixed with gherkins and pomegranate, topped with sauteed mushrooms, beetroots, baked sweet potatoes, Charcoaled sweet corn, pickled cabbage, wasabi cashews. Recommended sauce: Enso Ponzu & Crunchy Wasabi Aioli.",55.0,
Beef Tenderloin Poke,"Sushi rice, topped with tenderloin beef, mixed with spring onion and gherkins, topped with cherry tomatoes, pickled red cabbage, baked sweet potatoes, beetroot and cucumber, garnished with panko, toasted sesame seeds and beetroot flakes. Sauce sriracha aioli and sesame ponzu.",57.0,https://images.deliveryhero.io/image/talabat/Menuitems/Beef_Tenderloin638300226040152132.jpg?width=172&amp;height=172
Fresh Tuna Poke,"Sushi rice, topped with fresh tuna, mixed with gherkins and pickled jalapeño, topped with crab mix, cucumber, avocado, seaweed salad, pickled ginger, garnished with breaded tempura (tenkatsu) and toasted sesame seeds.  sauce: Enso Ponzu",63.0,https://images.deliveryhero.io/image/talabat/Menuitems/Fresh_tuna638300226039481283.jpg?width=172&amp;height=172
Fresh Salmon Poke,"Signature rice, topped with fresh salmon mixed with spring onion and diced mango, topped with shaved carrots, avocado, pickled red cabbage, edamame, crab mix and chopped almonds garnished with toasted sesame seeds. sauce: Jalapeno & Ginger Sauce",63.0,https://images.deliveryhero.io/image/talabat/Menuitems/fresh_salmon638300226038237584.jpg?width=172&amp;height=172
Spicy prawn poke,"Signature rice, topped with Prawns, mixed with spring onion and diced mango, topped with red onions, shaved carrots, pickled ginger, charcoaled sweet corn and baked sweet potatoes garnished with toasted sesame seeds and breaded tempura (tenkatsu). Recommended sauce: sriracha aioli.",56.0,https://images.deliveryhero.io/image/talabat/Menuitems/prawn638300226059999643.jpg?width=172&amp;height=172
Mermaid Poke,"Signature rice, topped with fresh salmon fresh tuna sauteed shrimp and shredded crab mixed with spring onion, topped with seaweed salad, avocado, pickled red cabbage, edamame, Diced mango with toasted sesame seeds. Sauce: Enso Ponzu & Ginger Jalapeno Sauce
",63.0,https://images.deliveryhero.io/image/talabat/Menuitems/Mermaid638300226041034280.jpg?width=172&amp;height=172
Chicken Burrito,"Nori signature rice wrap, filled with chicken breast, pomegranate and gherkins, mixed with lettuce, onions, baby corn, baked sweet potatoes, cherry tomatoes, wasabi cashews and crispy seaweed flakes. sauce: Wafu & Coriander Sauce",41.0,https://images.deliveryhero.io/image/talabat/Menuitems/chicken_burrito638300225964872221.jpg?width=172&amp;height=172
Beef Tenderloin	Burrito,"Nori sushi rice wrap, topped with tenderloin beef mixed with gherkins and spring onion, topped with sauteed mushrooms, cucumbers, pickled red cabbage, shaved carrots, garnished with beetroot flakes and sesame seeds. Sauce: sriracha aioli and sesame ponzu.",43.0,https://images.deliveryhero.io/image/talabat/Menuitems/Beef_tenderloin_2638300226038617751.jpg?width=172&amp;height=172
Tuna and Crab Burrito,"Nori signature rice wrap, topped with fresh tuna and crab mix mixed with seaweed flakes and spring onions, topped with avocado, pickled ginger, red onions, seaweed salad, garnished with breaded tempura (tenkatsu) and crispy seaweed flakes.  sauce: crunchy wasabi aioli.",48.0,https://images.deliveryhero.io/image/talabat/Menuitems/tuna__crab_burrito638300226022155549.jpg?width=172&amp;height=172
Spicy Prawn	Burrito,"Nori sushi rice wrap, filled with Prawn mixed with diced mango and pickled jalapeno, edamame, shaved carrots, shaved cucumbers, seaweed salad, garnished with crispy seaweed flakes and breaded tempura (tenkatsu). Recommended sauce: sriracha aioli.",43.0,https://images.deliveryhero.io/image/talabat/Menuitems/Spicy_prawn_burrito638300226004600465.jpg?width=172&amp;height=172
Fresh Salmon Burrito,"Nori sushi rice wrap, filled with fresh salmon, spring onion and diced mango, edamame, shaved cucumber, avocado, pickled ginger, crispy seaweed flakes and toasted sesame seeds.  sauce: Enso Ponzu and Crunchy Wasabi Aioli. Served with soy sauce pickled ginger and wasabi paste on the side ",48.0,https://images.deliveryhero.io/image/talabat/Menuitems/Fresh_Salmon_Burrito638300225967177985.jpg?width=172&amp;height=172
Mermaid Burrito,"Nori sushi rice wrap, filled with fresh salmon, fresh tuna, shredded crab, spring onion, diced mango, edamame, shaved cucumber, avocado, seaweed salad, crispy seaweed flakes, and toasted sesame seeds. Sauce Enso ponzu. Served with soy sauce, pickled ginger, and wasabi paste on the side.",48.0,https://images.deliveryhero.io/image/talabat/Menuitems/mermaid_burrito638300225983766872.jpg?width=172&amp;height=172
Acai Bowl,"Acai, with top of banana strawberry blueberry and granola.",37.0,https://images.deliveryhero.io/image/talabat/Menuitems/Acai_bowl638300225965232265.jpg?width=172&amp;height=172
Legendary Brownie,"The original legendary brownie, made with a combination of 3 types of dark chocolate and more chocolate chips for that oushe legendary fudgy brownie taste.",15.0,https://images.deliveryhero.io/image/talabat/Menuitems/6923EB3FB88AD2598872658BE64F99D1?width=172&amp;height=172
Raspberry Cheesecake,"Triple baked dark chocolate cantucci base, we then layer dollops of fluffy and airy cream cheese mixture into which we fold orange zest and raspberries.",19.0,https://images.deliveryhero.io/image/talabat/Menuitems/D4EAFFC03C8F2F0F7D73966856518C55?width=172&amp;height=172
FRESH ORANGE JUICE,fresh orange ,21.0,https://images.deliveryhero.io/image/talabat/Menuitems/FBC5FF130F5797798FD870F75F14F6CF?width=172&amp;height=172
Fresh Apple Juice,Mix red and green.,21.0,https://images.deliveryhero.io/image/talabat/Menuitems/F52FBA82499DBBC01BDF7A8A91ECBAE6?width=172&amp;height=172
HEALTHY HEART,"beetroot, red apple, ginger, orange",24.0,https://images.deliveryhero.io/image/talabat/Menuitems/904024A79336F9DDD986F64AFFC41465?width=172&amp;height=172
IMMUNITY BOOST,"green apple, spinach, parsley, ginger & lemon juice",24.0,https://images.deliveryhero.io/image/talabat/Menuitems/A839803DAE73D9008DBA6579379A9111?width=172&amp;height=172
KOMBUCHA,fermented sweetened tea,26.0,https://images.deliveryhero.io/image/talabat/Menuitems/2E4BEFB7C9AC879524E9921A9E4B6F81?width=172&amp;height=172
Glow,"orange, carrot, ginger",24.0,https://images.deliveryhero.io/image/talabat/Menuitems/1BC5EC4C81E9D27FE0DA22D59BB1A591?width=172&amp;height=172
Sparkling Water,,15.0,https://images.deliveryhero.io/image/talabat/Menuitems/sparkling_water638300226002196434.jpg?width=172&amp;height=172
Pepsi,,9.0,https://images.deliveryhero.io/image/talabat/Menuitems/Pepsi638300225989341874.jpg?width=172&amp;height=172
Diet Pepsi,,9.0,https://images.deliveryhero.io/image/talabat/Menuitems/Diet_Pepsi638300225982904290.jpg?width=172&amp;height=172
7up,,9.0,https://images.deliveryhero.io/image/talabat/Menuitems/7up638300225963857582.jpg?width=172&amp;height=172
7up Diet,,9.0,https://images.deliveryhero.io/image/talabat/Menuitems/Diet_7up638300226076313974.jpg?width=172&amp;height=172
Mirenda,,9.0,https://images.deliveryhero.io/image/talabat/Menuitems/Mirinda638300226021270977.jpg?width=172&amp;height=172
Iced Tea Lemon,,9.0,https://images.deliveryhero.io/image/talabat/Menuitems/iced_tea_lemon638300225983065271.jpg?width=172&amp;height=172
Iced Tea Peach,,9.0,https://images.deliveryhero.io/image/talabat/Menuitems/iced_tea_peach638300225984180318.jpg?width=172&amp;height=172
Mineral Water,,7.0,https://images.deliveryhero.io/image/talabat/Menuitems/Mineral_water638300225983946606.jpg?width=172&amp;height=172
