item_name,item_description,item_price,item_image
Szechuan Noodles,noodles with spice szechuan sauce  and  egg,0.0,
Mutton Potato Chops,"3 Pieces, mashed potato stuffed with spice minced meat and fried",20.0,
Mutton Croquettes,"6 Pieces, oval shaped minced meat in ginger garlic and spices deep fried",18.0,https://images.deliveryhero.io/image/talabat/Menuitems/Mutton_croquettes638007750232915796.jpg?width=172&amp;height=172
Peppery,"crushed pepper, garlic, soya sauce, tossed with peppers and spring onion",0.0,
Fish Curry         ,"spicy fish curry cooked in ground roasted red chilly, spices and coconut",0.0,
Seafood  Soup,"Fish, prawns, squid in thick seafood broth stirred with egg ",22.0,
Tom Yum SOUP,traditional Thai hot and sour broth,0.0,
Sweet Corn SOUP,sweet cream corn in thickend stock and egg,0.0,https://images.deliveryhero.io/image/talabat/Menuitems/Sweet_corn_soup638007750028560910.jpg?width=172&amp;height=172
Hot and Sour SOUP,"julienne cut fresh veggies, black mushrooms and bamboo shoot in thick stock and soya chili vinegar",0.0,
Manchow SOUP,"fresh chopped veggies, chilies in thick stock stirred with soya and egg",0.0,https://images.deliveryhero.io/image/talabat/Menuitems/Manchow_Soup638007750117329662.jpg?width=172&amp;height=172
Crunchy Prawn Ball,cornflake coated minced prawn and fresh herb ball deep fried,36.0,https://images.deliveryhero.io/image/talabat/Menuitems/Crunchy_Prawn_Ball638007750300662780.jpg?width=172&amp;height=172
Peppery,"crushed pepper, garlic, soya sauce, tossed with peppers and spring onion",0.0,
Taipei,ground thai herbs and fresh corriander sauce tossed with peppers and spring onions,0.0,
Calamari,crispy squids done in sweet spice sauce or just wok stired in butter garlic,30.0,
Mugo Kepen,slices in chopped Thai herbs and lemon dressing stir-fried with basil leaves,0.0,https://images.deliveryhero.io/image/talabat/Menuitems/Mugo_Kepen638007750396192752.jpg?width=172&amp;height=172
Forbidden City Chicken,grilled chicken on sticks dipped in our own spiced BBQ sauce,30.0,https://images.deliveryhero.io/image/talabat/Menuitems/Forbidden_city_chicken638007750154001089.jpg?width=172&amp;height=172
Satay Gai,grilled marinated chicken strips on bamboo skewer dipped in peanut sauce,30.0,
Liver Peri Peri,"chicken liver tossed in onion, chili garlic and peri peri sauce",28.0,
Crispy Beef BBQ Sauce,crispy fried BBQ marinated beef tossed in roasted pepper and red chili,32.0,
Paneer in Roasted Pepper Chili,"batter fried paneer cubes tossed in roasted pepper and red chili, drizzled with soya",28.0,
Salt and Pepper Mushrooms,"light batter fried mushrooms tossed in crushed pepper, chili and onions",26.0,
Baby Corn Crisps,crisy fried baby corn tossed in our own sweet spice sauce,26.0,
Vegetable Crisps,assorted veggies lighly batter fried and tossed in mild garlic pepper sauce,26.0,
Mun Thod Gapro,"stir fried potatoes in chili, garlic and hot basil",26.0,
Classic Lollypop,spiced batter fried lollypop,26.0,
Fantastic Lollypop,Batter fried and tossed in our own sweet spice sauce,32.0,
Lemon Pepper Lollypop,crushed pepper lemon mustard ,32.0,
Soya Honey WINGS,Wings tossed in thick soya honey sauce,32.0,
Tandoori Lollypop,lolly pops soaked in spiced yougart mix and chargrilled,32.0,
Momos,Nepali style steamed dumpling with choice of filling,0.0,
Stir Fried Wontons,"steamed wontons tossed in garlic, chilli, spring onion and sesame oil",0.0,
Fried Wontons,deep fried and served with sweet chili sauce,0.0,
Mediterranean Salad,"mix of greens, olives, feta, radish, onion, tomato with a lemon, garlic, mustard dressing",26.0,
Olivier Salad,"pototo, carrot, egg, dill pickle, sweet onions, peas, cucumber and seasoned mayo",26.0,
Chickpea Salad,"chickpeas, raw mango, onion, tomato and corriander, drizzled with tamrind dressing",22.0,
Tuna Salad,"tuna, onion, lime and crushed pepper mixed with a touch of mayo",26.0,
Raita Salad,"whisked yogurt with corriander, onion, tomato and roasted cumin powder",0.0,
Fried Prawns,ground spice rubbed prawns coated with semolina or masala fried.,0.0,
Rechae Grilled Prawns,spicy Goan rechae rubbed prawns with shell and pan grilled,36.0,https://images.deliveryhero.io/image/talabat/Menuitems/Rechae_grill_prawns638007750433126700.jpg?width=172&amp;height=172
Netholi Rawa Fry,mild spice rubbed anchovies rolled in semolina coated and fried,24.0,
Mussels Rachae Rawa Fry,"rechae rubbed mussels, coated with semolina and pan fried",30.0,
Mutton Potato Chops,"3 Pieces, mashed potato stuffed with spice minced meat and fried",20.0,
Mutton Croquettes,"6 Pieces, oval shaped minced meat in ginger garlic and spices deep fried",18.0,https://images.deliveryhero.io/image/talabat/Menuitems/Mutton_croquettes638007750232915796.jpg?width=172&amp;height=172
Chicken Xacuti,bone in chicken pieces in coarse roasted coconut and spice gravy,28.0,
Chicken Curry,boneless chicken simmered in ground red spice and coconut milk,28.0,
Chicken Cafreal,well marinated green spice grilled chicken served with potatoes,36.0,
Beef Chilly Home Style,"julienned roasted beef sauteed with onion, capsicum, tomato and chili on high flame",30.0,https://images.deliveryhero.io/image/talabat/Menuitems/Beef_chilli_Homestyle638007750430573952.jpg?width=172&amp;height=172
Beef Green Masala,beef cubes in ground green masala and coconut gravy,30.0,
Vindaloo,goan blended with potato and red chily spices ground in vinegar,0.0,
Mutton Curry with Potatoes,"bone in mutton cubes cooked in flavorful ground roasted coconut, onion and spice curry",30.0,
Mutton Pepper Fry,"mutton braised in onion, crushed pepper, garlic and tempered with curry leaves",30.0,
Pomfret Recheado,pan fried pomfret stuffed with rechae masala,40.0,
Mackerel Recheado,fresh mackeral stuffed with rechae and pan grilled,24.0,https://images.deliveryhero.io/image/talabat/Menuitems/Macarel_Rechae638007750275467365.jpg?width=172&amp;height=172
Pan Grilled Fish,pan grilled semolina coated or rechae rubbed crème dory ,0.0,
Bombil Rava Fry,pan fried bombay duck mildly spiced and drizzed with semolina,24.0,https://images.deliveryhero.io/image/talabat/Menuitems/Bombil_fry638007750364575042.jpg?width=172&amp;height=172
Pan Fried Fish       ,rubbed with our tangy ground spiced chili paste and pan grilled,0.0,
Calamari Rechae Tossed,"squid rings just tossed with onion, bell peppers and rechae masala or just chili fry",0.0,
King Fish Steak,"fish simmered in ground chili, spices and vinegar served with rice, onions and mushrooms",36.0,
Pickled Mackerel,also known as pulimunchi slow cooked with pickled tangy masala ,26.0,
Ghee Roast ,ground dry roasted spices marinated and cooked in ghee for a rich classy flavour.,0.0,
Crab Xec Xec,scrumptious goan crab curry simmered in ground roasted spices and coconut paste,32.0,
Kube Sukha,kube cooked in moist and thick roasted spice and coconut masala,28.0,
Crab Sukha,Crab cooked in moist and thick roasted spice and coconut masala,32.0,
Crab Curry,"crab curry prepaed in finely ground coconut, onoin and whole spices. ",32.0,https://images.deliveryhero.io/image/talabat/Menuitems/Crab_Curry638007750242242071.jpg?width=172&amp;height=172
Prawn Curry,"goan flavorful ground red chili, spices and coconut curry",32.0,https://images.deliveryhero.io/image/talabat/Menuitems/Prawns_curry638007750185184053.jpg?width=172&amp;height=172
Fish Curry         ,"spicy fish curry cooked in ground roasted red chilly, spices and coconut",0.0,
Ambot Tik,goan sour spicy fish gravy,0.0,
Caldeen,"flavourful yellow curry mildly spiced and tumeric, simmered in coconut milk",0.0,
Mushroom Xacuti,mushrooms in coarse roasted coconut and spicy gravy,24.0,
Vegetable Stew,"mix veggies simmered in coconut milk, mild spices delicate and aromatic",24.0,
Channa Sukha,chick peas in a roasted spice and coconut ,22.0,
Cabbage and Beans Foogath,"stir fried goan sabzi, midly spiced, made with cabbage, beans",22.0,
Potato and Mushroom Vindaloo,goan prepared with ground red chili and vinegar.,24.0,
Butter Chicken,"shredded tandoori chicken, tomato and butter",28.0,
Chicken Tikka Masala,chicken tikka cubes in spiced thick tomato gravy,28.0,
Chicken Do Pyaza,thick chicken cooked in double chunks of onions,28.0,
Hyderabadi Chicken,chicken cooked in ground fresh coconut chili mint and spices,28.0,
Coastal Chicken,deep fried chicken cubes folded in spice and nut paste with curry leaves and chili,28.0,
Harisingh ke Chaap Masala,chefs marinated lamb chops dum cooked on bed of onions to a thick consistency,34.0,
Mutton Madras Curry,"mutton with coconut milk, roasted madras curry powder and kadi Patta",32.0,
Rara Gosht,"mutton combined with mince, and spices to a thick consistency",32.0,
Sheek kabab masala,spiced chargrilled lamb mince finished in thick spiced gravy,32.0,
Gosht,mutton prepared in your choice of fresh methi or sag mild spice contains ghee,0.0,
Rogan Josh,"mutton cubes braised, slow cooked in aromatic spice, ratan jot and onion gravy",32.0,
Bhuna Gosht,lamb spices and brown onion thick gravy combination with crisp roti,32.0,
Kheema Matar,fresh mutton mince cooked with fresh herbs and spice powder drizzled with lemon,28.0,
Johan’s Creamy Prawn,nutty and creamy dish non spicy and contains sesame,36.0,
Machi Amritsari,creme dory in a spicy onion gravy,30.0,
Tawa Masala,combination of red and ground green masala cooked to a semi dry consistency,0.0,
Crab Pepper Fry,,32.0,
Paneer Jalfraizie,"paneer, veggies saute in mild spiced tomato and a bit sweet and tangy",28.0,
Palak Paneer,combination of freshly ground spinach and paneer cubes,28.0,
Sabji Miloni,diced assorted veggies cooked in onion and white creamy gravy,24.0,
Bhendi Masala,okra tossed in spiced onion and tomato cubes,24.0,
Aloo Gobi,"cauliflower, potato stir fried in cumin, ginger and garlic",24.0,
Aloo Methi,"fresh fenugreek leaves, potatoes in butter and mild spices",24.0,
Channa,chickpeas in a north Indian style masala. pindi dryer,0.0,
Moith ki Sabji Milan,"combination of beans, mushroom, broccoli, cauliflower in onion and garlic tomato paste",24.0,
Dal Makhani,"rajma, black dal slow cooked finished with butter and spice with crisp roti",18.0,
Dal Tadka,"tempered moong, masoor dal in fresh herbs and spice",14.0,
Pulao,dum cooked,22.0,
Mutton Biryani,"Made with juicy and tender mutton pieces marinated in special spice mix are laid over bed of fragrant rice, perfect for main course or as a side dish",0.0,
Reshmi Tikka biryani,,30.0,
Fish Dory Biryani,,30.0,
Kingfish Biryani,"Kingfish with Lemon and Capers

",36.0,
Prawn Biryani,"A fragrant rice dish infused with the flavors of succulent prawns, exotic spices, and a medley of fragrant herbs",32.0,
Papad,Thin and crispy Indian snack,0.0,
Chapatti,,0.0,
Pav,,0.0,
Roti,"Experience the warmth of our freshly baked Roti, lovingly crafted with a light, fluffy texture and enticing aroma, delivering authentic flavors that will transport you with every heavenly bite.",0.0,
Stuffed Paratha,Flaky and stuffed Indian bread.,0.0,
Paratha,"Indulge in the warm and flaky goodness of our freshly made Paratha, stuffed with a delectable blend of spiced potatoes and onions, creating a satisfying and irresistible meal.",0.0,
Nan,,0.0,
Garlic Butter Nan,,8.0,
Steam Rice,"Indulge in pure culinary perfection with our Steam Rice! Each grain is lovingly steamed to fluffy perfection, allowing the authentic flavors of any dish to shine. Comforting and satisfying with every forkful.",8.0,
Jeera Rice,roasted cumin and rice combination.,16.0,
Chicken Biryani,"Made with tender chicken, basmati rice, and a blend of spices, it's a classic dish from the Indian subcontinent, perfect for a main course or as a side dish.",26.0,
Vegetable Biryani,"Enjoy our delicious and nutritious veg biryani, featuring a colorful medley of vegetables, fragrant basmati rice, and aromatic spices for a satisfying and wholesome meal.",24.0,
Seafood Grill,"seasoned prawn, fish and squid grilled with sauteed veggies",45.0,https://images.deliveryhero.io/image/talabat/Menuitems/Seafood_Mix_grill638007750484305418.jpg?width=172&amp;height=172
Crème Dory Garlic Flakes,grilled fish with herb and garlic rub served with sauteed veggies,36.0,
Chicken Steak,grilled supreme of chicken sandwiched with onion and spices served with saute veggies,36.0,
Beef Steak,flattened with pepper grilled with brown sauce served with saute veggies,36.0,https://images.deliveryhero.io/image/talabat/Menuitems/Beef_Steak638007750394689764.jpg?width=172&amp;height=172
Roast Beef,pot roasted slices in pepper onion gravy served with grilled onion and potatoes,36.0,https://images.deliveryhero.io/image/talabat/Menuitems/Roast_Beef_Onion___Potato638007750486345186.jpg?width=172&amp;height=172
Jhinga Lassoni,"chargrilled prawns marinated with crushed garlic, cheese and hung curd",36.0,
Tandoori,"rubbed with lime ginger garlic, marinated in spiced yogurt and chargrilled",0.0,
Machi Achari Tikka,fish cubes marinated in a tangy and spicy pickle spices,32.0,https://images.deliveryhero.io/image/talabat/Menuitems/Malai_Chicken_Tikka638007750430491544.jpg?width=172&amp;height=172
Machi Multani Tikka,chargrilled fish cubes with roasted garam masala and ginger garlic,32.0,
Murgh Tandoor,"all-time favorite, chargrilled chicken rubbed with yogurt, spices and lime",0.0,
Murgh Pahadi Tikka,chicken cubes marinated in ground green spices ,30.0,
Murgh Banjara Tikka,prepared in roasted ground spices and hung curd marinade,30.0,
Murgh Malai Tikka,creamy and nutty marinated chargrilled chicken cubes,30.0,
Murgh Tikka,spicy yougart soaked chicken cubes chargrilled.,30.0,
Reshmi Seekh Kabab,mild spices and cardomon infused mince chicken chargrilled brushed with cream,30.0,
Seekh Kabab,ground lamb meat with fresh herbs and ground spices formed on skewers and grilled,32.0,https://images.deliveryhero.io/image/talabat/Menuitems/Sheekh_kabab638007750350701307.jpg?width=172&amp;height=172
Mix Tandoori Platter,assortment of kababs with lamb chops,48.0,
Stuffed Mushroom ,a cream and spice stuffed mushroom ,28.0,
Paneer Tikka,fresh paneer slices in a red spice marinade grilled with onion and peppers,30.0,
Veg Platter,"chargrilled midly spiced assorted mix veggies cauliflower, mushroom, paneer",36.0,
Butter Red Chilly,"red chili flakes, seasoning and butter",0.0,
Chilly Sauce,slit chilies garlic in thick soy sauce,0.0,
Sweet and Sour,tomato and vinegar sweetened with chopped pineapple,0.0,
Szechuan,chopped fresh herb individually shallow fried and combined in ground red chili paste,0.0,
Munchurian,"chopped chili, garlic and ginger with soya prepared dry or thick gravy",0.0,
Oyster Sauce,mild oyster sauce stir in garlic and spring onions,0.0,
Hunan,"soya, honey stir fried with ginger, garlic, chili and spring onion",0.0,
Crush Pepper Garlic,Teriyaki infused with crushed pepper and garlic finished with spring onion,0.0,
Lemon Garlic Butter,"lemon, chopped garlic, coriander leaves in melted butter",0.0,
Pot Rice new,rice topped with mix veggies and asian soya aniseed sauce.,0.0,
Singapore Rice,"combination of rice and noodles tossed with nuts, bell peppers and sriracha",0.0,
Szechuan Fried Rice,stir fried rice with spicy Szechuan sauce and egg,0.0,
Burnt Garlic Rice,crispy garlic  and  rice tossed with a sriracha sauce,0.0,
Fried Rice,seasoned egg spring onion soya stir fried over high flame,0.0,
Hakka Noodles,"julienne cut assorted veggies, stir-fried with egg noodles, pepper and salt",0.0,https://images.deliveryhero.io/image/talabat/Menuitems/Veg_Hakka_Noodle638007750396189963.jpg?width=172&amp;height=172
Szechuan Noodles,noodles with spice szechuan sauce  and  egg,0.0,
American Chop Suey,julienne cut veggies in sweet sour sauce on a bed of crispy noodles and fried egg topping,0.0,
Chinese Chop Suey,julienne cut veggies in white sauce on a bed of crispy noodles and fried egg topping,0.0,
Gaeng Kheaw Wan,green curry flavored with coconut milk and aromatic basil,0.0,
Gaeng Massaman,traditional southern Thai curry,0.0,
Gaeng Phed,"spicy red curry with bird chilly, lemon grass & coconut milk",0.0,
Gaeng Panang,Malay Thai red curry with peanuts,0.0,
Asian Chili Crabs,"mud crabs stir fried heavily coated with ground ginger, garlic, red chilli tomato paste",40.0,
Roast Samurai Chicken,diced roasted chicken in chilli oyster sauce and spring onion,30.0,
Shinto Temple Chicken,"soya, chilli and szechuan combination",30.0,
Beef Wok Stir Fry,beef slices stir fried in veggies and oyster sauce,32.0,
Stir Fried,"stir fried broccoli, mushroom, baby corn, bell peppers with soy garlic.",0.0,
Triffle Pudding,,18.0,
Gulab Jamun,"A soft and spongy milk balls, soaked in a luscious and aromatic syrup infused with cardamom and rose water, delivering a heavenly and satisfying dessert",8.0,
Creme Caramel,A smooth and creamy dessert featuring a baked custard topped with a caramel sauce.,8.0,https://images.deliveryhero.io/image/talabat/Menuitems/Caramel638007750083401654.jpg?width=172&amp;height=172
Gajar ka Halwa,"A traditional Indian dessert made with grated carrots, milk, sugar, and nuts.",16.0,
Fresh Watermelon Juice,Refreshing and hydrating beverage made from freshly squeezed watermelon. It is a natural source of vitamins and minerals,16.0,
Fresh Orange Juice,"Made with freshly squeezed oranges, it's a great source of Vitamin C and perfect for any time of the day.",16.0,
Fresh Mint Cooler Juice,,16.0,
Ice Tea,inhouse preparation,16.0,
Fresh Lemonade Juice,A refreshing and tangy drink made from freshly squeezed lemons.,16.0,
sweet Lassi,"Indulge in our heavenly sweet lassi made with thick and smooth yogurt, perfectly sweetened for a delightful and refreshing drink",14.0,
salt Lassi,"A refreshing yogurt-based drink seasoned with salt, offering a cooling and tangy beverage.",14.0,
Mango Lassi,"Satisfy your cravings with our creamy mango lassi, blended with fresh yogurt and luscious mangoes for the perfect sweet and tangy treat!",16.0,https://images.deliveryhero.io/image/talabat/Menuitems/Mango_lassi638007750055793976.jpg?width=172&amp;height=172
Buttermilk Lassi,,14.0,
Vanilla Milkshake,"Made with vanilla ice cream and milk for a creamy and delicious treat. Perfect for any time of day, our milkshake is sure to be a hit with anyone who loves the taste of rich vanilla.",16.0,
Strawberry Milkshake,"Made with strawberries and creamy vanilla ice cream for a sweet and satisfying treat. Perfect for any time of the day, our milkshake is sure to be a hit with anyone who loves the taste of fresh strawberries.",16.0,
Mango Milkshake,"Made with mangoes, milk and ice cream, it's a perfect blend of sweet and creamy, perfect to enjoy on a hot summer day or any time you crave something sweet.",16.0,
Banana Milkshake,"Made with ripe bananas, creamy milk for a tropical and satisfying experience in every sip.",16.0,
Sol Kadi Milkshake,,10.0,
Coca-Cola,330 ml,6.0,https://images.deliveryhero.io/image/talabat/Menuitems/CocaCola_330ML638007715894996697.jpg?width=172&amp;height=172
Diet Coke,330 ml,6.0,
Thumps up,330 ml,6.0,
Sprite,330 ml,6.0,https://images.deliveryhero.io/image/talabat/Menuitems/Sprite_330ML638007715823885792.jpg?width=172&amp;height=172
Fanta,330 ml,6.0,https://images.deliveryhero.io/image/talabat/Menuitems/Fanta_Orange_330ML638007715840227406.jpg?width=172&amp;height=172
Pepsi,330 ml,6.0,https://images.deliveryhero.io/image/talabat/Menuitems/pepsiCan638007715866010026.jpg?width=172&amp;height=172
Mineral Water,Stay hydrated and refreshed with our mineral water. ,0.0,
