item_name,item_description,item_price,item_image
Molokheyyeh with Rice And Chicken,"Fresh molokhia and grilled chicken served with vermicelli rice, salad and pickles.",35.0,https://images.deliveryhero.io/image/talabat/Menuitems/Feras_Restaurant_Molokhey638257894492517975.jpg?width=172&amp;height=172
Jordanian Mansaf,"Your choice of imported Australian meat or half chicken, served with rice, jameed, topped with almond, shrak bread, served with vegetable dish and pickles.",0.0,https://images.deliveryhero.io/image/talabat/Menuitems/mmw_638313109548052315?width=172&amp;height=172
Palestinian Musakhan,"A special palestinian dish, taboon bread topped with fresh onions cooked with chicken marinated in olive oil and local sumac. Served with yogurt.",38.5,https://images.deliveryhero.io/image/talabat/Menuitems/Palestinian_Musakhan638254467016819304.jpg?width=172&amp;height=172
Jordanian Mansaf,"Your choice of imported Australian meat or half chicken, served with rice, jameed, topped with almond, shrak bread, served with vegetable dish and pickles.",0.0,https://images.deliveryhero.io/image/talabat/Menuitems/mmw_638313109548052315?width=172&amp;height=172
Palestinian Musakhan,"A special palestinian dish, taboon bread topped with fresh onions cooked with chicken marinated in olive oil and local sumac. Served with yogurt.",38.5,https://images.deliveryhero.io/image/talabat/Menuitems/Palestinian_Musakhan638254467016819304.jpg?width=172&amp;height=172
Molokheyyeh with Rice And Chicken,"Fresh molokhia and grilled chicken served with vermicelli rice, salad and pickles.",35.0,https://images.deliveryhero.io/image/talabat/Menuitems/Feras_Restaurant_Molokhey638257894492517975.jpg?width=172&amp;height=172
Bukhari Rice,,0.0,https://images.deliveryhero.io/image/talabat/Menuitems/mmw_638287146047900951?width=172&amp;height=172
Stuffed Cabbage With Meat,"Stuffed cabbage leaves with rice and minced beef, Served with yogurt and salad, pickles, and a wedge of lemon.",40.6,https://images.deliveryhero.io/image/talabat/Menuitems/mmw_638287175981519905?width=172&amp;height=172
Fattoush Salad,"Balanced mixture of fresh vegetables and leaves, dressed in pomegranate molasses syrup and home baked bread croutons, sprinkled with palestine sumac powder.",19.6,https://images.deliveryhero.io/image/talabat/Menuitems/Fattoush_Salad638254467011807291.jpg?width=172&amp;height=172
Cucumber With Yogurt,,11.2,https://images.deliveryhero.io/image/talabat/Menuitems/Cucumber_with_Yogurt638254466969295982.jpg?width=172&amp;height=172
Musakhan Braed,,14.7,https://images.deliveryhero.io/image/talabat/Menuitems/mmw_638264894349776354?width=172&amp;height=172
Hummus Plate,"Hummus, bread and olive.
",16.1,https://images.deliveryhero.io/image/talabat/Menuitems/Hummus_Plate638254466935007568.jpg?width=172&amp;height=172
Hummus Plate With Meat,"Hummus, meat, bread and olive.
",24.5,https://images.deliveryhero.io/image/talabat/Menuitems/Hummus_Plate_with_Meat638254467003859190.jpg?width=172&amp;height=172
Foul Medammas Plate,"Served with bread and olive
",16.8,https://images.deliveryhero.io/image/talabat/Menuitems/Foul_Medammas_Plate638254466979662433.jpg?width=172&amp;height=172
Eggplant Mutabal Plate,,16.1,https://images.deliveryhero.io/image/talabat/Menuitems/Eggplant_Mutabal_Plate638254467016586114.jpg?width=172&amp;height=172
Labaneh Plate,,13.3,https://images.deliveryhero.io/image/talabat/Menuitems/Labaneh_Plate638254466966242241.jpg?width=172&amp;height=172
Plate Of Makdous With Walnuts,,19.6,https://images.deliveryhero.io/image/talabat/Menuitems/Plate_of_Makdous_with_Wal638254467014706691.jpg?width=172&amp;height=172
French Fries Plate ,Crispy and golden fries served as a side dish or snack.,10.5,
Vegetables And Pickles Plate,"Cucumber, tomato, olives and pickles.",4.9,https://images.deliveryhero.io/image/talabat/Menuitems/mmw_638264838894959688?width=172&amp;height=172
Extra Yogurt,,2.8,https://images.deliveryhero.io/image/talabat/Menuitems/mmw_638264835364012135?width=172&amp;height=172
Extra Jameed ,,14.7,https://images.deliveryhero.io/image/talabat/Menuitems/Extra_Jameed638254466929065679.jpg?width=172&amp;height=172
Extra Molokheyyeh Bowl,,11.2,https://images.deliveryhero.io/image/talabat/Menuitems/Extra_Molokheyyeh638254466996644622.jpg?width=172&amp;height=172
Extra Piece Mansaf Meat,,18.9,https://images.deliveryhero.io/image/talabat/Menuitems/Feras_Restaurant_Extra_Pi638257894389227425.jpg?width=172&amp;height=172
Half Chicken,,14.7,https://images.deliveryhero.io/image/talabat/Menuitems/mmw_638264830301477532?width=172&amp;height=172
Extra Mansaf Rice,,10.5,https://images.deliveryhero.io/image/talabat/Menuitems/Feras_Restaurant_Extra_Ma638257894471274094.jpg?width=172&amp;height=172
Extra Vermicilli Rice,,10.5,https://images.deliveryhero.io/image/talabat/Menuitems/Feras_Restaurant_Extra_Ve638257894499249635.jpg?width=172&amp;height=172
Extra Nuts,,5.6,https://images.deliveryhero.io/image/talabat/Menuitems/mmw_638264831067625414?width=172&amp;height=172
Kunafa Naama - Cheese,,0.0,https://images.deliveryhero.io/image/talabat/Menuitems/Kunafa_Namma_with_Cheese638254467000625546.jpg?width=172&amp;height=172
Kunafa Ben Naren - Cheese,,0.0,https://images.deliveryhero.io/image/talabat/Menuitems/Kunafa_Ben_Naren_with_Che638254466987451352.jpg?width=172&amp;height=172
Laban Ayran,"Cool, creamy blend of tangy yogurt, fragrant herbs, and a hint of salt",4.2,https://images.deliveryhero.io/image/talabat/Menuitems/mmw_638285836644154245?width=172&amp;height=172
Pepsi Can,,4.9,https://images.deliveryhero.io/image/talabat/Menuitems/mmw_638285842280681681?width=172&amp;height=172
Pepsi Diet Can,,4.9,https://images.deliveryhero.io/image/talabat/Menuitems/mmw_638285842872869864?width=172&amp;height=172
Mirinda Can,,4.9,https://images.deliveryhero.io/image/talabat/Menuitems/mmw_638285845701254873?width=172&amp;height=172
Mountain Dew Can,,4.9,https://images.deliveryhero.io/image/talabat/Menuitems/mmw_638285848137522892?width=172&amp;height=172
7up Can,,4.9,https://images.deliveryhero.io/image/talabat/Menuitems/mmw_638285910846418321?width=172&amp;height=172
Small Size Water,,2.8,https://images.deliveryhero.io/image/talabat/Menuitems/mmw_638285849526512300?width=172&amp;height=172
Orange Juice,Freshly squeezed orange juice,14.0,
