item_name,item_description,item_price,item_image
Shish White Tawouk Plate,"Succulent white meat shish tawook, grilled and bursting with flavors with hummus and garlic",39.0,https://images.deliveryhero.io/image/talabat/Menuitems/Shish_White_Tawouk_Plate638216471857031260.jpg?width=172&amp;height=172
Half Grilled Chicken,"Half a grilled chicken, marinated and cooked to juicy perfection.",30.0,https://images.deliveryhero.io/image/talabat/Menuitems/Half_Grilled_Chicken638216470874333034.jpg?width=172&amp;height=172
Chicken Kabab Plate,Juicy grilled chicken skewers seasoned to perfection.,41.0,https://images.deliveryhero.io/image/talabat/Menuitems/Chicken_Kabab_Plate638216470668949482.jpg?width=172&amp;height=172
Tabouleh Salad,"A traditional Middle Eastern salad made with bulgur wheat, parsley, tomatoes, onions, and a lemony dressing.",21.0,https://images.deliveryhero.io/image/talabat/Menuitems/mmw_638222552237949180?width=172&amp;height=172
Chicken Shawarma Sandwich,1 Chicken shawarma sandwich with garlic,11.0,https://images.deliveryhero.io/image/talabat/Menuitems/mmw_638224980182553431?width=172&amp;height=172
Arabic Chicken Shawarma,"Chopped sandwich with French fries, garlic sauce and Pickle Garnishing ",30.0,https://images.deliveryhero.io/image/talabat/Menuitems/mmw_638224977903802866?width=172&amp;height=172
Chicken Shawarma Platter,"Chicken shawarma platter with fries, garlic and Pickle Garnishing.",33.0,https://images.deliveryhero.io/image/talabat/Menuitems/mmw_638224979854228727?width=172&amp;height=172
Shish White Tawouk Plate,"Succulent white meat shish tawook, grilled and bursting with flavors with hummus and garlic",39.0,https://images.deliveryhero.io/image/talabat/Menuitems/Shish_White_Tawouk_Plate638216471857031260.jpg?width=172&amp;height=172
Grilled Tikka Meat Plate,,64.0,
Chicken Kabab Plate,Juicy grilled chicken skewers seasoned to perfection.,41.0,https://images.deliveryhero.io/image/talabat/Menuitems/Chicken_Kabab_Plate638216470668949482.jpg?width=172&amp;height=172
Half Grilled Chicken,"Half a grilled chicken, marinated and cooked to juicy perfection.",30.0,https://images.deliveryhero.io/image/talabat/Menuitems/Half_Grilled_Chicken638216470874333034.jpg?width=172&amp;height=172
Full Grilled Chicken,"Full grilled chicken, marinated and cooked to juicy perfection.",53.0,https://images.deliveryhero.io/image/talabat/Menuitems/Full_Grilled_Chicken638216470939587403.jpg?width=172&amp;height=172
Meat Kabab Plate,"Deliciously seasoned meat kababs, grilled to perfection.",54.0,https://images.deliveryhero.io/image/talabat/Menuitems/Meat_Kabab_Plate638216471456689415.jpg?width=172&amp;height=172
Mix Grill Plate,"A delectable assortment of grilled meats, offering a variety of flavors.",67.0,https://images.deliveryhero.io/image/talabat/Menuitems/Mix_Grill_Plate638216471559393702.jpg?width=172&amp;height=172
Mix Grill 1 Kg,"Assorted grilled meats, sold by the kilogram, providing a delightful mix of flavors",161.0,https://images.deliveryhero.io/image/talabat/Menuitems/Mix_Grill_1_Kg638216472375294127.jpg?width=172&amp;height=172
Fatoush Salad,"A vibrant salad with mixed greens, tomatoes, cucumbers, radishes, and crispy pita bread tossed in a zesty dressing.",21.0,https://images.deliveryhero.io/image/talabat/Menuitems/mmw_638222550057091357?width=172&amp;height=172
Rocca Salad,"A flavorful salad featuring arugula leaves, cherry tomatoes, Parmesan cheese, and a balsamic vinegar dressing.",21.0,https://images.deliveryhero.io/image/talabat/Menuitems/mmw_638222551204076310?width=172&amp;height=172
Shirazi Salad,"A light and refreshing salad made with cucumbers Chopped to diced , tomatoes, onions, and herbs, dressed with lemon juice and olive oil.",21.0,https://images.deliveryhero.io/image/talabat/Menuitems/mmw_638222550910838320?width=172&amp;height=172
Tabouleh Salad,"A traditional Middle Eastern salad made with bulgur wheat, parsley, tomatoes, onions, and a lemony dressing.",21.0,https://images.deliveryhero.io/image/talabat/Menuitems/mmw_638222552237949180?width=172&amp;height=172
Cucumber Yoghurt Salad,"Cool and creamy salad made with cucumber with a refreshing yogurt dressing, a perfect side dish.",16.0,https://images.deliveryhero.io/image/talabat/Menuitems/mmw_638222553387739057?width=172&amp;height=172
Hummus,"creamy and flavorful dip made from mashed chickpeas, tahini, garlic and lemon juice. perfect for dipping",19.0,https://images.deliveryhero.io/image/talabat/Menuitems/mmw_638222548751209671?width=172&amp;height=172
Hummus With Meat,"Creamy hummus topped with seasoned ground meat, adding a savory twist to this classic dip",34.0,https://images.deliveryhero.io/image/talabat/Menuitems/mmw_638222548456712735?width=172&amp;height=172
Cheese Fries,Crispy fries topped with melted cheese. Provides delightful combination of flavors that will satisfy your cravings,20.0,https://images.deliveryhero.io/image/talabat/Menuitems/Cheese_Fries638216470554029282.jpg?width=172&amp;height=172
Small Water,Mineral water.,4.0,https://images.deliveryhero.io/image/talabat/Menuitems/mmw_638219897998707071?width=172&amp;height=172
Coca-Cola Can,Soft Drink,6.0,https://images.deliveryhero.io/image/talabat/Menuitems/CocaCola_330ML638215973004862349.jpg?width=172&amp;height=172
