item_name,item_description,item_price,item_image
Safiha Shamia,,36.0,https://images.deliveryhero.io/image/talabat/Menuitems/Safiha_Shamia_637523963380256992.jpg?width=172&amp;height=172
Fondant,,45.0,https://images.deliveryhero.io/image/talabat/Menuitems/Fondant_637523947961603754.jpg?width=172&amp;height=172
Lasagna,"Delight in the layers of mouthwatering, perfectly seasoned meat sauce and tender pasta, all baked to bubbly, golden perfection in our classic Lasagna.",58.0,https://images.deliveryhero.io/image/talabat/Menuitems/Lasagna_637523955442475343.jpg?width=172&amp;height=172
Seafood Pizza,"Made with combination of fresh seafood, zesty tomato sauce, melted cheese, and a crispy crust.",66.0,https://images.deliveryhero.io/image/talabat/Menuitems/Seafood_Pizza_637523963340787268.jpg?width=172&amp;height=172
Mix Moajanat,,36.0,https://images.deliveryhero.io/image/talabat/Menuitems/Mix_Moajanat_637523959571456607.jpg?width=172&amp;height=172
Order 1 Grilled Chicken Breast And Get 1 For Free,,76.0,
Chicken Soup,"Warm your soul with chunks of chicken and a rich broth, make perfect comfort food for any day ",34.0,https://images.deliveryhero.io/image/talabat/Menuitems/Chicken_Soup_637523943948953422.jpg?width=172&amp;height=172
Seafood Soup,Savor the fresh taste of the ocean in every spoonful of our succulent Seafood Soup,42.0,https://images.deliveryhero.io/image/talabat/Menuitems/Seafood_soup_637523963282568812.jpg?width=172&amp;height=172
Vegetable Soup,"Slow-cooked juicy vegetables ina delectable broth, It's a healthy and satisfying option",33.0,https://images.deliveryhero.io/image/talabat/Menuitems/Vegetables_Soup_637523965479019566.jpg?width=172&amp;height=172
Broccoli Soup,Broccoli soup is a creamy and comforting soup that is made from fresh broccoli,35.0,https://images.deliveryhero.io/image/talabat/Menuitems/Broccoli_Soup_637523940225263887.jpg?width=172&amp;height=172
Lentil Soup,"Made with a blend of lentils, vegetables, and spices, it's a healthy and satisfying option.",28.0,https://images.deliveryhero.io/image/talabat/Menuitems/Lentil_Soup_637523955383288572.jpg?width=172&amp;height=172
Mushroom Soup,"Treat your taste buds to the rich and earthy flavors of tender mushrooms, herbs, and cream, blended into a creamy and satisfying bowl of warm Mushroom Soup",34.0,https://images.deliveryhero.io/image/talabat/Menuitems/Mushroom_soup_637523959516589271.jpg?width=172&amp;height=172
Baba Ghanouj,"Made with cooked and mashed eggplants, perfect as a side dish.",31.0,https://images.deliveryhero.io/image/talabat/Menuitems/Baba_Ghanouj_637523939395615317.jpg?width=172&amp;height=172
Vine Leaves (Yalanji),,31.0,https://images.deliveryhero.io/image/talabat/Menuitems/Vine_Leaves_(Yalanji)_637523965485733464.jpg?width=172&amp;height=172
Mutabal,"Made with cooked and mashed eggplants, mixed with tahini, garlic and lemon juice, perfect as a side dish.",29.0,https://images.deliveryhero.io/image/talabat/Menuitems/Mutabal_637523959524358550.jpg?width=172&amp;height=172
Hummus,"Made with the freshest ingredients, including chickpeas, tahini and lemon juice, resulting in a creamy and flavorful dip that's perfect for any occasion.",29.0,https://images.deliveryhero.io/image/talabat/Menuitems/Hummus_637523955390260897.jpg?width=172&amp;height=172
Garlic Labneh,Labneh cheese with garlic infusion,29.0,
Hummus Beiruti,"Experience the creamy allure of our Hummus Beiruti—a delectable blend of smooth chickpeas, tangy lemon, garlic, and fragrant spices—crafted to transport your taste buds to vibrant Beirut streets.",31.0,
Muhammara,"A zesty Mediterranean dip made with roasted red peppers, toasted walnuts, and a touch of pomegranate molasses, perfect for dipping crispy pita chips or spreading on toast!",29.0,https://images.deliveryhero.io/image/talabat/Menuitems/Muhammara_637523959530957166.jpg?width=172&amp;height=172
Beetroot Moutabal,,31.0,
Hindbah,,31.0,
Moussaka Eggplant,,29.0,
Kebbeh Nayeeh,,43.0,
Mix Appetizer,Assortment of appetizers or small bites.,96.0,https://images.deliveryhero.io/image/talabat/Menuitems/Mix_Appetizer_637523959537745359.jpg?width=172&amp;height=172
Chicken Liver,"Made with rich, buttery, and slightly gamey flavor, and a touch of lemon for the ultimate comfort food. It's a perfect meal for lunch or dinner.",36.0,https://images.deliveryhero.io/image/talabat/Menuitems/Chicken_Liver_637523943954322229.jpg?width=172&amp;height=172
Spicy Potato,"Indulge in our Spicy Potato delight, boasting perfectly seasoned, crispy potatoes with a fiery kick, delivering explosive flavors that will keep you craving this irresistible snack.",33.0,https://images.deliveryhero.io/image/talabat/Menuitems/Spicy_Potato_637523963289332505.jpg?width=172&amp;height=172
Chicken Wings,"Treat yourself to crispy, juicy , Chicken Wings",41.0,https://images.deliveryhero.io/image/talabat/Menuitems/Chicken_Wings_637523943959490044.jpg?width=172&amp;height=172
Fried Macaroni Cheese,,48.0,https://images.deliveryhero.io/image/talabat/Menuitems/Fried_Macaroni_Cheese_637523950024137082.jpg?width=172&amp;height=172
Garlic Bread,"Savor the irresistible taste of our Garlic Bread, baked to perfection with French bread, garlic butter, herbs, and melted cheese.",30.0,https://images.deliveryhero.io/image/talabat/Menuitems/Garlic_Bread_637523950029839931.jpg?width=172&amp;height=172
Dynamite Shrimp,"Made crispy, golden-fried shrimp coated in a spicy mayo sauce for a tantalizing treat that will leave you craving more.",58.0,
Cheese Roll,Roll filled with cheese.,29.0,https://images.deliveryhero.io/image/talabat/Menuitems/Cheese_Roll_637523942187858337.jpg?width=172&amp;height=172
Hummus With Meat,"Savor our creamy hummus with succulent spiced meat, It's a perfect dip for any dish",40.0,https://images.deliveryhero.io/image/talabat/Menuitems/Hummus_with_Meat_637523955395420790.jpg?width=172&amp;height=172
Sausage,"Made with the finest quality meats, aromatic spices, and expertly smoked to perfection, ensuring a delectable and unforgettable dining experience.",36.0,https://images.deliveryhero.io/image/talabat/Menuitems/Sausage_637523963295008798.jpg?width=172&amp;height=172
Fried Kebbeh,"Savor the crispy delight of our Fried Kebbeh, a golden-brown masterpiece with a savory, spiced filling that satisfies your Middle Eastern comfort food cravings.",35.0,https://images.deliveryhero.io/image/talabat/Menuitems/Fried_Kebbeh_637523950042466682.jpg?width=172&amp;height=172
Nakanek,,46.0,https://images.deliveryhero.io/image/talabat/Menuitems/Nakanek_637523960516958200.jpg?width=172&amp;height=172
Grilled Halloumi,"Slices of halloumi cheese, grilled to perfection,",42.0,https://images.deliveryhero.io/image/talabat/Menuitems/Grilled_Halloumi_637523952895720060.jpg?width=172&amp;height=172
Chicken Caesar Salad,"Made from a variety of fresh greens, juicy chicken and caesar dressing. It's a great option for a light lunch or a side dish to compliment any meal",47.0,https://images.deliveryhero.io/image/talabat/Menuitems/Chicken_Caesar_637523942201942459.jpg?width=172&amp;height=172
Tabouleh,"A Middle Eastern salad made with bulgur wheat, parsley, tomatoes, mint, and lemon juice.",35.0,https://images.deliveryhero.io/image/talabat/Menuitems/Tabouleh_637523965496036585.jpg?width=172&amp;height=172
Salmon Salad,"A refreshing salad made with fresh salmon, and a mix of greens and vegetables.",52.0,https://images.deliveryhero.io/image/talabat/Menuitems/Salmon_Salad_637523963300275661.jpg?width=172&amp;height=172
Rocca Salad,"Made with a combination of fresh arugula, parmesan cheese, and other toppings, it's a simple yet delicious salad that is perfect as a side dish or a light meal.",35.0,https://images.deliveryhero.io/image/talabat/Menuitems/Rocca_Salad_637523963305558419.jpg?width=172&amp;height=172
Greek Salad,"Made with a mix of fresh vegetables such as tomatoes, cucumbers, onions, and feta cheese, it's a healthy and delicious option for those looking for a light meal or a side dish.",40.0,https://images.deliveryhero.io/image/talabat/Menuitems/Greek_Salad_637523950047898588.jpg?width=172&amp;height=172
Fattoush,"Made with fresh vegetables, herbs and toasted pita bread. Our Fattoush salad is made with crisp lettuce, tomatoes, cucumbers, onions, parsley and mint, making it a perfect side dish or a satisfying light meal.",35.0,https://images.deliveryhero.io/image/talabat/Menuitems/Fattoush_637523945819597191.jpg?width=172&amp;height=172
Prawn Caesar Salad,,52.0,https://images.deliveryhero.io/image/talabat/Menuitems/Prawn_Caesar_Salad_637523961200945841.jpg?width=172&amp;height=172
Avocado Salad,"Made of fresh, peppery arugula leaves, which are also known as rocket leaves with dressing.",52.0,https://images.deliveryhero.io/image/talabat/Menuitems/Avocado_Salad_637523939401754720.jpg?width=172&amp;height=172
Beetroot Salad,"Indulge in our vibrant Beetroot Salad, featuring luscious crimson beets, crisp garden greens, tangy feta cheese, toasted walnuts, and a zesty citrus dressing, creating a refreshing symphony of flavors that will leave you craving more.",35.0,https://images.deliveryhero.io/image/talabat/Menuitems/Beetroot_Salad_637523940230362322.jpg?width=172&amp;height=172
Eastern Salad,,35.0,https://images.deliveryhero.io/image/talabat/Menuitems/Eggplant_Kebab_637523945825058171.jpg?width=172&amp;height=172
Quinoa Salad,"Made from Nutty quinoa, mixed with fresh veggies, herbs, and a zesty dressing.",47.0,https://images.deliveryhero.io/image/talabat/Menuitems/quinoa_salad_637523961206678384.jpg?width=172&amp;height=172
Thai Beef Salad,,48.0,https://images.deliveryhero.io/image/talabat/Menuitems/Thai_Beef_Salad_637523965501728506.jpg?width=172&amp;height=172
Sheesh Tawook,"Juicy grilled chicken skewers marinated in a tantalizing blend of yogurt, lemon, and spices,",68.0,https://images.deliveryhero.io/image/talabat/Menuitems/Sheesh_Tawook_637523963310933814.jpg?width=172&amp;height=172
Lamb Chops (5 Pcs),,83.0,https://images.deliveryhero.io/image/talabat/Menuitems/Lamb_Chops_637523955400945420.jpg?width=172&amp;height=172
Arayes,"Experience the perfect balance of crunch and savory with our Arayes - crispy pita bread stuffed with seasoned minced meat, and spices, grilled to perfection for a delicious meal.",64.0,https://images.deliveryhero.io/image/talabat/Menuitems/Arayes_637523939407926904.jpg?width=172&amp;height=172
Chicken Kebab,"Made with authentic spicesand grilled kebabs to golden perfection, It's a perfect meal for lunch or dinner.",59.0,https://images.deliveryhero.io/image/talabat/Menuitems/Chicken_Kebab_637523943965373929.jpg?width=172&amp;height=172
Kashkash Kebab,,70.0,https://images.deliveryhero.io/image/talabat/Menuitems/Kashkash_Kebab_637523955406543577.jpg?width=172&amp;height=172
Half Boneless Chicken,Half portion of boneless chicken.,55.0,https://images.deliveryhero.io/image/talabat/Menuitems/Half_Boneless_637523952901085973.jpg?width=172&amp;height=172
Mixed Grill,"Grilled meats and vegetables, infused with smoky flavors and served with a side of tangy sauce",82.0,https://images.deliveryhero.io/image/talabat/Menuitems/Mixed_Grill_637523959543485129.jpg?width=172&amp;height=172
Meat Tikka,"Made with tender and succulent pieces of marinated meat, grilled to perfection with a tantalizing blend of spices",72.0,https://images.deliveryhero.io/image/talabat/Menuitems/Meat_Tikka_637523959548568069.jpg?width=172&amp;height=172
Meat Stuffed With Cheese,,68.0,https://images.deliveryhero.io/image/talabat/Menuitems/Meat_Stuffed_with_Ch_637523959554778591.jpg?width=172&amp;height=172
Halabi Kebab,Skewered and grilled kebab with Aleppostyle flavors.,68.0,https://images.deliveryhero.io/image/talabat/Menuitems/Halabi_Kebab_637523952907425786.jpg?width=172&amp;height=172
Eggplant Kebab,"Skewers of grilled or roasted eggplant, marinated in a blend of spices and served as a tasty vegetarian option.",69.0,
Masaya Kebab,,76.0,https://images.deliveryhero.io/image/talabat/Menuitems/Kebab_Ahla_Tala_637523955413523248.jpg?width=172&amp;height=172
Beef Stroganof,,82.0,https://images.deliveryhero.io/image/talabat/Menuitems/Beef_Stroganoff_637523940237175706.jpg?width=172&amp;height=172
Domy Dove,,77.0,https://images.deliveryhero.io/image/talabat/Menuitems/Domy_Dove_637523945830253474.jpg?width=172&amp;height=172
Steak Boivre,,96.0,https://images.deliveryhero.io/image/talabat/Menuitems/Steak_Boivre_637523963316499601.jpg?width=172&amp;height=172
Mushroom Steak,Steak topped with mushrooms.,96.0,https://images.deliveryhero.io/image/talabat/Menuitems/Mushroom_Steak_637523959560332247.jpg?width=172&amp;height=172
Grilled Chicken With Mushroom Sauce,,77.0,https://images.deliveryhero.io/image/talabat/Menuitems/Grilled_Chicken_with_637523952913108073.jpg?width=172&amp;height=172
Grilled Chicken Breast,"Tender and juicy chicken breast cooked on a grill, often seasoned with herbs and spices.",76.0,https://images.deliveryhero.io/image/talabat/Menuitems/Grilled_Chicken_637523952919067408.jpg?width=172&amp;height=172
Chicken Fajita,"Experience our Chicken Fajita, featuring juicy strips of seasoned chicken, grilled with bell peppers and onions, and served with warm tortillas for a delicious and satisfying Mexican-inspired meal.",70.0,https://images.deliveryhero.io/image/talabat/Menuitems/Chicken_Fajita_Sandw_637523942210429634.jpg?width=172&amp;height=172
Meat Philadelphia,,78.0,https://images.deliveryhero.io/image/talabat/Menuitems/Meat_Philadelphia_637523956598690795.jpg?width=172&amp;height=172
Chicken Escalope,"Succulent chicken breast, coated in a golden breadcrumb crust",66.0,https://images.deliveryhero.io/image/talabat/Menuitems/Escalope_637523945835872171.jpg?width=172&amp;height=172
Escalope Milanese,,71.0,https://images.deliveryhero.io/image/talabat/Menuitems/Escalope_Milanese_637523945840942178.jpg?width=172&amp;height=172
Chicken Escalope With Cheese And Mushroom,,59.0,https://images.deliveryhero.io/image/talabat/Menuitems/Escalope_with_Cheese_637523945847628397.jpg?width=172&amp;height=172
Cordon Bleu,"Tender chicken or veal, wrapped around ham and cheese, breaded and fried to perfection",68.0,https://images.deliveryhero.io/image/talabat/Menuitems/Cordon_Bleu_637523943971264546.jpg?width=172&amp;height=172
Shrimp,Grilled or fried. ,103.0,https://images.deliveryhero.io/image/talabat/Menuitems/Shrimp_637523963322309441.jpg?width=172&amp;height=172
Grilled Salmon,"A moist and flavorful fish dish cooked over an open flame, resulting in a deliciously charred exterior",103.0,https://images.deliveryhero.io/image/talabat/Menuitems/Grilled_Salmon_637523952924815379.jpg?width=172&amp;height=172
Hammour Fried,,72.0,https://images.deliveryhero.io/image/talabat/Menuitems/Hammour_fried_637523952931095854.jpg?width=172&amp;height=172
Hammour Grilled,,72.0,https://images.deliveryhero.io/image/talabat/Menuitems/Hammour_Grilled_637523952936859829.jpg?width=172&amp;height=172
Grilled Lobster,A succulent and flavorful seafood delicacy cooked over an open flame or grill.,192.0,https://images.deliveryhero.io/image/talabat/Menuitems/Grilled_Lobst_637523952942258166.jpg?width=172&amp;height=172
Masaya Seafood,,355.0,https://images.deliveryhero.io/image/talabat/Menuitems/Ahla_Tallah_Seafood_637523939415415713.jpg?width=172&amp;height=172
Mix Fried Seafood,,163.0,https://images.deliveryhero.io/image/talabat/Menuitems/Mix_Fried_Seafoo_637523959565979082.jpg?width=172&amp;height=172
Jordanian Mosakhan,,59.0,https://images.deliveryhero.io/image/talabat/Menuitems/Jordanian_Chicken_Mo_637523955418600241.jpg?width=172&amp;height=172
Chicken Biryani,"Made with tender chicken, basmati rice, and a blend of spices, it's a classic dish from the Indian subcontinent, perfect for a main course or as a side dish.",66.0,https://images.deliveryhero.io/image/talabat/Menuitems/Chicken_Biryani_Rice_637523942217291549.jpg?width=172&amp;height=172
Kufta Meat,,66.0,
Fish Sayadieh,,66.0,https://images.deliveryhero.io/image/talabat/Menuitems/Fish_Sayadieh_Rice_637523947956119897.jpg?width=172&amp;height=172
Kebab Hindi,,71.0,https://images.deliveryhero.io/image/talabat/Menuitems/Kebab_Hindi_637523955425076756.jpg?width=172&amp;height=172
Jordanian Mansaf,Traditional Jordanian dish with lamb and rice.,78.0,https://images.deliveryhero.io/image/talabat/Menuitems/Jordanian_Mansaf_Rice_637523955430713803.jpg?width=172&amp;height=172
Grape Leaves,"Experience our  Grape Leaves, stuffed with a delectable mixture of fragrant herbs, seasoned rice, and juicy tomatoes, all rolled up into a tender and flavorful package ",78.0,https://images.deliveryhero.io/image/talabat/Menuitems/Stuffed_Grape_Leaves_637523965507041865.jpg?width=172&amp;height=172
Rice With Meat,,78.0,https://images.deliveryhero.io/image/talabat/Menuitems/Rice_with_Meat_637523966449079758.jpg?width=172&amp;height=172
Chicken Mulukhiyah,,66.0,https://images.deliveryhero.io/image/talabat/Menuitems/Chicken_Mulukhiyah_w_637523943976180413.jpg?width=172&amp;height=172
Kebbeh Labanya,,66.0,https://images.deliveryhero.io/image/talabat/Menuitems/Kebbeh_Labanya_637523955436723806.jpg?width=172&amp;height=172
Shesh Burak,,66.0,https://images.deliveryhero.io/image/talabat/Menuitems/Sheshberak_with_Rice_637523963329112014.jpg?width=172&amp;height=172
Shakryia With Rice,,76.0,https://images.deliveryhero.io/image/talabat/Menuitems/Shakryia_with_Rice_637523963334717314.jpg?width=172&amp;height=172
Pepperoni Pizza,"Made with a classic tomato sauce, mozzarella cheese, and sliced pepperoni, it's a perfect meal for pizza lovers who want a classic and delicious pizza.",57.0,https://images.deliveryhero.io/image/talabat/Menuitems/Pepperoni_Pizza_637523961211526146.jpg?width=172&amp;height=172
Chicken Pizza,Perfect meal for pizza lovers who loves the taste of chicken and want a little more protein in their pizza.,57.0,https://images.deliveryhero.io/image/talabat/Menuitems/Chicken_Pizza_637523943982365879.jpg?width=172&amp;height=172
Margarita Pizza,"Delight in the classic perfection of our Margarita Pizza, with its thin, crispy crust, tangy tomato sauce, melted mozzarella cheese, delivering a mouthwatering Italian masterpiece.",42.0,https://images.deliveryhero.io/image/talabat/Menuitems/Margarita_Pizza_637523956604526949.jpg?width=172&amp;height=172
Turkey Pizza,"Embark on a savory journey with our Turkey Pizza, succulent turkey breast with melted mozzarella, sun-dried tomatoes, caramelized onions, and fresh herbs. A delectable fusion of flavors.",45.0,https://images.deliveryhero.io/image/talabat/Menuitems/Turkey_Pizza_637523965512802855.jpg?width=172&amp;height=172
Vegetarian Pizza,"A symphony of fresh vegetables, aromatic herbs, and melted cheese on a crispy crust.",48.0,https://images.deliveryhero.io/image/talabat/Menuitems/Vegetarian_Pizza_637523965519118378.jpg?width=172&amp;height=172
Seafood Pizza,"Made with combination of fresh seafood, zesty tomato sauce, melted cheese, and a crispy crust.",66.0,https://images.deliveryhero.io/image/talabat/Menuitems/Seafood_Pizza_637523963340787268.jpg?width=172&amp;height=172
Spaghetti With Meat Balls,,58.0,https://images.deliveryhero.io/image/talabat/Menuitems/Spaghetti_Meat_Balls_637523963346511502.jpg?width=172&amp;height=172
Seafood Pasta,Treat yourself to a culinary delight with our flavorful Seafood Pasta.,70.0,https://images.deliveryhero.io/image/talabat/Menuitems/Seafood_Pasta_637523963352060399.jpg?width=172&amp;height=172
Penne Arrabbiata,"classic Italian pasta dish made with penne pasta, a spicy tomato sauce, and garlic",48.0,https://images.deliveryhero.io/image/talabat/Menuitems/Penne_Arrabbiata_637523960522535363.jpg?width=172&amp;height=172
Fettuccine Alfredo,Pasta dish with fettuccine noodles in a creamy Alfredo sauce.,54.0,https://images.deliveryhero.io/image/talabat/Menuitems/Fettuccini_Alfredo_637523945860549800.jpg?width=172&amp;height=172
Lasagna,"Delight in the layers of mouthwatering, perfectly seasoned meat sauce and tender pasta, all baked to bubbly, golden perfection in our classic Lasagna.",58.0,https://images.deliveryhero.io/image/talabat/Menuitems/Lasagna_637523955442475343.jpg?width=172&amp;height=172
Spaghetti Bolognese,"Enjoy our classic Spaghetti Bolognese, featuring al dente noodles, savory meat sauce, and freshly grated Parmesan cheese for a satisfying and flavorful meal.",54.0,https://images.deliveryhero.io/image/talabat/Menuitems/Spaghetti_bolognese_637523963357888045.jpg?width=172&amp;height=172
Chicken Fajita,"Experience our Chicken Fajita, featuring juicy strips of seasoned chicken, grilled with bell peppers and onions, and served with warm tortillas for a delicious and satisfying Mexican-inspired meal.",54.0,https://images.deliveryhero.io/image/talabat/Menuitems/Chicken_Fajita_637523942223246130.jpg?width=172&amp;height=172
Chicken Quesadilla,"Tender grilled chicken, melted cheese, and a medley of spices come together in a warm, toasted tortilla.",54.0,https://images.deliveryhero.io/image/talabat/Menuitems/Chicken_Quesadilla_637523943988371151.jpg?width=172&amp;height=172
Chicken Shawarma,"Made with succulent strips of marinated chicken, slow-roasted on a spit to tender perfection, wrapped in a warm pita bread with crisp veggies and a creamy garlic sauce for a satisfying meal.",48.0,https://images.deliveryhero.io/image/talabat/Menuitems/Chicken_Shawarma_637523943993884614.jpg?width=172&amp;height=172
Chicken Kebab,"Made with authentic spicesand grilled kebabs to golden perfection, It's a perfect meal for lunch or dinner.",39.0,https://images.deliveryhero.io/image/talabat/Menuitems/Chicken_Kebab_Sandwi_637523942228827204.jpg?width=172&amp;height=172
Sheesh Tawook,"Juicy grilled chicken skewers marinated in a tantalizing blend of yogurt, lemon, and spices,",44.0,https://images.deliveryhero.io/image/talabat/Menuitems/Sheesh_Tawook_Sandwi_637523963363558662.jpg?width=172&amp;height=172
Meat Kebab,"Made with marinated meat in a blend of herbs and spices and grilled to perfection, delivering a mouth-watering explosion of flavors in every bite!",46.0,https://images.deliveryhero.io/image/talabat/Menuitems/Meat_Kebab_637523956609811770.jpg?width=172&amp;height=172
Cheese,"Experience the rich and savory flavors of Cheese, a deliciously versatile ingredient that can be enjoyed on its own or used to enhance the flavor and texture of your favorite dishes,",27.0,https://images.deliveryhero.io/image/talabat/Menuitems/Cheese_637523942240912549.jpg?width=172&amp;height=172
Labneh,"Indulge in the tangy, creamy goodness of authentic Labneh, made from strained yoghurt .",24.0,https://images.deliveryhero.io/image/talabat/Menuitems/Labneh_637523955448232731.jpg?width=172&amp;height=172
Shameya Cheese,,33.0,https://images.deliveryhero.io/image/talabat/Menuitems/Shameya_Cheese_637523963374456049.jpg?width=172&amp;height=172
Cheese Zaatar,,29.0,https://images.deliveryhero.io/image/talabat/Menuitems/Cheese_Zaatar_637523942248785266.jpg?width=172&amp;height=172
Meat Mujrmsha,,35.0,https://images.deliveryhero.io/image/talabat/Menuitems/Meat_Mujrmsha_637523956625723603.jpg?width=172&amp;height=172
Safiha Shamia,,36.0,https://images.deliveryhero.io/image/talabat/Menuitems/Safiha_Shamia_637523963380256992.jpg?width=172&amp;height=172
Cheese With Meat,A combination of cheese and meat,35.0,https://images.deliveryhero.io/image/talabat/Menuitems/Cheese_with_Meat_637523942254942069.jpg?width=172&amp;height=172
Zaatar,"Experience the authentic and aromatic taste of our Zaatar, a savory blend of herbs and spices, mixed with extra virgin olive oil",23.0,https://images.deliveryhero.io/image/talabat/Menuitems/Zaatar_637523965524420898.jpg?width=172&amp;height=172
Cheese Muhammarah,,29.0,https://images.deliveryhero.io/image/talabat/Menuitems/Cheese_Muhammara_637523940248891998.jpg?width=172&amp;height=172
Cheese With Sausage,,35.0,https://images.deliveryhero.io/image/talabat/Menuitems/Cheese_with_Sausage_637523942260415212.jpg?width=172&amp;height=172
Mix Moajanat,,36.0,https://images.deliveryhero.io/image/talabat/Menuitems/Mix_Moajanat_637523959571456607.jpg?width=172&amp;height=172
Honey Kraft,,35.0,https://images.deliveryhero.io/image/talabat/Menuitems/Honey_Kraft_637523952953909488.jpg?width=172&amp;height=172
Kunafa,A traditional Middle Eastern dessert made with layers of crispy shredded pastry filled with creamy cheese and drizzled with sweet syrup for a delectable and satisfying treat.,31.0,https://images.deliveryhero.io/image/talabat/Menuitems/Kunafa_637523955454433181.jpg?width=172&amp;height=172
Banana Split,"Savor the ultimate dessert delight: our luscious Banana Split, combining creamy vanilla, rich chocolate, and topped with ripe bananas, velvety hot fudge, whipped cream, and crunchy nuts.",44.0,https://images.deliveryhero.io/image/talabat/Menuitems/Banana_Split_637523939421573769.jpg?width=172&amp;height=172
Waffle Chocolate,,40.0,https://images.deliveryhero.io/image/talabat/Menuitems/Waffle_Chocolate_637523965531068345.jpg?width=172&amp;height=172
Crepe,"Is a thin, delicate pancake that can be filled with a variety choices.",36.0,https://images.deliveryhero.io/image/talabat/Menuitems/Crepe_637523944000791565.jpg?width=172&amp;height=172
Mohalabia,,28.0,https://images.deliveryhero.io/image/talabat/Menuitems/blob_637638785940979381?width=172&amp;height=172
Rice Pudding,"Made with sweet rice, creamy milk & fragrant spices .Classic dessert for ending to any meal. ",36.0,
Fondant,,45.0,https://images.deliveryhero.io/image/talabat/Menuitems/Fondant_637523947961603754.jpg?width=172&amp;height=172
Chocolate Brownies,"Rich and fudgy chocolate squares, often containing nuts or other additions.",40.0,https://images.deliveryhero.io/image/talabat/Menuitems/Chocolate_Brownies_637523944007002766.jpg?width=172&amp;height=172
Fettuccine Crepe,"Experience the divine fusion of Italian and French cuisine: delicate crepes filled with creamy fettuccine, an irresistible flavor symphony.",43.0,https://images.deliveryhero.io/image/talabat/Menuitems/Fettuccine_Crepe_637523945872799761.jpg?width=172&amp;height=172
Kunafa Ice Cream,,42.0,https://images.deliveryhero.io/image/talabat/Menuitems/Ice_cream_Kunafa_637523955459896418.jpg?width=172&amp;height=172
Brownies Crepe,Decadent crepe filled with rich brownies.,44.0,https://images.deliveryhero.io/image/talabat/Menuitems/Brownies_Crepe_637523940254753132.jpg?width=172&amp;height=172
Fruit Crepe,Crepe filled with fresh or frozen fruits.,44.0,https://images.deliveryhero.io/image/talabat/Menuitems/Fruit_Crepe_637523950053214689.jpg?width=172&amp;height=172
Local Water Large,,7.0,https://images.deliveryhero.io/image/talabat/Menuitems/Local_Water_Large_637523955465759002.jpg?width=172&amp;height=172
Local Water Small,,5.0,
Perrier,Sparkling water,20.0,https://images.deliveryhero.io/image/talabat/Menuitems/Perrier_637523961223289983.jpg?width=172&amp;height=172
Barbican,Soda drink,22.0,https://images.deliveryhero.io/image/talabat/Menuitems/Barbican_637523940260556984.jpg?width=172&amp;height=172
Red Bull,"Made with a blend of caffeine, taurine, and B-group vitamins, it's a perfect pick-me-up for those who need an extra energy boost to get through their day.",25.0,https://images.deliveryhero.io/image/talabat/Menuitems/Red_Bull_637523961228301432.jpg?width=172&amp;height=172
Ice Tea Fresh,,24.0,https://images.deliveryhero.io/image/talabat/Menuitems/Ice_Tea_Fresh_637523955471099360.jpg?width=172&amp;height=172
Laban Ayran,"Enjoy our Laban Ayran,a cool, creamy blend of tangy yogurt, fragrant herbs, and a hint of salt,for a refreshing drink that revitalizes your palate with each sip.",20.0,https://images.deliveryhero.io/image/talabat/Menuitems/Laban_Ayran_637523955476256404.jpg?width=172&amp;height=172
Iced Mocha,"Elevate your coffee game with the rich and creamy blend of espresso, chocolate, and milk in our Iced Mocha, the perfect treat to cool you down and perk you up on a hot day.",29.0,
Iced Cafe Latte,A cold latte made with espresso and milk.,29.0,
Iced Cappuccino,"Made with rich espresso, velvety frothed milk and a touch of sweet vanilla syrup, finished with a whipped cream for an irresistible coffee trea",29.0,
Pineapple,"Indulge in the sweet, juicy and tropical taste of our perfectly ripe pineapples.",37.0,https://images.deliveryhero.io/image/talabat/Menuitems/Fresh_Pineapple_Juice_637523947967731864.jpg?width=172&amp;height=172
Kiwi,"Made with a fresh kiwi, it's a healthy and delicious option for breakfast, lunch, or a snack and a great way to get your daily dose of vitamins and nutrients.",37.0,https://images.deliveryhero.io/image/talabat/Menuitems/kiwi_637523955481823913.jpg?width=172&amp;height=172
Pomegranate,"Made with a fresh pomegranate, it's a healthy and delicious option for breakfast, lunch, or a snack and a great way to get your daily dose of vitamins and nutrients.",40.0,https://images.deliveryhero.io/image/talabat/Menuitems/Fresh_Pomegranate_Ju_637523950059363098.jpg?width=172&amp;height=172
Strawberry,Indulge in the sweet and juicy burst of flavor with every bite of our plump and ripe strawberries,36.0,https://images.deliveryhero.io/image/talabat/Menuitems/Fresh_Strawberry_Jui_637523950064556713.jpg?width=172&amp;height=172
Mango,"Savor the sweet and juicy burst of tropical flavor in every bite of our perfectly ripe Mangoes, the ultimate snack for satisfying your fruit cravings.",36.0,https://images.deliveryhero.io/image/talabat/Menuitems/fresh_Mango_Juice_637523947972993358.jpg?width=172&amp;height=172
Orange,"Indulge in the juicy sweetness of our freshly picked oranges, it's a great source of Vitamin C and perfect for any time of the day.",36.0,https://images.deliveryhero.io/image/talabat/Menuitems/Fresh_Orange_Juice_637523947978247346.jpg?width=172&amp;height=172
Orange & Carrot,,36.0,https://images.deliveryhero.io/image/talabat/Menuitems/Orange_Carrot_Juice_637523960528158321.jpg?width=172&amp;height=172
Guava,"Savor the tropical taste of our juicy Guava, with its sweet and tangy flavors and fragrant aroma, for a refreshing and satisfying snack.",36.0,https://images.deliveryhero.io/image/talabat/Menuitems/Gawava_637523950074968863.jpg?width=172&amp;height=172
Red Apple,Variety of apple with red skin.,36.0,
Green Apple,"A tangy and sweet flavor profile, combined with a satisfying crunch",36.0,https://images.deliveryhero.io/image/talabat/Menuitems/green-apple-juice-50_637523950079923076.jpg?width=172&amp;height=172
Avocado,"A perfectly ripe avocado, packed with essential nutrients. Ideal as a snack, spread, or ingredient in your favorite receipes",36.0,https://images.deliveryhero.io/image/talabat/Menuitems/fresh_avacado_juice_637523947983646094.jpg?width=172&amp;height=172
Carrot,"Indulge in the sweet and savory flavors of our fresh carrots, bursting with natural goodness and perfect for any dish!",36.0,https://images.deliveryhero.io/image/talabat/Menuitems/Fresh_Carrot_Juice_637523947989917264.jpg?width=172&amp;height=172
Lemon,"Indulge in the zesty and refreshing flavor of freshly squeezed lemons with our delectable lemonade, made with only the finest, sun-kissed citrus fruits.",36.0,https://images.deliveryhero.io/image/talabat/Menuitems/Fresh_Lemon_Juice_637523947994603371.jpg?width=172&amp;height=172
Sweet Melon,"Succulent sweet melon, bursting with refreshing sweetness, perfect for a refreshing drink",36.0,https://images.deliveryhero.io/image/talabat/Menuitems/Fresh_Sweet_Melon_Ju_637523950069533228.jpg?width=172&amp;height=172
Watermelon,"Refreshing, our sweet and succulent watermelon will quench your thirst",36.0,https://images.deliveryhero.io/image/talabat/Menuitems/Fresh_Watermelon_Jui_637523950085576280.jpg?width=172&amp;height=172
Grapefruit,Citrus fruit known for its tangy flavor.,36.0,https://images.deliveryhero.io/image/talabat/Menuitems/Fresh_Grapefruit_Jui_637523947999887736.jpg?width=172&amp;height=172
Lemon And Mint,Refreshing combination of lemon and mint flavors.,34.0,https://images.deliveryhero.io/image/talabat/Menuitems/Fresh_Lemon_With_Min_637523948005360372.jpg?width=172&amp;height=172
