item_name,item_description,item_price,item_image
Nutella Crepe With Strawberry,Crepe filled and topped with Nutella chocolate and fresh sliced strawberry.,24.0,https://images.deliveryhero.io/image/talabat/Menuitems/blob_637401894503957122?width=172&amp;height=172
Nutella Pancake,Mini pancake topped with Nutella chocolate.,24.0,https://images.deliveryhero.io/image/talabat/Menuitems/blob_637401937965646859?width=172&amp;height=172
Customized Crepe,Customize your crepe with up to 3 preferred flavors.,41.0,https://images.deliveryhero.io/image/talabat/Menuitems/CREPE_637045093222063415.jpg?width=172&amp;height=172
Kinder Crepe,"Crepe filled with kinder bar and Belgian milk chocolate and topped with Belgian white chocolate, Belgian milk chocolate, Belgian dark chocolate and kinder bar.",35.0,https://images.deliveryhero.io/image/talabat/Menuitems/blob_637401892782897684?width=172&amp;height=172
Nutella Crepe,Crepe filled and topped with Nutella Chocolate.,21.0,https://images.deliveryhero.io/image/talabat/Menuitems/blob_637401889478769818?width=172&amp;height=172
Customized Crepe,Customize your crepe with up to 3 preferred flavors.,41.0,https://images.deliveryhero.io/image/talabat/Menuitems/CREPE_637045093222063415.jpg?width=172&amp;height=172
Customized Pancake,Customized your mini pancake with up to 3 preferred flavors.,35.0,https://images.deliveryhero.io/image/talabat/Menuitems/PANCAKE_637045093196809193.jpg?width=172&amp;height=172
Customized Waffle Stick,Customized your waffle stick with up to 3 preferred flavors.,35.0,https://images.deliveryhero.io/image/talabat/Menuitems/WAFFLE_STICK_637045093232763665.jpg?width=172&amp;height=172
Kinder Crepe,"Crepe filled with kinder bar and Belgian milk chocolate and topped with Belgian white chocolate, Belgian milk chocolate, Belgian dark chocolate and kinder bar.",35.0,https://images.deliveryhero.io/image/talabat/Menuitems/blob_637401892782897684?width=172&amp;height=172
Nutella Crepe,Crepe filled and topped with Nutella Chocolate.,21.0,https://images.deliveryhero.io/image/talabat/Menuitems/blob_637401889478769818?width=172&amp;height=172
Nutella Crepe With Strawberry,Crepe filled and topped with Nutella chocolate and fresh sliced strawberry.,24.0,https://images.deliveryhero.io/image/talabat/Menuitems/blob_637401894503957122?width=172&amp;height=172
Lovely Crepe,Red velvet crepe filled and topped with Nutella chocolate.,24.0,https://images.deliveryhero.io/image/talabat/Menuitems/blob_637401895074462540?width=172&amp;height=172
Mix Chocolate Crepe,"Crepe filled and topped with Belgian white chocolate, Belgian milk chocolate and Belgian dark chocolate.",24.0,https://images.deliveryhero.io/image/talabat/Menuitems/blob_637401896869332572?width=172&amp;height=172
Brownie Crepe,"Crepe filled with brownie cake and Nutella chocolate and topped with Belgian milk chocolate, Belgian white chocolate and Belgian dark chocolate.",35.0,https://images.deliveryhero.io/image/talabat/Menuitems/blob_637401897618282495?width=172&amp;height=172
Sushi Red Velvet Crepe,Chopped crepe as sushi pieces filled with red velvet cake and topped with Belgian milk chocolate and Belgian white chocolate.,30.0,https://images.deliveryhero.io/image/talabat/Menuitems/blob_637401898727281086?width=172&amp;height=172
Sushi Crepe,Chopped crepe as sushi pieces filled with brownie cake and topped with Belgian milk chocolate and Belgian white chocolate.,30.0,https://images.deliveryhero.io/image/talabat/Menuitems/blob_637401899366507344?width=172&amp;height=172
Banana Crepe,"Crepe filled with sliced banana and Nutella chocolate and topped with sliced banana, Belgian milk chocolate and Belgian white chocolate.",30.0,https://images.deliveryhero.io/image/talabat/Menuitems/blob_637401901663787535?width=172&amp;height=172
Fettuccine Crepe,"Sliced crepe as fettuccini topped with Belgian milk chocolate, Belgian white chocolate and Belgian dark chocolate.",35.0,https://images.deliveryhero.io/image/talabat/Menuitems/blob_637401902294389752?width=172&amp;height=172
Crispy Fettuccine Crepe,"Sliced crispy crepe as fettuccine topped with Belgian chocolate, Belgian white chocolate, Belgian dark chocolate and crushed Astor.",30.0,https://images.deliveryhero.io/image/talabat/Menuitems/blob_637401903074324803?width=172&amp;height=172
Astor Crispy Crepe,"Crepe filled and topped with Astor, Belgian milk chocolate and Belgian white chocolate.",30.0,https://images.deliveryhero.io/image/talabat/Menuitems/blob_637401904028032121?width=172&amp;height=172
Oreo  Crepe,"Crepe filled and topped with oreo biscuits, Belgian milk chocolate, Belgian white chocolate and Belgian dark chocolate.",30.0,https://images.deliveryhero.io/image/talabat/Menuitems/blob_637401904586896704?width=172&amp;height=172
Lotus Crepe,"Crepe filled and topped with lotus biscuits, lotus sauce, Belgian milk chocolate and Belgian white chocolate.",30.0,https://images.deliveryhero.io/image/talabat/Menuitems/blob_637401905281984322?width=172&amp;height=172
Pistachio Crepe,"Crepe filled with crushed pistachio, pistachio sauce topped with Belgian white chocolate, pistachio sauce and crushed pistachio.",35.0,https://images.deliveryhero.io/image/talabat/Menuitems/blob_637401906167280262?width=172&amp;height=172
Pistella Crepe,"Crepe filled and topped with Belgian white chocolate, pistachio sauce, Nutella chocolate and crushed pistachio.",35.0,https://images.deliveryhero.io/image/talabat/Menuitems/PISTELLA_CREPE_637084086859213835.jpg?width=172&amp;height=172
Cheese And Nutella Crepe,Crepe filled and topped with melted cheese and Nutella chocolate.,30.0,https://images.deliveryhero.io/image/talabat/Menuitems/blob_637401911358650664?width=172&amp;height=172
Sushi Roll Crepe,Rolled crepe filled with brownie cake and topped with Belgian milk chocolate and Belgian white chocolate.,35.0,https://images.deliveryhero.io/image/talabat/Menuitems/blob_637401907185781788?width=172&amp;height=172
Flake Crepe,"Rolled crepe filled with flake and topped with Belgian milk chocolate, Belgian white chocolate and Nutella chocolate.",30.0,https://images.deliveryhero.io/image/talabat/Menuitems/blob_637401909338894004?width=172&amp;height=172
Cheese Crepe,Crepe filled and topped with melted cheese.,24.0,https://images.deliveryhero.io/image/talabat/Menuitems/blob_637401910303286448?width=172&amp;height=172
Cheese And Chips Crepe,Rolled crepe filled and topped with Oman chips and melted cheese.,30.0,https://images.deliveryhero.io/image/talabat/Menuitems/blob_637401913198036474?width=172&amp;height=172
Cheese And Cheetos Crepe,Rolled crepe filled and topped with spicy Cheetos and melted cheese.,30.0,https://images.deliveryhero.io/image/talabat/Menuitems/blob_637401913937852039?width=172&amp;height=172
Kinder Crepe With Astor,"Crepe filled with kinder bar and milk chocolate topped with Belgian white chocolate, Belgian milk chocolate, Belgian dark chocolate, kinder bar and crushed Astor.",41.0,https://images.deliveryhero.io/image/talabat/Menuitems/blob_637401893460299478?width=172&amp;height=172
Kinder Pancake,Mini pancake topped with Belgian milk chocolate and crushed kinder bars.,35.0,https://images.deliveryhero.io/image/talabat/Menuitems/blob_637401937078962612?width=172&amp;height=172
Mix Chocolate Pancake,Mini pancake topped with Belgian milk chocolate and Belgian white chocolate.,30.0,https://images.deliveryhero.io/image/talabat/Menuitems/blob_637401937467147460?width=172&amp;height=172
Nutella Pancake,Mini pancake topped with Nutella chocolate.,24.0,https://images.deliveryhero.io/image/talabat/Menuitems/blob_637401937965646859?width=172&amp;height=172
Lotus Pancake,Mini pancake topped with lotus sauce and crushed lotus biscuits.,30.0,https://images.deliveryhero.io/image/talabat/Menuitems/blob_637401938696173673?width=172&amp;height=172
Lotus And Nutella Pancake,"Mini pancake topped with lotus sauce, crushed lotus biscuits and Nutella chocolate.",30.0,https://images.deliveryhero.io/image/talabat/Menuitems/blob_637401939411830437?width=172&amp;height=172
Pistachio Pancake,Mini pancake topped with pistachio sauce and crushed pistachio.,30.0,https://images.deliveryhero.io/image/talabat/Menuitems/blob_637401939824955588?width=172&amp;height=172
Pistella Pancake,"Mini pancake topped with Nutella chocolate, pistachio sauce and crushed pistachio.",30.0,https://images.deliveryhero.io/image/talabat/Menuitems/blob_637401940123830477?width=172&amp;height=172
Mix Chocolate Rainbow Pancake,Colored mini pancake topped with Belgian milk chocolate and Belgian white chocolate.,30.0,https://images.deliveryhero.io/image/talabat/Menuitems/blob_637401941836832035?width=172&amp;height=172
Nutella Rainbow Pancake,Colored mini pancake topped with Nutella chocolate.,30.0,https://images.deliveryhero.io/image/talabat/Menuitems/blob_637401944366929689?width=172&amp;height=172
Lotus Rainbow Pancake,Colored mini pancake topped with lotus sauce and crushed lotus biscuits.,30.0,https://images.deliveryhero.io/image/talabat/Menuitems/blob_637401945835723180?width=172&amp;height=172
Cheese Pancake,Mini pancake topped with melted cheese.,30.0,https://images.deliveryhero.io/image/talabat/Menuitems/blob_637401960471505773?width=172&amp;height=172
Cheese And Nutella Pancake,Mini pancake topped with melted cheese and Nutella chocolate.,30.0,https://images.deliveryhero.io/image/talabat/Menuitems/blob_637401961116345894?width=172&amp;height=172
Cheese And Chips Pancake,Mini pancake topped with Oman chips and melted cheese.,30.0,https://images.deliveryhero.io/image/talabat/Menuitems/blob_637401961572930863?width=172&amp;height=172
Belgian Waffle With Nutella,Square waffle topped with Nutella chocolate.,35.0,https://images.deliveryhero.io/image/talabat/Menuitems/blob_637401964042984019?width=172&amp;height=172
Belgian Waffle With Belgian Mix Chocolate,"Square waffle topped with Belgian white chocolate, Belgian milk chocolate and Belgian dark chocolate.",35.0,https://images.deliveryhero.io/image/talabat/Menuitems/blob_637401964698709614?width=172&amp;height=172
Belgian Waffle With Lotus,Square waffle topped with lotus sauce and crushed lotus biscuits.,35.0,https://images.deliveryhero.io/image/talabat/Menuitems/blob_637401965294506970?width=172&amp;height=172
Belgian Waffle With Pistachio,Square waffle topped with pistachio sauce and crushed pistachio.,35.0,https://images.deliveryhero.io/image/talabat/Menuitems/blob_637401966242971547?width=172&amp;height=172
Crispy Waffle With Kinder,"Crispy square waffle topped with Nutella chocolate, crushed Astor and sliced kinder bar.",35.0,https://images.deliveryhero.io/image/talabat/Menuitems/blob_637401970613968117?width=172&amp;height=172
Fruit Waffle,"Square waffle cut in two half pieces topped with Belgian milk chocolate, Belgian white chocolate, fresh sliced strawberry and fresh sliced banana",35.0,https://images.deliveryhero.io/image/talabat/Menuitems/blob_637447944272429590?width=172&amp;height=172
Waffle Stick With Kinder,Waffle stick topped with crushed kinder bars and Belgian milk chocolate.,30.0,https://images.deliveryhero.io/image/talabat/Menuitems/blob_637447944760190875?width=172&amp;height=172
Waffle Stick With Nutella,Waffle stick topped with Nutella chocolate.,18.0,https://images.deliveryhero.io/image/talabat/Menuitems/blob_637401973635514791?width=172&amp;height=172
Waffle Stick With Mix Chocolate,Waffle stick topped with Belgian milk chocolate and Belgian white chocolate.,24.0,https://images.deliveryhero.io/image/talabat/Menuitems/blob_637401974275245479?width=172&amp;height=172
Waffle Stick With Lotus,Waffle stick topped with lotus sauce and crushed lotus biscuits.,24.0,https://images.deliveryhero.io/image/talabat/Menuitems/blob_637401974888083198?width=172&amp;height=172
Waffle Stick With Pistachio,Waffle stick topped with pistachio sauce and crushed pistachio.,30.0,https://images.deliveryhero.io/image/talabat/Menuitems/blob_637401975546792618?width=172&amp;height=172
Waffle Stick With Cheese,Waffle stick topped with melted cheese.,24.0,https://images.deliveryhero.io/image/talabat/Menuitems/blob_637401976980187818?width=172&amp;height=172
4 Rainbow Waffle Sticks With Nutella,"Combination of four colored waffle sticks red, green, yellow, and blue topped with Nutella chocolate.",71.0,https://images.deliveryhero.io/image/talabat/Menuitems/blob_637401979660857998?width=172&amp;height=172
1 Colored Waffle Stick With Mix Chocolate,"Choose one piece of red, green, yellow or blue waffle stick topped with Belgian milk chocolate and Belgian white chocolate.",30.0,https://images.deliveryhero.io/image/talabat/Menuitems/Coloured_Waffle_Mix__636630211800774272.jpg?width=172&amp;height=172
Red Waffle Stick With Nutella,Red waffle stick topped with Nutella chocolate.,24.0,https://images.deliveryhero.io/image/talabat/Menuitems/blob_637401984260090674?width=172&amp;height=172
Green Waffle Stick With Nutella,Green waffle stick topped with Nutella chocolate.,24.0,https://images.deliveryhero.io/image/talabat/Menuitems/blob_637401985153647241?width=172&amp;height=172
Yellow Waffle Stick With Nutella,Yellow waffle stick topped with Nutella chocolate.,24.0,https://images.deliveryhero.io/image/talabat/Menuitems/blob_637401985882982693?width=172&amp;height=172
Blue Waffle Stick With Nutella,Blue waffle stick topped with Nutella chocolate.,24.0,https://images.deliveryhero.io/image/talabat/Menuitems/blob_637401986615631073?width=172&amp;height=172
Double Chocolate Cake,Freez special cake rich with a mixture of chocolates.,24.0,https://images.deliveryhero.io/image/talabat/Menuitems/double_chocolate_cake_637077096510683839.jpeg?width=172&amp;height=172
Red Kinder Volcano Cake,"Red velvet cake filled with Nutella chocolate topped with Belgian milk chocolate, Belgian white chocolate and crushed kinder bar.",24.0,https://images.deliveryhero.io/image/talabat/Menuitems/WhatsApp_Image_2018-_636753097690615300.jpg?width=172&amp;height=172
Kinder Brownie Cake,"Brownie cake filled with Nutella chocolate topped with Belgian white chocolate, Belgian milk chocolate and crushed kinder bar.",30.0,https://images.deliveryhero.io/image/talabat/Menuitems/Kinder_Brownie_637163730081506459.jpg?width=172&amp;height=172
Crazy Brownie Cake With Ice Cream,"Crushed brownie topped with Belgian white chocolate, Belgian milk chocolate, Belgian dark chocolate and vanilla ice cream.",41.0,https://images.deliveryhero.io/image/talabat/Menuitems/CRAZY_BROWNY_WITH_IC_637077087165396595.jpeg?width=172&amp;height=172
Crazy Brownie Cake,"Crushed brownie topped with Belgian white chocolate, Belgian milk chocolate and Belgian dark chocolate.",35.0,https://images.deliveryhero.io/image/talabat/Menuitems/CRAZY_BROWNIE_637077092207970986.jpeg?width=172&amp;height=172
Positive Cake With Ice Cream,"Crushed red velvet cake topped with Belgian white chocolate, Belgian milk chocolate, Belgian dark chocolate and vanilla ice cream.",35.0,https://images.deliveryhero.io/image/talabat/Menuitems/POSITIVE_CAKE_WITH_I_637077098400879202.jpeg?width=172&amp;height=172
Positive Cake,"Crushed red velvet cake topped with Belgian white chocolate, Belgian milk chocolate and Belgian dark chocolate.",30.0,https://images.deliveryhero.io/image/talabat/Menuitems/POSITIVE_CAKE_637077093718368938.jpeg?width=172&amp;height=172
Happiness Cake,"Red velvet cake topped with Belgian milk chocolate, Belgian white chocolate and sliced kinder bars.",24.0,https://images.deliveryhero.io/image/talabat/Menuitems/HAPPINESS_CAKE_637077090425697207.jpeg?width=172&amp;height=172
Pistachio Lava Cake,"Pistachio cake topped with Belgian white chocolate, pistachio sauce, crushed pistachio and vanilla ice cream.",35.0,https://images.deliveryhero.io/image/talabat/Menuitems/PISTACHIO_LAVA_CAKE_637077088407659481.jpeg?width=172&amp;height=172
Molten Cake,"Brownie cake filled with Nutella chocolate topped with Belgian white chocolate, Belgian milk chocolate, Belgian dark chocolate, 1 piece of strawberry and 2 pieces of Astor.",24.0,https://images.deliveryhero.io/image/talabat/Menuitems/MOLTINE_CAKE_637077095348432406.jpeg?width=172&amp;height=172
Strawberry Falooda,Strawberry falooda mixed with vanilla ice cream.,18.0,https://images.deliveryhero.io/image/talabat/Menuitems/blob_637401998205202297?width=172&amp;height=172
Mango Falooda,Mango falooda mixed with vanilla ice cream.,18.0,https://images.deliveryhero.io/image/talabat/Menuitems/blob_637401997916733801?width=172&amp;height=172
Kinder Kunafa,Cheese or cream kunafa topped with double kinder sauce and kinder bar.,35.0,https://images.deliveryhero.io/image/talabat/Menuitems/blob_637402001354384977?width=172&amp;height=172
Pistachio Kunafa,Cheese or cream kunafa topped with pistachio sauce and crushed pistachio.,35.0,https://images.deliveryhero.io/image/talabat/Menuitems/b157371f-333d-4126-9_636939761123055506.jpg?width=172&amp;height=172
Mix Chocolate Kunafa,Cheese or cream kunafa topped with Belgian milk chocolate and Belgian white chocolate.,30.0,https://images.deliveryhero.io/image/talabat/Menuitems/f3cc9a51-2975-4f5d-8_636939761648616443.jpg?width=172&amp;height=172
Nutella Kunafa,Cheese or cream kunafa topped with Nutella chocolate.,30.0,https://images.deliveryhero.io/image/talabat/Menuitems/b4136109-7549-4704-8_636939760179711166.jpg?width=172&amp;height=172
Lotus Kunafa,Cheese or cream kunafa topped with lotus sauce and crushed lotus biscuits.,30.0,https://images.deliveryhero.io/image/talabat/Menuitems/0d946615-18a3-48dc-9_636939760657726946.jpg?width=172&amp;height=172
Red Bull Mix,"Red bull with a cup of crushed ice, strawberry syrup and blue syrup.",30.0,https://images.deliveryhero.io/image/talabat/Menuitems/blob_637402018223208855?width=172&amp;height=172
Red Bull Blue,Red bull with a cup of crushed ice and blue syrup.,30.0,https://images.deliveryhero.io/image/talabat/Menuitems/blob_637402018750291763?width=172&amp;height=172
Red Bull Red,Red bull with a cup of crushed ice and Strawberry syrup.,30.0,https://images.deliveryhero.io/image/talabat/Menuitems/blob_637402019169254885?width=172&amp;height=172
Red Bull Passion Fruits,Red bull with a cup of crushed ice and passion fruit syrup.,30.0,https://images.deliveryhero.io/image/talabat/Menuitems/blob_637402019592077750?width=172&amp;height=172
Red Bull Peach,Red bull with a cup of crushed ice and peach syrup.,30.0,https://images.deliveryhero.io/image/talabat/Menuitems/blob_637402019968562357?width=172&amp;height=172
Red Bull Vimto,Red bull with a cup of crushed ice and vimto syrup.,30.0,https://images.deliveryhero.io/image/talabat/Menuitems/blob_637402020436176367?width=172&amp;height=172
Red Bull Raspberry,Red bull with a cup of crushed ice and raspberry syrup.,30.0,https://images.deliveryhero.io/image/talabat/Menuitems/blob_637402021092057378?width=172&amp;height=172
Red Bull Blueberry,Red bull with a cup of crushed ice and blueberry syrup.,30.0,https://images.deliveryhero.io/image/talabat/Menuitems/blob_637402021698792332?width=172&amp;height=172
Vitamin C Mix,"Vitamin C with a cup of crushed ice, blue and strawberry syrup.",24.0,https://images.deliveryhero.io/image/talabat/Menuitems/blob_637402022683787280?width=172&amp;height=172
Vitamin C Blue,Vitamin C with a cup of crushed ice and blue syrup.,24.0,https://images.deliveryhero.io/image/talabat/Menuitems/blob_637402023021233859?width=172&amp;height=172
Vitamin C Red,Vitamin C with a cup of crushed ice and strawberry syrup.,24.0,https://images.deliveryhero.io/image/talabat/Menuitems/blob_637402023390789986?width=172&amp;height=172
Vitamin C Passion Fruit,Vitamin C with a cup of crushed ice and passion fruit syrup.,24.0,https://images.deliveryhero.io/image/talabat/Menuitems/blob_637402023811996984?width=172&amp;height=172
Vitamin C Peach,Vitamin C with a cup of crushed ice and peach syrup.,24.0,https://images.deliveryhero.io/image/talabat/Menuitems/blob_637402024094957980?width=172&amp;height=172
Vitamin C Vimto,Vitamin C with a cup of crushed ice and vimto syrup.,24.0,https://images.deliveryhero.io/image/talabat/Menuitems/blob_637402024605330376?width=172&amp;height=172
Vitamin C Raspberry,Vitamin C with a cup of crushed ice and raspberry syrup.,24.0,https://images.deliveryhero.io/image/talabat/Menuitems/blob_637402025057417450?width=172&amp;height=172
Vitamin C Blueberry,Vitamin C with a cup of crushed ice and blueberry syrup.,24.0,https://images.deliveryhero.io/image/talabat/Menuitems/blob_637402025435610015?width=172&amp;height=172
Heaven Milkshake Cup,Cup of Raffaello coconut flavored milkshake.,24.0,https://images.deliveryhero.io/image/talabat/Menuitems/blob_637447945299217745?width=172&amp;height=172
Kinder Milkshake Jar,Big jar of kinder bars flavored milkshake.,41.0,https://images.deliveryhero.io/image/talabat/Menuitems/KINDER_MILKSHAKE_JAR_637379546402897129.jpg?width=172&amp;height=172
Kinder Milkshake Cup,Cup of kinder bars flavored Milkshake.,30.0,https://images.deliveryhero.io/image/talabat/Menuitems/blob_637447946282521596?width=172&amp;height=172
Lotus Milkshake Jar,Big jar of lotus biscuits flavored milkshake.,35.0,https://images.deliveryhero.io/image/talabat/Menuitems/LOTUS_MILKSHAKE_JAR_637379546463884315.jpg?width=172&amp;height=172
Lotus Milkshake Cup,Cup of lotus biscuits flavored milkshake.,24.0,https://images.deliveryhero.io/image/talabat/Menuitems/blob_637447946791386965?width=172&amp;height=172
Nutella Milkshake Jar,Big jar of Nutella chocolate flavored milkshake.,35.0,https://images.deliveryhero.io/image/talabat/Menuitems/blob_637402031964363882?width=172&amp;height=172
Nutella Milkshake Cup,Cup of Nutella chocolate flavored milkshake.,18.0,https://images.deliveryhero.io/image/talabat/Menuitems/blob_637447947174426370?width=172&amp;height=172
Oreo Milkshake Jar,Big jar of Oreo flavored milkshake.,30.0,https://images.deliveryhero.io/image/talabat/Menuitems/OREO_MILKSHAKE_JAR_637379546532610370.jpg?width=172&amp;height=172
Oreo Milkshake Cup,Cup of Oreo flavored milkshake.,18.0,https://images.deliveryhero.io/image/talabat/Menuitems/blob_637447947484888695?width=172&amp;height=172
Pistachio Milkshake Jar,Big jar of pistachio flavored milkshake.,41.0,https://images.deliveryhero.io/image/talabat/Menuitems/PISTACHIO_MILKSHAKE__637379546486185767.jpg?width=172&amp;height=172
Pistachio Milkshake Cup,Cup of pistachio flavored milkshake.,30.0,https://images.deliveryhero.io/image/talabat/Menuitems/blob_637447947821866567?width=172&amp;height=172
Vanilla Milkshake Jar,Big jar of vanilla flavored milkshake.,30.0,https://images.deliveryhero.io/image/talabat/Menuitems/VANILLA_MILKSHAKE_JAR_637379546546842910.jpg?width=172&amp;height=172
Vanilla Milkshake Cup,Cup of vanilla flavored milkshake.,18.0,https://images.deliveryhero.io/image/talabat/Menuitems/blob_637447948107288625?width=172&amp;height=172
Pink Panther Milkshake Jar,Big jar of strawberry flavored milkshake.,41.0,https://images.deliveryhero.io/image/talabat/Menuitems/PINKPANTHER_MILKSHAK_637379546512113001.jpg?width=172&amp;height=172
Pink Panther Milkshake Cup,Cup of strawberry flavored milkshake.,24.0,https://images.deliveryhero.io/image/talabat/Menuitems/blob_637447948464983928?width=172&amp;height=172
Red Velvet Milkshake Jar,Big jar of red velvet flavored milkshake.,35.0,https://images.deliveryhero.io/image/talabat/Menuitems/REDVELVET_MILKSHAKE__637379546521421166.jpg?width=172&amp;height=172
Red Velvet Milkshake Cup,Cup of red velvet flavored milkshake.,24.0,https://images.deliveryhero.io/image/talabat/Menuitems/blob_637447948819375389?width=172&amp;height=172
Smurf Milkshake Jar,Big jar of blue curacao and blueberry flavored milkshake.,30.0,https://images.deliveryhero.io/image/talabat/Menuitems/SMURF_MILKSHAKE_JAR_637379546540217663.jpg?width=172&amp;height=172
Smurf Milkshake Cup,Cup of blue curacao and blueberry flavored milkshake.,18.0,https://images.deliveryhero.io/image/talabat/Menuitems/blob_637447949311798953?width=172&amp;height=172
Mix Mojito,Cold and refreshing mojito with mixed syrups.,18.0,https://images.deliveryhero.io/image/talabat/Menuitems/blob_637402034785114060?width=172&amp;height=172
Blue Mojito,Cold and refreshing mojito with blue syrup.,18.0,https://images.deliveryhero.io/image/talabat/Menuitems/blob_637402035156211153?width=172&amp;height=172
Passion Fruit Mojito,Cold and refreshing mojito with passion fruit syrup.,18.0,https://images.deliveryhero.io/image/talabat/Menuitems/blob_637402036900788519?width=172&amp;height=172
Peach Mojito,Cold and refreshing mojito with peach syrup.,18.0,https://images.deliveryhero.io/image/talabat/Menuitems/blob_637402037332045265?width=172&amp;height=172
Vimto Mojito,Cold and refreshing mojito with vimto syrup.,18.0,https://images.deliveryhero.io/image/talabat/Menuitems/blob_637402037688935944?width=172&amp;height=172
Raspbeery Mojito,Cold and refreshing mojito with raspberry syrup.,18.0,https://images.deliveryhero.io/image/talabat/Menuitems/blob_637402038103504298?width=172&amp;height=172
Blueberry Mojito,Cold and refreshing mojito with blueberry syrup.,18.0,https://images.deliveryhero.io/image/talabat/Menuitems/blob_637402038475772144?width=172&amp;height=172
Strawberry Mojito,Cold and refreshing mojito with strawberry syrup.,18.0,https://images.deliveryhero.io/image/talabat/Menuitems/blob_637402038887058354?width=172&amp;height=172
Virgin Mojito,Cold and refreshing virgin mojito.,18.0,https://images.deliveryhero.io/image/talabat/Menuitems/blob_637402039511448715?width=172&amp;height=172
Spanish Iced Coffee,Cold and sweet Spanish coffee mixed with crushed ice.,21.0,https://images.deliveryhero.io/image/talabat/Menuitems/blob_637447950189780158?width=172&amp;height=172
Iced Latte,Cold and sweet or nonsweet cafe Latte mixed with crushed ice.,18.0,https://images.deliveryhero.io/image/talabat/Menuitems/blob_637447949850377088?width=172&amp;height=172
Caramel Iced Latte,Cold cafe latte mixed with sweet caramel syrup and crushed ice.,18.0,https://images.deliveryhero.io/image/talabat/Menuitems/blob_637447950611952232?width=172&amp;height=172
Freez Iced Coffee,Freez special sweet and cold coffee mixed with crushed ice.,18.9,https://images.deliveryhero.io/image/talabat/Menuitems/blob_637447950952592569?width=172&amp;height=172
Water Bottle 500 ML,,4.0,
