item_name,item_description,item_price,item_image
Oats And Blueberry Protein Pudding,"175 gm. Allergens: dairy and gluten. Calories 318, fat 5,2, carbs 35.3, protein 34,5.
",17.0,https://images.deliveryhero.io/image/talabat/Menuitems/Oats_And_Blueberry_Protei637792231896052933.jpg?width=172&amp;height=172
Cilantro Lime Chicken Meal," 150 gm cilantro lime chicken, 100 gm broccoli, 100 gm sweet potato and sauce. allergens nil. calories 445, fat 12.4, carbs 35.5, protein 51.8.",42.0,https://images.deliveryhero.io/image/talabat/Menuitems/Cilantro_Lime_Chicken_Mea637792231896053634.jpg?width=172&amp;height=172
BBQ Chicken Breast,"150 Gm, Cal 309.0, Fat 8.1, Carbs 13.9, Protein 46.6
",24.0,https://images.deliveryhero.io/image/talabat/Menuitems/BBQ_Chicken_Breast637806883166760668.jpg?width=172&amp;height=172
Mongolian Beef,"150 Gm, Cal 300.0, Fat 12.7, Carbs 8.9, Protein 38.0, Allergens Sesame, Soy And Gluten
",44.0,https://images.deliveryhero.io/image/talabat/Menuitems/Mongolian_Beef637806883166760600.jpg?width=172&amp;height=172
Cilantro Lime Chicken,"150 Gm, Cal 263.0, Fats 8.0, Carbs 2.1, Protein 46.3
",22.0,https://images.deliveryhero.io/image/talabat/Menuitems/Cilantro_Lime_Chicken637806883166760721.jpg?width=172&amp;height=172
Oats And Blueberry Protein Pudding,"175 gm. Allergens: dairy and gluten. Calories 318, fat 5,2, carbs 35.3, protein 34,5.
",17.0,https://images.deliveryhero.io/image/talabat/Menuitems/Oats_And_Blueberry_Protei637792231896052933.jpg?width=172&amp;height=172
Oats And Strawberry Protein Pudding,"180 gm. Allergens: dairy and gluten. Calories 316, fat 5.1, carbs 34.8, protein 34.6.",17.0,https://images.deliveryhero.io/image/talabat/Menuitems/Oats_And_Strawberry_Prote637792231896052970.jpg?width=172&amp;height=172
" Cheese, Mushroom And Pepper Omelette"," 220 gm. Allergens: eggs and dairy. Calories 247, fat 12.9, carbs 7.2, protein 24.7.",21.0,https://images.deliveryhero.io/image/talabat/Menuitems/Cheese_Mushroom_And_Peppe637792231896052899.jpg?width=172&amp;height=172
Big English Breakfast," allergens: Egg, Calories 550, fat 22.4, carbs 37.3, protein 48.9",47.0,https://images.deliveryhero.io/image/talabat/Menuitems/Big_English_Breakfast637792231896050896.jpg?width=172&amp;height=172
Cilantro Lime Chicken Meal," 150 gm cilantro lime chicken, 100 gm broccoli, 100 gm sweet potato and sauce. allergens nil. calories 445, fat 12.4, carbs 35.5, protein 51.8.",42.0,https://images.deliveryhero.io/image/talabat/Menuitems/Cilantro_Lime_Chicken_Mea637792231896053634.jpg?width=172&amp;height=172
Chicken Tinga Meal," 150 gm Chicken Tinga, 100 gm Green Beans, 100 gm Cauliflower Rice, and salsa allergens nil. calories 384, fat 11.4, carbs 23.6, protein 51.7.",38.0,https://images.deliveryhero.io/image/talabat/Menuitems/Chicken_Tinga_Meal637792231896053602.jpg?width=172&amp;height=172
Chicken Breast Italian Meal," 150 gm Chicken Breast Italian, 100 gm Roasted Veg , 100 gm Cauliflower Rice and Sweet Chilli Sauce allergens nil. calories 431, fat 11.2, carbs 34.3, protein 50.9.
",44.0,https://images.deliveryhero.io/image/talabat/Menuitems/Chicken_Breast_Italian_Me637792231896053556.jpg?width=172&amp;height=172
Turkey Meatballs Meal," 150 gm Turkey Meatballs, 100 gm Roasted Veg, 100 gm Carrot Potato Mash and Home Made Ketchup  Allergens Dairy. cal 527, fat 18.1, carbs 44.9, protein 51.6.
",45.0,https://images.deliveryhero.io/image/talabat/Menuitems/Turkey_Meatballs_Meal637792231896053750.jpg?width=172&amp;height=172
Cilantro Lime Chicken,"150 Gm, Cal 263.0, Fats 8.0, Carbs 2.1, Protein 46.3
",22.0,https://images.deliveryhero.io/image/talabat/Menuitems/Cilantro_Lime_Chicken637806883166760721.jpg?width=172&amp;height=172
BBQ Chicken Breast,"150 Gm, Cal 309.0, Fat 8.1, Carbs 13.9, Protein 46.6
",24.0,https://images.deliveryhero.io/image/talabat/Menuitems/BBQ_Chicken_Breast637806883166760668.jpg?width=172&amp;height=172
Chicken Tinga,"150 Gm, Cal 263.0, Fat 6.5, Carbs 5.4, Protein 46.7
",22.0,https://images.deliveryhero.io/image/talabat/Menuitems/Chicken_Tinga637806883166760706.jpg?width=172&amp;height=172
Chicken Breast Italian,"150 Gm, Cal 234.0, Fat 4.8, Carbs 1.3, Protein 46.0
",26.0,https://images.deliveryhero.io/image/talabat/Menuitems/Chicken_Breast_Italian637806883166760742.jpg?width=172&amp;height=172
Mongolian Beef,"150 Gm, Cal 300.0, Fat 12.7, Carbs 8.9, Protein 38.0, Allergens Sesame, Soy And Gluten
",44.0,https://images.deliveryhero.io/image/talabat/Menuitems/Mongolian_Beef637806883166760600.jpg?width=172&amp;height=172
Beef Tenderloin,"150 Gm, Cal 390.0, Fat 25.0, Carbs 0.6, Protein 41.4
",44.0,https://images.deliveryhero.io/image/talabat/Menuitems/Beef_Tenderloin637806883166760692.jpg?width=172&amp;height=172
Turkey Meatballs,"150 Gm, Cal 331.0, Fat 13.3, Carbs 8.4, Protein 46.1, Allergens Dairy And Egg
",28.0,https://images.deliveryhero.io/image/talabat/Menuitems/Turkey_Meatballs637806883166760649.jpg?width=172&amp;height=172
Lemon Garlic Shrimp,"150 Gm, Cal 252.0, Fat 9.5, Carbs 5.1, Protein 34.7, Allergens Shellfish
",52.0,https://images.deliveryhero.io/image/talabat/Menuitems/Lemon_Garlic_Shrimp637806883166757925.jpg?width=172&amp;height=172
Key Lime Coconut Protein Bites,"120 gm. Allergens: tree nuts and dairy. Calories 496, fat 24, carbs 53.3, protein 20.2.",18.0,https://images.deliveryhero.io/image/talabat/Menuitems/Key_Lime_Coconut_Protein_637792231896054951.jpg?width=172&amp;height=172
Chia Seed ِAnd Peanut Butter Protein Bites,"105 gm. Allergens: tree nuts, peanuts, and dairy. Calories 573, fat 41.5, carbs 30.5, protein 25.3.",18.0,https://images.deliveryhero.io/image/talabat/Menuitems/Chia_Seed_ِAnd_Peanut_But637792231896053815.jpg?width=172&amp;height=172
Mixed Nuts With Chocolate And Raisins by Kcal," allergens: Tree Nuts, Calories 319, fat 25, carbs 21.6, protein 6.9",6.0,https://images.deliveryhero.io/image/talabat/Menuitems/Mixed_Nuts_With_Chocolate637792231896055009.jpg?width=172&amp;height=172
Assorted Nuts By Kcal," allergens: Tree Nuts, Calories 302, fat 27.6, carbs 9.1, protein 9.2
",6.0,https://images.deliveryhero.io/image/talabat/Menuitems/Assorted_Nuts_By_Kcal637792231896053781.jpg?width=172&amp;height=172
Chocolate PB Crisp Protein Bar 80 g			," allergens: Gluten, Soy, Dairy And Peanuts, Calories 359, fat 18.7, carbs 37.9, protein 11.2
",18.0,https://images.deliveryhero.io/image/talabat/Menuitems/Chocolate_PB_Crisp_Protei637792231896054785.jpg?width=172&amp;height=172
Protein Max Shake," allergens: Tree Nuts, Peanuts, Dairy and Soy, Calories 404, fat 22.2, carbs 21.1, protein 34.8",26.0,https://images.deliveryhero.io/image/talabat/Menuitems/Protein_Max_Shake637792231896053469.jpg?width=172&amp;height=172
Counter Punch Shake," allergens: Dairy, Calories 441, fat 26.4, carbs 26.3, protein 29.9",28.0,https://images.deliveryhero.io/image/talabat/Menuitems/Counter_Punch_Shake637792231896053448.jpg?width=172&amp;height=172
Bulk Up Shake," allergens: Tree Nuts and Dairy, Calories 276, fat 6.7, carbs 30.5, protein 27.2",28.0,https://images.deliveryhero.io/image/talabat/Menuitems/Bulk_Up_Shake637792231896053430.jpg?width=172&amp;height=172
Rise And Shine Shake	," allergens: Tree Nuts and Dairy, Calories 276, fat 11.4, carbs 17.8, protein 28.1",26.0,https://images.deliveryhero.io/image/talabat/Menuitems/Rise_And_Shine_Shake637792231896053489.jpg?width=172&amp;height=172
The Energizer Shake 			," allergens: Tree Nuts, Peanuts, Dairy and Soy, Calories 338, fat 16.6, carbs 20.4, protein 30.9",26.0,https://images.deliveryhero.io/image/talabat/Menuitems/The_Energizer_Shake637792231896053510.jpg?width=172&amp;height=172
B Buster Shake," allergens: Dairy, Calories 279, fat 7, carbs 29.9, protein 25.9",26.0,https://images.deliveryhero.io/image/talabat/Menuitems/B_Buster_Shake637792231896053413.jpg?width=172&amp;height=172
Orange Juice By Kcal,"Kcal 222, Fats 1.0 Gm, Carb 51.2 Gm, and Protein 3.4 Gm

",21.0,https://images.deliveryhero.io/image/talabat/Menuitems/Orange_Juice_By_Kcal637792231896053234.jpg?width=172&amp;height=172
Green Orange,"Kcal 13.2, Fats 0 Gm, Carb 2.3 Gm, and Protein 0 Gm
",12.0,https://images.deliveryhero.io/image/talabat/Menuitems/Green_Orange637792231896053191.jpg?width=172&amp;height=172
Green Cola,"Kcal 2.0, Fats 0 Gm, Carb 0.3Gm and Protein 0 Gm
",12.0,https://images.deliveryhero.io/image/talabat/Menuitems/Green_Cola637792231896053158.jpg?width=172&amp;height=172
Green Cherry,"Kcal 16.5, Fats 0 Gm, Carb 3.3Gm and Protein 0 Gm
",12.0,https://images.deliveryhero.io/image/talabat/Menuitems/Green_Cherry637792231896053139.jpg?width=172&amp;height=172
Green Lemonade,"Kcal 6.6, Fats 0 Gm, Carb 2Gm and Protein 0 Gm
",12.0,https://images.deliveryhero.io/image/talabat/Menuitems/Green_Lemonade637792231896053175.jpg?width=172&amp;height=172
Bottled Water," Allergens: none. Calories 0, fat 0, carbs 0, protein 0.",4.0,https://images.deliveryhero.io/image/talabat/Menuitems/Bottled_Water637792231896053067.jpg?width=172&amp;height=172
 Sparkling Water," Allergens: none. Calories 0, fat 0, carbs 0, protein 0.",9.0,https://images.deliveryhero.io/image/talabat/Menuitems/Sparkling_Water637792231896053258.jpg?width=172&amp;height=172
