item_name,item_description,item_price,item_image
Blooming Affection,Product Details Bunch of 7 Red Gerbera Beautifully Tied Together.,169.0,https://images.deliveryhero.io/image/talabat/Menuitems/blob_638287790907019225?width=172&amp;height=172
10 Dark Pink Tulips In A Glass Vase,,189.0,https://images.deliveryhero.io/image/talabat/Menuitems/blob_638290314814769962?width=172&amp;height=172
Dashing Bouquet Of 75 Blue Roses,Product details: a beautiful bouquet of 75 blue roses beautifully wrapped in black and white wrapping.,799.0,https://images.deliveryhero.io/image/talabat/Menuitems/blob_638302743209983505?width=172&amp;height=172
Majestic 25 Red Roses Bouquet,"25 red roses, 10 stems eucalyptus leaves, arranged in white wrapping. DISCLAIMER:Items may differ from their image above",278.85,https://images.deliveryhero.io/image/talabat/Menuitems/blob_638097116395600876?width=172&amp;height=172
White Emotion,Product details: bunch of 10 white orchids tied with green ribbon.,169.0,https://images.deliveryhero.io/image/talabat/Menuitems/blob_638284335223676094?width=172&amp;height=172
A True Wishes Flower Box,"1 Pink Hydrangea, 7 Pink Roses, 7 White Roses, 4 Purple Roses, 3 Pink Matthiola, 4 Pink Carnations, 2 Stems Pink Wax, Leaves and Fillers - 3 Areca Palm, 2 Eucalyptus Flexi Grass and Gypso, Prepared in a Black Round Box.",449.0,https://images.deliveryhero.io/image/talabat/Menuitems/blob_638264544469450863?width=172&amp;height=172
Dark Blue Rose Bouquet,"Premium 6 Stems Dark Blue Floral Coloured Rose, 6 Stems Eucalyptus Cinerea, 2 Stems White Limonium, Designed in a Beautiful Wrapping with Ribbon Bow. DISCLAIMER:Items may differ from their image above",189.55,https://images.deliveryhero.io/image/talabat/Menuitems/blob_638042607538344036?width=172&amp;height=172
Black Pearl Rose Bouquet,"Premium 1 Stem Black Floral Coloured Rose, 3 Stems Baby Breaths, Designed in a Beautiful Wrapping with Ribbon Bow. DISCLAIMER:Items may differ from their image above",89.42,https://images.deliveryhero.io/image/talabat/Menuitems/blob_638042608863319579?width=172&amp;height=172
25 Black Rose Bouquet,Product Details: 25 Black Roses Bouquet,466.65,https://images.deliveryhero.io/image/talabat/Menuitems/blob_638298336938581298?width=172&amp;height=172
Gold And White Roses Arrangement In Black Round Box,Product Details: Arrangement of 20 to 25 White and Golden Roses in Black Round Box,339.15,https://images.deliveryhero.io/image/talabat/Menuitems/blob_638298336018514828?width=172&amp;height=172
Anniversary Pearl Blue Rose Arrangement,"Premium 1 Stem Dark Blue Floral Coloured Rose, Wooden Mulch, Designed in a Happy Anniversary Glass Vase. DISCLAIMER:Items may differ from their image above",119.36,https://images.deliveryhero.io/image/talabat/Menuitems/blob_638042599261368826?width=172&amp;height=172
Golden Duskiness Black And Golden Rose Bouquet,"Premium 2 Stems Black and 3 Stems Golden Floral Coloured Roses, 3 Stems White Limonium, 3 Stems Baby Breaths, Designed in a Beautiful Wrapping with Ribbon Bow. DISCLAIMER:Items may differ from their image above",158.95,https://images.deliveryhero.io/image/talabat/Menuitems/blob_638042595072017994?width=172&amp;height=172
Best Mom Chocolates By Sweecho,"Brand sweecho, text best mom, type milk chocolate, quantity 16 pcs, marble chocolate letters, assorted flavors pistachio, cheesecake, lotus, hazelnut, coffee, cornflakes, mix nuts and rice crisps. Allergens nuts and milk, arranged in a beautiful gift box.",119.0,https://images.deliveryhero.io/image/talabat/Menuitems/blob_638290330557457912?width=172&amp;height=172
Best Dad Chocolates By Sweecho,"Brand sweecho, text best dad, type - milk chocolate, quantity 16 pcs, marble chocolate letters, assorted flavors pistachio, cheesecake, lotus, hazelnut, coffee, cornflakes, mix nuts and rice crisps, allergens nuts and milk, arranged in a beautiful gift box.",119.0,https://images.deliveryhero.io/image/talabat/Menuitems/blob_638290331389161500?width=172&amp;height=172
Love You Mom Chocolates By Sweecho,"Brand sweecho, text love you mom, type milk chocolate, quantity 16 pcs, marble chocolate letters, assorted flavors pistachio, cheesecake, lotus, azelnut, coffee, ornflakes, mix nuts and rice crisps. Allergens nuts and milk, arranged in a beautiful gift box.",119.0,https://images.deliveryhero.io/image/talabat/Menuitems/blob_638290331915476267?width=172&amp;height=172
Be Mine Chocolates By Sweecho,"Brand sweecho, text be mine, type milk chocolate, quantity 16 pcs, marble chocolate letters, assorted flavors pistachio, cheesecake, lotus, hazelnut, coffee, cornflakes, mix nuts and rice crisps. Allergens nuts and milk, arranged in a beautiful gift box.",119.0,https://images.deliveryhero.io/image/talabat/Menuitems/blob_638290333386207657?width=172&amp;height=172
I Love You Chocolates By Sweecho,"Brand sweecho, text I love you, type milk chocolate, quantity 16 pcs, marble chocolate letters, assorted flavors pistachio, cheesecake, lotus, hazelnut, coffee, cornflakes, mix nuts and rice crisps. Allergens nuts and milk, arranged in a beautiful gift box.",119.0,https://images.deliveryhero.io/image/talabat/Menuitems/blob_638290333713795953?width=172&amp;height=172
I Miss You Chocolates By Sweecho,"Brand sweecho, text I miss you, type milk chocolate, quantity 16 pcs, marble chocolate letters, assorted flavors pistachio, cheesecake, lotus, hazelnut, coffee, cornflakes, mix nuts and rice crisps. Allergens nuts and milk, arranged in a beautiful gift box.",119.0,https://images.deliveryhero.io/image/talabat/Menuitems/blob_638290334681303934?width=172&amp;height=172
Say It With Letter,Product details 90 to 120 red and white roses in xxl black round box and tied with white and red  ribbon,1099.0,https://images.deliveryhero.io/image/talabat/Menuitems/blob_638294071459867250?width=172&amp;height=172
White Orchids In Glass Vase,Product details: arrangement of 20 white orchids in a glass vase.,299.0,https://images.deliveryhero.io/image/talabat/Menuitems/blob_638284336572204958?width=172&amp;height=172
Lovely Pink Rose Arrangement,"Product Details 101 to 121 Pink Roses, Arranged in a XXL White Round Box, Pink Ribbon Bow",1099.0,https://images.deliveryhero.io/image/talabat/Menuitems/blob_638294081380519304?width=172&amp;height=172
Sweet Love 101 Roses,"51 red roses, 50 pink roses, white wrapping, and black ribbon bow. DISCLAIMER:Items may differ from their image above",699.0,https://images.deliveryhero.io/image/talabat/Menuitems/blob_638093535659125896?width=172&amp;height=172
Forever Rainbow Roses In White Round Box,"Product Details Arrangement of 28 to 32 Rainbow Forever Roses in a White Round Box. Care Guide Please keep preserved flowers away from moisture and sunlight. It is recommended to keep it in a dry environment in rainy or humid weather. Take care of the rose and it will maintain its natural beauty for 2 to 3 years, or even longer. If the roses appear dusty or damp after being exposed to the air for a long time, please blow the dust away or dry them with a hair dryer in a cool environment.",2699.0,https://images.deliveryhero.io/image/talabat/Menuitems/blob_638292708066479106?width=172&amp;height=172
Lovely Purple Rose Arrangement,Arrangement of 120 to 151 purple rose arrangement in XXL black round box.,1199.0,https://images.deliveryhero.io/image/talabat/Menuitems/blob_638294078917169394?width=172&amp;height=172
Aloe Vera Plant,"Product Details, Plant Name, Aloe Vera Plant Type, Succulent Plant Placement, Indoor Decoration, Stones and Soil Square Glass Vase, 12 x 12 cm",135.15,https://images.deliveryhero.io/image/talabat/Menuitems/blob_638278300348827984?width=172&amp;height=172
Haworthia Plant,"Product Details Plant Name, Haworthia Plant Type, Succulent Plant Placement, Indoor Decoration, White Stones Square Glass Vase, 10 x 10 cm",152.15,https://images.deliveryhero.io/image/talabat/Menuitems/blob_638278300940774048?width=172&amp;height=172
Pink Rose Plant In Jute,Product Details Pink Roses Plant Wrapped in Natural Jute Wrapping,159.0,https://images.deliveryhero.io/image/talabat/Menuitems/blob_638278301855794626?width=172&amp;height=172
Sansevieria In White Pot,"Product Details Plant Name, Sansevieria Plant Type, Air Purifying Plant Plant Placement, Indoor Decoration, Stones and Natural Soil White Plant Pot",159.0,https://images.deliveryhero.io/image/talabat/Menuitems/blob_638278303120182871?width=172&amp;height=172
Yellow Rose Plant In Jute,"Product details, yellow roses plant wrapped in natural jute wrapping",159.0,https://images.deliveryhero.io/image/talabat/Menuitems/blob_638278304000474787?width=172&amp;height=172
Peace Lily Plant In Square Vase,Product details: plant name - spathiphyllum plant type - air purifying plant plant placement - indoor decoration - natural soil square glass vase - 12 x 12 cm,109.65,https://images.deliveryhero.io/image/talabat/Menuitems/blob_638279212542560686?width=172&amp;height=172
Pretty Peonies In Pink,"Composition
fresh pink peony - 8 pcs
pink carnations - 5 pcs
eucalyptus parvifolia leaves - 2 pcs
single ruscus leaves - 2 pcs
cylinder glass vase 10x10 cm - 1 pcs",549.0,https://images.deliveryhero.io/image/talabat/Menuitems/blob_638183881604469134?width=172&amp;height=172
Peonies And Rose Garden,"2 stems pink peony , 8 stems dark pink roses , 1 stem Pink hydrangea , 4 stems pink wax flower , 2 stems massangeana leaves , 3-4 stems pittosporum Ilan leaves, Beautifully designed in cylinder glass vase 12x15cm.",379.0,https://images.deliveryhero.io/image/talabat/Menuitems/blob_638183886816832489?width=172&amp;height=172
Both 11 Peonies Bouquet,"6 Pink Peonies, 5 White Peonies Pink and Sky Blue Wrapping and a Ribbon Bow.",749.0,https://images.deliveryhero.io/image/talabat/Menuitems/blob_638188935840907210?width=172&amp;height=172
Peonies And Hydrangea Bouquet,"3 White Peonies, 1 White Hydrangea, Eucalyptus Leaves and Limonium Purple Wrapping and a Ribbon Bow.",259.0,https://images.deliveryhero.io/image/talabat/Menuitems/blob_638188955759494820?width=172&amp;height=172
Both 21 Peonies Bouquet,"14 White Peonies, 7 Pink Peonies in Grey and White Wrapping and a Ribbon Bow.",1349.0,https://images.deliveryhero.io/image/talabat/Menuitems/blob_638189004358115418?width=172&amp;height=172
Sweet 11 Pink Peonies Bouquet,11 Pink Peonies Seasonal Leaves with Wrapping and a Ribbon Bow,749.0,https://images.deliveryhero.io/image/talabat/Menuitems/blob_638189005507628109?width=172&amp;height=172
Blissful Bouquet Roses With Patchi Chocolate,"25 yellow roses , 250 grams patchi classic assorted chocolate box , brown bouquet wrapping. DISCLAIMER:Items may differ from their image above",369.0,https://images.deliveryhero.io/image/talabat/Menuitems/blob_637942632730220382?width=172&amp;height=172
Choco Blooms - Flowers With Patchi Chocolate Box,"15 yellow and white roses, yellow solidago , 2 stems white crysanthemums ,  steel grass, 250 grams patchi classic assorted chocolate box, Beautifully Designed on the brand bag. DISCLAIMER:Items may differ from their image above",369.0,https://images.deliveryhero.io/image/talabat/Menuitems/blob_637942633281643457?width=172&amp;height=172
Petals And Chocolates - Pink Flowers With Patchi Chocolate Bag,"5 stems light pink spray roses, 3 stem white wax flower, 2 stem white spray roses, 4 pink roses, 2 peach roses, 2 dark pink roses, 100 grams Patchi classic assorted chocolate pouch and beautifully designed on the brand bag. DISCLAIMER:Items may differ from their image above",279.0,https://images.deliveryhero.io/image/talabat/Menuitems/blob_637942634113359209?width=172&amp;height=172
Flamingo Blooms - Pink Roses With Patchi Chocolate Box,"20 stems pink baby roses, 5 stems baby blue eucalyptus leaves, 250 grams Patchi classic assorted chocolate box and beautifully designed bouquet wrapping. DISCLAIMER:Items may differ from their image above",419.0,https://images.deliveryhero.io/image/talabat/Menuitems/blob_637942634725824145?width=172&amp;height=172
Yelloween Roses With Patchi Chocolate Box,"15 yellow roses , 3 stems yellow solidago,3 stems yellow limonium, 250 grams Patchi classic assorted chocolate box, beautifully designed on the brand bag. DISCLAIMER:Items may differ from their image above",369.0,https://images.deliveryhero.io/image/talabat/Menuitems/blob_637942635215644362?width=172&amp;height=172
Passionate Ruby Red Hamper - Red Roses With Patchi Chocolate Box,"15 red roses, green button chrysanthemums, single ruscus leaves, 250 grams Patchi classic assorted chocolate box and beautifully designed on the brand bag. DISCLAIMER:Items may differ from their image above",349.0,https://images.deliveryhero.io/image/talabat/Menuitems/blob_637942635786123926?width=172&amp;height=172
Candylicious 25 Flower Vase,"Product Details: 10 Stems Pink Roses, 10 Stems White Carnation, 5 Stems Pink Matthiola, Parvifolia Leaves, Arranged Beautifully in a Cylinder Vase.",299.0,https://images.deliveryhero.io/image/talabat/Menuitems/blob_638142437916924338?width=172&amp;height=172
Bath Hamper,"Product Details: 1 Loofah, 1 Hand Towel, 1 Assorted Bath Bomb, 1 Assorted Organic Natural Soap, 1 Scented Small  Handmade Jar Candle , 3 pcs Ferrero Rocher, Beautifully Arranged in a Box.",149.0,https://images.deliveryhero.io/image/talabat/Menuitems/blob_638142389330995634?width=172&amp;height=172
Painted Skies 30 Tulips Vase,"Product Details: 10 Purple Tulips, 10 Pink Tulips, 10 White Tulips, 5 Single Ruscus, Prepared in Glass Vase and a Ribbon Bow.DISCLAIMER: Items may differ from their image above DISCLAIMER:Items may differ from their image above",399.0,https://images.deliveryhero.io/image/talabat/Menuitems/blob_638128130605029533?width=172&amp;height=172
Pride Fish Bowl Arrangement,"Product Details: 3 Stems Sunflowers, 3 Stems Purple Roses, 3 Stems Peach Roses, 3 Stems Pink Roses, 3 Stems White Carnations, 2 Stems White Baby Roses, 1 Stems Pink Wax, Leaves and Fillers - 2 Stems Eucalyptus, 1 Stem Gypso and 1 Song of India, Beautifully Arrange d in a fish bowl.",229.0,https://images.deliveryhero.io/image/talabat/Menuitems/blob_638142442205972208?width=172&amp;height=172
Just Amazing Gift Tray,"Product Details: 5 Purple Tulips Bunch, 1 You Are Amazing Soft Toy 20cm, 3 Pcs Ferrero Rocher, Arranged in a Square Wooden Tray, Tied with Ribbon Bow.DISCLAIMER: Items may differ from their image above DISCLAIMER:Items may differ from their image above",229.0,https://images.deliveryhero.io/image/talabat/Menuitems/blob_638128223825398960?width=172&amp;height=172
Lilac Roses Round Black Box Deluxe,"Product Details: 41-51 Purple Roses, Arranged in a Round Black Box, Ribbon Bow.DISCLAIMER: Items may differ from their image above DISCLAIMER:Items may differ from their image above",479.0,https://images.deliveryhero.io/image/talabat/Menuitems/blob_638128226251721730?width=172&amp;height=172
Magic Of 11 Lily,Product details: 11 stems yellow lily.Beautifully wrapped in yellow wrapping.,259.0,https://images.deliveryhero.io/image/talabat/Menuitems/blob_638250299872225177?width=172&amp;height=172
Lovely 31 Mix Roses,Product details: arrangement of 31 mixed roses in cylinder glass vase,299.0,https://images.deliveryhero.io/image/talabat/Menuitems/blob_638250300845704091?width=172&amp;height=172
For Someone Special 21 Hydrangeas,Product description: bouquet of 21 mix hydrangeas.,899.0,https://images.deliveryhero.io/image/talabat/Menuitems/blob_638250297852256130?width=172&amp;height=172
Lavishing 61 Red And White Tulips,Product description: arrangement of 31 red tulips and 30 white tulips in a fish bowl designed beautifully with white stones,799.0,https://images.deliveryhero.io/image/talabat/Menuitems/blob_638250298411753601?width=172&amp;height=172
Lovely 31 Red And White Roses,Product details: arrangement of 31 mix red and white roses in cylinder glass vase,299.0,https://images.deliveryhero.io/image/talabat/Menuitems/blob_638250300543054283?width=172&amp;height=172
4 Blue Hydrangea In Fish Bowl,Product details: 4 blue hydrangea beautifully designed in a fish bowl.,259.0,https://images.deliveryhero.io/image/talabat/Menuitems/blob_638250301471190300?width=172&amp;height=172
Floral Dessert Box,"4 Stems Red Baby Roses, 4 Stems White Baby Roses, 4 Stems Pink Baby Roses, 4 Stems Yellow Baby Roses, Prepared in a Black Round Box.",259.0,https://images.deliveryhero.io/image/talabat/Menuitems/blob_638218084650343648?width=172&amp;height=172
Icon Flower Box,"1 Purple Hydrangea, 2 Stems Pink Oriental Lilies, 3 Pink Roses, 3 Stems Blue Orchids, Leaves - Eucalyptus and Erica Palm, Prepared in a Black Round Box.",329.0,https://images.deliveryhero.io/image/talabat/Menuitems/blob_638218162995165647?width=172&amp;height=172
Big Boy Toy,"7 Orange Tulips, 2 Stems Orange Asiatic Lilies, 4 Stems White Baby Roses, 9 Yellow Carnations, Leaves and Fillers - 3 Solidaster, Pittosporum and Flexi Grass, Prepared in a Sky Blue Cycle.",349.0,https://images.deliveryhero.io/image/talabat/Menuitems/blob_638218165918956519?width=172&amp;height=172
Splendid Flower Box,"4 Purple Cala Lilies, 2 Stems Pink Oriental Lilies, 6 Red Roses, 2 Stems Peach Baby Roses, 4 Stems White Orchids, Leaves and Fillers - 4 Solidaster and Singapore Leaves, 6 Pcs Ferrero Rocher Chocolates, Prepared in a Round White Box.",449.0,https://images.deliveryhero.io/image/talabat/Menuitems/blob_638218166284612776?width=172&amp;height=172
For My Fellow Bonsai Plant In Box,"Plant Name - Bonsai, Plant Placement - Indoor, Decoration - Bark Mulch, Prepared in a Box.",179.0,https://images.deliveryhero.io/image/talabat/Menuitems/blob_638219272268758014?width=172&amp;height=172
Sunshine Floral Box,"1 Green Hydrangea, 1 White Hydrangea, 5 Yellow Cala Lilies, 10 Orange Roses, 1 Blue Delphinium, Leaves - Massangeana, Singapore Leaves and Flexi Grass, 6 Pcs Ferrero Rocher Chocolates, Prepared in a Round White Box.",479.0,https://images.deliveryhero.io/image/talabat/Menuitems/blob_638219275166819799?width=172&amp;height=172
Care Flowers And Ferrero Bouquet,"2 Stems White Oriental Lilies, 3 Pink Hydrangea, 6 Pink Carnations, 4 Stems Pink Daisies, 4 Stems White Alstroemerias, 7 Pcs Ferrero Rochers, Blue Limonium and 3 Single Ruscus, Beautifully Wrapped and a Ribbon Bow.",399.0,https://images.deliveryhero.io/image/talabat/Menuitems/blob_638217395723256439?width=172&amp;height=172
Greetings Flowers And Ferrero Bouquet,"2 Stems White Oriental Lilies, 1 White Hydrangea, 4 Purple Matthiola, 3 Pink Gerberas, 5 Ferrero Rochers, Leaves and Fillers - 2 Palm Leaves, 3 Single Ruscus and Gypso, Beautifully Wrapped and a Ribbon Bow.",279.0,https://images.deliveryhero.io/image/talabat/Menuitems/blob_638217396775732457?width=172&amp;height=172
Love 7 Red Roses And Ferrero Bouquet,"7 Red Roses, 6 Pcs Ferrero Rochers, Leaves and Fillers - Gypso and Single Ruscus, Beautifully Wrapped and a Ribbon Bow.",159.0,https://images.deliveryhero.io/image/talabat/Menuitems/blob_638217397648986957?width=172&amp;height=172
Love 11 Pink Roses And Ferrero Bouquet,"11 Pink Roses, 10 Ferrero Rochers, Leaves and Fillers - Eucalyptus, Gypso and Single Ruscus, Beautifully Wrapped and a Ribbon Bow.",219.0,https://images.deliveryhero.io/image/talabat/Menuitems/blob_638217527988396007?width=172&amp;height=172
Love 11 Purple Roses And Ferrero Bouquet,"11 Purple Roses, 10 Pcs Ferrero Rochers, 3 Massangeana Leaves, Beautifully Wrapped and a Ribbon Bow.",199.0,https://images.deliveryhero.io/image/talabat/Menuitems/blob_638217547667398385?width=172&amp;height=172
Love 11 Red Roses And Ferrero Bouquet,"11 Red Roses, 10 Ferrero Rochers, Leaves and Fillers - Parvifolia, Gypso and Palm Leaves, Beautifully Wrapped and a Ribbon Bow.",219.0,https://images.deliveryhero.io/image/talabat/Menuitems/blob_638217562675254683?width=172&amp;height=172
All About Love 801 Red Roses,"801 red roses, arranged in grand handle basket.
",5499.0,https://images.deliveryhero.io/image/talabat/Menuitems/blob_638225531284385233?width=172&amp;height=172
A Fairy Tale Affair Flowers,"4 Light pink carnations, 4 white roses, and 3 White carnations in a 10x10 cm glass vase. DISCLAIMER:Items may differ from their image above",139.0,https://images.deliveryhero.io/image/talabat/Menuitems/blob_637997750094622032?width=172&amp;height=172
Assorted Roses In A Glass Vase,8 Mix Color Roses in a 10x10 cm Glass Vase. DISCLAIMER:Items may differ from their image above,149.0,https://images.deliveryhero.io/image/talabat/Menuitems/blob_637997752268791989?width=172&amp;height=172
Blush Pink Carnations Bouquet,6 Pink Carnations in a Bouquet Style. DISCLAIMER:Items may differ from their image above,109.0,https://images.deliveryhero.io/image/talabat/Menuitems/blob_637997753045056899?width=172&amp;height=172
Bouquet Of Sunshine Sunflower Bouquet,2 Sunflowers with Eucalyptus Leaves and Seasonal Fillers DISCLAIMER:Items may differ from their image above,139.0,https://images.deliveryhero.io/image/talabat/Menuitems/blob_637997753890550728?width=172&amp;height=172
Bouquet Of 10 Yellow Roses In Glass Vase,10 Yellow Roses in a Glass Vase DISCLAIMER:Items may differ from their image above,149.0,https://images.deliveryhero.io/image/talabat/Menuitems/blob_637997754806001304?width=172&amp;height=172
Bouquet Of Pink Carnations In Glass Vase,"10 Stems Pink Carnations with Seasonal Fillers, 
Designed in a 10x10 Glass Vase. DISCLAIMER:Items may differ from their image above",149.0,https://images.deliveryhero.io/image/talabat/Menuitems/blob_637997756201608179?width=172&amp;height=172
ARIES Colourful Assorted Tulip,"7 Red Tulips,
6 Yellow Tulips,
6 Pink Tulips,
6 Purple Tulips,
Arranged in a Glass Vase as per the availability DISCLAIMER:Items may differ from their image above",299.0,https://images.deliveryhero.io/image/talabat/Menuitems/blob_638116353661612155?width=172&amp;height=172
Aries Red Tulips In Glass Vase,Glass Vase Arrangement of 20 Red Tulips DISCLAIMER:Items may differ from their image above,249.0,https://images.deliveryhero.io/image/talabat/Menuitems/blob_638116356607357583?width=172&amp;height=172
Taurus Pink Blushing,"10 Pink roses, 15 pink carnations, dusty miller, white wrapping, and peach ribbon bow. DISCLAIMER:Items may differ from their image above",289.0,https://images.deliveryhero.io/image/talabat/Menuitems/blob_638116358320751847?width=172&amp;height=172
Gemini Lush Lavender Bouquet,"7 Purple Matthiola,
3 Stems of Blue Statice,
Eucalyptus Leaves, Gypsophila and Seasonal Fillers,
Wrapped in a Contrast Wrapping and a Ribbon Bow DISCLAIMER:Items may differ from their image above",249.0,https://images.deliveryhero.io/image/talabat/Menuitems/blob_638116360087789377?width=172&amp;height=172
Cancer Calla Lily Moonlight Glow,"4 Peach Roses,
4 White Matthiola,
6 White Calla Lilies,
2 White Hydrangea,
4 Stems of White Spray Roses DISCLAIMER:Items may differ from their image above",399.0,https://images.deliveryhero.io/image/talabat/Menuitems/blob_638116363415315003?width=172&amp;height=172
Leo Mesmerising Sunflowers,"3 Sun Flower,
3 Purple Limonium,
3 White wax,
3 Eucalyptus,
Beautifully Wrapped DISCLAIMER:Items may differ from their image above",149.0,https://images.deliveryhero.io/image/talabat/Menuitems/blob_638116366426941889?width=172&amp;height=172
Honey Red Roses In Vase,"Gift Contains:  12 Red Roses , 6 Stems Single Ruscus Green Leaves , One Flower Glass Vase , One Stem Dry Lotus Flower, One Jar Candle DISCLAIMER:Items may differ from their image above",299.0,https://images.deliveryhero.io/image/talabat/Menuitems/blob_638068873683042914?width=172&amp;height=172
You Are The Love Of My Soul Red Roses Flower Vase,"Gift contains 16 red roses, 3 stems pittosporum illan green leaves and 12x12 cm square flower vase. DISCLAIMER:Items may differ from their image above",299.0,https://images.deliveryhero.io/image/talabat/Menuitems/blob_638068875020972726?width=172&amp;height=172
You Are Beautiful Red Roses Flower Vase,"Gift contains 15 red roses, 4 stems white wax flowers, 8 stems steel grass, 3 stems pittosporum illan green leaves and 12x12 cm square flower vase. DISCLAIMER:Items may differ from their image above",349.0,https://images.deliveryhero.io/image/talabat/Menuitems/blob_638068876273336817?width=172&amp;height=172
You Are The Love Of My Soul Red Roses Flower Vase Arabic,"Gift Contains:  16 Red Roses , 3 Stems Pittosporum illan Green Leaves , 12x12 cm Square Flower Vase DISCLAIMER:Items may differ from their image above",299.0,https://images.deliveryhero.io/image/talabat/Menuitems/blob_638068877332535018?width=172&amp;height=172
You Are Beautiful Red Roses Flower Vase Arabic,"Gift Contains : 15 Red Roses , 4 Stems White Wax Flowers, 8 Stems Steel Grass, 3 Stems Pittosporum illan Green Leaves, 12x12 cm Square Flower Vase DISCLAIMER:Items may differ from their image above",349.0,https://images.deliveryhero.io/image/talabat/Menuitems/blob_638068882487925053?width=172&amp;height=172
Passionate Pink And White Roses,25 Pink and White Roses Beautifully Arranged in a Glass Vase DISCLAIMER:Items may differ from their image above,287.9,https://images.deliveryhero.io/image/talabat/Menuitems/blob_637855263512714918?width=172&amp;height=172
Soothing Pink And White Flower Vase,"6 Dark Pink Roses,
6 Pink Carnations,
4 Stems of White Chrysanthemum,
3 Stems of Blue Statice,
Salal Tip Leaves,
Arranged in a Glass Vase DISCLAIMER:Items may differ from their image above",219.0,https://images.deliveryhero.io/image/talabat/Menuitems/blob_637855328923543820?width=172&amp;height=172
Apricot Orange Roses Glass Vase Arrangement,"A fantastic clear glass vase arrangement of 24 apricot orange roses, send this vase arrangement today to brings a smile and happiness to your loved one's DISCLAIMER:Items may differ from their image above",219.0,https://images.deliveryhero.io/image/talabat/Menuitems/blob_637994675334874514?width=172&amp;height=172
Pastel Roses Glass Vase Arrangment,A fantastic Clear glass vase arrangement of 24 light pink and white roses. Send this vase arrangement today to brings a smile and happiness to your loved one's DISCLAIMER:Items may differ from their image above,219.0,https://images.deliveryhero.io/image/talabat/Menuitems/blob_637994677270654629?width=172&amp;height=172
Glorious Pink And Yellow Roses Glass Vase,A fantastic Clear glass vase arrangement of 24 light pink and yellow roses. Send this vase arrangement today to brings a smile and happiness to your loved one's DISCLAIMER:Items may differ from their image above,249.0,https://images.deliveryhero.io/image/talabat/Menuitems/blob_637994678884823480?width=172&amp;height=172
Sunny Day Yellow Roses Glass Vase,A fantastic Clear glass vase arrangement of 24 bright yellow roses. Send this vase arrangement today to brings a smile and happiness to your loved one's DISCLAIMER:Items may differ from their image above,249.0,https://images.deliveryhero.io/image/talabat/Menuitems/blob_637994680282906658?width=172&amp;height=172
Mixed Flowers Combination,"4 orange roses, 4 peach roses, 4 dual purple roses, 4 stems of purple lisianthus, 4 stems of pink lisianthus, 4 stems pink hypericum, 5 stems of salal leaves, 3 stems of yellow craspedia, beautifully tied with rafia. DISCLAIMER:Items may differ from their image above",240.9,https://images.deliveryhero.io/image/talabat/Menuitems/Mixed_Flowers_Combin_637726563478799319.jpg?width=172&amp;height=172
Sweet Anniversary Flowers Wishes,"1 stem white oriental lily, 4 stem light purple roses, 4 stem dark pink roses, 3 stem light pink roses, 3 stem green chrysanthemum, 2 stem green hypericum, 1 purple limonium and 3 stem mini pittosporum. DISCLAIMER:Items may differ from their image above",218.9,https://images.deliveryhero.io/image/talabat/Menuitems/Sweet_Anniversary_Wi_637708805488395989.jpg?width=172&amp;height=172
Painted Skies Tulips Arrangement,"10 white tulips, 10 pink tulips, 10 purple tulips, cylinder glass vase 25x12 cm and preparation time 20 minutes. DISCLAIMER:Items may differ from their image above",438.9,https://images.deliveryhero.io/image/talabat/Menuitems/Painted_Skies_Tulips_637708805951648250.jpg?width=172&amp;height=172
Happy Birthday Flowers In Vase,"Product Details: 2 Stems Purple Spray Roses, 5 Stems Dark Pink Roses, 4 Stems Light Purple Roses, 2 Stems Odilia Spray Rose, 4 Stems Eryngium, 2 Stems Purple Wax, 1 Stem Parvifolia Eucalyptus, 1 Stem Blue Limonium with English Arabic Happy Birthday Sticker Prepared in 12x12 cm Square Glass Vase on Floral Foam",218.9,https://images.deliveryhero.io/image/talabat/Menuitems/Happy_Birthday_Flowe_637708805431237886.jpg?width=172&amp;height=172
White Tulip Cluster,30 white tulips round glass vase 12x15 cms decoration with ribbon and preparation time is 20 minutes. DISCLAIMER:Items may differ from their image above,438.9,https://images.deliveryhero.io/image/talabat/Menuitems/Tulip_Cluster_637708805897386761.jpg?width=172&amp;height=172
Precious Heart Red And Pink Roses,"21 Red Roses, 16 light pink roses, 3 stems red limonium, 22 ferrero rocher chocolates and heart-shaped wooden tray size - 35 / 8 cm. Prepared in 30 mins
 DISCLAIMER:Items may differ from their image above",548.9,https://images.deliveryhero.io/image/talabat/Menuitems/Precious_Heart_637726562342458915.jpg?width=172&amp;height=172
Butterscotch Peach Baby Roses Vase,"Gift contains: 10 Stems Peach Baby Roses, Yellow Ceramic Glass Vase DISCLAIMER:Items may differ from their image above",259.0,https://images.deliveryhero.io/image/talabat/Menuitems/blob_638068972221970313?width=172&amp;height=172
Creamy Pink N White Baby Roses Vase,"Gift contains: 5 Stems Light Pink Baby Roses and 5 Stems White Baby Roses, Ceramic Flower Glass Vase, Pack of 2 Candles DISCLAIMER:Items may differ from their image above",289.0,https://images.deliveryhero.io/image/talabat/Menuitems/blob_638068974079682918?width=172&amp;height=172
Taffy Pink N White Baby Roses Vase,"Gift contains: 5 Stems Light Pink Baby Roses and 5 Stems White Baby Rose, Ceramic Flower Glass Vase DISCLAIMER:Items may differ from their image above",269.0,https://images.deliveryhero.io/image/talabat/Menuitems/blob_638068975665882230?width=172&amp;height=172
Grande Azure Delphinium N Baby Roses Vase,"Gift contains : 3 Stems Blue Delphinium, 4 Stems White Baby Roses, 2 Stems Italian Ruscuss, 2 Stems Single Ruscuss, Designer Flower Glass Vase, Pack of 2 Candles DISCLAIMER:Items may differ from their image above",349.0,https://images.deliveryhero.io/image/talabat/Menuitems/blob_638068977591958874?width=172&amp;height=172
Pearl Daisy In Flower Vase,"Gift Contains : 10 Stems White Santini, Ceramic Flower Glass Vase, Pack of 2 Candles DISCLAIMER:Items may differ from their image above",349.0,https://images.deliveryhero.io/image/talabat/Menuitems/blob_638068979094362304?width=172&amp;height=172
Baby Breath Amphora,"Gift contains: 10 Stems White Baby Breath, Ceramic Flower Glass Vase, Pack of 2 Candles DISCLAIMER:Items may differ from their image above",239.0,https://images.deliveryhero.io/image/talabat/Menuitems/blob_638068986758382644?width=172&amp;height=172
Say It With Roses,"121-151 Stems roses consist of red and white roses,  
Beautifully Handcrafted in a black floral box. DISCLAIMER:Items may differ from their image above",1299.0,https://images.deliveryhero.io/image/talabat/Menuitems/blob_638113675611636211?width=172&amp;height=172
Grand Surprise For Her,"301 Stems red roses , Green seasonal leaves, Beautifully designed  in a cane basket. DISCLAIMER:Items may differ from their image above",2199.0,https://images.deliveryhero.io/image/talabat/Menuitems/blob_638113677568913919?width=172&amp;height=172
Floral Surprise Boxes For Her,"Square box of 25 red roses, Square box of 25 purple roses, Square box of 25 blue tinted roses, 
Round box of 31-41 purple roses, Round box of 31-41 pink roses, Round box of 31-41 red and white roses. DISCLAIMER:Items may differ from their image above",1399.0,https://images.deliveryhero.io/image/talabat/Menuitems/blob_638113688805510992?width=172&amp;height=172
Sweet Heart Rose Box,41-51 Red roses in a charming heart shape box. DISCLAIMER:Items may differ from their image above,449.0,https://images.deliveryhero.io/image/talabat/Menuitems/blob_638113695904782913?width=172&amp;height=172
101 Red Ruby Roses Bouquet,"101 upper class red roses, Beautifully designed in a black floral wrapping. DISCLAIMER:Items may differ from their image above",999.0,https://images.deliveryhero.io/image/talabat/Menuitems/blob_638113701125346927?width=172&amp;height=172
Violet Love 401 Purple Tulips,"401 Stems purple tulips, Beautifully Handcrafted in a round floral box. DISCLAIMER:Items may differ from their image above",3499.0,https://images.deliveryhero.io/image/talabat/Menuitems/blob_638113703557397132?width=172&amp;height=172
The Gentle Smile Mix Roses Bouquet,"""25 stems multicolor roses , bouquet style wrapping, Give your loved one a feeling of tenderness, love and fairytale.
Bouquet suitable for any occasion or even without one, as a kind gesture for a loved one."" DISCLAIMER:Items may differ from their image above",273.9,https://images.deliveryhero.io/image/talabat/Menuitems/blob_637927124951948339?width=172&amp;height=172
Pink Delight Flowers Bouquet,"5 stems pink rose, 3 stems Pink baby rose,  3 stems of white chrysanthemum, Greens according to the season. DISCLAIMER:Items may differ from their image above",433.4,https://images.deliveryhero.io/image/talabat/Menuitems/blob_637927126190849226?width=172&amp;height=172
Classic Bouquet Of 21 Red And White Roses.,"Great combination of classic boquet of red and white roses gently arranged in natural paper.
Bouquet of roses can induce positive emotions and change the atmosphere with its message. Roses are flowers that say more than we dare sometimes. DISCLAIMER:Items may differ from their image above",251.9,https://images.deliveryhero.io/image/talabat/Menuitems/blob_637927127995800581?width=172&amp;height=172
Bright 31 Yellow Roses Bouquet,"Classic Bouquet of 31 first-class yellow roses.
Yellow roses are beautiful and a bright shade that is extremely suitable as a gift for a dear friend. Color for luck and confidence, a symbol of true friendship, warmth, and love. For a cheerful mood, happiness, and joy. DISCLAIMER:Items may differ from their image above",306.9,https://images.deliveryhero.io/image/talabat/Menuitems/blob_637927129616680667?width=172&amp;height=172
Harmony 51 White Roses Bouquet,"51 specially selected first-class roses, arranged and served with care
This beautiful and stylish bouquet is especially suitable when you want to show your love. DISCLAIMER:Items may differ from their image above",438.9,https://images.deliveryhero.io/image/talabat/Menuitems/blob_637927130979871393?width=172&amp;height=172
Classic Bouquet Of 31 White Roses.,"Classic Bouquet of 31 first-class white roses, selected and delicately wrapped in natural packaging. Like most representatives of white flowers, the white rose symbolizes purity, innocence, and youth. It is characterized by devotion, love, and loyalty. With or without an occasion, for thanksgiving or an apology, for a birthday or name day, show your feelings! Give your loved one a feeling of tenderness and love! Note, The design of the wrapping may vary as per the local availability. DISCLAIMER:Items may differ from their image above",306.9,https://images.deliveryhero.io/image/talabat/Menuitems/blob_637927865626851743?width=172&amp;height=172
Patchi Box 1000 Gms Deluxe Assorted Chocolates,,599.0,https://images.deliveryhero.io/image/talabat/Menuitems/blob_638001508613074197?width=172&amp;height=172
Patchi Box 1500 Gms Deluxe Assorted Chocolates,,899.0,https://images.deliveryhero.io/image/talabat/Menuitems/blob_638001509692792316?width=172&amp;height=172
Patchi Box 500 Gms Deluxe Assorted Chocolates,,349.0,https://images.deliveryhero.io/image/talabat/Menuitems/blob_638001510734814330?width=172&amp;height=172
Patchi Box 250 Gms Deluxe Assorted Chocolates,,169.0,https://images.deliveryhero.io/image/talabat/Menuitems/blob_638001512120329908?width=172&amp;height=172
Patchi Gold Bar Chocolates Les Lingôts 6 Pieces,,149.0,https://images.deliveryhero.io/image/talabat/Menuitems/blob_638001513846413643?width=172&amp;height=172
Patchi Its A Boy Box 250 Gms Deluxe Assorted Chocolates,,199.0,https://images.deliveryhero.io/image/talabat/Menuitems/blob_638001514975023131?width=172&amp;height=172
Sunny Breeze Godiva Napolitains,"8 stems pink carnation, 6 stems dual purple rose, 6 stems dark pink rose, 12 stems baby pink gerbera, 4 stems pink hybericum, 3 stems white wax, 5 stems pink baby roses, seasonal green leaves, godiva's summer collection napolitains, 56pcs and beautifully designed on the brand bag. DISCLAIMER:Items may differ from their image above",658.9,https://images.deliveryhero.io/image/talabat/Menuitems/blob_637960890853919834?width=172&amp;height=172
Royal Belgium Godiva Hamper,"8 stems pink carnation, 6 stems dual purple rose, 6 stems dark pink rose, 12 stems baby pink gerbera , 4 stems pink hybericum ,3 stems white wax, 5 stems pink baby roses, seasonal green leaves, Godiva Napolitains, 48 pcs, beautifully designed on the brand bag. DISCLAIMER:Items may differ from their image above",636.9,https://images.deliveryhero.io/image/talabat/Menuitems/blob_637960891710342699?width=172&amp;height=172
Mini Royal Coffret Godiva Napolitains 24 Pcs,"15-20 Premium red roses, white baby breaths , 2 stems of baby blue eucalyptus, 2-3 stems flexi grass,  Godiva Premium Napolitanis Box 24 pcs, Beautifully designed on the brand bag. DISCLAIMER:Items may differ from their image above",383.9,https://images.deliveryhero.io/image/talabat/Menuitems/blob_637960897677692292?width=172&amp;height=172
Life Happens Chocolate Helps,"4 stems yellow roses, 4 stems white roses, 4 stems yellow baby roses, 4 stems white baby roses, 4 stems white wax, 3 stems yellow solidago, Godiva Premium Napolitanis Box 24 pcs, Beautifully Designed on the brand bag. DISCLAIMER:Items may differ from their image above",416.9,https://images.deliveryhero.io/image/talabat/Menuitems/blob_637960899370266337?width=172&amp;height=172
All You Need Is Chocolate And Flowers Hamper,"6 stems pink roses, 6 stems dark pink roses , 4 stems dark pink and light pink baby roses, 3 stems white baby breaths, 3 stems solidago, 3 stems brunia, Godiva Premium Napolitanis Box 24 pcs, beautifully designed on the brand bag. DISCLAIMER:Items may differ from their image above",416.9,https://images.deliveryhero.io/image/talabat/Menuitems/blob_637960902237022036?width=172&amp;height=172
Snow White Roses Arrangement,"20 White roses, 1 purple Phalaenopsis, 2 stems purple Limonium, 6 Ferrero Rocher chocolates, beautifully arranged in black box DISCLAIMER:Items may differ from their image above",439.0,https://images.deliveryhero.io/image/talabat/Menuitems/blob_637792097255170097?width=172&amp;height=172
Blushing Blossom Flowers And Plant Arrangement,"14 Light pink roses, 1 Zebra Haworthia succulent plant, 3 stems chamomile Matricaria, 4 stems single Ruscus, 1 purple Phalaenopsis, 6 Ferrero Rocher chocolates, beautifully arranged in pink box DISCLAIMER:Items may differ from their image above",465.0,https://images.deliveryhero.io/image/talabat/Menuitems/blob_637792122866059237?width=172&amp;height=172
Treasured Fantasy Pastel Flowers Box,"10 Dual Pink Roses , 3 Stem Light Pink Spray Roses , 2 Stem Dark Pink Spray Roses , 5 Pink Hypericum , 2 Stem Astrantia , 6 Ferrero Rocher Chocolates , Pink Tray Box DISCLAIMER:Items may differ from their image above",372.0,https://images.deliveryhero.io/image/talabat/Menuitems/blob_637792124473351736?width=172&amp;height=172
Intense Romance Red Roses Box,"20 Red roses, 6 Ferrero Rocher, red box and plastic cover DISCLAIMER:Items may differ from their image above",399.0,https://images.deliveryhero.io/image/talabat/Menuitems/blob_637792131515813783?width=172&amp;height=172
Happiness Galore Yellow Roses In Box,"30 Yellow Roses , 1 White Phalaenopsis , 3 Stem Purple Limonium , 6 Ferrero Rocher Chocolates , Red Tray Box DISCLAIMER:Items may differ from their image above",439.0,https://images.deliveryhero.io/image/talabat/Menuitems/blob_637792132593688568?width=172&amp;height=172
Heavenly Love Red And White Roses Box,"6 Red Rose , 5 Stem White Baby Rose, , 5 Pink Hypericum , 2 Stem Baby Blue Eucalyptus , 1 Stem Astable , 6 Ferrero Rocher Chocolate , Red Box DISCLAIMER:Items may differ from their image above",372.0,https://images.deliveryhero.io/image/talabat/Menuitems/blob_637792136724860424?width=172&amp;height=172
Word Arrangement Letter A,50 to 60 premium roses designed in a wooden tray. DISCLAIMER:Items may differ from their image above,499.0,https://images.deliveryhero.io/image/talabat/Menuitems/blob_637928837043364996?width=172&amp;height=172
Word Arrangement Letter M,50 to 60 premium roses designed in a wooden tray. DISCLAIMER:Items may differ from their image above,499.0,https://images.deliveryhero.io/image/talabat/Menuitems/blob_637928838672998474?width=172&amp;height=172
Word Arrangement Letter N,50 to 60 premium roses designed in a wooden tray. DISCLAIMER:Items may differ from their image above,499.0,https://images.deliveryhero.io/image/talabat/Menuitems/blob_637928848147065945?width=172&amp;height=172
Word Arrangement Letter R,50 to 60 premium roses designed in wooden tray. DISCLAIMER:Items may differ from their image above,499.0,https://images.deliveryhero.io/image/talabat/Menuitems/blob_637928849113092604?width=172&amp;height=172
Word Arrangement Letter F,50 to 60 premium roses designed in a wooden tray. DISCLAIMER:Items may differ from their image above,499.0,https://images.deliveryhero.io/image/talabat/Menuitems/blob_637928852341453137?width=172&amp;height=172
Barrel Brown Filled Dates Gift Hamper,"15 red carnations , 2 stems white baby roses , 2 stems pink lily , 3 stems baby eucalyptus, 4 stem white wax flowers , Bateel Premium Filled Date Box 500 grams, Beautifully Designed on the brand bag. DISCLAIMER:Items may differ from their image above",709.0,https://images.deliveryhero.io/image/talabat/Menuitems/blob_637947307616828532?width=172&amp;height=172
Barrel Brown Premium Dates Gift Hamper,"15 red carnations, 2 stems white baby roses, 2 stems pink lily, 3 stems baby eucalyptus, 4 stem white wax flowers, Bateel Premium plain date box 600 grams, beautifully designed on the brand bag. DISCLAIMER:Items may differ from their image above",499.0,https://images.deliveryhero.io/image/talabat/Menuitems/blob_637947309078985571?width=172&amp;height=172
Tropical Luxury Premium Filled Dates Hamper,"Floral Bouquet of 6 purple roses, 6 dark pink roses, 2 stems pink baby roses, 2 stems dark pink baby rose, 2 stems white wax, 2 stems pink wax, 3 stems yellow solidago, 3 stems pink hybericum, 4 stems eryngium flower, 4 stems areca palm leaves and  Bateel Premium Filled Date Box 500 grams, Beautifully Designed on the brand bag. DISCLAIMER:Items may differ from their image above",669.0,https://images.deliveryhero.io/image/talabat/Menuitems/blob_637947310296492928?width=172&amp;height=172
Tropical Luxury Dates And Nuts Hamper,"Floral Bouquet of 6 purple roses, 6 dark pink roses, 2 stems  pink baby roses, 2 stems dark pink baby rose, 2 stems white wax, 2 stems pink wax, 3 stems yellow solidago, 3 stems pink hybericum, 4 stems eryngium flower, 4 stems areca palm leaves and   Bateel Premium Plain Date Box 600 grams, Bateel Mixed Arabia Nuts Jar, Date Dhibs - Classic Jar,  Beautifully Designed on the brand bag. DISCLAIMER:Items may differ from their image above",649.0,https://images.deliveryhero.io/image/talabat/Menuitems/blob_637947311190502075?width=172&amp;height=172
Daisy Dates Hamper -filled Dates With Daisy Bouquet,"10 Stem White baby Daisies bouquet, Bateel Premium Filled Date Box 500 grams, Beautifully Designed on the brand bag. DISCLAIMER:Items may differ from their image above",569.0,https://images.deliveryhero.io/image/talabat/Menuitems/blob_637947312443076299?width=172&amp;height=172
Daisy Dates Hamper - Premium Dates With Daisy Bouquet,"10 Stem White baby Daisies bouquet, Bateel Premium Plain Date Box 600 grams, Beautifully Designed on the brand bag. DISCLAIMER:Items may differ from their image above",419.0,https://images.deliveryhero.io/image/talabat/Menuitems/blob_637947313642971319?width=172&amp;height=172
The Pretty Revival Pink Rose Bouquet,"30 Sweet Pink Roses,
10 Stems Eucalyptus Leaves,
Brown and White Premium Wrapping DISCLAIMER:Items may differ from their image above",399.0,https://images.deliveryhero.io/image/talabat/Menuitems/blob_637849378495071325?width=172&amp;height=172
24 Pieces Ferrero Rocher Box With Get Well Soon Sticker.,Packed in a beautiful gift wrapping for get well soon. DISCLAIMER:Items may differ from their image above,149.0,https://images.deliveryhero.io/image/talabat/Menuitems/blob_637660803022834492?width=172&amp;height=172
Sending You A Tight Hug - Get Well Soon Flowers,"21 Yellow Roses , Green Berries , Yellow Solidago, Designed in 12x12 cm Square, Get Well Soon Glass Vase. DISCLAIMER:Items may differ from their image above",269.0,https://images.deliveryhero.io/image/talabat/Menuitems/blob_637942884633250170?width=172&amp;height=172
Speedy Recovery - Get Well Soon Flowers,"31 Light Pink Roses, Seasonal Green Leaves, Designed in 12x12 cm Square, Get Well Soon Glass Vase. DISCLAIMER:Items may differ from their image above",259.0,https://images.deliveryhero.io/image/talabat/Menuitems/blob_637942887343031507?width=172&amp;height=172
Time To Heal - Get Well Soon Flowers,"5 Stems White Chrysanthemums,  4 Stems Pink Chrysanthemums, 10 Stems Red Tulips, 5 Purple Carnations, 5 Dark Pink Carnation,  Designed in 12x12 cm Square, Get Well Soon Glass Vase. DISCLAIMER:Items may differ from their image above",349.0,https://images.deliveryhero.io/image/talabat/Menuitems/blob_637942888989676717?width=172&amp;height=172
Get Well Soon Flower Vase,"6 Stems Sunflowers, 5 Stems Red Alstroemeria, Green Button Chrysanthemum, Purple Fillers as per Availability, Designed in 12x12 cm Square, Get Well Soon Glass Vase. DISCLAIMER:Items may differ from their image above",299.0,https://images.deliveryhero.io/image/talabat/Menuitems/blob_637942890227189493?width=172&amp;height=172
Better Soon - Get Well Soon Flowers,"20 Pink Roses, White Alstroemeria, Designed in 12x12 cm, Square Get Well Soon Glass Vase. DISCLAIMER:Items may differ from their image above",269.0,https://images.deliveryhero.io/image/talabat/Menuitems/blob_637942891410076551?width=172&amp;height=172
24 Pieces Ferrero Rocher Box With Congratulations Sticker.,24 pieces ferrero rocher box with congratulations sticker. Packed in a gift wrapping and designed with ribbons. DISCLAIMER:Items may differ from their image above,149.0,https://images.deliveryhero.io/image/talabat/Menuitems/24_pcs_Fererro_Roche_637658314455412689.jpg?width=172&amp;height=172
Special Moment Bouquet Red Roses Congratulation Vase,"31 red roses, white gypso, green seasonal leaves, designed in 12 x 12 cm square congratulations glass vase. DISCLAIMER:Items may differ from their image above",299.0,https://images.deliveryhero.io/image/talabat/Menuitems/blob_637943687833331108?width=172&amp;height=172
Lavish Lily Congratulation Vase,"2 stems white lily, 5 stems white alstroemeria and 5 stems white wax designed in 12 x 12 cm square congratulations glass vase. DISCLAIMER:Items may differ from their image above",299.0,https://images.deliveryhero.io/image/talabat/Menuitems/blob_637943692325859119?width=172&amp;height=172
Blossoms In Vogue Roses Congratulation Vase,31 multicolor roses and seasonal green leaves designed in 12 x 12 cm square congratulations glass vase. DISCLAIMER:Items may differ from their image above,299.0,https://images.deliveryhero.io/image/talabat/Menuitems/blob_637943701984511774?width=172&amp;height=172
Bold Elegance Bouquet Roses Congratulation Vase,21 multicolored roses and 10 stems multicolored alstroemeria designed in 12 x 12 cm square congratulations glass vase. DISCLAIMER:Items may differ from their image above,299.0,https://images.deliveryhero.io/image/talabat/Menuitems/blob_637943709959545784?width=172&amp;height=172
Infinity Purple Rose In A Square Anniversary Glass Vase,Preserved rose in a glass vase DISCLAIMER:Items may differ from their image above,447.5,https://images.deliveryhero.io/image/talabat/Menuitems/blob_637684232513561598?width=172&amp;height=172
Infinity White Rose In A Square Anniversary Glass Vase,Preserved rose in a glass vase DISCLAIMER:Items may differ from their image above,447.5,https://images.deliveryhero.io/image/talabat/Menuitems/blob_637684234776262520?width=172&amp;height=172
Infinity Sweet Pink Rose In A Square Anniversary Glass Vase,Preserved rose in a glass vase DISCLAIMER:Items may differ from their image above,447.5,https://images.deliveryhero.io/image/talabat/Menuitems/blob_637684236023133777?width=172&amp;height=172
Infinity Dark Blue Rose In A Square Anniversary Glass Vase,Preserved rose in a glass vase DISCLAIMER:Items may differ from their image above,447.5,https://images.deliveryhero.io/image/talabat/Menuitems/blob_637684236733328523?width=172&amp;height=172
Infinity Red Rose In A Square Anniversary Glass Vase,Preserved rose in anniversary vase DISCLAIMER:Items may differ from their image above,447.5,https://images.deliveryhero.io/image/talabat/Menuitems/blob_637684238199474071?width=172&amp;height=172
You're In My Heart - Red Roses Anniversary Vase,"31 Red roses , White gypso , Green seasonal leaves, Designed in 12x12 CM square Anniversary vase. DISCLAIMER:Items may differ from their image above",289.0,https://images.deliveryhero.io/image/talabat/Menuitems/blob_637944815045408352?width=172&amp;height=172
Simply Elegant 100 Dark Pink Roses Bouquet,100 dark pink roses black premium wrapping style. DISCLAIMER:Items may differ from their image above,659.0,https://images.deliveryhero.io/image/talabat/Menuitems/blob_637899524952404165?width=172&amp;height=172
Garden Of Roses 100 Stems,"100 red roses, fillers- areca leaves, wrapped in off white non woven paper and tied with red ribbon bow. DISCLAIMER:Items may differ from their image above",932.4,https://images.deliveryhero.io/image/talabat/Menuitems/blob_637899530218655676?width=172&amp;height=172
Grand Sweet 100 Roses,"100 red roses, fillers- salal leaves, wrapped in red non woven paper and tied with red ribbon. DISCLAIMER:Items may differ from their image above",932.4,https://images.deliveryhero.io/image/talabat/Menuitems/blob_637899538809186398?width=172&amp;height=172
100 Pink Roses Bouquet,,865.7,https://images.deliveryhero.io/image/talabat/Menuitems/blob_637899548824648126?width=172&amp;height=172
Red And Pink 100 Roses Bunch,50 red roses and 50 pink roses bouquet. DISCLAIMER:Items may differ from their image above,865.7,https://images.deliveryhero.io/image/talabat/Menuitems/blob_637899551152736251?width=172&amp;height=172
Beautiful 100 Red Roses Bouquet,100 red roses in a black wrapping and a red ribbon bow. DISCLAIMER:Items may differ from their image above,865.7,https://images.deliveryhero.io/image/talabat/Menuitems/blob_637899552711741115?width=172&amp;height=172
51 Pink Roses,"51 stems pink Roses , tied with ribbon , perfectly designed by expert florist.",349.0,https://images.deliveryhero.io/image/talabat/Menuitems/blob_638184381076415910?width=172&amp;height=172
You Are Amazing Gift Basket,Product Details: 1 Premium Preserved Rose in Dome 5 Purple Tulips Bunch Deluxe Patchi Chocolates 250gm 1 Love Printed Mug 1 You Are Amazing Soft Toy 20cm Arranged in a Handle Basket Ribbon Bow,649.0,https://images.deliveryhero.io/image/talabat/Menuitems/blob_638227364038592344?width=172&amp;height=172
51 Yellow Roses,"51 stems yellow Roses , tied with ribbon , perfectly designed by expert florist.",349.0,https://images.deliveryhero.io/image/talabat/Menuitems/blob_638184396517430507?width=172&amp;height=172
75 Red And White Roses,"50 stems red roses , 25 stems white roses , tied with ribbon , perfectly designed by expert florist.",449.0,https://images.deliveryhero.io/image/talabat/Menuitems/blob_638184398474406998?width=172&amp;height=172
101 Red And White Roses,"51 stems red roses , 50 stems white roses , tied with ribbon , perfectly designed by expert florist.",589.0,https://images.deliveryhero.io/image/talabat/Menuitems/blob_638184384348034665?width=172&amp;height=172
151 Cream Roses,"151 cream roses ,  designed in a pink bouquet wrapping, beautifully tied with ribbon.",799.0,https://images.deliveryhero.io/image/talabat/Menuitems/blob_638184344712294871?width=172&amp;height=172
Avalanche Allure White Roses,"23-30 white roses, green fillers and black round floral box DISCLAIMER:Items may differ from their image above",327.25,https://images.deliveryhero.io/image/talabat/Menuitems/blob_637865656133877279?width=172&amp;height=172
51 Red Roses Round Black Box Deluxe,"Product Details: 51 Red Roses, 10 Red Hypericum, Red Sprayed Gypso, Arranged in a Round Black Box, Ribbon Bow.",599.0,https://images.deliveryhero.io/image/talabat/Menuitems/blob_638227374840971142?width=172&amp;height=172
Eid Al Adha Blessing Gift Basket,"Sheep soft toy 20cm, medjool dates in glass jar 100gm, pistachios in glass jar 100gm, baklawa 150gm, arabic coffee 100gm, 1 bakhoor, 1 bakhoor burner, 1 eid mubarak coffee mug, bunch of 2 stem baby roses, 1 soliduster and parvifolia leaves, 1 eid al adha greeting card, arranged in a black metal basket.",379.0,https://images.deliveryhero.io/image/talabat/Menuitems/blob_638229887572336038?width=172&amp;height=172
Eid Al Adha Blessing Gift Tray,"Sheep Soft Toy 20cm, 1 Bakhoor, 1 Bakhoor Burner, Medjool Dates in Glass Jar 100gm, Baklawa 150gm, Bunch of 2 Stem Baby Roses, 1 Soliduster and Parvifolia Leaves, 1 Eid Al Adha Greeting Card, Arranged in a Black Sprayed Wooden Tray",299.0,https://images.deliveryhero.io/image/talabat/Menuitems/blob_638229890214279766?width=172&amp;height=172
Eid Al Adha Gift Basket,"Sheep soft toy 20cm, medjool dates in glass jar 100gm, pistachios in glass jar 100gm, baklawa 150gm, arabic coffee 100gm, 1 eid mubarak coffee mug, bunch of 2 stem baby roses, 1 soliduster and parvifolia leaves, 1 eid al adha greeting card, arranged in a black metal basket.

",299.0,https://images.deliveryhero.io/image/talabat/Menuitems/blob_638229892735367079?width=172&amp;height=172
Eid Al Adha Gift Tray,"Sheep soft toy 20cm, 1 bakhoor, 1 bakhoor burner, pistachios in glass jar 100gm, medjool dates in glass jar 100gm, srilankan pure ceylon tea in jar - 30gm, 1 tea cup, bunch of 2 stem baby roses, 1 soliduster and parvifolia leaves, 1 eid al adha greeting card, arranged in a black sprayed wooden tray.",299.0,https://images.deliveryhero.io/image/talabat/Menuitems/blob_638229895309618250?width=172&amp;height=172
Eid Al Adha Wishes Hamper,"Sheep soft toy 20cm, deluxe patchi chocolates 100gm, 1 bakhoor, 1 bakhoor burner, pistachios in glass jar 100gm, kahwa in jar 30gm, 2 kahwa cups, bunch of 2 stem baby roses, 1 soliduster and parvifolia leaves, 1 eid al adha greeting card, arranged in a black metal basket.

",359.0,https://images.deliveryhero.io/image/talabat/Menuitems/blob_638229898866423254?width=172&amp;height=172
Eid Colorful Celebration Flower Arrangement,"Ferrero rochers 5 pcs, 6 purple orchids, 5 white carnations, 4 yellow carnations, 4 deep purple roses, 2 white alstroemeria, 2 yellow alstroemeria, 8 stems eucalyptus leaves, eid mubarak topper, prepared in a round box.",329.0,https://images.deliveryhero.io/image/talabat/Menuitems/blob_638229901735608327?width=172&amp;height=172
Blooming Box For Emirati Womens Day,"Premium assorted chocolates by sweecho 100gm, 1 white hydrangea, 8 pink roses, 5 stems white baby roses, 5 stems purple alstroemeria, 5 parvifolia leaves, arranged in a white square box, tied with a white ribbon bow.",349.0,https://images.deliveryhero.io/image/talabat/Menuitems/blob_638281584090127919?width=172&amp;height=172
Emirati Womens Day Chocolates By Sweecho,"Brand Sweecho, Text: Happy Emirati Womens Day, Type Milk Chocolate, Quantity 32 Pcs, Letters Flavor Marble, Assorted Flavors Pistachio, Cheesecake, Peanut, Caramel and Wafers, Allergens Nuts and Milk, Arranged in a Beautiful Gift Box.",189.0,https://images.deliveryhero.io/image/talabat/Menuitems/blob_638281581719048419?width=172&amp;height=172
Emirati Womens Day Flower Arrangement,"3 Purple Matthiola, 4 Peach Roses, 4 Pink Roses, 2 Stems White Baby Roses, 4 Stems Purple Baby Roses, 1 Stem White Santini, 2 Stem Purple Wax, Leaves 2 Stems Eucalyptus Cinerea and 2 Erica Palm, Prepared in a Square Vase 12x12 cm, Emirati Womens Day Sticker.",299.0,https://images.deliveryhero.io/image/talabat/Menuitems/blob_638281600199873022?width=172&amp;height=172
Mauve Flower Arrangement For Emirati Womens Day,"3 purple hydrangea, 5 purple matthiola, 13 light purple roses, 5 dark purple carnations, 7 white orchid, 2 stems white wax flowers, leaves, 1 song of india, 5 single ruscus and 10 flexi grass, emirati womens day tag, prepared in a rectangle wooden box, tied with a purple ribbon bow.",649.0,https://images.deliveryhero.io/image/talabat/Menuitems/blob_638281579453594889?width=172&amp;height=172
You Are Brave Chocolates By Sweecho,"Brand sweecho, text you are brave, type milk chocolate, quantity 25 pcs, marble chocolate letters, assorted flavors pistachio, cheesecake, peanut, caramel and wafers, allergens nuts and milk, arranged in a beautiful gift box.",159.0,https://images.deliveryhero.io/image/talabat/Menuitems/blob_638281582243877480?width=172&amp;height=172
Yellow Rose Plant In White Box For Emirati Womens Day,"Yellow rose plant, arranged in a white round box, decorated with white stones, emirati womens day tag.",129.0,https://images.deliveryhero.io/image/talabat/Menuitems/blob_638281580028543545?width=172&amp;height=172
