item_name,item_description,item_price,item_image
Philadelphia Subs Sandwich,"100g beef steaks, green pepper, onion, mozzarella cheese, steak sauce and mayo sauce ",24.5,https://images.deliveryhero.io/image/talabat/Menuitems/20221220_Talabat_Grillaz_638072281483477236.jpg?width=172&amp;height=172
Fajita Subs Sandwich,"100g chicken breast, green pepper, onion, mozzarella cheese, fajita sauce and avocado sauce",30.0,https://images.deliveryhero.io/image/talabat/Menuitems/20221220_Talabat_Grillaz_638072280071659189.jpg?width=172&amp;height=172
Francisco Subs Sandwich,"100 g chicken strips, lettuce, mozzarella cheese, pickles, and mayo sauce.",30.0,https://images.deliveryhero.io/image/talabat/Menuitems/20221220_Talabat_Grillaz_638072280091568521.jpg?width=172&amp;height=172
Chicken Sub Sandwich,"100 g chicken breast, lettuce, tomatoes, pickles, mozzarella cheese, and mayo sauce. ",33.0,https://images.deliveryhero.io/image/talabat/Menuitems/20221220_Talabat_Grillaz_638072280047126830.jpg?width=172&amp;height=172
Chicken Breast Sub Sandwich,"100 g chicken breast, lettuce, tomatoes, pickles, and garlic mayo sauce.",33.0,https://images.deliveryhero.io/image/talabat/Menuitems/20221220_Talabat_Grillaz_638072279997642559.jpg?width=172&amp;height=172
Chicken Spicy Sub Sandwich,"100 g chicken breast, fresh mushroom, lettuce, mozzarella cheese, mayo sauce, and teriyaki sauce with spicy powder.",35.0,https://images.deliveryhero.io/image/talabat/Menuitems/20221220_Talabat_Grillaz_638072280057881644.jpg?width=172&amp;height=172
Crispy Subs Sandwich,"3 Pecs of chicken crispy, lettuce, pickles, garlic mayo sauce, cocktail sauce, and teriyaki sauce.",30.0,https://images.deliveryhero.io/image/talabat/Menuitems/20221220_Talabat_Grillaz_638072280125680987.jpg?width=172&amp;height=172
Potato Sandwich,"Savor the heavenly delight of our Potato Sandwich: golden, crispy potato slices layered with delectable fillings, nestled between fluffy bread, for a truly irresistible treat!",15.0,https://images.deliveryhero.io/image/talabat/Menuitems/mmw_638042816011137037?width=172&amp;height=172
Grillaz Box,"Cheese burger, Philadelphia sub, fahita sub, and Francisco sub.",110.0,https://images.deliveryhero.io/image/talabat/Menuitems/mmw_638209688443810342?width=172&amp;height=172
Twins Burger With Potato,"American burger, chicken breast burger with potato",60.0,
Fajita Sub Combo Sandwich,"100g chicken breast, green pepper, onion, mozzarella cheese, fajita sauce, and avocado sauce.
Served with potato, coleslaw and pepsi",28.0,https://images.deliveryhero.io/image/talabat/Menuitems/20221220_Talabat_Grillaz_638072280142621973.jpg?width=172&amp;height=172
Francisco Sub Combo Sandwich,"3 chicken strips, lettuce, mozzarella cheese, pickles, and mayo sauce. 
Served with potato, coleslaw and pepsi",40.0,https://images.deliveryhero.io/image/talabat/Menuitems/20221220_Talabat_Grillaz_638072280141394946.jpg?width=172&amp;height=172
Chicken Sub Combo Sandwich,"100g chicken breast, lettuce, tomatoes, pickles, mozzarella cheese, and garlic mayo sauce.
Served with potato, coleslaw and pepsi ",30.1,https://images.deliveryhero.io/image/talabat/Menuitems/20221220_Talabat_Grillaz_638072280126865417.jpg?width=172&amp;height=172
Chicken Breast Sub Combo Sandwich,"100g chicken breast, lettuce, tomatoes, pickles, garlic mayo sauce.
Served with potato, coleslaw and pepsi
",43.0,https://images.deliveryhero.io/image/talabat/Menuitems/20221220_Talabat_Grillaz_638072280081059834.jpg?width=172&amp;height=172
Chicken Spicy Subs Combo Sandwich,"100g Chicken breast, Fresh mushroom, Lettuce, Mozzarella cheese, Mayo sauce and Teriyaki sauce with spicy powder
Served with potato, coleslaw and pepsi",45.0,https://images.deliveryhero.io/image/talabat/Menuitems/20221220_Talabat_Grillaz_638072280088674561.jpg?width=172&amp;height=172
Crispy Subs Combo Sandwich,"3 pieces of chicken crispy, Lettuce, Pickles, Garlic mayo sauce, Teriyaki sauce,
Served with potato, coleslaw and pepsi",43.0,https://images.deliveryhero.io/image/talabat/Menuitems/20221220_Talabat_Grillaz_638072280164549643.jpg?width=172&amp;height=172
Lebanese Burger,"100g beef patty, coleslaw, potatoes, pickles, and ketchup. ",30.0,https://images.deliveryhero.io/image/talabat/Menuitems/20221220_Talabat_Grillaz_638072281370029514.jpg?width=172&amp;height=172
Lebanese Cheese Burger,"100g beef patty, coleslaw, potatoes, pickles, ketchup 
and cheese ",33.0,https://images.deliveryhero.io/image/talabat/Menuitems/20221220_Talabat_Grillaz_638072281352324398.jpg?width=172&amp;height=172
Lebanese Extra Burger,"100g beef patty, coleslaw, potatoes, pickles, ketchup, cheese and egg",38.0,https://images.deliveryhero.io/image/talabat/Menuitems/20221220_Talabat_Grillaz_638072281369310534.jpg?width=172&amp;height=172
Lebanese Double Burger,"200g beef patty, coleslaw, potatoes, pickles, ketchup and cheese ",42.0,https://images.deliveryhero.io/image/talabat/Menuitems/20221220_Talabat_Grillaz_638072281486132355.jpg?width=172&amp;height=172
Sujouk Burger,"100g beef sujouk patty, Lettuce, tomatoes, pickles 
and cocktail sauce    ",33.0,https://images.deliveryhero.io/image/talabat/Menuitems/20221220_Talabat_Grillaz_638072281454589234.jpg?width=172&amp;height=172
Chicken Breast Burger,"100g chicken breast, Lettuce, Tomatoes, pickles, cocktail sauce and teriyaki sauce",33.0,https://images.deliveryhero.io/image/talabat/Menuitems/20221220_Talabat_Grillaz_638072279974037195.jpg?width=172&amp;height=172
Chicken Crispy Burger,"3 pieces of chicken crispy, Lettuce, tomatoes, pickles, cheddar cheese,cocktail sauce, honey mustard sauce and teriyaki sauce",35.0,https://images.deliveryhero.io/image/talabat/Menuitems/20221220_Talabat_Grillaz_638072279925285643.jpg?width=172&amp;height=172
Shawarma Burger,"100G beef patty, 50g of chicken shawarma, lettuce, tomatoes, pickles, cheddar cheese, cocktail sauce and BBQ sauce.",35.0,https://images.deliveryhero.io/image/talabat/Menuitems/20221220_Talabat_Grillaz_638072281510545733.jpg?width=172&amp;height=172
Lebanese Burger Combo,"100g beef patty, pickles, ketchup served with potato, coleslaw and pepsi",40.0,https://images.deliveryhero.io/image/talabat/Menuitems/20221220_Talabat_Grillaz_638072281500949658.jpg?width=172&amp;height=172
Lebanese Cheese Burger Combo,"100g beef patty, pickles, ketchup Served with potato, coleslaw and pepsi",30.1,https://images.deliveryhero.io/image/talabat/Menuitems/20221220_Talabat_Grillaz_638072281513128353.jpg?width=172&amp;height=172
Lebanese Extra Burger Combo,"100g beef patty, pickles, ketchup, cheese, egg 
Served with potato, coleslaw and pepsi",48.0,https://images.deliveryhero.io/image/talabat/Menuitems/20221220_Talabat_Grillaz_638072281457812211.jpg?width=172&amp;height=172
Lebanese Double Burger Combo,"200g beef patty, pickles, ketchup, cheese served with potato, coleslaw and pepsi",58.0,https://images.deliveryhero.io/image/talabat/Menuitems/20221220_Talabat_Grillaz_638072281516040941.jpg?width=172&amp;height=172
Soujouk Burger Combo,"100g beef sujouk patty,Lettuce ,tomatoes,pickles,cocktail sauce
Served with potato, coleslaw and pepsi",43.0,https://images.deliveryhero.io/image/talabat/Menuitems/20221220_Talabat_Grillaz_638072281506728863.jpg?width=172&amp;height=172
Chicken Breast Burger Combo,"100g chicken breast, Lettuce, Tomatoes, pickles, cocktail sauce and teriyaki sauce
Served with potato, coleslaw and pepsi",43.0,https://images.deliveryhero.io/image/talabat/Menuitems/20221220_Talabat_Grillaz_638072280031181802.jpg?width=172&amp;height=172
Chicken Crispy Burger Combo,"3 pieces of chicken crispy, lettuce, tomatoes, pickles, cheddar cheese, cocktail sauce, honey mustard sauce, teriyaki sauce
Served with potato, coleslaw and pepsi",45.0,https://images.deliveryhero.io/image/talabat/Menuitems/20221220_Talabat_Grillaz_638072280031361324.jpg?width=172&amp;height=172
Shawarma Burger Combo,"100g beef patty, 50g of chicken shawarma, lettuce, tomatoes, pickles, cheddar cheese, cocktail sauce and bbq sauce.
Served with potato, coleslaw and pepsi",45.0,https://images.deliveryhero.io/image/talabat/Menuitems/20221220_Talabat_Grillaz_638072281522542798.jpg?width=172&amp;height=172
Crispy Platter,"5 crispy pieces, potato, cocktail sauce, Coleslaw, pickles and Pepsi",29.4,https://images.deliveryhero.io/image/talabat/Menuitems/download_52638074786907571759.jpeg?width=172&amp;height=172
Small Potato Box,Box of small potatoes.,20.0,https://images.deliveryhero.io/image/talabat/Menuitems/mmw_638042695818378185?width=172&amp;height=172
Medium Potato Box,,30.0,https://images.deliveryhero.io/image/talabat/Menuitems/mmw_638042696108242011?width=172&amp;height=172
Large Potato Box,Box of large serving of potatoes.,35.0,https://images.deliveryhero.io/image/talabat/Menuitems/20221220_Talabat_Grillaz_638072281458455623.jpg?width=172&amp;height=172
Coleslaw Salad,"Made with freshly shredded cabbage, mixed with a tangy mayonnaise-based dressing, perfect for adding a crisp and refreshing touch to any meal.",8.0,https://images.deliveryhero.io/image/talabat/Menuitems/mmw_638118694116595380?width=172&amp;height=172
Cheddar Cheese Sauce,"Delight in the rich and velvety allure of our Cheddar Cheese Sauce—a heavenly blend of aged cheddar, creamy butter, and aromatic spices, elevating any dish to new levels of cheesy bliss.",5.0,https://images.deliveryhero.io/image/talabat/Menuitems/mmw_638118694732324677?width=172&amp;height=172
Barbecue Sauce,"Bursting with smoky and tangy flavors, this sauce adds a delectable touch to your favorite meats",6.0,https://images.deliveryhero.io/image/talabat/Menuitems/mmw_638118695112164591?width=172&amp;height=172
Mayonise Sauce,,5.0,https://images.deliveryhero.io/image/talabat/Menuitems/mmw_638118695880376860?width=172&amp;height=172
Garlic Sauce,"A creamy blend of fresh garlic, tangy lemon juice and smooth mayonnaise, perfect for dipping, spreading or drizzling over meats, veggies or sandwiches.",5.0,https://images.deliveryhero.io/image/talabat/Menuitems/mmw_638118696254503898?width=172&amp;height=172
Green Salad,"Lettuce,tomato,cucumber,green pepper,lemon sauce,oregano",18.0,https://images.deliveryhero.io/image/talabat/Menuitems/20221220_Talabat_Grillaz_638072281383235696.jpg?width=172&amp;height=172
Greek Salad,"Lettuce,tomato,cucumber,green pepper,lemon sauce,feta cheese,oregano. ",25.0,https://images.deliveryhero.io/image/talabat/Menuitems/20221220_Talabat_Grillaz_638072281295776368.jpg?width=172&amp;height=172
Caesar Salad,"Lettuce, toasted bread cubes,Caesar sauce, parmesan cheese.",25.0,https://images.deliveryhero.io/image/talabat/Menuitems/20221220_Talabat_Grillaz_638072279891785449.jpg?width=172&amp;height=172
Caesar Salad with Chicken,"100g chicken strips,Lettuce, toasted bread cubes,Caesar sauce, parmesan cheese",33.0,https://images.deliveryhero.io/image/talabat/Menuitems/20221220_Talabat_Grillaz_638072279995379031.jpg?width=172&amp;height=172
Coleslaw Salad,"Made with freshly shredded cabbage, mixed with a tangy mayonnaise-based dressing, perfect for adding a crisp and refreshing touch to any meal.",13.0,https://images.deliveryhero.io/image/talabat/Menuitems/20221220_Talabat_Grillaz_638072279852647316.jpg?width=172&amp;height=172
Grillaz Specialty Salad,"100g chicken ,Lettuce,tomato,cucumber,carrots,corn,lemon sauce ",33.0,https://images.deliveryhero.io/image/talabat/Menuitems/20221220_Talabat_Grillaz_638072281407410416.jpg?width=172&amp;height=172
Pepsi,Carbonated soft drink,9.0,https://images.deliveryhero.io/image/talabat/Menuitems/Pepsi638037993868565353.jpg?width=172&amp;height=172
Mirinda Orange,"Made with real orange juice and a touch of sweetener, it's a delicious and bubbly treat that will make your taste buds dance.",9.0,https://images.deliveryhero.io/image/talabat/Menuitems/Mirinda638037993908403612.jpg?width=172&amp;height=172
7 Up,Non-caffeinated soft drink,9.0,https://images.deliveryhero.io/image/talabat/Menuitems/7UP638037993951447527.jpg?width=172&amp;height=172
Diet Pepsi,Carbonated soft drink with zero sugar & zero calories,7.0,https://images.deliveryhero.io/image/talabat/Menuitems/Diet_Pepsi638037994017608076.jpg?width=172&amp;height=172
Diet 7 Up,Carbonated soft drink with zero sugar & zero calories,7.0,https://images.deliveryhero.io/image/talabat/Menuitems/7updietlogopngtransparent638037995135505096.png?width=172&amp;height=172
Perrier Water,"Quench your thirst with the sparkling elegance of Perrier Water, a refreshing and invigorating carbonated mineral water that revitalizes your senses with its crisp and effervescent taste.",14.0,https://images.deliveryhero.io/image/talabat/Menuitems/perrier638037995483178861.jpg?width=172&amp;height=172
