item_name,item_description,item_price,item_image
Original Chicken Wrap,Shawarma chicken with pickles and garlic sauce rolled in pita bread.,7.0,https://images.deliveryhero.io/image/talabat/Menuitems/50644D52D89124F046E65817C871C937?width=172&amp;height=172
Chicken Shawarma Saj,Shawarma chicken with pickles and garlic sauce rolled in saj bread.,14.0,https://images.deliveryhero.io/image/talabat/Menuitems/3FF1F934F23F2ABE6A88C5868434AFF2?width=172&amp;height=172
Chicken Shawarma Platter,"Chicken shawarma platter served with fries, garlic sauce, olives, and pickles.",29.0,https://images.deliveryhero.io/image/talabat/Menuitems/C7F2AC70AA1174DE6E64C19F68E0CBD9?width=172&amp;height=172
Original Beef Wrap,"Shawarma beef with tomato, biwaz and tahina sauce rolled in pita bread.",9.0,https://images.deliveryhero.io/image/talabat/Menuitems/838EE3D6B6E2DD4F01D3841B5D8EDE48?width=172&amp;height=172
Mixed Shawarma Platter,"Mixed chicken and beef shawarma platter served with fries, garlic sauce, tahina sauce, olives, and pickles",32.0,https://images.deliveryhero.io/image/talabat/Menuitems/079900F82967FED02B442289F7F76C66?width=172&amp;height=172
Single Chicken Shawarma Saj & Karak,Single Chicken Shawarma Saj & Karak,19.0,https://images.deliveryhero.io/image/talabat/Menuitems/0381503A383E0B8B39DE3E4F415ADC45?width=172&amp;height=172
Double Chicken Shawarma Saj & Karak,Double Chicken Shawarma Saj & Karak,34.0,https://images.deliveryhero.io/image/talabat/Menuitems/7D788406DF2FAFCDA25E8F7F587B3C4B?width=172&amp;height=172
Halla Beef Salad,Hand picked baby spinach covered with layers of indulging tender beef Shawarma mixed with our signature sauce and garnished with biwaz!,32.0,https://images.deliveryhero.io/image/talabat/Menuitems/F00665F8FC15ADFE5CC27913503B27B3?width=172&amp;height=172
Halla Chicken Salad,"Hand picked mesclun lettuce covered with layers of indulging tender chicken Shawarma mixed with our signature sauce, and topped with pomegranate seeds!",29.0,https://images.deliveryhero.io/image/talabat/Menuitems/B3EAF5F5D8281F5012FD27D71A9E4794?width=172&amp;height=172
Original Chicken Wrap,Shawarma chicken with pickles and garlic sauce rolled in pita bread.,7.0,https://images.deliveryhero.io/image/talabat/Menuitems/50644D52D89124F046E65817C871C937?width=172&amp;height=172
Original Chicken Wrap Combo,"Shawarma chicken with pickles and garlic sauce rolled in pita bread, served with fries and a soft drink.",16.0,https://images.deliveryhero.io/image/talabat/Menuitems/9BDB249DD83E703590514F39AB4909D9?width=172&amp;height=172
Original Beef Wrap,"Shawarma beef with tomato, biwaz and tahina sauce rolled in pita bread.",9.0,https://images.deliveryhero.io/image/talabat/Menuitems/838EE3D6B6E2DD4F01D3841B5D8EDE48?width=172&amp;height=172
Original Beef Wrap Combo,"Shawarma beef with tomato, biwaz and tahina sauce rolled in pita bread, served with fries and a soft drink.",18.0,https://images.deliveryhero.io/image/talabat/Menuitems/2154DFFEA94334BB7065D3C4FD084317?width=172&amp;height=172
Chicken Shawarma Saj,Shawarma chicken with pickles and garlic sauce rolled in saj bread.,14.0,https://images.deliveryhero.io/image/talabat/Menuitems/3FF1F934F23F2ABE6A88C5868434AFF2?width=172&amp;height=172
Chicken Shawarma Saj Wrap Combo,"Shawarma chicken with pickles and garlic sauce rolled in saj bread, served with fries and soft drink.",23.0,https://images.deliveryhero.io/image/talabat/Menuitems/1CBE6CB06AEB52EC75DB5891EB9DE147?width=172&amp;height=172
Beef Shawarma Saj,"Shawarma beef with tomato, biwaz and tahina sauce rolled in saj bread.",17.0,https://images.deliveryhero.io/image/talabat/Menuitems/36BC618754084DD17F91851B6ECCE25F?width=172&amp;height=172
Beef Shawarma Saj Wrap Combo,"Shawarma beef with tomato, biwaz and tahina sauce rolled in saj bread, served with fries and soft drink.",26.0,https://images.deliveryhero.io/image/talabat/Menuitems/A85E7534A33143EB842AEE038C798999?width=172&amp;height=172
Veggie Sandwich,"Vegetable patty with Romain lettuce, ranch sauce, creamy cheddar cheese, tomato,pickles and garlic sauce in saj bread.",12.0,https://images.deliveryhero.io/image/talabat/Menuitems/86931AEDFDE3183F281A4EF18187CE22?width=172&amp;height=172
Veggie Sandwich Combo,"Vegetable patty with Romain lettuce, ranch sauce, creamy cheddar cheese, tomato, pickles and garlic sauce in saj bread.",21.0,https://images.deliveryhero.io/image/talabat/Menuitems/4ED8B7935F9101D2613E8A626CE441DA?width=172&amp;height=172
Avocado Cheese Sandwich,"Avocado with fresh mozzarella cheese, pesto sauce and tomato in Arabic bread",19.0,https://images.deliveryhero.io/image/talabat/Menuitems/B8E93CF84057F89A30496F73E3D352FF?width=172&amp;height=172
Avocado Cheese Sandwich Combo,"Avocado with fresh mozzarella cheese, pesto sauce and tomato in Arabic bread with fries and soft drink",28.0,https://images.deliveryhero.io/image/talabat/Menuitems/DEFBAB368757446E46D6BCC9B58CCCAE?width=172&amp;height=172
Chicken Shawarma Platter,"Chicken shawarma platter served with fries, garlic sauce, olives, and pickles.",29.0,https://images.deliveryhero.io/image/talabat/Menuitems/C7F2AC70AA1174DE6E64C19F68E0CBD9?width=172&amp;height=172
Beef Shawarma Platter,"Beef shawarma platter served with fries, tahina sauce, olives, and pickles",32.0,https://images.deliveryhero.io/image/talabat/Menuitems/76F81A1725D98292B2AB860DF2C50780?width=172&amp;height=172
Mixed Shawarma Platter,"Mixed chicken and beef shawarma platter served with fries, garlic sauce, tahina sauce, olives, and pickles",32.0,https://images.deliveryhero.io/image/talabat/Menuitems/079900F82967FED02B442289F7F76C66?width=172&amp;height=172
Chicken Shawarma Open Platter,"Chicken shawarma open platter served on saj bread with fries, garlic sauce, olives, and pickles.",36.0,https://images.deliveryhero.io/image/talabat/Menuitems/11DDE3D93357E1C1A2360EC23B86AA8C?width=172&amp;height=172
Beef Shawarma Open Platter,"Beef shawarma open platter served on saj bread with fries, tahina sauce, olives, and pickles.",39.0,https://images.deliveryhero.io/image/talabat/Menuitems/88D93B4ACFC6EC8BF86473ADFDB0BE5B?width=172&amp;height=172
Mixed Shawarma Open Platter,"Mixed chicken and beef shawarma open platter served on saj bread with fries, garlic sauce, tahina sauce, olives, and pickles.",39.0,https://images.deliveryhero.io/image/talabat/Menuitems/4E13D7E0B2512A0A8320495291561ABC?width=172&amp;height=172
Grilled Spicy Chicken,"Spicy charcoal-grilled baby chicken served with fries, pickles, olives, garlic sauce, and special Halla crispy bread.",39.0,https://images.deliveryhero.io/image/talabat/Menuitems/FFFA6FB336DF11C7D36372E8ACAF4FDE?width=172&amp;height=172
Grilled Basil Chicken,"Basil charcoal-grilled baby chicken served with fries, pickles, olives, garlic sauce, and special Halla crispy bread.",39.0,https://images.deliveryhero.io/image/talabat/Menuitems/266D8E8F5E48107FD092587DCDA19BBD?width=172&amp;height=172
Quesadillas Chicken,"Tortillas filled with shawarma chicken, cheese, sour cream, onions, and mix peppers.",25.0,https://images.deliveryhero.io/image/talabat/Menuitems/63208821AFC82DAAE456F8C6783781B5?width=172&amp;height=172
Chicken Quesadillas Combo,"Tortillas filled with shawarma chicken, cheese, sour cream, onions, and mix peppers, served with fries and a soft drink.",34.0,https://images.deliveryhero.io/image/talabat/Menuitems/1CE632278103D800FAD399EE486873FD?width=172&amp;height=172
Quesadillas Beef,"Tortillas filled with shawarma beef, cheese, sour cream, onions, and mix peppers.",28.0,https://images.deliveryhero.io/image/talabat/Menuitems/7C4A8ABF25D127678FC0B6B190E396F6?width=172&amp;height=172
Beef Quesadillas Combo,"Tortillas filled with shawarma beef, cheese, sour cream, onions, and mix peppers, served with fries and a soft drink.",37.0,https://images.deliveryhero.io/image/talabat/Menuitems/E01153C0514A9CBF19A4A9FC767ED933?width=172&amp;height=172
Chicken Shawarma Rice Bowl - Small,"Our seasoned basmati rice topped with layers of indulging tender Chicken Shawarma garnished with spring onions and served with 2 sauces, creamy sour and Tomato.",21.0,https://images.deliveryhero.io/image/talabat/Menuitems/09A25FA442EE6A45B755C08025866CB6?width=172&amp;height=172
Chicken Shawarma Rice Bowl - Regular,"Our seasoned basmati rice topped with layers of indulging tender Chicken Shawarma garnished with spring onions and served with 2 sauces, creamy sour and Tomato.",29.0,https://images.deliveryhero.io/image/talabat/Menuitems/E17E18A0EFB7E50EA5ECF97C8F1864D8?width=172&amp;height=172
Beef Shawarma Rice Bowl - Small,"Our seasoned basmati rice topped with layers of indulging tender Beef Shawarma garnished with spring onions and served with 2 sauces, creamy sour and Tomato.",23.0,https://images.deliveryhero.io/image/talabat/Menuitems/73690885316211C9940D8F0AF783AE9E?width=172&amp;height=172
Beef Shawarma Rice Bowl - Regular,"Our seasoned basmati rice topped with layers of indulging tender Beef Shawarma garnished with spring onions and served with 2 sauces, creamy sour and Tomato.",31.0,https://images.deliveryhero.io/image/talabat/Menuitems/6094DA388001B3A4B267DA43548CFE4A?width=172&amp;height=172
Batata,Halla's Crispy fries,7.0,https://images.deliveryhero.io/image/talabat/Menuitems/9C8EE0860465EBD0F970A14DC340C192?width=172&amp;height=172
Cheesy Batata,Halla's crispy fries with cheddar cheese,17.0,https://images.deliveryhero.io/image/talabat/Menuitems/CD9E792C9DCD4F879C4D1461230658B5?width=172&amp;height=172
Cheesy Batata with Jalapeno,French fries topped with cheddar cheese and jalapeños.,19.0,https://images.deliveryhero.io/image/talabat/Menuitems/515F231610556964FF06B52262B78405?width=172&amp;height=172
Batata Chicken Shawarma,"French fries topped with shawarma chicken, coleslaw and garlic sauce.",21.0,https://images.deliveryhero.io/image/talabat/Menuitems/847BF3FA120502C66645EE44264F7860?width=172&amp;height=172
Batata Beef Shawarma,"French fries topped with shawarma beef, tahina sauce, and biwaz .",23.0,https://images.deliveryhero.io/image/talabat/Menuitems/EE2205418FC52E3D50B8441F13C8129C?width=172&amp;height=172
Hummus,Hummus,12.0,https://images.deliveryhero.io/image/talabat/Menuitems/8EF5A1B9C8601A20FC250937DE043182?width=172&amp;height=172
Coleslaw,Coleslaw,7.0,https://images.deliveryhero.io/image/talabat/Menuitems/F44AD4FB6A8B601A30F77FF755FF3EE7?width=172&amp;height=172
Roasted Bread,Roasted Bread,3.0,https://images.deliveryhero.io/image/talabat/Menuitems/A567229B868AF527562650644341A106?width=172&amp;height=172
Avocado Sauce,Avocado Sauce,3.0,https://images.deliveryhero.io/image/talabat/Menuitems/7BE19C1FBDC358F1EFE677DFC68B3629?width=172&amp;height=172
Basil Sauce,Basil Sauce,3.0,https://images.deliveryhero.io/image/talabat/Menuitems/30EB540102158E7B159D7A73226CB500?width=172&amp;height=172
Tahina Sauce,Tahina Sauce,3.0,https://images.deliveryhero.io/image/talabat/Menuitems/DDB4CCAC055A0EEFD12234D890E04498?width=172&amp;height=172
Sour Yoghurt Sauce,Sour Yoghurt Sauce,3.0,https://images.deliveryhero.io/image/talabat/Menuitems/2A0000F8391504F32F63B81F5FCB8BDD?width=172&amp;height=172
Garlic Sauce,Extra Garlic Sauce,3.0,https://images.deliveryhero.io/image/talabat/Menuitems/214586CC264E63CA7C4331DABF04B519?width=172&amp;height=172
Mexican Sauce,Mexican Sauce,3.0,
Spicy Hot Sauce,Spicy Hot Sauce,3.0,https://images.deliveryhero.io/image/talabat/Menuitems/882EDF0FE5047FA7E1E87B7D53AB2856?width=172&amp;height=172
Pomegranate Sauce,Pomegranate Sauce,3.0,https://images.deliveryhero.io/image/talabat/Menuitems/376B7999EC52DD8D2F2327DBD748019B?width=172&amp;height=172
Orange Juice,Orange Juice,15.0,https://images.deliveryhero.io/image/talabat/Menuitems/66959BB0DADDA2A1E2218B81880E7738?width=172&amp;height=172
Lemon Mint Juice,Lemon Mint Juice,15.0,https://images.deliveryhero.io/image/talabat/Menuitems/5581A83E728B1805ECABBC31900CBCB5?width=172&amp;height=172
Watermelon Juice,Watermelon Juice,19.0,https://images.deliveryhero.io/image/talabat/Menuitems/92427187DAE6715853EC86B9EAE2DD6B?width=172&amp;height=172
Mango Juice,Mango Juice,19.0,https://images.deliveryhero.io/image/talabat/Menuitems/40870FDBB0BAA82CFDFEB0AC87B51E83?width=172&amp;height=172
Avocado Juice,Avocado Juice,25.0,https://images.deliveryhero.io/image/talabat/Menuitems/3BB0E1DACC480D31041BEB636FFA9BDA?width=172&amp;height=172
Mango Passion Fruit Juice,Mango Passion Fruit Juice,25.0,https://images.deliveryhero.io/image/talabat/Menuitems/8DDFE95B3630C9C0023EDD345AC1F980?width=172&amp;height=172
Pomegranate Juice,Pomegranate Juice,25.0,https://images.deliveryhero.io/image/talabat/Menuitems/15A319FB71556EEF6BAFA982E7B60597?width=172&amp;height=172
Kiwi Juice,Kiwi Juice,25.0,https://images.deliveryhero.io/image/talabat/Menuitems/EEB9BC3B957E211615223E05251FDFB5?width=172&amp;height=172
Strawberry Juice,Strawberry Juice,25.0,https://images.deliveryhero.io/image/talabat/Menuitems/FB1A0CA0B8575F4681756DA34EACC6F1?width=172&amp;height=172
Halla Cocktail,"Avocado with almond, milk date and honey",29.0,https://images.deliveryhero.io/image/talabat/Menuitems/42B5E017D2F4BA31E2FBA84F8A979E55?width=172&amp;height=172
Fruit Cocktail,"Layered Juice with Kiwi, mango and strawberry",29.0,https://images.deliveryhero.io/image/talabat/Menuitems/CD1EB8C35AFB2D02B0E4BDAD30E4FF26?width=172&amp;height=172
Pepsi Can,Pepsi Can,5.0,https://images.deliveryhero.io/image/talabat/Menuitems/4AC8ECEA93C56BC3A8E818FAA7712BB0?width=172&amp;height=172
Mirinda Can,Mirinda Can,5.0,https://images.deliveryhero.io/image/talabat/Menuitems/A29CA46DA3D7CCF66054B5EB0502BB02?width=172&amp;height=172
Mountain Dew Can,Mountain Dew Can,5.0,https://images.deliveryhero.io/image/talabat/Menuitems/D2455AAD566233C97283933B2F623F03?width=172&amp;height=172
7Up Can,7Up Can,5.0,https://images.deliveryhero.io/image/talabat/Menuitems/4C5F49BAAE4E159CA4D384643F7436B9?width=172&amp;height=172
Diet Pepsi Can,Diet Pepsi Can,5.0,https://images.deliveryhero.io/image/talabat/Menuitems/F053723809D775C32F39040554936DCC?width=172&amp;height=172
Water Small,Water Small,3.0,https://images.deliveryhero.io/image/talabat/Menuitems/78560E512CBCD33E2ADB3F00294EFD1C?width=172&amp;height=172
Rice Pudding,Rice Pudding,7.0,https://images.deliveryhero.io/image/talabat/Menuitems/DBF87E8040D3C496860C9C2D5EEE7B67?width=172&amp;height=172
Salted Caramel Cookie 1Pc,Salted Caramel Cookie 1Pc,5.0,https://images.deliveryhero.io/image/talabat/Menuitems/3DA909DBB76FCEF4434D8528BA4C1623?width=172&amp;height=172
Chocolate Loaded Cookie 1Pc,Chocolate Loaded Cookie 1Pc,5.0,https://images.deliveryhero.io/image/talabat/Menuitems/58E1661A50D92B6AEDFEBE0ED01F82A7?width=172&amp;height=172
Brownie 1Pc,Brownie 1Pc,5.0,https://images.deliveryhero.io/image/talabat/Menuitems/8DBE0B17672EA36B114DF4D88BCAC70A?width=172&amp;height=172
Karak Plain,Karak Plain,5.0,https://images.deliveryhero.io/image/talabat/Menuitems/E2BF6ACFF23BA2509E8727CDF470D009?width=172&amp;height=172
Karak Cardamom,Karak Cardamom,6.0,https://images.deliveryhero.io/image/talabat/Menuitems/D3011CE8983B2946E02E5C2806315ED8?width=172&amp;height=172
Karak Zafran,Karak Zafran,6.0,https://images.deliveryhero.io/image/talabat/Menuitems/34D02600E77903A8C47415E89D1F0C23?width=172&amp;height=172
Karak W/Salted Caramel Cookie,Karak W/Salted Caramel Cookie,9.0,https://images.deliveryhero.io/image/talabat/Menuitems/E95F20D02328B34FDD983F22971EFC19?width=172&amp;height=172
Karak W/Chocolate Loaded Cookie,Karak W/Chocolate Loaded Cookie,9.0,https://images.deliveryhero.io/image/talabat/Menuitems/B5E42912548C61F4FB7A3EBFE9AD1C73?width=172&amp;height=172
Karak W/Brownie,Karak W/Brownie,9.0,https://images.deliveryhero.io/image/talabat/Menuitems/B89F4C812C8991F2309B47A8AF996BFB?width=172&amp;height=172
Black Tea,Black Tea,2.0,https://images.deliveryhero.io/image/talabat/Menuitems/1AD3D6082D49DEEE9A54217CDA58F252?width=172&amp;height=172
