item_name,item_description,item_price,item_image
Baked Potato - 7 Toppings,"Baked potato with your choice of seven toppings, butter and mozzarella cheese.",38.0,https://images.deliveryhero.io/image/talabat/Menuitems/potato_Toppings_636436752631149669.JPG?width=172&amp;height=172
Baked Potato Overload,"Baked potato with your choice of more than 7 toppings, butter and mozzarella cheese.",40.0,https://images.deliveryhero.io/image/talabat/Menuitems/Potato_Over_Load_636436752631620125.JPG?width=172&amp;height=172
Chicken Taco Tortilla,"3 Pieces flour taco tortilla filled with grilled chicken, mozzarella cheese, five toppings of your choice and sauce of your choice.",35.0,https://images.deliveryhero.io/image/talabat/Menuitems/chicken_taco_thumb_637131534933221084.jpg?width=172&amp;height=172
Baked Potato - 4 Toppings,"Baked potato with a choice of four toppings, butter and mozzarella cheese.",34.0,https://images.deliveryhero.io/image/talabat/Menuitems/potato_4_toppings_th_637131534952602439.jpg?width=172&amp;height=172
Veggie Taco Tortilla,"3 Pieces flour taco tortilla filled with grilled chicken, mozzarella cheese, five toppings of your choice and sauce of your choice.
",29.0,https://images.deliveryhero.io/image/talabat/Menuitems/veggi_Taco_636436753552424059.JPG?width=172&amp;height=172
Basic Baked Potato,Baked potato with butter and mozzarella cheese.,19.0,https://images.deliveryhero.io/image/talabat/Menuitems/Patato_basic_636436751738509600.JPG?width=172&amp;height=172
Baked Potato Overload,"Baked potato with your choice of more than 7 toppings, butter and mozzarella cheese.",40.0,https://images.deliveryhero.io/image/talabat/Menuitems/Potato_Over_Load_636436752631620125.JPG?width=172&amp;height=172
Baked Potato - 7 Toppings,"Baked potato with your choice of seven toppings, butter and mozzarella cheese.",38.0,https://images.deliveryhero.io/image/talabat/Menuitems/potato_Toppings_636436752631149669.JPG?width=172&amp;height=172
Baked Potato - 4 Toppings,"Baked potato with a choice of four toppings, butter and mozzarella cheese.",34.0,https://images.deliveryhero.io/image/talabat/Menuitems/potato_4_toppings_th_637131534952602439.jpg?width=172&amp;height=172
Baked Potato - Chili Corn Carne,"Baked potato with butter, salt, black pepper, chili con carne beef with beans and top with mozzarella cheese",35.0,https://images.deliveryhero.io/image/talabat/Menuitems/Baked_Potato_-_Chili_636920919650381906.jpg?width=172&amp;height=172
Chicken Fajita Baked Potato,,35.0,https://images.deliveryhero.io/image/talabat/Menuitems/potato_Chicken_Fajita_636436752632500966.JPG?width=172&amp;height=172
Baked Potato - Beans,,24.0,https://images.deliveryhero.io/image/talabat/Menuitems/potato_Baked_Peans_636436751738980051.JPG?width=172&amp;height=172
Baked Potato Bechamel,"Freshly baked potato mashed with butter salt and black pepper filled with grilled chicken, broccoli, bechamel sauce and topped with mozzarella cheese.",36.0,https://images.deliveryhero.io/image/talabat/Menuitems/IMG_0085_637132174337439847.jpg?width=172&amp;height=172
Potato With Pasta And Cheddar Cheese,Baked potato filled with pasta and melted cheddar cheese.,29.0,https://images.deliveryhero.io/image/talabat/Menuitems/Potato_with_Pasta_an_637127154538533295.jpg?width=172&amp;height=172
French Fries,"French fries with jalapeno, harrods sauce and cheddar sauce.",15.0,https://images.deliveryhero.io/image/talabat/Menuitems/french_fries_637127154568588647.jpg?width=172&amp;height=172
Potato Wedges ,"Potato wedges with jalapeno, harrods sauce and cheddar sauce.",17.0,https://images.deliveryhero.io/image/talabat/Menuitems/potato-wedges-6-650x_637127154548600785.jpg?width=172&amp;height=172
French Fries With Jalapeno And Cheese,,26.0,https://images.deliveryhero.io/image/talabat/Menuitems/harrods_Fries_637127154579449660.jpg?width=172&amp;height=172
Potato Wedges With Jalapeno And Cheese,,26.0,https://images.deliveryhero.io/image/talabat/Menuitems/potato_wedges_with_d_637127154557939738.jpg?width=172&amp;height=172
Veggie Alfredo Pasta,"Served in white sauce with broccoli,olive, sweet corn, mushroom, capsicum and our special spices",35.0,
Chicken Alfredo Pasta," Pasta with chicken, cheese, broccoli, mushroom and alfredo sauce.
",39.0,https://images.deliveryhero.io/image/talabat/Menuitems/Penne_Pasta_Recipe_I_637131534942449931.jpg?width=172&amp;height=172
Beef Alfredo Pasta,,46.0,
Mix Sauce Veggie Pasta,"Served in mix sauce with olive, sweet corn, mushroom, capsicum and our special spices",35.0,
Mix Chicken Sauce Pasta,"Penne Pasta with chicken, cheese, mushroom, Arrabbiata sauce and alfredo sauce.
",39.0,https://images.deliveryhero.io/image/talabat/Menuitems/pasta_mix_sauce_637127154352000884.jpg?width=172&amp;height=172
Mix Sauce Beef Pasta,,45.0,
Veggie Arrabiata Pasta,"Served in red sauce with olive, sweet corn, mushroom, capsicum and our special spices",35.0,
Chicken  Arrabbiata Pasta,"Penne pasta with chicken, cheese, broccoli, mushroom and arrabbiata sauce.",39.0,https://images.deliveryhero.io/image/talabat/Menuitems/IMG_9771_637122926899437649.jpg?width=172&amp;height=172
Beef  Arrabbiata Pasta,,45.0,
Chicken Burrito,"Flour tortilla bread filled with a various toppings
",36.0,https://images.deliveryhero.io/image/talabat/Menuitems/chicken_burrito_thumb_637131534923873675.jpg?width=172&amp;height=172
Veggie Burrito,"Flour tortilla bread filled with grilled chicken and various toppings
",32.0,https://images.deliveryhero.io/image/talabat/Menuitems/veggie_Burrito_636436753551553223.JPG?width=172&amp;height=172
Chicken Fajita Tortilla Wrap,"Flour tortilla bread filled with chicken fajita, lettuce, olives, tomato, mushroom, mozzarella cheese and harrods sauce.",32.0,https://images.deliveryhero.io/image/talabat/Menuitems/chicken_Fahita_Wrap_636436750910137534.JPG?width=172&amp;height=172
Chicken Mayonnaise Wrap,,26.25,
Veggie Taco Tortilla,"3 Pieces flour taco tortilla filled with grilled chicken, mozzarella cheese, five toppings of your choice and sauce of your choice.
",29.0,https://images.deliveryhero.io/image/talabat/Menuitems/veggi_Taco_636436753552424059.JPG?width=172&amp;height=172
Chicken Taco Tortilla,"3 Pieces flour taco tortilla filled with grilled chicken, mozzarella cheese, five toppings of your choice and sauce of your choice.",35.0,https://images.deliveryhero.io/image/talabat/Menuitems/chicken_taco_thumb_637131534933221084.jpg?width=172&amp;height=172
Cheese Quesadilla,"Flour tortilla bread filled with lettuce, tomato, mozzarella cheese and harrods sauce.
",18.0,https://images.deliveryhero.io/image/talabat/Menuitems/IMG_9769_637122926888377051.jpg?width=172&amp;height=172
Chicken Quesadilla,"Flour tortilla bread filled with grilled chicken, olives, tomato, mozzarella cheese and harrods sauce.",25.2,https://images.deliveryhero.io/image/talabat/Menuitems/chicken_Quesadia_636436750911090631.JPG?width=172&amp;height=172
Burger Meal,"2 Pieces beef patties sandwich, lettuce, tomato, cheddar cheese, harrods sauce, served in bun bread  with French Fries and 2 lemon juice",35.0,https://images.deliveryhero.io/image/talabat/Menuitems/Burger_Meal_637127154467930164.jpg?width=172&amp;height=172
Shrimp Sandwich Meal,"2 pieces shrimp sandwich, lettuce, cheddar cheese, Harrods sauce, served in samoon bread with French fries and 2 lemon juice",39.0,https://images.deliveryhero.io/image/talabat/Menuitems/Shrimp_Sandwich_Meal_637127154485747243.jpg?width=172&amp;height=172
Chicken Tender Sandwich Meal,"2 Pieces chicken tender sandwich, lettuce, cheddar cheese, harrods sauce, served in long bun bread with French Fries and 2 lemon juice",36.0,https://images.deliveryhero.io/image/talabat/Menuitems/chicken_tender_sandw_637127154496377443.jpg?width=172&amp;height=172
Mix Chicken Sandwich Meal,"2 Pieces mix chicken sandwich, lettuce, tomato, corn, olives, cheddar cheese, harrods sauce, served in long bun with French Fries and 2 fresh lemon juice",36.0,https://images.deliveryhero.io/image/talabat/Menuitems/Mix_Chicken_Sandwich_637127154507307840.jpg?width=172&amp;height=172
Grilled Chicken Sandwich,"Grilled chicken, lettuce, cheese, coleslaw, harrods sauce, served in potato bread.
",23.1,https://images.deliveryhero.io/image/talabat/Menuitems/grilled_chicken_sand_637140136653857935.jpg?width=172&amp;height=172
French Fries Sandwich,"Tortilla bread with French Fries, lettuce, mozzarella cheese and harrods sauce.",16.8,
Fresh Harrods Cocktail,,15.75,https://images.deliveryhero.io/image/talabat/Menuitems/blob_637354391038837915?width=172&amp;height=172
Fresh Sugarcane Juice,,0.0,https://images.deliveryhero.io/image/talabat/Menuitems/blob_637354610955781011?width=172&amp;height=172
Fresh Grapes Juice,,15.0,https://images.deliveryhero.io/image/talabat/Menuitems/blob_637354619970587140?width=172&amp;height=172
Fresh Mango Juice,"Made from the freshest, ripest mangos, carefully selected for the perfect balance of sweetness and tanginess.",15.0,https://images.deliveryhero.io/image/talabat/Menuitems/blob_637355396373403064?width=172&amp;height=172
Fresh Grapefruit Juice,Fresh grapefruit juice: Juice made from freshly squeezed grapefruits.,15.0,https://images.deliveryhero.io/image/talabat/Menuitems/blob_637355412636681155?width=172&amp;height=172
Fresh Pomegranate Juice,"Indulge in the tangy and nutritious goodness of our Fresh Pomegranate Juice, made from hand-pressed pomegranates for a burst of flavor in every sip.",18.0,https://images.deliveryhero.io/image/talabat/Menuitems/blob_637354645916466038?width=172&amp;height=172
Fresh Banana Milkshake,,14.0,https://images.deliveryhero.io/image/talabat/Menuitems/blob_637355394545414654?width=172&amp;height=172
Fresh Apple Juice,"Made with a blend of juicy apples, Its a perfect drink to quench your thrist.",15.0,https://images.deliveryhero.io/image/talabat/Menuitems/blob_637355412348464232?width=172&amp;height=172
Fresh Vegetables Juice,"Mix of beetroot, tomatoes, carrots and orange.",17.0,https://images.deliveryhero.io/image/talabat/Menuitems/blob_637355391332776719?width=172&amp;height=172
Fresh Beetroot Juice,"good source of vitamins, minerals, and antioxidants",16.0,https://images.deliveryhero.io/image/talabat/Menuitems/blob_637354645649277571?width=172&amp;height=172
Fresh Carrot Juice,"Made with freshly squeezed carrots, it's a rich source of Vitamin A and other essential nutrients, perfect for those looking for a healthy and delicious drink.",15.0,https://images.deliveryhero.io/image/talabat/Menuitems/blob_637355400936770230?width=172&amp;height=172
Fresh Sweet Melon Juice,Freshly squeezed and blend,16.0,https://images.deliveryhero.io/image/talabat/Menuitems/blob_637355440131989734?width=172&amp;height=172
Fresh Kiwi Juice,"Made from freshly squeezed kiwis, it's packed with natural sweetness, vitamins and minerals, making it a healthy and delicious drink option.",15.0,https://images.deliveryhero.io/image/talabat/Menuitems/blob_637355440502468373?width=172&amp;height=172
Fresh Orange Juice,"Made with freshly squeezed oranges, it's a great source of Vitamin C and perfect for any time of the day.",15.75,https://images.deliveryhero.io/image/talabat/Menuitems/blob_637354391320275628?width=172&amp;height=172
Fresh Watermelon Juice,Refreshing and hydrating beverage made from freshly squeezed watermelon. It is a natural source of vitamins and minerals,15.75,https://images.deliveryhero.io/image/talabat/Menuitems/blob_637355412120180289?width=172&amp;height=172
Avocado Juice,"Made from freshly pressed avocados, it's packed with healthy fats, vitamins and minerals, making it a nutritious and delicious drink option.",15.75,https://images.deliveryhero.io/image/talabat/Menuitems/blob_637354609708591989?width=172&amp;height=172
Fresh Pineapple Juice,"A sweet, tropical drink made by blending the flesh of a pineapple. It is a rich source of vitamin C and contains enzymes that can aid digestion.",17.0,https://images.deliveryhero.io/image/talabat/Menuitems/blob_637355415532306398?width=172&amp;height=172
Lemon Mint Juice,"Made with a blend of fresh lemons, mint, and a touch of sweetness, it's a perfect thirst quencher and great to enjoy anytime of the day.",15.75,https://images.deliveryhero.io/image/talabat/Menuitems/blob_637355415167568531?width=172&amp;height=172
Strawberry Juice,"Refreshing and delicious, rich in natural vitamins and minerals. Healthy alternative to sugary drinks.",15.75,https://images.deliveryhero.io/image/talabat/Menuitems/blob_637355401533000255?width=172&amp;height=172
Water,Stay hydrated and refreshed with our water.,3.15,https://images.deliveryhero.io/image/talabat/Menuitems/Water_637019126792174474.jpg?width=172&amp;height=172
Sprite,Non-caffeinated soft drink,4.2,https://images.deliveryhero.io/image/talabat/Menuitems/Sprite_330ML_637121197972049679.jpg?width=172&amp;height=172
Coca-Cola Light,Sugar free carbonated soft drink,4.2,https://images.deliveryhero.io/image/talabat/Menuitems/Coca-Cola_Light_330ML_637121197957126609.jpg?width=172&amp;height=172
Rose Falooda,"Indian dessert that is made with rose syrup, vermicelli noodles, sweet basil seeds, ice cream, and milk.",15.0,https://images.deliveryhero.io/image/talabat/Menuitems/blob_637390898403317690?width=172&amp;height=172
Mango Falooda,"Indulge in our creamy Mango Falooda, featuring silky vermicelli, fresh Mango, and a hint of sweet syrup for a delicious treat",15.0,https://images.deliveryhero.io/image/talabat/Menuitems/blob_637390899295649340?width=172&amp;height=172
Dry Fruits Falooda With Nuts,,18.0,https://images.deliveryhero.io/image/talabat/Menuitems/blob_637390899940832569?width=172&amp;height=172
Fruit Falooda,,15.0,https://images.deliveryhero.io/image/talabat/Menuitems/blob_637390899551614687?width=172&amp;height=172
Harrods Special Falooda,,18.0,https://images.deliveryhero.io/image/talabat/Menuitems/blob_637390901421466558?width=172&amp;height=172
Veggie Tostada Salad,"Tortilla shell with lettuce, beans, olives, corn, tomato, mushroom, red cabbage, cheese and harrods sauce. ",25.5,https://images.deliveryhero.io/image/talabat/Menuitems/veggie_tostada_Salad_636436753552814433.JPG?width=172&amp;height=172
Chicken Tostada Salad,"Tortilla shell with grilled chicken, beans, olives, corn, tomato, mushroom, cheese and harrods sauce.
",27.3,https://images.deliveryhero.io/image/talabat/Menuitems/chicken_Tostada_Salad_636436750911911419.JPG?width=172&amp;height=172
Fruit Salad,"Made with a mix of fresh and seasonal fruits, it's a healthy and delicious option for breakfast, lunch, or a snack and a great way to get your daily dose of vitamins and nutrients.",15.75,https://images.deliveryhero.io/image/talabat/Menuitems/blob_637355390794027427?width=172&amp;height=172
Caesar Salad,"Tortilla shell with chicken, lettuce, tomato, croutons, parmesan cheese and caesar dressing. ",16.8,https://images.deliveryhero.io/image/talabat/Menuitems/Caesar_Salad_637127113929623348.jpg?width=172&amp;height=172
Harrods Salad,"Tortilla shell with lettuce, cucumber, tomato, radish, zaatar, mint, pomegranate, pomegranate sauce and harrods dressing. ",14.7,https://images.deliveryhero.io/image/talabat/Menuitems/Harrods_Salad_637127154618077027.jpg?width=172&amp;height=172
Dynamite Shrimp,"12 Pieces dynamite shrimp with lettuce, cheddar sauce and dynamite sauce. ",23.1,https://images.deliveryhero.io/image/talabat/Menuitems/Dynamite_Shrimps_637127154589233455.jpg?width=172&amp;height=172
Chicken Tender Stirps,6 Pieces chicken tender with French Fries and coca-cola. ,29.0,https://images.deliveryhero.io/image/talabat/Menuitems/Chicken_Tenders_637127154597997769.jpg?width=172&amp;height=172
Chicken Nuggets,12 Pieces chicken nuggets.,16.0,https://images.deliveryhero.io/image/talabat/Menuitems/chicken_nuggets_637127154608047407.jpg?width=172&amp;height=172
