item_name,item_description,item_price,item_image
Chicken Pasta,"150g Whole wheat pasta, 150g grilled fresh chicken breast, 60ml low fat cooking cream and mushrooms.
Cal.599, pro.41.85, carbs  39.63 and fats 15.2
",40.0,https://images.deliveryhero.io/image/talabat/Menuitems/blob_637486773766253788?width=172&amp;height=172
 Healthy Chicken Curry ,"150g chicken breast cooked in coconut milk serve with 150g white rice
cal.497 pro.59  carbs 56 fats 10.5",49.5,https://images.deliveryhero.io/image/talabat/Menuitems/mmw_637989500229562762?width=172&amp;height=172
Grilled Chicken,"150g Chicken, 150g rice. Cal 392, pro 55, carb 35 and fats 5",42.5,https://images.deliveryhero.io/image/talabat/Menuitems/blob_637486680872278295?width=172&amp;height=172
Egg Benedict,"Brown bread, green leaves,  cheese slice, grilled chicken,  scramble egg and hollandaise sauce
Cal.368, pro.27, carbs 22 and fats 7.9",41.0,https://images.deliveryhero.io/image/talabat/Menuitems/blob_637487344083327042?width=172&amp;height=172
Protein Pancake,"Oats, milk, white egg, banana, honey, cal 255, pro 8, carb 25, fats 6.7 top with homemade granola and honey
",39.0,https://images.deliveryhero.io/image/talabat/Menuitems/mmw_637928804027946232?width=172&amp;height=172
Egg Benedict,"Brown bread, green leaves,  cheese slice, grilled chicken,  scramble egg and hollandaise sauce
Cal.368, pro.27, carbs 22 and fats 7.9",41.0,https://images.deliveryhero.io/image/talabat/Menuitems/blob_637487344083327042?width=172&amp;height=172
Mango Chia Pudding ,Chia Seeds/Low Fat Milk Honey Cinnamon Powder/Fresh Mango Puree,31.0,https://images.deliveryhero.io/image/talabat/Menuitems/mmw_637942004467525073?width=172&amp;height=172
HC Chia Pudding,"Chia seeds blended with accai puree added banana and berries 
Cal.323 pro.14 carbs 27.62 and fats 9.61",32.0,https://images.deliveryhero.io/image/talabat/Menuitems/mmw_637942005175062610?width=172&amp;height=172
Banana And Peanut Butter Sandwich,"3 lices of brown bread filled with p.butter and banana slice, serve with cucumber and carrots",31.0,
Blueberry Pancake,,41.0,https://images.deliveryhero.io/image/talabat/Menuitems/mmw_638027372418325947?width=172&amp;height=172
Egg Croissant With Orange Juice," 2 whole scrambled egg  baby spinach low fat cheese Served with orange juice. - Cal 390, Pro 25, Carb 37 and Fats 6.1
",39.5,https://images.deliveryhero.io/image/talabat/Menuitems/blob_637447738868060750?width=172&amp;height=172
Egg Wrap,"2 Whole eggs, tortilla bread, tomato salsa sauce, lettuce, mix peppers and cheese slice serve with potato wedges",33.0,https://images.deliveryhero.io/image/talabat/Menuitems/mmw_637928785467814947?width=172&amp;height=172
Egg Omelet," 3 whole egg  cooked with mix capsicum - Serve with  toasted Whole wheat bread - Cal 384, Pro 33, Carb 32 and Fats 0

",28.0,https://images.deliveryhero.io/image/talabat/Menuitems/blob_637447737920771039?width=172&amp;height=172
Egg Shaksuka,"Poached Egg with cooked fresh tomatoes.
kcal 254, Pro 18, Carb 34 and Fats 2.6",31.0,https://images.deliveryhero.io/image/talabat/Menuitems/mmw_637942006022329137?width=172&amp;height=172
Boiled Egg Slice,"Boiled egg, brown slice bread, lettuce and tomatoes, 
Cal 272, Pro 21, Carb 32 and Fats 6.1
",27.0,https://images.deliveryhero.io/image/talabat/Menuitems/blob_637686571254993794?width=172&amp;height=172
Protein Pancake,"Oats, milk, white egg, banana, honey, cal 255, pro 8, carb 25, fats 6.7 top with homemade granola and honey
",39.0,https://images.deliveryhero.io/image/talabat/Menuitems/mmw_637928804027946232?width=172&amp;height=172
Protein Crepe,Oatsflour/Eggwhite/Honey/Cinnamonpowder/Protienpowder,38.0,https://images.deliveryhero.io/image/talabat/Menuitems/blob_637486669310389318?width=172&amp;height=172
French Toast,"2 slices of brown bread, low fat milk, egg and cinnamon powder",31.0,https://images.deliveryhero.io/image/talabat/Menuitems/mmw_637928787684542007?width=172&amp;height=172
Oatmeal,"50g of Oats, 80g Greek yourgurt, 20g honey. Cal 306, pro 10.6, carb 29 and fats 3.5
",24.0,https://images.deliveryhero.io/image/talabat/Menuitems/blob_637486673691249092?width=172&amp;height=172
Oatmeal With Peanut Butter,"50 grams rolled oats, 1tbsp organic peanut butter and 80 grams Greek yougurt",28.0,https://images.deliveryhero.io/image/talabat/Menuitems/blob_637685326488550536?width=172&amp;height=172
Chicken Quesadilla,"Grilled chicken, colored capsicum, cheese, tortilla bread",35.0,https://images.deliveryhero.io/image/talabat/Menuitems/blob_637684059251390840?width=172&amp;height=172
Chicken Slice,"Grilled chicken, brown slice bread,  lettuce,  avocado",35.0,https://images.deliveryhero.io/image/talabat/Menuitems/blob_637486672521292502?width=172&amp;height=172
Tuna Slice,"Tuna mix with vegetables,  brown slice bread,  avocado,  lettuce",31.0,https://images.deliveryhero.io/image/talabat/Menuitems/blob_637486671719612749?width=172&amp;height=172
Hallumi Slice,"Hallumi cheese ,brown slice bread, our own low fat yogurt sauce,  lettuce, avocado
Cal.319, pro.11, carbs  19   and fats  2.7",31.0,https://images.deliveryhero.io/image/talabat/Menuitems/blob_637486659581580925?width=172&amp;height=172
Sweet Potato And Pumpkin Curry,Sweet potato red pumpkin cooked in coconut milk serve with your choice of sides,42.0,
Chickpea Curry,Chickpeas cooked with coconut milk serve with you choice of sides,40.0,
Vegetable Fried Rice,"Made with freshly cooked rice, and stir-fried with a variety of vegetables and spices, it's a perfect meal for lunch or dinner, and a great alternative to traditional plain rice.",39.0,
Vegetable Stirfry Noodles,,37.0,
Bake Cheese Macaroni,,37.0,
Pasta With Creamy White Sauce.,Your choice of pasta cooked with mushroom and creamy sauce.,37.0,
Pasta Arabiata,Your choice of noodles or pasta cooked with tomato arabiata sauce top with parmesan cheese.,36.0,
Roasted Vegetable With Grilled Hallumi ,Roasted mix vegetables with hallumi cheese,38.0,
CARROT CAKE,,14.0,
Protien Balls,,21.0,
Protien Bar,Made of peanut butter dates mix nuts ,15.0,
Banana Cupcake,,12.0,
Asian Rice With Chicken,"150g chicken with 150g rice mix with our own specail Asian flavor, top with 1 whole egg and cocumber slices.",50.0,https://images.deliveryhero.io/image/talabat/Menuitems/blob_637486684413414010?width=172&amp;height=172
Peanut Butter Chicken,,51.0,https://images.deliveryhero.io/image/talabat/Menuitems/mmw_637928951268670699?width=172&amp;height=172
Mongolian Minced Beef,"130g Minced beef cooked with special spices serve with  150g yellow rice
Cal.470  pro.29.4 carbs 53.7 fats  8
",62.0,https://images.deliveryhero.io/image/talabat/Menuitems/mmw_637989523209684300?width=172&amp;height=172
 Healthy Chicken Curry ,"150g chicken breast cooked in coconut milk serve with 150g white rice
cal.497 pro.59  carbs 56 fats 10.5",49.5,https://images.deliveryhero.io/image/talabat/Menuitems/mmw_637989500229562762?width=172&amp;height=172
Healthy Fish Curry,150gm white fish cooked in coconut milk serve with 150gm white rice,46.0,
Shrimp Curry,8 Large shrimps cooked in coconut milk served with 150g white rice,48.0,
Shrimp Fried Rice,A delicious stir-fried rice dish made with succulent shrimp and aromatic seasonings.,48.0,
Chicken Barbecue,,49.0,
Chicken Caserole,,49.0,https://images.deliveryhero.io/image/talabat/Menuitems/mmw_638027370243644104?width=172&amp;height=172
Chicken Strogonof,,49.0,https://images.deliveryhero.io/image/talabat/Menuitems/mmw_638027371610586781?width=172&amp;height=172
Beef Teryaki ,Beef tenderlion cook with our very own teryaki sauce serve with white rice,70.0,
Chicken And Pepper Steak,Serve with white rice.,49.0,
Honey Mustard White Fish  ,Serve with mashed potato.,46.0,
Grilled Salmon With Creamy Lemon Dill Sauce,Serve with white rice,73.0,
Beef And Pepper Steak,Serve with mashed potato,70.0,
Beef Stew ,Serve with white rice,70.0,
Crispy Chicken,150g Chicken and 150g noodles ,47.0,https://images.deliveryhero.io/image/talabat/Menuitems/mmw_637928808673854022?width=172&amp;height=172
Grilled Chicken,"150g Chicken, 150g rice. Cal 392, pro 55, carb 35 and fats 5",42.5,https://images.deliveryhero.io/image/talabat/Menuitems/blob_637486680872278295?width=172&amp;height=172
Chicken Brussels,"150g Chicken and 150g carbs
",49.0,https://images.deliveryhero.io/image/talabat/Menuitems/blob_637447763829305034?width=172&amp;height=172
Creamy Chicken,"150g Chicken and 150g rice 
Grilled chicken cooked with white sauce brocoli and mushroom, white rice or choose your side.",49.0,
Teriyaki Chicken,"150g  grilled fresh chicken breast, 150g basmati white rice, our own teryaki sauce and steam vegetables",48.0,https://images.deliveryhero.io/image/talabat/Menuitems/blob_637686573592609696?width=172&amp;height=172
Hc Chicken,"Cal 437, Pro 46, Carb 49.7and Fats 5",47.0,https://images.deliveryhero.io/image/talabat/Menuitems/mmw_637928952239489307?width=172&amp;height=172
Asian Rice With Beef,"150g Beef, 150g potato wedges
Cal 468, pro 51, carb 58 and fats 9.2
",69.0,https://images.deliveryhero.io/image/talabat/Menuitems/blob_637447760590630143?width=172&amp;height=172
Beef Brussels,"150g Beef and 150g rice
",68.0,https://images.deliveryhero.io/image/talabat/Menuitems/blob_637447763168031847?width=172&amp;height=172
Creamy Beef,"150g Beef and 150g rice
",66.0,https://images.deliveryhero.io/image/talabat/Menuitems/blob_637684065155577390?width=172&amp;height=172
Hc Beef,"150g Beef and 150g carbs
",70.0,https://images.deliveryhero.io/image/talabat/Menuitems/mmw_637928811918787413?width=172&amp;height=172
Avocado Salmon,"150-170g salmon and 150g mashed potato
",75.0,https://images.deliveryhero.io/image/talabat/Menuitems/mmw_637928827563382058?width=172&amp;height=172
Grilled Salmon,"150g  Grilled salmon, 150g mashed potato, our own dynamite sauce made with low fat yougurt and chili flakes",70.0,https://images.deliveryhero.io/image/talabat/Menuitems/mmw_637928828791386628?width=172&amp;height=172
Creamy Salmon,"150g Grilled salmon and 150g white rice  
",72.0,https://images.deliveryhero.io/image/talabat/Menuitems/mmw_637928830100547083?width=172&amp;height=172
Teriyaki Salmon,150g Grilled salmon and 150g white rice with 40ml teryaki sauce,72.0,https://images.deliveryhero.io/image/talabat/Menuitems/blob_637684077925954680?width=172&amp;height=172
Grilled White Fish,150g Grilled white fish fillet and 150g mashed potato  ,43.0,https://images.deliveryhero.io/image/talabat/Menuitems/blob_637486687364137429?width=172&amp;height=172
Creamy White Fish,"150g Grilled white fish and 150g white rice
",45.0,https://images.deliveryhero.io/image/talabat/Menuitems/blob_637486688000741263?width=172&amp;height=172
Chicken Pasta,"150g Whole wheat pasta, 150g grilled fresh chicken breast, 60ml low fat cooking cream and mushrooms.
Cal.599, pro.41.85, carbs  39.63 and fats 15.2
",40.0,https://images.deliveryhero.io/image/talabat/Menuitems/blob_637486773766253788?width=172&amp;height=172
Chicken Stirfry Noodles ,,46.0,https://images.deliveryhero.io/image/talabat/Menuitems/mmw_638027367385511821?width=172&amp;height=172
Salmon Fettucini Pasta With Tomato Sauce,,50.0,https://images.deliveryhero.io/image/talabat/Menuitems/mmw_638027368361563368?width=172&amp;height=172
Chicken Alfredo Pasta ,"A creamy and indulgent dish made with tender chicken, pasta, and a rich Parmesan-based sauce.",43.0,https://images.deliveryhero.io/image/talabat/Menuitems/mmw_638027369258020102?width=172&amp;height=172
Shrimp Paella,,45.0,
Chicken Risotto,"Cal 204, Pro 8, Carb 35 and Fats 5.4
",43.0,https://images.deliveryhero.io/image/talabat/Menuitems/blob_637486769928301885?width=172&amp;height=172
Shrimp Pasta,"15og whole wheat pasta, 8pcs  large shrimps, tomato sauce, mushrooms and parmesan cheese
cal. 381, pro.34.94, carbs 43.84 and fats 2.68",45.0,https://images.deliveryhero.io/image/talabat/Menuitems/blob_637486761751885779?width=172&amp;height=172
Shrimp Risotto,"150g Risotto rice, 8pcs large shrimps, tomato sauce, mushrooms and parmesan cheese
Cal. 336, pro.32.01, carbs 32.21 and fats 9.65
",48.0,https://images.deliveryhero.io/image/talabat/Menuitems/blob_637447767912187678?width=172&amp;height=172
Spaghetti Bolognese,"Cal 406, Pro 28.3, Carb 46 and Fats 4.6
",43.0,https://images.deliveryhero.io/image/talabat/Menuitems/blob_637447766863223218?width=172&amp;height=172
Meatballs Spaghetti,"Cal 446, Pro 35.5, Carb 47 and Fats 3.5
",48.0,https://images.deliveryhero.io/image/talabat/Menuitems/blob_637447766483363384?width=172&amp;height=172
Chicken Caesar Salad,"Cal  91, pro  1.9, carb 4.3, and fats 0.6.",39.0,https://images.deliveryhero.io/image/talabat/Menuitems/mmw_637928852442856259?width=172&amp;height=172
Grilled Shrimp Salad,"Lettuce,Cucumber,Red Raddish,Corn Niblets,Capsicum,Red Kidney Beans,Parsley
Lemon Dressing",41.0,https://images.deliveryhero.io/image/talabat/Menuitems/mmw_637978219365447182?width=172&amp;height=172
Tabouleh Salad,"Parsley leaves, dice tomatoes, and bulgar wheat.",30.0,
Greek Salad,"Cal 269, Pro 5.1, Carb 7.4 and Fats 0.1
",32.0,https://images.deliveryhero.io/image/talabat/Menuitems/blob_637447774339951895?width=172&amp;height=172
Moroccan Salad,"Cal 239, Pro 4.6, Carb 29 and Fats 0.3
",34.0,https://images.deliveryhero.io/image/talabat/Menuitems/blob_637447773931530786?width=172&amp;height=172
Hc Salad,"Cal 274, Pro 4.8, Carb 23 and Fats 0.5
",42.0,https://images.deliveryhero.io/image/talabat/Menuitems/blob_637447773646186744?width=172&amp;height=172
Rocca Salad,"Cal 177, Pro 2.5, Carb 16.8 and Fats 0.4
",29.0,https://images.deliveryhero.io/image/talabat/Menuitems/mmw_637928850560694879?width=172&amp;height=172
Pasta Salad,"Cal 270, Pro 6, Carb 21 and Fats 2.3
",31.0,https://images.deliveryhero.io/image/talabat/Menuitems/blob_637689658836781072?width=172&amp;height=172
Tuna Salad,"Cal 309, Pro 11, Carb 19 and Fats 1.6
",35.0,https://images.deliveryhero.io/image/talabat/Menuitems/blob_637447772203389949?width=172&amp;height=172
Quinoa Salad ,Organic quinoa ,31.0,https://images.deliveryhero.io/image/talabat/Menuitems/mmw_637928843674975645?width=172&amp;height=172
Power Up Salad,"Cal.135, pro.37, carb 28 and fats 1.2",48.0,https://images.deliveryhero.io/image/talabat/Menuitems/mmw_637930798130259654?width=172&amp;height=172
Salmon Salad ,"100g grilled salmon, chopped lettuce, olives, tomato,  corn and cocumber ",58.0,https://images.deliveryhero.io/image/talabat/Menuitems/mmw_637928840050479934?width=172&amp;height=172
HC Wagyu Burger,"Cal 516, Pro 28, Carb 96 and Fats 3.2
",55.0,https://images.deliveryhero.io/image/talabat/Menuitems/blob_637486802273225043?width=172&amp;height=172
Beef Burger,"Cal 516, Pro 28, Carb 78 and Fats 2.8
",45.0,https://images.deliveryhero.io/image/talabat/Menuitems/blob_637685783226478503?width=172&amp;height=172
Salmon Burger,"Cal 543, Pro 26, Carb 74 and Fats 6.5
",48.0,https://images.deliveryhero.io/image/talabat/Menuitems/blob_637486803588188932?width=172&amp;height=172
Chicken Burger,"Cal 445, Pro 35, Carb 77 and Fats 3.2
",35.0,https://images.deliveryhero.io/image/talabat/Menuitems/blob_637486804441894509?width=172&amp;height=172
Crispy Chicken Burger,Crispy delicious chicken burger,43.0,https://images.deliveryhero.io/image/talabat/Menuitems/blob_637685331834229654?width=172&amp;height=172
Large Beef Sandwich,"Cal 397, Pro 27, Carb 54 and Fats 18
",47.0,https://images.deliveryhero.io/image/talabat/Menuitems/blob_637486796529055997?width=172&amp;height=172
Beef Wrap,"Cal 362, Pro 32, Carb 39 and Fats 13
",44.0,https://images.deliveryhero.io/image/talabat/Menuitems/blob_637486795441186140?width=172&amp;height=172
Crispy Chicken Wraps,,39.0,https://images.deliveryhero.io/image/talabat/Menuitems/mmw_637928861044650210?width=172&amp;height=172
Chicken Wrap,"Cal 386, Pro 29, Carb 41 and Fats 3.7
",38.0,https://images.deliveryhero.io/image/talabat/Menuitems/blob_637486794311798335?width=172&amp;height=172
Cajun Chicken Sandwich,"Cal 381, Pro 29, Carb 54 and Fats 3.7
",38.0,https://images.deliveryhero.io/image/talabat/Menuitems/blob_637447768859451717?width=172&amp;height=172
Shrimp Wrap,"Cal 380, Pro 23, Carb 41 and Fats 2.1
",39.0,https://images.deliveryhero.io/image/talabat/Menuitems/blob_637447769130539843?width=172&amp;height=172
Mushroom Soup,"Cal 145, Pro 36, Carb 12.6 and Fats 1.2
",23.0,https://images.deliveryhero.io/image/talabat/Menuitems/blob_637487282901487492?width=172&amp;height=172
Chicken Soup,"Cal 242, Pro 17, Carb 20 and Fats 2.4
",27.0,https://images.deliveryhero.io/image/talabat/Menuitems/blob_637447785014917472?width=172&amp;height=172
Potato Soup,"Cal 250, Pro 4.2, Carb 48 and Fats 6
",22.0,https://images.deliveryhero.io/image/talabat/Menuitems/blob_637684171171984083?width=172&amp;height=172
Tomato Soup,"Warm your soul with juicy and ripe tomatoes blended into a silky soup, make perfect comfort food for any day ",23.0,https://images.deliveryhero.io/image/talabat/Menuitems/blob_637447783873973878?width=172&amp;height=172
Broccoli Soup,Broccoli soup is a creamy and comforting soup that is made from fresh broccoli,27.0,
Lentil Soup,Masoor and toor lentil combine together cooked with our own spices Serve with toasted bread.,23.0,
Butternut Squash Soup,,25.0,
Edamame,"Cal 373, Pro 16, Carb 23 and Fats 3.7
",25.0,https://images.deliveryhero.io/image/talabat/Menuitems/blob_637447783557780619?width=172&amp;height=172
Beef Nachos,"Cal 375, Pro 18, Carb 23 and Fats 11.2
",36.0,https://images.deliveryhero.io/image/talabat/Menuitems/mmw_637936706719615276?width=172&amp;height=172
Chicken Nachos,Nachos topped with seasoned chicken,34.0,https://images.deliveryhero.io/image/talabat/Menuitems/mmw_637928862392960192?width=172&amp;height=172
Shrimp Dynamite,Coffee-based drink with a hint of red velvet cake flavor.,41.0,https://images.deliveryhero.io/image/talabat/Menuitems/mmw_637928862960510552?width=172&amp;height=172
Mashed Potato,"Experience our Mashed Potato, featuring smooth and fluffy potatoes, whipped with creamy butter and rich milk, creating a luscious side dish that will complement any meal.",17.0,https://images.deliveryhero.io/image/talabat/Menuitems/mmw_637930819557510661?width=172&amp;height=172
Grilled Sweet Potato,,17.0,https://images.deliveryhero.io/image/talabat/Menuitems/blob_637447791075926607?width=172&amp;height=172
Potato Wedges,"Made with potatoes, cut into wedges, and seasoned with a blend of herbs and spices, they're a perfect side dish or snack to enjoy with any meal.",15.0,https://images.deliveryhero.io/image/talabat/Menuitems/blob_637447790604359740?width=172&amp;height=172
Brown Rice,"Nutritious whole grain rice that retains its bran and germ layers, offering a slightly nutty flavor and chewy texture.",15.0,https://images.deliveryhero.io/image/talabat/Menuitems/blob_637447790409135691?width=172&amp;height=172
White Rice,"Get a perfect complement to your meal with our high-quality White Rice. Made from premium quality long-grain rice, it is carefully cleaned, processed to retain its natural taste and texture.",13.0,https://images.deliveryhero.io/image/talabat/Menuitems/blob_637447790211430903?width=172&amp;height=172
Steamed Vegetables,"150g Of mix broccoli, carrots, cauliflower and zuchini",17.0,https://images.deliveryhero.io/image/talabat/Menuitems/blob_637447790000393586?width=172&amp;height=172
Grilled Vegetables,"100g Of mix grilled capsicum, eggplant, carrots and zuchini",18.0,https://images.deliveryhero.io/image/talabat/Menuitems/blob_637447789774436634?width=172&amp;height=172
Mashed Sweet Potato,,20.0,https://images.deliveryhero.io/image/talabat/Menuitems/blob_637447789599064542?width=172&amp;height=172
Pomegranate Juice,"Cal 183, Pro 4, Carb 49 and Fats 0.6
",30.0,https://images.deliveryhero.io/image/talabat/Menuitems/blob_637447787599915110?width=172&amp;height=172
Carrot Juice,"Cal 150, Pro 3, Carb 40 and Fats 0.6
",21.0,https://images.deliveryhero.io/image/talabat/Menuitems/blob_637447787160261981?width=172&amp;height=172
Orange Juice,"Cal 165, Pro 3, Carb 38 and Fats 0
",21.0,https://images.deliveryhero.io/image/talabat/Menuitems/blob_637447789166953604?width=172&amp;height=172
Green Apple Juice,"Cal 150, Pro 0, Carb 26 and Fats 0
",21.0,https://images.deliveryhero.io/image/talabat/Menuitems/blob_637447787897861794?width=172&amp;height=172
Red Apple Juice,"Cal 156, Pro 1, Carb 27.6 and Fats 0.6
",21.0,https://images.deliveryhero.io/image/talabat/Menuitems/blob_637447786510928589?width=172&amp;height=172
Coconut Water,"Cal 45, Pro 1.8, Carb 9 and Fats 0.4
",27.0,https://images.deliveryhero.io/image/talabat/Menuitems/blob_637447789377558263?width=172&amp;height=172
Avocado Smoothie,"Fresh avocado, low fat milk, ice cubes with no added sugar",33.0,https://images.deliveryhero.io/image/talabat/Menuitems/mmw_637928870633143065?width=172&amp;height=172
Beetroot Smoothie,,32.0,https://images.deliveryhero.io/image/talabat/Menuitems/blob_637447795317519081?width=172&amp;height=172
Banana Smoothie,"Ripe banana, low fat milk, ice cubes and honey with no added sugar ",29.0,https://images.deliveryhero.io/image/talabat/Menuitems/mmw_637928871355080373?width=172&amp;height=172
Kale And Avocado Smoothie,,35.0,https://images.deliveryhero.io/image/talabat/Menuitems/blob_637689660856841996?width=172&amp;height=172
Accai Kick Smoothies,"Accai puree, bluberry, mango and banana 330ml
Cal.80, pro.1, carbs 8g and fats 1g ",30.0,https://images.deliveryhero.io/image/talabat/Menuitems/mmw_637931550806165784?width=172&amp;height=172
Green Machine Smoothies,"Spinach, celery, broccoli, mango, banana and pineapple
Cal 70, pro.4, carbs 12 and fats 1",30.0,https://images.deliveryhero.io/image/talabat/Menuitems/mmw_637931552114995314?width=172&amp;height=172
Mango Paradise Smoothies ,"Mango, pineapple and passion fruit
cal.70 pro.1 carbs 17 fats 1",30.0,https://images.deliveryhero.io/image/talabat/Menuitems/mmw_637931553172369517?width=172&amp;height=172
Tro Picolada Smoothies,"Banana, pineapple and coconut
cal 190, pro 2, carbs and 7 fats 17",30.0,https://images.deliveryhero.io/image/talabat/Menuitems/mmw_637931554290248937?width=172&amp;height=172
Raspberry Love Smoothies,"Raspberry, blueberry and banana
cal. 90, pro.2, carbs 8 and fats 1",30.0,https://images.deliveryhero.io/image/talabat/Menuitems/mmw_637931555391593728?width=172&amp;height=172
Special HC Accai Smoothies,"Our very own special smoothies  blend with puree accai, banana, peanut butter, strawberry andblueberry.330ml
cal.180 pro.7 carbs 15 fats 11",39.0,https://images.deliveryhero.io/image/talabat/Menuitems/mmw_637931557217500981?width=172&amp;height=172
Carribean Kiss Smoothies ,Strawberry mango melon.,30.0,
Hc Acai,"170 G of pure acai top with  mix fruits, granola seeds and peanut butter, cal 256, pro 7, carb 35.4 and fats 5.",47.0,https://images.deliveryhero.io/image/talabat/Menuitems/blob_637686202650310725?width=172&amp;height=172
Fruit Acai,"170g Of acai top with mix fruits, cal  254, pro  6, carb 36, and fats  5.",44.0,https://images.deliveryhero.io/image/talabat/Menuitems/blob_637447780498588826?width=172&amp;height=172
Classic Accai,"170g  Acai, granola seeds, pomegranate seeds and coconut powder.
Cal 287, pro 7.4, carb 32, and fats 5.",41.0,https://images.deliveryhero.io/image/talabat/Menuitems/blob_637447780265688330?width=172&amp;height=172
Make Your Own Accai Bowl,,40.0,
Diet Pepsi,Carbonated soft drink with zero sugar & zero calories,8.0,https://images.deliveryhero.io/image/talabat/Menuitems/diet_pepsi-Can_637447701831960345.jpg?width=172&amp;height=172
Cherry Cola,"Experience the nostalgic delight of our Cherry Cola, where classic cola meets tangy cherries, creating a refreshing beverage that quenches your thirst and leaves your taste buds tingling with delight.",13.0,https://images.deliveryhero.io/image/talabat/Menuitems/mmw_637942001584275662?width=172&amp;height=172
Sparkling Water 330ml ,,15.0,
Diet 7 Up,Carbonated soft drink with zero sugar & zero calories,8.0,https://images.deliveryhero.io/image/talabat/Menuitems/7uo_Diet_637447701940977511.jpg?width=172&amp;height=172
