item_name,item_description,item_price,item_image
Turkish Coffee With Mastic Drops 227 Grams,,44.0,https://images.deliveryhero.io/image/talabat/Menuitems/blob_638030162339589934?width=172&amp;height=172
Plain Turkish Coffee1 Box Of 227 Grams,,34.0,https://images.deliveryhero.io/image/talabat/Menuitems/blob_638030163039810611?width=172&amp;height=172
Menengic Coffee 1 Box Of 350 Grams,,44.0,https://images.deliveryhero.io/image/talabat/Menuitems/blob_638030163624315087?width=172&amp;height=172
"500 Gr Semolina Helva, Ice Cream And Lemonade","And 1 İtem Free

Small Chestnut Candy - Rowing Halva - Packet Halva - Tahini - Molasses - Turkish Delight - Packet Tea",155.0,https://images.deliveryhero.io/image/talabat/Menuitems/blob_638157743525972811?width=172&amp;height=172
"1 Kg Semolina Helva, Ice Cream And Lemonade","And 1 İtem Free

Small Chestnut Candy - Rowing Halva - Packet Halva - Tahini - Molasses - Turkish Delight - Packet Tea",195.0,https://images.deliveryhero.io/image/talabat/Menuitems/blob_638157744925449047?width=172&amp;height=172
"500 Gr Pistachios Semolina Helva, Ice Cream And Lemonade","And 1 İtem Free

Small Chestnut Candy - Rowing Halva - Packet Halva - Tahini - Molasses - Turkish Delight - Packet Tea",180.0,https://images.deliveryhero.io/image/talabat/Menuitems/blob_638157745872795593?width=172&amp;height=172
"1 Kg Pistachios Semolina Helva, Ice Cream And Lemonade","And 1 İtem Free

Small Chestnut Candy - Rowing Halva - Packet Halva - Tahini - Molasses - Turkish Delight - Packet Tea",260.0,https://images.deliveryhero.io/image/talabat/Menuitems/blob_638157746564093020?width=172&amp;height=172
"500 Gr Lotus Helva, Ice Cream And Lemonade","And 1 İtem Free

Small Chestnut Candy - Rowing Halva - Packet Halva - Tahini - Molasses - Turkish Delight - Packet Tea",175.0,https://images.deliveryhero.io/image/talabat/Menuitems/blob_638157747356956631?width=172&amp;height=172
"1 Kg Lotus Helva, Ice Cream And Lemonade","And 1 İtem Free

Small Chestnut Candy - Rowing Halva - Packet Halva - Tahini - Molasses - Turkish Delight - Packet Tea",250.0,https://images.deliveryhero.io/image/talabat/Menuitems/blob_638157747821179401?width=172&amp;height=172
Mehmet Efendi Turkish Coffee 250 Grams,,34.0,https://images.deliveryhero.io/image/talabat/Menuitems/blob_637544764749483438?width=172&amp;height=172
Dogus Bergamot Turkish Tea 500 Grams,,34.0,https://images.deliveryhero.io/image/talabat/Menuitems/blob_637762975417995135?width=172&amp;height=172
Altin Bas 500 Gr Tea,,34.0,https://images.deliveryhero.io/image/talabat/Menuitems/blob_638029088098484610?width=172&amp;height=172
Mehmet Efendi Turkish Coffee 500 Grams,,59.0,https://images.deliveryhero.io/image/talabat/Menuitems/blob_637544766235793746?width=172&amp;height=172
Turkish Coffee Mastic 250 Grams,,44.0,https://images.deliveryhero.io/image/talabat/Menuitems/blob_637544768183430185?width=172&amp;height=172
Turkish Coffee Hazelnut 250 Grams,,44.0,https://images.deliveryhero.io/image/talabat/Menuitems/blob_637544769780857001?width=172&amp;height=172
Uludag Gazoz,,10.0,https://images.deliveryhero.io/image/talabat/Menuitems/blob_637544772199964116?width=172&amp;height=172
Uludag Gazoz 6 Pieces,,52.0,https://images.deliveryhero.io/image/talabat/Menuitems/blob_637544772557974613?width=172&amp;height=172
Small Marron Glacé,,55.0,https://images.deliveryhero.io/image/talabat/Menuitems/Marron_Glacé_Small_A_637526107145808211.jpg?width=172&amp;height=172
Large Marron Glacé,,105.0,https://images.deliveryhero.io/image/talabat/Menuitems/Marron_Glacé_Large_A_637526107152318585.jpg?width=172&amp;height=172
Semolina Helva 100cc,,25.0,https://images.deliveryhero.io/image/talabat/Menuitems/blob_637762948222124962?width=172&amp;height=172
Lotus Halva With Ice Cream 200cc,Lotus halva with ice cream 200cc.,55.0,https://images.deliveryhero.io/image/talabat/Menuitems/blob_638178608430608771?width=172&amp;height=172
Lotus Halva 200cc,Lotus halva 200cc.,55.0,https://images.deliveryhero.io/image/talabat/Menuitems/blob_638178609523419071?width=172&amp;height=172
Lotus Halva With Ice Cream 100cc,Lotus halva with ice cream 100cc.,32.0,https://images.deliveryhero.io/image/talabat/Menuitems/blob_638178611147497218?width=172&amp;height=172
Semolina Helva 200cc,,43.0,https://images.deliveryhero.io/image/talabat/Menuitems/blob_637762950967179281?width=172&amp;height=172
Pistachios Semolina Helva 100cc,,34.0,https://images.deliveryhero.io/image/talabat/Menuitems/blob_637762962496722374?width=172&amp;height=172
Tahini Halva With Kakou V2,500 gm. ,39.0,https://images.deliveryhero.io/image/talabat/Menuitems/500gr_Tahini_Halva_W_637526109796046850.jpg?width=172&amp;height=172
Kakao Tahini Halva V2,,39.0,https://images.deliveryhero.io/image/talabat/Menuitems/Kakao_Tahini_Halva_A_637526109739710772.jpg?width=172&amp;height=172
