item_name,item_description,item_price,item_image
Shrimp on Toast,Shrimp minced with sliced white bread.,44.0,https://images.deliveryhero.io/image/talabat/Menuitems/917EE9377D6C25D100432C2373A5F9C0?width=172&amp;height=172
Sticky Rice Mango,Sticky Rice Mango ,26.0,https://images.deliveryhero.io/image/talabat/Menuitems/E517A5F5D0E1EBACD6ECC4068DEEBCB2?width=172&amp;height=172
Japanese Nana Wings,Deep fried wings served in sweet & spicy Japanese sauce.,0.0,https://images.deliveryhero.io/image/talabat/Menuitems/705964221D73CAFF7437D62D51198862?width=172&amp;height=172
Hot & Sour Soup,"Warm spicy, sour soup made with mixed chopped vegetable and chicken topped with egg.",0.0,https://images.deliveryhero.io/image/talabat/Menuitems/3B073FFB8808B8EA7391BD16ED88CA53?width=172&amp;height=172
Egg Fried Rice,Egg Fried Rice ,0.0,https://images.deliveryhero.io/image/talabat/Menuitems/6C65C90C755BED75454EC014EE203152?width=172&amp;height=172
Hengchen Combo,Choice of rice or noodles and main course,30.0,https://images.deliveryhero.io/image/talabat/Menuitems/Yin__Yang__Deal_under_30_638312293840711125.jpeg?width=172&amp;height=172
TNT Prawn,Deep fried prawn toasted in homemade special sauce,64.0,https://images.deliveryhero.io/image/talabat/Menuitems/485836ECB0D7AABB0586295531712AA4?width=172&amp;height=172
TNT Chicken,Deep fried chicken toasted in homemade special sauce,55.0,https://images.deliveryhero.io/image/talabat/Menuitems/C25E5F53AC3BE7CEF50998F20B9CFE2C?width=172&amp;height=172
Butterfly Prawn,Breaded fried prawn with special seasoning pepper,62.0,https://images.deliveryhero.io/image/talabat/Menuitems/AD558641A4834395095764AF39031971?width=172&amp;height=172
Shrimp on Toast,Shrimp minced with sliced white bread.,44.0,https://images.deliveryhero.io/image/talabat/Menuitems/917EE9377D6C25D100432C2373A5F9C0?width=172&amp;height=172
Prawn with Black Bean Sauce,"Deep fried prawn mixed with carrot, capsicum, onion and serve with black bean sauce",62.0,https://images.deliveryhero.io/image/talabat/Menuitems/8C6396F474548DBB2FFE001110BB77BD?width=172&amp;height=172
Bockchoy with Mushroom,Stir fry bokchoy and mushroom mix with special seasoning.,49.0,https://images.deliveryhero.io/image/talabat/Menuitems/354C691C2E89C01F7771D743ACC9C6D7?width=172&amp;height=172
Salt & Pepper Prawn,Deep fried prawn toasted with red and green bell pepper and cilantro,63.0,https://images.deliveryhero.io/image/talabat/Menuitems/05F82A6C0FE7E40A7340115ECE2FC560?width=172&amp;height=172
Chicken Black Pepperr,"Deep fried dice chicken with dice onion ,green capsicum and green chili .",49.0,https://images.deliveryhero.io/image/talabat/Menuitems/24D6047118D7714E03E7CB2D2A7BDB2B?width=172&amp;height=172
Chicken Black Bean Sauce,"Stir fried chicken mixed with carrot, capsicum, onion  serve with black bean sauce",52.0,https://images.deliveryhero.io/image/talabat/Menuitems/9935F2A516BA255B8B011E8E7ABB5D60?width=172&amp;height=172
Beef Broccoli,Stir fry slice beef with brocoli in black sauce .,56.0,https://images.deliveryhero.io/image/talabat/Menuitems/3049CBDF72C1418AC325716183F5FC80?width=172&amp;height=172
Beef Black Bean Sauce,"Stir fried beef mixed with carrot, capsicum, onion and serve with black bean sauce",56.0,https://images.deliveryhero.io/image/talabat/Menuitems/791356936EB8EDEBFB24B7EB6E3C7371?width=172&amp;height=172
Beef Black Pepper,"Deep fried dice beef with dice onion, green capsicum and green chili .",56.0,https://images.deliveryhero.io/image/talabat/Menuitems/687DC1941D6A0624612E68415A4EE30D?width=172&amp;height=172
Jua Fish with Sweet & Spicy Sauce,Flower crispy fish serve in special sweet and spicy sauce.,54.0,https://images.deliveryhero.io/image/talabat/Menuitems/63F88F5FDF917ACA40FBE1C7D3A0163D?width=172&amp;height=172
Garlic Prawn Sizzler,Deep fried prawn in chef special sizzling sauce.,68.0,https://images.deliveryhero.io/image/talabat/Menuitems/AFE0A92804D00873F2EF9D8A8087B9EB?width=172&amp;height=172
Crispy Beef Pasta,Crispy fried beef toasted with fusili pasta red sauce.,53.0,https://images.deliveryhero.io/image/talabat/Menuitems/A9BE78F47B0DD6ABCA1DF6EF0449DEE0?width=172&amp;height=172
Chicken Manchurian Sizzler,Deep fried diced chicken served in sweet & spicy red sauce.,55.0,https://images.deliveryhero.io/image/talabat/Menuitems/54D8EF10AE9F8CCFBE3D189F1C70C689?width=172&amp;height=172
Chicken Cashew Nut Pasta,"Stir fry sliced chicken, carrot, capsicum, onion with penne pasta ( Roasted Cashew).",54.0,https://images.deliveryhero.io/image/talabat/Menuitems/E0E1F41A7875A17DD24BBC43BE0309B5?width=172&amp;height=172
Chicken Curry Sauce with Rice,Stir fried slice chicken with special coconut curry sauce and rice,48.0,https://images.deliveryhero.io/image/talabat/Menuitems/526F7E8ED50A54255C8341D2228FE8A0?width=172&amp;height=172
Prawn Curry Sauce with Rice,Deep fried Prawn with special coconut curry sauce and rice,58.0,https://images.deliveryhero.io/image/talabat/Menuitems/873C28E901024968FD3AF9868B3855CD?width=172&amp;height=172
Paneer Chili Dry,"Deep fried paneer cubes stir fry with onion, red & green bell pepper, chilies served in homemade chili sauce.",52.0,https://images.deliveryhero.io/image/talabat/Menuitems/A5083D020BBFA3CA6E1EADEC166FC7CC?width=172&amp;height=172
Prawns Chili Dry,"Deep fried prawn with red & green chili, julienne ginger, served with spicy chili sauce.",62.0,https://images.deliveryhero.io/image/talabat/Menuitems/83E94E58117D45E45DC187AA954A5602?width=172&amp;height=172
Prawn Crackers,Prawn Crackers ,16.0,https://images.deliveryhero.io/image/talabat/Menuitems/64CD0E579A255FE1610324711A81A9E2?width=172&amp;height=172
Fish Fingers,Strips fish coated with bread crumb and homemade special ingredient.,0.0,https://images.deliveryhero.io/image/talabat/Menuitems/D2CFCBD6D7AB34A2068AC5B834405E9F?width=172&amp;height=172
Prawn Tempura,Deep fried prawn mixed with species & tossed in sesame seed.,0.0,https://images.deliveryhero.io/image/talabat/Menuitems/2E267BE5B1DD6C6B391725B78B54F27E?width=172&amp;height=172
Sesame Prawns,Deep fried prawn mixed with species & tossed in sesame seed. ,0.0,https://images.deliveryhero.io/image/talabat/Menuitems/E649319DDA26AA8F245686FDA028C6FE?width=172&amp;height=172
Chicken Fried Wanton,Combination of chicken & vegetable folded in roll skin.,0.0,https://images.deliveryhero.io/image/talabat/Menuitems/6857EBBDEAEB8C3E0AE7826C956254B7?width=172&amp;height=172
Vegetable Fried Wanton,Combination of mixed vegetable folded in roll skin..,0.0,https://images.deliveryhero.io/image/talabat/Menuitems/1184C50A91E7DE889C0992A06210341A?width=172&amp;height=172
Wok Tossed Tofu Black Pepper,"Deep fried tofu stir fried with garlic , spring onion in chef special black pepper sauce sprinkled with fresh celetro",0.0,https://images.deliveryhero.io/image/talabat/Menuitems/9AC87763E466EC40B148E09AA2299E24?width=172&amp;height=172
French Fries,French Fries ,0.0,https://images.deliveryhero.io/image/talabat/Menuitems/91F1B54DBFD9D02E33AB143AAB6A71D9?width=172&amp;height=172
Salt & Pepper Winglets,"Deep fried chicken wings toasted in chopped onion, chili sauce, sprinkled with chopped celentro.",0.0,https://images.deliveryhero.io/image/talabat/Menuitems/9C4CE55F52D50F4741B1F81A3CB2DC06?width=172&amp;height=172
Vegetable Spring Roll,Julienne mixed vegetable in roll skin,0.0,https://images.deliveryhero.io/image/talabat/Menuitems/8A5C80077A045C766934C1758BC7B481?width=172&amp;height=172
Chicken Spring Roll,Combination of chicken and julienne mixed vegetable in roll skin.,0.0,https://images.deliveryhero.io/image/talabat/Menuitems/7D4DD6A07AEF30AA37872C5DA85759B0?width=172&amp;height=172
CHICKEN NUGGETS,Thick slice brest chicken marinated with secret spice coated with bread crumbs,0.0,https://images.deliveryhero.io/image/talabat/Menuitems/127F00B11A7692DE4DE89CB4BC7E8191?width=172&amp;height=172
Japanese Nana Wings,Deep fried wings served in sweet & spicy Japanese sauce.,0.0,https://images.deliveryhero.io/image/talabat/Menuitems/705964221D73CAFF7437D62D51198862?width=172&amp;height=172
CHICKEN DRUM STICKS,Chicken winglet marrinated in secret spices,0.0,https://images.deliveryhero.io/image/talabat/Menuitems/65F35770C181169A4CEC2A4463AE2B92?width=172&amp;height=172
Chef's Special Soup,"Combination of chopped chicken, prawn, carrot, black mushroom and egg  with homemade seasoning.",0.0,https://images.deliveryhero.io/image/talabat/Menuitems/A748D6FBF07FEC168EF7B03652FDFE17?width=172&amp;height=172
Hot & Sour Soup,"Warm spicy, sour soup made with mixed chopped vegetable and chicken topped with egg.",0.0,https://images.deliveryhero.io/image/talabat/Menuitems/3B073FFB8808B8EA7391BD16ED88CA53?width=172&amp;height=172
Chicken Corn Soup,"All time popular soup with chopped chicken, sweet corn, egg served with salt & sugar.",0.0,https://images.deliveryhero.io/image/talabat/Menuitems/A792EBFC0348B7D5C00B251D2AD3CDFD?width=172&amp;height=172
Chicken Vegetable Soup,"Clear soup with carrot, broccoli, bok choy and mushroom with shredded chicken. sesame oil.",0.0,https://images.deliveryhero.io/image/talabat/Menuitems/E6815866348C474BFB84561D2082E1C6?width=172&amp;height=172
Chicken Noodles Soup,"Clear soup with steam noodle, cabbage, carrot, shredded chicken sprinkled with coriander, spring onion and sesame oil.",0.0,https://images.deliveryhero.io/image/talabat/Menuitems/8FF42D24D81A6B09F81F31B449835EF3?width=172&amp;height=172
Szechuan Chicken Soup,"Clear spicy soup with tofu, chopped tomato, brocoli, carrot and chicken.",0.0,https://images.deliveryhero.io/image/talabat/Menuitems/CAFAB965AE5697069A9CBEB4EC3C62E1?width=172&amp;height=172
Thai Seafood Tom Yam Soup,"Spicy Thai soup with prawns, lemon grass, Thai ginger with coconut milk.",0.0,https://images.deliveryhero.io/image/talabat/Menuitems/16C220D55BC239CAB58447802549C77A?width=172&amp;height=172
Thai Chicken Tom Yam Soup,Spicy Thai soup with chicken lemon grass and Thai ginger with coconut milk.,0.0,https://images.deliveryhero.io/image/talabat/Menuitems/4FAA6E3CEC32E85EC2730BD9CB556F98?width=172&amp;height=172
Manchow Soup,Most popular thick soup with blended chicken & vegetable.,0.0,https://images.deliveryhero.io/image/talabat/Menuitems/03839D0633BAA17840C46D0BC1F6F1D0?width=172&amp;height=172
Prawns Sweet & Sour,"Deep fried prawn with carrot, capsicum, onion, pineapple toasted in sweet and sour sauce.",0.0,https://images.deliveryhero.io/image/talabat/Menuitems/20F890190A439E3B27130A8C36A569D9?width=172&amp;height=172
Prawns Kung Pao,"Deep fried prawn with onion, mix bell pepper, with special peanut butter sauce.",0.0,https://images.deliveryhero.io/image/talabat/Menuitems/9D2A689B6B8070071BCEB2FB4BC87C86?width=172&amp;height=172
Prawns Szechuan Sauce,"Deep fried prawn with carrot, capsicum, onion and chilies served in Szechuan  sauce. ",0.0,https://images.deliveryhero.io/image/talabat/Menuitems/F55EF31CECF471ACC21D63D584752783?width=172&amp;height=172
Prawns Hot Chili Sauce,Deep fried Prawn with red & green chili served in spicy hot sauce.,0.0,https://images.deliveryhero.io/image/talabat/Menuitems/D1352DDADA562E8F1F6D7EA4D6AC4D71?width=172&amp;height=172
Prawns Manchurian,Deep fried prawn served in sweet and spicy red or Black Sauce,0.0,https://images.deliveryhero.io/image/talabat/Menuitems/42B8D44DDA97A20AA8472441DBA0A424?width=172&amp;height=172
Prawns Cashew Nut,"Deep fried prawn with onion, carrot, capsicum,  serve with sweet spicy & sour sauce.( topped with roasted cashew).",0.0,https://images.deliveryhero.io/image/talabat/Menuitems/90C11DE0AD7FBF27C6CFBD518AA8397B?width=172&amp;height=172
Prawns Honey Glazed,Deep fried prawn toasted in special honey sauce.,0.0,https://images.deliveryhero.io/image/talabat/Menuitems/890C8062905A25D6A452401600824D59?width=172&amp;height=172
Prawns Ginger,"Deep fried prawn with julienne ginger, serve in white ginger sauce.",0.0,https://images.deliveryhero.io/image/talabat/Menuitems/0571434D30C5337FCE45D10B70807996?width=172&amp;height=172
Prawns Garlic Sauce,Prawns Garlic Sauce ,0.0,https://images.deliveryhero.io/image/talabat/Menuitems/CDFC7DDF977A3CF88D69ADFA9629288A?width=172&amp;height=172
Fish Sweet & Sour,"Deep fried fish with carrot, capsicum, onion and pineapple toasted in sweet and sour sauce.",0.0,https://images.deliveryhero.io/image/talabat/Menuitems/CB0946FE228F680907B8A43D5F2F9BF3?width=172&amp;height=172
Fish Garlic Sauce,Deep fried fish served in white garlic sauce.,0.0,https://images.deliveryhero.io/image/talabat/Menuitems/1311AEE968AD27A8C6F2FDF196297942?width=172&amp;height=172
Fish Kung Pao,Deep fried fish with onion and mix bell pepper with special peanut butter sauce.,0.0,https://images.deliveryhero.io/image/talabat/Menuitems/C2E4DCEA701B730FCB7B55842E242ADA?width=172&amp;height=172
Fish Szechuan Sauce,"Deep fried fish with carrot, capsicum, onion & chilies served with hot and spicy sauce.",0.0,https://images.deliveryhero.io/image/talabat/Menuitems/D686A4EA0D47719291CA11BF3AD20FCF?width=172&amp;height=172
Fish Chili Dry,Fish Chili Dry ,0.0,https://images.deliveryhero.io/image/talabat/Menuitems/CCD66683196BEE7472C261DC546B5B3C?width=172&amp;height=172
Fish Manchurian,Deep fried fish  served in sweet & spicy red sauce.,0.0,https://images.deliveryhero.io/image/talabat/Menuitems/69F2A17DA27CE2476FC81FBAFC68B3DD?width=172&amp;height=172
Fish Ginger,"Deep fried fish with julienne ginger, served in white ginger sauce.",0.0,https://images.deliveryhero.io/image/talabat/Menuitems/09CD8E8AF5A8A3341F63A3A79393971A?width=172&amp;height=172
Vegetable Szechuan Sauce,Combination of mixed vegetable served in Szechuan  sauce.,0.0,https://images.deliveryhero.io/image/talabat/Menuitems/F346BCB28E0201287ADDA85F734F7714?width=172&amp;height=172
Chef's Special Vegetables,Combination of mixed vegetable in a very balanced chef special sauce.,0.0,https://images.deliveryhero.io/image/talabat/Menuitems/5D097F56730AD924DB774CB8849AC1F8?width=172&amp;height=172
Vegetable Manchurian,Vegetable served in sweet & spicy red or black sauce,0.0,https://images.deliveryhero.io/image/talabat/Menuitems/8616081390D9F0B1E34283CEA68899B8?width=172&amp;height=172
Tofu Black Pepper Vegetables,Deep fried tofu with mixed vegetable serve in a black pepper sauce.,0.0,https://images.deliveryhero.io/image/talabat/Menuitems/1B9D95DC492A839C80D667F8DCD812A8?width=172&amp;height=172
Stir Fried Broccoli,Steam broccoli mixed with salt & pepper and soya base.,0.0,https://images.deliveryhero.io/image/talabat/Menuitems/B7140D7344E1EE14E95C196137366328?width=172&amp;height=172
Broccoli with Lemon Sauce,Steam broccoli with homemade special lemon sauce.,0.0,https://images.deliveryhero.io/image/talabat/Menuitems/FEE2F33879A265E4C7F9B7E712CFCF42?width=172&amp;height=172
Potato Green Chili Dry,Finger fried potato with special hot chili sauce.,0.0,https://images.deliveryhero.io/image/talabat/Menuitems/6D620470DCC30842B217B4627E47C4C1?width=172&amp;height=172
Stir Fried Vegetables,Seasonal mixed vegetable served with soya base.,0.0,https://images.deliveryhero.io/image/talabat/Menuitems/AC7522999775AD9695B465F1631E1519?width=172&amp;height=172
Beef with Vegetables,Stir fry sliced beef with mix vegetable served in white sauce.,0.0,https://images.deliveryhero.io/image/talabat/Menuitems/B0E2E506DC0A1ABCA6D78F57200D60EC?width=172&amp;height=172
Beef Teriyaki Sauce,Stir fry sliced beef with chef special Teriyaki sauce.,0.0,https://images.deliveryhero.io/image/talabat/Menuitems/CCEF7A52EB40EB9ADF2BD5518B6F7B2B?width=172&amp;height=172
Beef Mongolian,"Stir fry sliced beef with onion, bell pepper carrot, serve in red spicy sauce.",0.0,https://images.deliveryhero.io/image/talabat/Menuitems/4E7106B37D514F9FCA55E8E4B976BE51?width=172&amp;height=172
Beef Ginger,"Stir fry beef with julienne  ginger, serve in white ginger sauce.",0.0,https://images.deliveryhero.io/image/talabat/Menuitems/017A47487D38A0B7760D7B193F402720?width=172&amp;height=172
Beef Chili Dry,"Stir fry beef  with red & green chili, julienne ginger, served with spicy chili sauce.",0.0,https://images.deliveryhero.io/image/talabat/Menuitems/631B84A58D8068294DEDB6190C85F9CD?width=172&amp;height=172
Beef Chili Onion,Beef Chili Onion ,0.0,https://images.deliveryhero.io/image/talabat/Menuitems/FABF390AFDB0830AD8A1DE858C7854D7?width=172&amp;height=172
Beef Szechuan Sauce,"Stir fry beef with carrot, capsicum, onion & chilies served with hot and spicy sauce.",0.0,https://images.deliveryhero.io/image/talabat/Menuitems/B1838A94A0F36837BA6F7A0E1D07605B?width=172&amp;height=172
Beef Garlic Sauce,Stir fry beef served in white garlic sauce.,0.0,https://images.deliveryhero.io/image/talabat/Menuitems/BAF8832C11621D35C4BFF560280A3141?width=172&amp;height=172
Beef Oyster Sauce,"Stir fry beef with broccoli , carrot and black mushroom served in oyster sauce.",0.0,https://images.deliveryhero.io/image/talabat/Menuitems/4E1BF4E051FE506DE00D8D0128B8E7E9?width=172&amp;height=172
Beef Manchurian,"Stir fry sliced beef in a balanced black sauce, sprinkled with fresh cilantro.",0.0,https://images.deliveryhero.io/image/talabat/Menuitems/9DA8B6FF516D44AA4FB1457934C1019D?width=172&amp;height=172
Beef Crispy,"Shredded crispy fried beef, serve with sweet & spicy tomato sauce",0.0,https://images.deliveryhero.io/image/talabat/Menuitems/5F9EF1815A372D4CE6DC112EBF5857A5?width=172&amp;height=172
Sweet & Sour Chicken,"Deep fried breast dice chicken with carrot, dice onion and capsicum and sliced Pineapple served with sweet & sour sauce.",0.0,https://images.deliveryhero.io/image/talabat/Menuitems/6DDA51BAD5A07460EF99755C33C49991?width=172&amp;height=172
Chicken Crispy,"Sliced crispy fried chicken , serve with sweet & spicy tomato sauce( sprinkled with sesame seed).",0.0,https://images.deliveryhero.io/image/talabat/Menuitems/414F9F680880CDB3849BD557551AA4AB?width=172&amp;height=172
Chicken Manchurian,"Stir fry chicken in a balanced black sauce, sprinkled with fresh cilantro.",0.0,https://images.deliveryhero.io/image/talabat/Menuitems/36F0DDDFFBA9F5AB0B6AF67533C56F4F?width=172&amp;height=172
Chicken Ginger,"Stir fry chicken with julien ginger, served in white ginger sauce.",0.0,https://images.deliveryhero.io/image/talabat/Menuitems/E822E6C0FA83FD77FA8FE18055A703B2?width=172&amp;height=172
Chicken Szechuan Sauce,"Stir fry chicken with carrot, capsicum, onion & chilies served with hot and spicy sauce.",0.0,https://images.deliveryhero.io/image/talabat/Menuitems/218C4B0480D9449D05C89E7AB3D18C5E?width=172&amp;height=172
Chicken Garlic Sauce,Stir fry chicken served in white garlic sauce.,0.0,https://images.deliveryhero.io/image/talabat/Menuitems/4BBCA0FBD11344B2E4812E6D0BD9B0C8?width=172&amp;height=172
Chicken Kung Pao,"Classic dish from szechuan region  with onion, mix bell pepper  served with special peanut butter sauce. ( crispy peanut)",0.0,https://images.deliveryhero.io/image/talabat/Menuitems/39F3A1A82DDF8C5BDD3A409FC4E9BC9F?width=172&amp;height=172
Chicken Chili Onion,Chicken Chili Onion ,0.0,https://images.deliveryhero.io/image/talabat/Menuitems/D327A8FC830745993AB2CA3A83E1C15E?width=172&amp;height=172
Chicken with Oyster Sauce,Chicken with Oyster Sauce ,0.0,https://images.deliveryhero.io/image/talabat/Menuitems/09A84B4291E86BDFB1745DE26FFD9735?width=172&amp;height=172
Chicken Chili Dry,"Stir fry chicken  with red, green chili, and julien ginger, served with spicy chili sauce.",0.0,https://images.deliveryhero.io/image/talabat/Menuitems/3D488BE6DA8CE150FF9092D2CFD04978?width=172&amp;height=172
Chicken Lemon Sauce,Chicken Lemon Sauce ,0.0,https://images.deliveryhero.io/image/talabat/Menuitems/550764CD284DAE5344660A3E3C3F210A?width=172&amp;height=172
Singapore Chicken,"Stir fry sliced chicken, carrot, broccoli, capsicum and baby corn",0.0,https://images.deliveryhero.io/image/talabat/Menuitems/0E0C1F56C583BDAC5BDDE85F765331E3?width=172&amp;height=172
Chicken with Vegetables,Stir fry chicken with mix vegetable served in white sauce.,0.0,https://images.deliveryhero.io/image/talabat/Menuitems/8546AEB9B8A615C6A75FD3B60276C00C?width=172&amp;height=172
Hong Kong Chicken,"Diced chicken with capsicum, broccoli, white mushroom, baby corn served in black spicy sauce.",0.0,https://images.deliveryhero.io/image/talabat/Menuitems/000BA73EE25DA5B3D89109857FCFA776?width=172&amp;height=172
Mongolian Chicken,"Stir fry chicken with onion, bell pepper carrot, serve in red spicy sauce.",0.0,https://images.deliveryhero.io/image/talabat/Menuitems/A81208763C248FFAED75E39BE2A27850?width=172&amp;height=172
Chicken Cashew Nut,"Stir fry chicken with onion, carrot, capsicum,  serve with sweet spicy & sour sauce. ( topped with roasted cashew).",0.0,https://images.deliveryhero.io/image/talabat/Menuitems/E6D53340408EA1B465CDE3184CF11BB7?width=172&amp;height=172
Hakka Noodles Chicken,"Boiled noodle with shredded chicken, carrot, capsicum, onion , salt & pepper with soya",0.0,https://images.deliveryhero.io/image/talabat/Menuitems/9B72B5FC7353091E4DC5CC972D707251?width=172&amp;height=172
Hakka Noodles Vegetable,"Boiled noodle with carrot, capsicum, onion, salt and pepper with soya",0.0,https://images.deliveryhero.io/image/talabat/Menuitems/9D829219FC30098B77552A7F77C9B7D2?width=172&amp;height=172
Chicken Chow Mein,"Boiled noodle with shredded chicken, carrot, cabbage and spring onion with soya.",0.0,https://images.deliveryhero.io/image/talabat/Menuitems/98929A2E2AA6F5BB90AECC817D2F86CC?width=172&amp;height=172
Chicken Garlic Noodles,Boiled noodle with shredded chicken and fried garlic with soya,0.0,https://images.deliveryhero.io/image/talabat/Menuitems/20157559C08AB92E73F5CB10F3086FA8?width=172&amp;height=172
Prawn Chow Mein,"Boiled noodle with shredded chicken, carrot, cabbage and spring onion with soya",0.0,https://images.deliveryhero.io/image/talabat/Menuitems/B251A6A54C3B55E5EBB4B5690D91F7B8?width=172&amp;height=172
Beef Chow Mein,Beef Chow Mein ,0.0,https://images.deliveryhero.io/image/talabat/Menuitems/423B8DEB8EFB9CB9F682F5C5C200EF65?width=172&amp;height=172
Vegetable Chow Mein,Vegetable Chow Mein  ,0.0,https://images.deliveryhero.io/image/talabat/Menuitems/125FF6F680E1DF4A486BFCD03FD025B0?width=172&amp;height=172
Mixed Chow Mein,Mixed Chow Mein ,0.0,https://images.deliveryhero.io/image/talabat/Menuitems/525EBD4E2935B537D40E2517D98442C1?width=172&amp;height=172
Chef's Special Chop Suey,Chef's Special Chop Suey ,0.0,https://images.deliveryhero.io/image/talabat/Menuitems/85DCC1D38DA7CFAD622C0E96BEF1ABBD?width=172&amp;height=172
Plain Noodles,Plain Noodles ,0.0,https://images.deliveryhero.io/image/talabat/Menuitems/488A3894E89E7FB2560B8AE8971DF5D8?width=172&amp;height=172
Chicken Chop Suey,Chicken Chop Suey ,0.0,https://images.deliveryhero.io/image/talabat/Menuitems/4AFBB1E5918ED2303B9240D8F71C3542?width=172&amp;height=172
Prawn Chop Suey,Prawn Chop Suey ,0.0,https://images.deliveryhero.io/image/talabat/Menuitems/42640D5D07EF499988E9ABC2322E13AB?width=172&amp;height=172
American Chop Suey,American Chop Suey ,0.0,https://images.deliveryhero.io/image/talabat/Menuitems/F710E3CDC0C9E0D882BE005351DF6770?width=172&amp;height=172
Singapore Rice Noodles [Vermicelli],Singapore Rice Noodles [Vermicelli] ,0.0,https://images.deliveryhero.io/image/talabat/Menuitems/65EB9653F1EBFBFA9B94B6A073FDC331?width=172&amp;height=172
Singapore Rice Noodles with Chicken,Singapore Rice Noodles with Chicken ,0.0,https://images.deliveryhero.io/image/talabat/Menuitems/370980FFFD49BD43EF1833D83DC8099C?width=172&amp;height=172
Chicken Fried Rice,Chicken Fried Rice ,0.0,https://images.deliveryhero.io/image/talabat/Menuitems/786CD230E4E0F165F111E5D3BC3BBCA8?width=172&amp;height=172
Vegetable Fried Rice,Vegetable Fried Rice ,0.0,https://images.deliveryhero.io/image/talabat/Menuitems/792AA59E33975EA8E3C532AFC4D8ECB8?width=172&amp;height=172
Prawn Fried Rice,Prawn Fried Rice ,0.0,https://images.deliveryhero.io/image/talabat/Menuitems/51BDBE9BA9255ED0DDAD610C91064D59?width=172&amp;height=172
Beef Chili Rice,Beef Chili Rice ,0.0,https://images.deliveryhero.io/image/talabat/Menuitems/41ADC95D0C8CFFE54234452EB6E5F6D5?width=172&amp;height=172
Mixed Fried Rice,Mixed Fried Rice ,0.0,https://images.deliveryhero.io/image/talabat/Menuitems/F298368BC4A8B9B6168A71B4F56D3C58?width=172&amp;height=172
Chicken Garlic Rice,Chicken Garlic Rice  ,0.0,https://images.deliveryhero.io/image/talabat/Menuitems/7033B305E7C40F152FC8868C745CDAB1?width=172&amp;height=172
Chicken Szechuan Fried Rice,Chicken Szechuan Fried Rice ,0.0,https://images.deliveryhero.io/image/talabat/Menuitems/02DAAD2D60C8226855A5EDF32395C2CF?width=172&amp;height=172
Plain Steamed Rice,Plain Steamed Rice ,0.0,https://images.deliveryhero.io/image/talabat/Menuitems/62EBF6CE4E283E61B652FB42FB46C052?width=172&amp;height=172
Chicken Masala Rice,Chicken Masala Rice ,0.0,https://images.deliveryhero.io/image/talabat/Menuitems/758B1DF7FEBBAA657E485FC359BA22FD?width=172&amp;height=172
Egg Fried Rice,Egg Fried Rice ,0.0,https://images.deliveryhero.io/image/talabat/Menuitems/6C65C90C755BED75454EC014EE203152?width=172&amp;height=172
Jumbo Platter,3 Pieces meat kebab + 6 pieces chicken cubes + 8 pieces fish cubes & 1 piece chicken leg. ,120.0,https://images.deliveryhero.io/image/talabat/Menuitems/40C29B7F058DBBA93DEAE5FBBC8633DC?width=172&amp;height=172
Medium Platter,2 Pieces meat kebab + 4 pieces chicken cubes + 4 pieces fish cubes & 1 piece chicken leg. ,95.0,https://images.deliveryhero.io/image/talabat/Menuitems/BBA30ABBFE2639399FEC7F84AE86D786?width=172&amp;height=172
Mutton Kebab,Mutton Kebab ,47.0,https://images.deliveryhero.io/image/talabat/Menuitems/E0D6833D0A44A3B8608EB7141912C680?width=172&amp;height=172
Chicken Kebab,Chicken Kebab ,39.0,https://images.deliveryhero.io/image/talabat/Menuitems/376AF1C1CE8E7211D4DE99B9E24F561A?width=172&amp;height=172
Fish Cubes,Fish Cubes ,54.0,https://images.deliveryhero.io/image/talabat/Menuitems/9AD434CFA08585A1427F538F290567C9?width=172&amp;height=172
Chicken Leg,Chicken Leg  ,36.0,https://images.deliveryhero.io/image/talabat/Menuitems/C7E1E07AF57423208D78C5AD2F902F3F?width=172&amp;height=172
Boneless Chicken Cubes,Boneless Chicken Cubes,39.0,https://images.deliveryhero.io/image/talabat/Menuitems/9C558B76A79D41A8214FE57ECE8B81CE?width=172&amp;height=172
Jasmine Rice,Jasmine Rice ,12.0,https://images.deliveryhero.io/image/talabat/Menuitems/F366C393186583176AB7BFF3B2D62BF4?width=172&amp;height=172
Egg Fried Rice (Jasmine Rice),Egg Fried Rice (Jasmine Rice) ,19.0,https://images.deliveryhero.io/image/talabat/Menuitems/80A258479A13DBE4FB465479A1DD77E4?width=172&amp;height=172
Soy Sauce Fried Rice (Jasmine Rice),Soy Sauce Fried Rice (Jasmine Rice) ,21.0,https://images.deliveryhero.io/image/talabat/Menuitems/A0B16997E452A46668D557FD8C21DE5C?width=172&amp;height=172
Seafood Fried Rice ( Jasmine Rice),Seafood Fried Rice ( Jasmine Rice) ,24.0,https://images.deliveryhero.io/image/talabat/Menuitems/8A49CD1B5F61D7B69A17D5DE1E08EFF4?width=172&amp;height=172
Egg Fry Rice Noodles,Egg Fry Rice Noodles ,32.0,https://images.deliveryhero.io/image/talabat/Menuitems/958DE2F672356E6A0E0C8E1836C64AA2?width=172&amp;height=172
Onion Oil Noodles,Onion Oil Noodles ,25.0,https://images.deliveryhero.io/image/talabat/Menuitems/51AFAE5F1055190A46F4CE6AE0CEE5AA?width=172&amp;height=172
Hyacinth Bean Noodles,Hyacinth Bean Noodles ,36.0,https://images.deliveryhero.io/image/talabat/Menuitems/6565C775AE31233D10FFE432074ADDF7?width=172&amp;height=172
Beef Fry Rice Noodles,Beef Fry Rice Noodles ,44.0,https://images.deliveryhero.io/image/talabat/Menuitems/4F72E0BB639F440A84417B53F443D5CA?width=172&amp;height=172
Chongqing Cold Noodles,Chongqing Cold oodles ,42.0,https://images.deliveryhero.io/image/talabat/Menuitems/D592CAB9955F10A3A944FAE479F854AD?width=172&amp;height=172
Beef Noodles,Beef Noodles ,44.0,https://images.deliveryhero.io/image/talabat/Menuitems/88EDB02B44DEDBDE94C4D6B5F7238382?width=172&amp;height=172
Cucumber Tofu Skin Mixed,Cucumber Tofu Skin Mixed ,14.0,https://images.deliveryhero.io/image/talabat/Menuitems/14619FB212D4BE557BDFC24BCE789960?width=172&amp;height=172
Garlic Cucumber,Garlic Cucumber ,18.0,https://images.deliveryhero.io/image/talabat/Menuitems/280AAFF86A04382A0ACC3D1510EBE814?width=172&amp;height=172
Black Fungus Vinegar Mixed,Black Fungus Vinegar Mixed ,24.0,https://images.deliveryhero.io/image/talabat/Menuitems/7237671ECE9A0A36F5882E9921EB2103?width=172&amp;height=172
Spicy Green Bamboo Sliced,Spicy Green Bamboo Sliced ,30.0,https://images.deliveryhero.io/image/talabat/Menuitems/7CB741C94644CD7B7B3930E5EEBA3262?width=172&amp;height=172
Skinned Chicken,Skinned Chicken ,50.0,https://images.deliveryhero.io/image/talabat/Menuitems/1C8541A77AA770CC2694AB47FC45147D?width=172&amp;height=172
Ma Po Tofu,Ma Po Tofu ,35.0,https://images.deliveryhero.io/image/talabat/Menuitems/8B0AE0C6A6EB3C3765039C85041BAD88?width=172&amp;height=172
Cabbage Ripped,Cabbage Ripped ,20.0,https://images.deliveryhero.io/image/talabat/Menuitems/81D73ED0BC3A8E16AD1C659CF68B4903?width=172&amp;height=172
Green Pepper Fry Egg Plant,Green Pepper Fry Egg Plant ,25.0,https://images.deliveryhero.io/image/talabat/Menuitems/E41AF9FFD79BDC30D70BAF8824907751?width=172&amp;height=172
Fry Bok Choy,Fry Bok Choy ,28.0,https://images.deliveryhero.io/image/talabat/Menuitems/25FC0C8EC9C035F08D84C147DA6A6D69?width=172&amp;height=172
Love Of Carob Eggplant,Love Of Carob Eggplant ,32.0,https://images.deliveryhero.io/image/talabat/Menuitems/2A600D790D79D9B1548F2D774491CC68?width=172&amp;height=172
Fry Eggs,Fry Eggs ,32.0,https://images.deliveryhero.io/image/talabat/Menuitems/10CDC11429D2ACEC70811572BA07B36F?width=172&amp;height=172
Beef Minced Fry Acid Long Beans,Beef Minced Fry Acid Long Beans ,38.0,https://images.deliveryhero.io/image/talabat/Menuitems/49FD4A4A182E4D17037AE4DF4A059389?width=172&amp;height=172
Chicken Slice,Chicken Slice ,46.0,https://images.deliveryhero.io/image/talabat/Menuitems/2917A7991ED37EACF7E6E89EBEA465E8?width=172&amp;height=172
Fry Beef,fry Beef ,50.0,https://images.deliveryhero.io/image/talabat/Menuitems/8F6BD7C94B2119AE42320519126DE90D?width=172&amp;height=172
Kung Pao Chicken,Kung Pao Chicken ,50.0,https://images.deliveryhero.io/image/talabat/Menuitems/85F41D04FCB452135502F4EBE58C5A28?width=172&amp;height=172
Sesame Lamb,Sesame Lamb ,62.0,https://images.deliveryhero.io/image/talabat/Menuitems/3BA6D27A70D1F96D75DBC5F5A438A333?width=172&amp;height=172
Chongqing Spicy Chicken,Chongqing Spicy Chicken ,62.0,https://images.deliveryhero.io/image/talabat/Menuitems/59269C3F6F4A3D03B49D96EA9EC20F70?width=172&amp;height=172
Chinese Sauerkraut Fish,Chinese Sauerkraut Fish ,68.0,https://images.deliveryhero.io/image/talabat/Menuitems/B28FD783CAEF0BA18AC03CD5F3429C39?width=172&amp;height=172
Spicy Cooked Beef,Spicy Cooked Beef ,82.0,https://images.deliveryhero.io/image/talabat/Menuitems/2D3D847DA9CE15BDC15255D245015D75?width=172&amp;height=172
Spicy Cooked Chicken,Spicy Cooked Chicken ,68.0,https://images.deliveryhero.io/image/talabat/Menuitems/205444909537A7377C9661C5D42BF03F?width=172&amp;height=172
Szechuan Spicy Shrimp,Szechuan Spicy Shrimp ,60.0,https://images.deliveryhero.io/image/talabat/Menuitems/4EA69B5AFDDAF3641D357929C35F2C20?width=172&amp;height=172
Spicy Cooked Fish,Spicy Cooked Fish ,88.0,https://images.deliveryhero.io/image/talabat/Menuitems/F090FB1F499BE455173162F875EC7E56?width=172&amp;height=172
Mix Veg Dim Sum,"Minced cabbage, carrot, celery, spring onion, fresh coriander and fresh beans. ",22.0,https://images.deliveryhero.io/image/talabat/Menuitems/D0F4A07CEAFC16B5E921C686FED9FA04?width=172&amp;height=172
Original Chicken Dim Sum,"Minced chicken, spring onion, ginger, garlic, coriander and celery. ",30.0,https://images.deliveryhero.io/image/talabat/Menuitems/4A1D2FB2845E4ACA102796FE3AF74D7B?width=172&amp;height=172
Chicken Curry Sauce With Rice,With rice. ,30.0,https://images.deliveryhero.io/image/talabat/Menuitems/699001A7CD0CEBC0CC71049C67B24E41?width=172&amp;height=172
Chicken Cashew Nut With Egg Fried Rice,With egg fried rice. ,44.0,https://images.deliveryhero.io/image/talabat/Menuitems/E1C6A88BE6A07B3FDD4B880FEE17E0E3?width=172&amp;height=172
Chicken Chili Dry With Singapore Rice Noodles,With Singapore rice noodles. ,42.0,https://images.deliveryhero.io/image/talabat/Menuitems/EE524D5FE0660FA43AA071BF6299E4FD?width=172&amp;height=172
Fish Szechuan Sauce With Veg Fried Rice,With veg fried rice. ,40.0,https://images.deliveryhero.io/image/talabat/Menuitems/F9DC0AA4FD0EDE4437A737CE90C2ABFB?width=172&amp;height=172
Vegetable Szechuan Sauce With Veg Chomein,With veg chow mein. ,36.0,https://images.deliveryhero.io/image/talabat/Menuitems/736947C62FB7C499486ADDBF283DB307?width=172&amp;height=172
Tofu Black Pepper Veg With Plain Steamed Rice,With plain steamed rice. ,36.0,https://images.deliveryhero.io/image/talabat/Menuitems/2BA3E34061631DAEECA30E612CA5843D?width=172&amp;height=172
Beef Black Pepper With Egg Fried Rice,Beef Black Pepper With Egg Fried Rice ,45.0,https://images.deliveryhero.io/image/talabat/Menuitems/A5BB440A87E73B1C4C295A042C50B708?width=172&amp;height=172
Original Beef Dim Sum,"Minced beef, onion, ginger, garlic and coriander. ",34.0,https://images.deliveryhero.io/image/talabat/Menuitems/03896AC7E17B676DD3192BD6385B3B7A?width=172&amp;height=172
Cinderella,Cinderella ,18.0,https://images.deliveryhero.io/image/talabat/Menuitems/E5B5A7BF3E42E7FEDD77ECF8DC783E59?width=172&amp;height=172
Mojito,Mojito ,15.0,https://images.deliveryhero.io/image/talabat/Menuitems/6FDB5F7FDA027CD7732CDB0EDE24A947?width=172&amp;height=172
Pina Coladda,Pina Coladda ,18.0,https://images.deliveryhero.io/image/talabat/Menuitems/38F477C7B274F6048F78674E309A7CE7?width=172&amp;height=172
Summer Passion,Summer Passion ,18.0,https://images.deliveryhero.io/image/talabat/Menuitems/04A15CD104EC02D9712934CDC5F0D2F0?width=172&amp;height=172
Shrimp Dim Sum,"Minced shrimps, onions, coriander, ginger and garlic. ",34.0,https://images.deliveryhero.io/image/talabat/Menuitems/9BD6B9FE1F3D9097A862E8AF878963FF?width=172&amp;height=172
Pineapple Juice,Pineapple Juice ,18.0,https://images.deliveryhero.io/image/talabat/Menuitems/6FD1F11BF70355A4972A1B9A90CE21C8?width=172&amp;height=172
Carrot Juice,Carrot Juice ,18.0,https://images.deliveryhero.io/image/talabat/Menuitems/76995CDC9EB03EE73F1D23CD6823283F?width=172&amp;height=172
Orange Juice,Orange Juice ,18.0,https://images.deliveryhero.io/image/talabat/Menuitems/57575E4EBE276C484CC24C09F9A2BBC5?width=172&amp;height=172
Apple Juice,Apple Juice ,18.0,https://images.deliveryhero.io/image/talabat/Menuitems/8E4DC793B8588039A74D79CE9D6B4C71?width=172&amp;height=172
Cold Coffee Frappe,Cold Coffee Frappe ,19.0,https://images.deliveryhero.io/image/talabat/Menuitems/CBAA4078B5ECD6CD396EB0A4DE498271?width=172&amp;height=172
Chocolate Frappe,Chocolate Frappe ,19.0,https://images.deliveryhero.io/image/talabat/Menuitems/8742C8E60D7B710D5681C1AAA86A1F70?width=172&amp;height=172
Oreo Frappe,Oreo Frappe ,19.0,https://images.deliveryhero.io/image/talabat/Menuitems/FA52DB21ED4581D8F49355C7FA668EA9?width=172&amp;height=172
Nutella Frappe,Nutella Frappe ,19.0,https://images.deliveryhero.io/image/talabat/Menuitems/FA065BBFA62544BFC4D643323E8F88C7?width=172&amp;height=172
Veg Soup with Mix Veg Dim Sum [2 Pieces],Veg Soup with Mix Veg Dim Sum [2 Pieces] ,32.0,https://images.deliveryhero.io/image/talabat/Menuitems/966FF60B870F5B5F72A43C3716A68CD1?width=172&amp;height=172
Szechuan Soup with Original Chicken Dim Sum [2 Pieces],Szechuan Soup with Original Chicken Dim Sum [2 Pieces] ,32.0,https://images.deliveryhero.io/image/talabat/Menuitems/A2A64C2656EB9A60E71AD8F2F7E655B2?width=172&amp;height=172
Noodles Soup with Original Chicken Dim Sum [2 Pieces],Noodles Soup with Original Chicken Dim Sum [2 Pieces] ,32.0,https://images.deliveryhero.io/image/talabat/Menuitems/FDF2B6A66E65F79FF175692C04067B01?width=172&amp;height=172
Tom Yum Soup with Shrimp Dim Sum [2 Pieces],Tom Yum Soup with Shrimp Dim Sum [2 Pieces] ,32.0,https://images.deliveryhero.io/image/talabat/Menuitems/55844EA14D64C1834E854851D0338F92?width=172&amp;height=172
Mineral Water,Mineral Water ,0.0,https://images.deliveryhero.io/image/talabat/Menuitems/2FF97841088CD8EDD4E149F541AD91EE?width=172&amp;height=172
Pepsi,pepsi ,5.0,https://images.deliveryhero.io/image/talabat/Menuitems/2DAA3200A4E72BA81F8716EEBD823827?width=172&amp;height=172
7up,7up  ,5.0,https://images.deliveryhero.io/image/talabat/Menuitems/0E90362FE3674BC35E4F7D4277688DC3?width=172&amp;height=172
Marinda,Marinda  ,5.0,https://images.deliveryhero.io/image/talabat/Menuitems/F1755697D75E3E1B6E505CD2D51A8DA1?width=172&amp;height=172
Diet Pepsi,Diet Coke ,5.0,https://images.deliveryhero.io/image/talabat/Menuitems/18FF379C67F266279ACDA019CB34FCE5?width=172&amp;height=172
Fresh Lime Soda,Fresh Lime Soda ,16.0,https://images.deliveryhero.io/image/talabat/Menuitems/285BE3D938536345CA884DDF1B76BBD0?width=172&amp;height=172
Fresh Lime Water,Fresh Lime Water ,10.0,https://images.deliveryhero.io/image/talabat/Menuitems/FDE66DCBDB769AF1F324EA23871053E4?width=172&amp;height=172
Ice Tea,Ice Tea ,11.0,https://images.deliveryhero.io/image/talabat/Menuitems/E8AB95AE164C3C5A937DF0534CF87D59?width=172&amp;height=172
Perrier Bottle,Perrier Bottle ,0.0,https://images.deliveryhero.io/image/talabat/Menuitems/1F9B803B398F449EE64FD3BB040A3F57?width=172&amp;height=172
Diet 7up,Diet 7up  ,5.0,https://images.deliveryhero.io/image/talabat/Menuitems/BFBA4F093A84CB88B86A293F88897653?width=172&amp;height=172
Mountain dew,Mountain dew ,5.0,https://images.deliveryhero.io/image/talabat/Menuitems/5D97D8929B7C26620CC402310EACB609?width=172&amp;height=172
Feast Platter [12 Pieces],3 Pieces mix veg + 3 pieces original chicken + 3 pieces beef + 3 pieces shrimps. ,46.0,https://images.deliveryhero.io/image/talabat/Menuitems/DE265A36438CBB7A82880CE2751BD0F5?width=172&amp;height=172
Rice Pudding,Rice Pudding ,19.0,https://images.deliveryhero.io/image/talabat/Menuitems/A276ED71EA22897CD219D34BBD0307AE?width=172&amp;height=172
Sticky Rice Mango,Sticky Rice Mango ,26.0,https://images.deliveryhero.io/image/talabat/Menuitems/E517A5F5D0E1EBACD6ECC4068DEEBCB2?width=172&amp;height=172
Sticky Rice Banana,Sticky Rice Banana ,26.0,https://images.deliveryhero.io/image/talabat/Menuitems/628D1B1B1E93450B1ECE334086BEF89D?width=172&amp;height=172
Sticky Rice Peach,Sticky Rice Peach ,26.0,https://images.deliveryhero.io/image/talabat/Menuitems/677DB9E78458E6B93C0962EFAFDE7995?width=172&amp;height=172
Sticky Rice with Vanilla Ice Cream Mango,Sticky Rice with Vanilla Ice Cream Mango ,31.0,https://images.deliveryhero.io/image/talabat/Menuitems/899A475F2D52CF8B0CF2FF359840EC21?width=172&amp;height=172
Sticky Rice with Ice Cream Banana,Sticky Rice with Ice Cream Banana ,31.0,https://images.deliveryhero.io/image/talabat/Menuitems/39B2CBCA77594765B64456A2C6A7FCC9?width=172&amp;height=172
Sticky Rice with Ice Cream Peach,Sticky Rice with Ice Cream Peach ,31.0,https://images.deliveryhero.io/image/talabat/Menuitems/FD9DCD7BAABA3EA45DFDA6EFD3E9F830?width=172&amp;height=172
Combo On The Go,"Appetizer, Main Course, Rice / Noodles, Soft Drinks / Water ",44.0,https://images.deliveryhero.io/image/talabat/Menuitems/98EFB04D05C5C2752870C7EF7C6C5FC6?width=172&amp;height=172
