item_name,item_description,item_price,item_image
Make Your Own Acai bowl,,49.0,
Berry bounce,"Organic guarana acai, strawberry, blackberry, blueberry, banana, granola, chia seeds, goji berry & almond flakes",49.0,https://images.deliveryhero.io/image/talabat/Menuitems/6B0DA193F4C3C547A63314E3438DA570?width=172&amp;height=172
Peanut rumble,"Organic guarana acai, peanut butter, raspberry, banana, granola, dates, chia seeds & pumpkin seeds",49.0,https://images.deliveryhero.io/image/talabat/Menuitems/E2D01B65F03BE9EC751424563352601F?width=172&amp;height=172
Brazilian Samba,"Organic guarana acai, mango, banana, strawberry, granola, dehydrated kiwi, chia seeds & coconut flakes",49.0,https://images.deliveryhero.io/image/talabat/Menuitems/C226AF8604F4392133877DFD8DAF3223?width=172&amp;height=172
Berry bounce,"Organic guarana acai, strawberry, blackberry, blueberry, banana, granola, chia seeds, goji berry & almond flakes",49.0,https://images.deliveryhero.io/image/talabat/Menuitems/6B0DA193F4C3C547A63314E3438DA570?width=172&amp;height=172
Brazilian Samba,"Organic guarana acai, mango, banana, strawberry, granola, dehydrated kiwi, chia seeds & coconut flakes",49.0,https://images.deliveryhero.io/image/talabat/Menuitems/C226AF8604F4392133877DFD8DAF3223?width=172&amp;height=172
Dessert Storm,"Organic guarana acai, dates, pomegranate, banana, granola, pumpkin seeds, figs & pistachio",49.0,https://images.deliveryhero.io/image/talabat/Menuitems/56C4AA1768D64BA0DECEBB600C7F4088?width=172&amp;height=172
Peanut rumble,"Organic guarana acai, peanut butter, raspberry, banana, granola, dates, chia seeds & pumpkin seeds",49.0,https://images.deliveryhero.io/image/talabat/Menuitems/E2D01B65F03BE9EC751424563352601F?width=172&amp;height=172
Rainbow Blitz,"Organic guarana acai, blueberry, raspberry, kiwi, banana, granola, chia seeds, apricot & almond flakes",49.0,https://images.deliveryhero.io/image/talabat/Menuitems/48062140C84B505E3B96F43A9599A8AC?width=172&amp;height=172
Make Your Own Acai bowl,,49.0,
Crazy Qcumber,"Tzatziki, pickled cucumber, cherry tomatoes, sweet corn, pomegranate & dehydrated beetroot",21.0,https://images.deliveryhero.io/image/talabat/Menuitems/9A4F8884AFE0AF6D54CD6DCDD5DED425?width=172&amp;height=172
Devil's advocate,"Devilled egg, pickled onion, cherry tomato, sweet potato, tuna & roasted kale",25.0,https://images.deliveryhero.io/image/talabat/Menuitems/E9528B8EA0183D77C21C1B0C0F789B58?width=172&amp;height=172
Forbidden ride,"beetroot hummus, avocado, shimeji, pulled chicken, balsamic reduction, microgreens & flax seeds",21.0,https://images.deliveryhero.io/image/talabat/Menuitems/4E420DE3DC989A7787DC23F508968232?width=172&amp;height=172
Green grooves,"smashed avocado, sundried tomato, corn, red radish, cauliflower, dehydrated beetroot & chia seeds",21.0,https://images.deliveryhero.io/image/talabat/Menuitems/3636F8C014E4991B1969D0414103DD95?width=172&amp;height=172
Pops of berry,"peanut butter, banana, blueberry, strawberry, cranberry, dehydrated kiwi & mixed seeds",25.0,https://images.deliveryhero.io/image/talabat/Menuitems/C7FA9F6098847D6B30F87B018A889DC2?width=172&amp;height=172
Smoky affair,"smoked salmon, tzatziki, red radish, cucumber, pickled onion, capers & dill",25.0,https://images.deliveryhero.io/image/talabat/Menuitems/A4572CBF712E66A665FC533477F94BF8?width=172&amp;height=172
Strawberry slush,"strawberry, guacamole, baby mozzarella, balsamic reduction, mixed seeds",21.0,https://images.deliveryhero.io/image/talabat/Menuitems/D6A5F12A1DB5414041FF62A99238A977?width=172&amp;height=172
Wild forest,"hummus, black olives, marinated mushrooms, shimeji, sundried tomato, truffle oil & Pumpkin seeds",21.0,https://images.deliveryhero.io/image/talabat/Menuitems/6F9D11EDE64A1043F682643A2527D55C?width=172&amp;height=172
Carrot Cake,"Moist carrot cake sponge, layered with cream cheese and topped with walnuts",35.0,https://images.deliveryhero.io/image/talabat/Menuitems/88F1FC6B798C1493F684373340D4962E?width=172&amp;height=172
Pistachio Cake,Rich pistachio sponge cake layered with our signature pistachio cream,35.0,https://images.deliveryhero.io/image/talabat/Menuitems/42E3721426BB2E34FE59244144D744EC?width=172&amp;height=172
Tiramisu,Biscuits layered with an espresso mascarpone cheese blend sprinkled with cocoa powder,35.0,https://images.deliveryhero.io/image/talabat/Menuitems/0966E3B5A21461FF4D4BE7E92101F1A9?width=172&amp;height=172
Red Velvet Jar,"Classic red velvet sponge cake, layered with creamy cheese frosting",29.0,https://images.deliveryhero.io/image/talabat/Menuitems/6545A4AD2A44AC4D86E716CE4F6DB69E?width=172&amp;height=172
Triple Chocolate Pudding,A rich blend of dark and milk chocolate cocoa,25.0,https://images.deliveryhero.io/image/talabat/Menuitems/3E55D5A7391E9A62630526B97B8E3B0F?width=172&amp;height=172
Rich Walnut Brownie,"Chocolate brownie bar with chocolate chips, walnut and ganache",15.0,https://images.deliveryhero.io/image/talabat/Menuitems/1DEB874F2D6E3C7CFA1DF937FCAFD132?width=172&amp;height=172
Acai Blossom Smoothie,"Acai sorbet, banana, strawberry & almond milk",35.0,https://images.deliveryhero.io/image/talabat/Menuitems/94032B1D242B38C58F6EB9FE6A8C119E?width=172&amp;height=172
Coke,Carbonated soft drink,9.0,https://images.deliveryhero.io/image/talabat/Menuitems/11BB53614B515ED9B0715FE03D3D0C64?width=172&amp;height=172
Coke Zero,Soft Drink with cola flavour and sugar free,9.0,https://images.deliveryhero.io/image/talabat/Menuitems/3F8A454723811B69489E37FAEFF79E3B?width=172&amp;height=172
Fanta,Carbonated soft drink,9.0,https://images.deliveryhero.io/image/talabat/Menuitems/4D77C9B4DAFCB88F363CC440CBD329D8?width=172&amp;height=172
Sprite,Non-caffeinated soft drink,9.0,https://images.deliveryhero.io/image/talabat/Menuitems/1E464FAB7519BBA6B19F3AE84CF8F2B6?width=172&amp;height=172
Bottled drinking water (500 ml),Mineral Water,7.0,https://images.deliveryhero.io/image/talabat/Menuitems/79E58A413B92B001885BFD2B587C6A90?width=172&amp;height=172
Tender Coconut,,19.0,https://images.deliveryhero.io/image/talabat/Menuitems/20E4B00F2D97C2A68F52EF48AB627874?width=172&amp;height=172
