item_name,item_description,item_price,item_image
Steamed Chicken Momo,"Steamed momos filled with juicy chicken and soft dough 8 pcs, served with special yellow chutney.",24.0,https://images.deliveryhero.io/image/talabat/Menuitems/Steamed_Chicken_Momo_4638254578911515810.jpg?width=172&amp;height=172
Grilled Chicken Peri Peri Sandwich,"Tender chicken marinated in peri peri sauce and grilled to perfection and melted cheese between two slices of grilled bread, Served with French fries and ketchup",22.0,https://images.deliveryhero.io/image/talabat/Menuitems/mmw_638285450549715804?width=172&amp;height=172
Chicken Fried Rice,"Jeerakasala rice perfectly fried and sauteed with veggies, egg, and succulent chicken",25.0,https://images.deliveryhero.io/image/talabat/Menuitems/Chicken_Fried_Rice_9638254578925371616.jpg?width=172&amp;height=172
Kathi Chicken Tikka Roll,Kathi chicken tikka roll comes with egg and chicken tikka from the tandoor along with veggies cooked in our secret spices. Served with french fries and sauce,28.0,https://images.deliveryhero.io/image/talabat/Menuitems/mmw_638257217613521140?width=172&amp;height=172
Paneer Burger,"Grilled paneer patty topped with crisp onion, lettuce, melted cheese, and a special house made topping, all served on a soft brioche bun. Served with French fries",18.0,https://images.deliveryhero.io/image/talabat/Menuitems/mmw_638286620048093845?width=172&amp;height=172
Grilled Egg Sandwich,Fluffy scrambled eggs and melted cheese between two slices of grilled bread. Served with French fries and ketchup,18.0,https://images.deliveryhero.io/image/talabat/Menuitems/mmw_638285419444007807?width=172&amp;height=172
Grilled Cheese Sandwich,Green chutney with melted cheese between two slices of grilled bread. Served with French fries and ketchup.,18.0,https://images.deliveryhero.io/image/talabat/Menuitems/mmw_638285433866972745?width=172&amp;height=172
Grilled Cheese Corn Sandwich,"Sweet corn, mayonnaise, mint chutney mixed to perfection and added with melted cheese between two slices of grilled bread. Served with french fries and ketchup.",18.0,https://images.deliveryhero.io/image/talabat/Menuitems/mmw_638285420889057533?width=172&amp;height=172
Grilled Mashed Potato Sandwich,Mashed potato filling grilled to perfection with melted cheese between two slices of grilled bread. Served with French fries and ketchup,18.0,https://images.deliveryhero.io/image/talabat/Menuitems/mmw_638292518926545191?width=172&amp;height=172
Grilled Paneer Sandwich,Soft paneer marinated and grilled to perfection and melted cheese between two slices of grilled bread. Served with french fries and ketchup,20.0,https://images.deliveryhero.io/image/talabat/Menuitems/mmw_638285440995793392?width=172&amp;height=172
Grilled Chicken Sandwich,"Tender chicken marinated and grilled to perfection with melted cheese between two slices of grilled bread, served with french fries and ketchup",20.0,https://images.deliveryhero.io/image/talabat/Menuitems/mmw_638285468331805912?width=172&amp;height=172
Grilled Paneer Peri Peri Sandwich,"Paneer chunks marinated with in house hot, spicy sauce and grilled to perfection and melted cheese between two slices of grilled bread. Served with french fries and ketchup",22.0,https://images.deliveryhero.io/image/talabat/Menuitems/mmw_638285467864983781?width=172&amp;height=172
Grilled Chicken Peri Peri Sandwich,"Tender chicken marinated in peri peri sauce and grilled to perfection and melted cheese between two slices of grilled bread, Served with French fries and ketchup",22.0,https://images.deliveryhero.io/image/talabat/Menuitems/mmw_638285450549715804?width=172&amp;height=172
Grilled Paneer Tikka Sandwich,"Paneer tikka straight from the tandoor, grilled to perfection with melted cheese between two slices of grilled bread. Served with french fries and ketchup",24.0,https://images.deliveryhero.io/image/talabat/Menuitems/mmw_638285447514183274?width=172&amp;height=172
Grilled Chicken Tikka Sandwich,"Tender chicken tikka straight from the tandoor, grilled to perfection with melted cheese between two slices of grilled bread. Served with french fries and ketchup",24.0,https://images.deliveryhero.io/image/talabat/Menuitems/mmw_638285528503699414?width=172&amp;height=172
 Pulled Chicken Wrap,"Pulled chicken sautEed and wrapped with lettuce, onion and sauce’s.",20.0,https://images.deliveryhero.io/image/talabat/Menuitems/mmw_638321347755659397?width=172&amp;height=172
Chicken Wrap ,"Chicken chunks sauteed and wrapped with fresh lettuce, onion, tomato along with in house sauce’s. Served with French fries",18.0,https://images.deliveryhero.io/image/talabat/Menuitems/mmw_638321346571004056?width=172&amp;height=172
Paneer Wrap,"Paneer chunks sautéed and wrapped with fresh lettuce, onion, tomato along with in house sauce’s. Served with French fries",18.0,https://images.deliveryhero.io/image/talabat/Menuitems/mmw_638321347074424172?width=172&amp;height=172
Egg Roast Wrap,"2 eggs sauteed and wrapped with fresh lettuce, onion, tomato along with in house sauce’s. Served with french fries",18.0,https://images.deliveryhero.io/image/talabat/Menuitems/mmw_638321347173564609?width=172&amp;height=172
Kathi Chicken Roll,Kathi chicken roll comes with egg and chicken chunks along with veggies cooked in our secret spices. Served with french fries and sauce,24.0,https://images.deliveryhero.io/image/talabat/Menuitems/Kathi_Chicken_Roll638254578921700015.jpg?width=172&amp;height=172
Kathi Paneer Roll,"Kathi paneer roll comes with paneer chunks along with veggies cooked in our secret spices, served with French fries and sauce",24.0,https://images.deliveryhero.io/image/talabat/Menuitems/mmw_638257222338295965?width=172&amp;height=172
Kathi Peri Peri Chicken Roll,Kathi peri peri chicken roll comes with egg and chicken chunks slow cooked and tossed in peri peri sauce along with veggies. Served with french fries and ketchup,26.0,https://images.deliveryhero.io/image/talabat/Menuitems/mmw_638297634893395845?width=172&amp;height=172
Kathi Peri Peri Paneer Roll,Kathi peri peri paneer roll comes with paneer chunks along with veggies cooked in our secret spices and tossed in peri peri sauce. Served with french fries and ketchup,26.0,https://images.deliveryhero.io/image/talabat/Menuitems/mmw_638297643420449220?width=172&amp;height=172
Kathi Chicken Tikka Roll,Kathi chicken tikka roll comes with egg and chicken tikka from the tandoor along with veggies cooked in our secret spices. Served with french fries and sauce,28.0,https://images.deliveryhero.io/image/talabat/Menuitems/mmw_638257217613521140?width=172&amp;height=172
Kathi Paneer Tikka Roll,Kathi paneer tikka roll comes with paneer tikka from the tandoor along with veggies cooked in our secret spices. Served with French fries and sauce.,28.0,https://images.deliveryhero.io/image/talabat/Menuitems/mmw_638257216518581170?width=172&amp;height=172
Kathi Chicken Cheese Roll,Kathi chicken cheese roll comes with chicken tikka from the tandoor along with filled cheese and veggies cooked in our secret spices. Served with french fries and sauce.,28.0,https://images.deliveryhero.io/image/talabat/Menuitems/Kathi_Chicken_Cheese_Roll638254578952643067.jpg?width=172&amp;height=172
Kathi Paneer Cheese Roll,Kathi paneer cheese roll comes with paneer tikka from the tandoor along with filled cheese and veggies cooked in our secret spices. Served with french fries and sauce.,28.0,https://images.deliveryhero.io/image/talabat/Menuitems/mmw_638261434921962727?width=172&amp;height=172
Kathi Chicken Afghani Roll,Kathi chicken afghani roll comes with chicken afghani tikka from the tandoor along with creamy sauce and veggies cooked in our secret spices. Served with French fries and sauce,28.0,https://images.deliveryhero.io/image/talabat/Menuitems/mmw_638257224719975575?width=172&amp;height=172
Kathi Paneer Afghani Roll,Kathi paneer afghani roll comes with paneer afghani tikka from the tandoor along with creamy sauce and veggies cooked in our secret spices. Served with French fries and sauce,28.0,https://images.deliveryhero.io/image/talabat/Menuitems/mmw_638257223492906395?width=172&amp;height=172
Steamed Chicken Momo,"Steamed momos filled with juicy chicken and soft dough 8 pcs, served with special yellow chutney.",24.0,https://images.deliveryhero.io/image/talabat/Menuitems/Steamed_Chicken_Momo_4638254578911515810.jpg?width=172&amp;height=172
Steamed Paneer Momo,"Steamed momos filled with juicy paneer in soft dough 8 pcs, served with special yellow chutney",24.0,https://images.deliveryhero.io/image/talabat/Menuitems/Steamed_Paneer_Momo_2638254578913598375.jpg?width=172&amp;height=172
Fried Chicken Momo,"Fried momos filled with juicy chicken 8 pcs, served hot with our special yellow chutney.",24.0,https://images.deliveryhero.io/image/talabat/Menuitems/mmw_638261381476921945?width=172&amp;height=172
Fried Paneer Momo,"Fried momos filled with juicy paneer 8 pcs, served hot with our special yellow chutney.",24.0,https://images.deliveryhero.io/image/talabat/Menuitems/mmw_638257118047564210?width=172&amp;height=172
Cheese Chicken Momo,"Steamed momos filled with juicy chicken in soft dough (8 pcs), covered with cheese served with special yellow chutney.",26.0,https://images.deliveryhero.io/image/talabat/Menuitems/mmw_638256464207564742?width=172&amp;height=172
Cheese Paneer Momo,"Steamed momos filled with juicy paneer in the soft dough 8 pcs, covered with cheese served with special yellow chutney.",26.0,https://images.deliveryhero.io/image/talabat/Menuitems/Cheese_Paneer_Momo_3638254578966379771.jpg?width=172&amp;height=172
Tandoori Chicken Momo,"Momos filled with juicy chicken 8 pcs, covered with tandoori mixture served with our special yellow chutney.",26.0,https://images.deliveryhero.io/image/talabat/Menuitems/Tandoori_Chicken_Momo_4638254578963278475.jpg?width=172&amp;height=172
Tandoori Paneer Momo,"Momos filled with juicy paneer 8 pcs, covered with tandoori mixture served with our special yellow chutney.",26.0,https://images.deliveryhero.io/image/talabat/Menuitems/mmw_638256465236055204?width=172&amp;height=172
Afghani Chicken Momo,"Afghani chicken momo features a tender chicken filling, infused with a blend of aromatic spices and herbs that pay homage to the vibrant flavours.",28.0,https://images.deliveryhero.io/image/talabat/Menuitems/Afghani_Chicken_Momo638254578970239495.jpg?width=172&amp;height=172
Afghani Paneer Momo,"Momos filled with juicy paneer 8 pieces and sauteed in afghani marination creamy sauce, served with our special yellow chutney.",28.0,https://images.deliveryhero.io/image/talabat/Menuitems/mmw_638256464328648152?width=172&amp;height=172
Chicken Burger,"Grilled chicken patty topped with crisp onion, lettuce, melted cheese, and a special house made topping, all served on a soft brioche bun. Served with french fries",18.0,https://images.deliveryhero.io/image/talabat/Menuitems/mmw_638268580471165290?width=172&amp;height=172
Double Chicken Burger,"Grilled 2 chicken patty topped with crisp onion, lettuce, melted cheese, and a special house made topping, all served on a soft brioche bun. Served with French fries",24.0,https://images.deliveryhero.io/image/talabat/Menuitems/Double_Chicken_Burger638254578909933508.jpg?width=172&amp;height=172
Paneer Burger,"Grilled paneer patty topped with crisp onion, lettuce, melted cheese, and a special house made topping, all served on a soft brioche bun. Served with French fries",18.0,https://images.deliveryhero.io/image/talabat/Menuitems/mmw_638286620048093845?width=172&amp;height=172
Double Paneer Burger,"Grilled 2 paneer patty topped with crisp onion, lettuce, melted cheese, and a special house made topping, all served on a soft brioche bun. Served with French fries",24.0,https://images.deliveryhero.io/image/talabat/Menuitems/mmw_638286655242151814?width=172&amp;height=172
Tandoori Soya Chaap,"Chunks of soya marinated in spices and yoghurt, fried to perfection, cooked with veggies and cream, serve hot with chutney",28.0,https://images.deliveryhero.io/image/talabat/Menuitems/mmw_638288423398881986?width=172&amp;height=172
Masala Soya Chaap,Soya chunks marinated in spices and yoghurt. Slow cooked with vegies and cream. Served with chutney.,28.0,https://images.deliveryhero.io/image/talabat/Menuitems/mmw_638288435862144715?width=172&amp;height=172
Schezwan Soya Chaap,Soya chunks cooked to perfection with vegies and schezwan sauce. Served with chutney.,28.0,https://images.deliveryhero.io/image/talabat/Menuitems/mmw_638321349858927817?width=172&amp;height=172
Malai Soya Chaap,"Soya chunks covered in special Malai marination, cooked to perfection with vegies, milk and cream, served hot.",28.0,https://images.deliveryhero.io/image/talabat/Menuitems/mmw_638288436567324451?width=172&amp;height=172
Chicken Curry Rice Bowl,"Chicken marinated and slow cooked with special spices curry, served along garlic rice, topped with spiced vegetables and hippie's sauce.",28.0,https://images.deliveryhero.io/image/talabat/Menuitems/mmw_638296110772831882?width=172&amp;height=172
Paneer Curry Rice Bowl,"Paneer marinated and slow cooked with special spices curry, served along garlic rice. Topped with spiced cucumber and hippie's sauce.",28.0,https://images.deliveryhero.io/image/talabat/Menuitems/mmw_638297012166578545?width=172&amp;height=172
Creamy Chicken Rice Bowl,"Chicken cooked with special spices and cream, served along garlic rice, topped with spiced cucumber and Hippie's sauce.",28.0,https://images.deliveryhero.io/image/talabat/Menuitems/mmw_638295948111912769?width=172&amp;height=172
Creamy Paneer Rice Bowl,"Paneer cooked with special spices and cream, served along garlic rice, topped with spiced cucumber and hippie's sauce",28.0,https://images.deliveryhero.io/image/talabat/Menuitems/mmw_638297012525575066?width=172&amp;height=172
Chicken Noodles,Hakka noodles sautéed with veggies and succulent chicken,25.0,https://images.deliveryhero.io/image/talabat/Menuitems/Chicken_Noodles_5638254578928019509.jpg?width=172&amp;height=172
Paneer Noodles,Hakka noodles sauteed with veggies and fresh paneer,25.0,https://images.deliveryhero.io/image/talabat/Menuitems/mmw_638255296726343101?width=172&amp;height=172
Chicken Fried Rice,"Jeerakasala rice perfectly fried and sauteed with veggies, egg, and succulent chicken",25.0,https://images.deliveryhero.io/image/talabat/Menuitems/Chicken_Fried_Rice_9638254578925371616.jpg?width=172&amp;height=172
Paneer Fried Rice,Jeerashala rice perfectly fried and sautéed with veggies and panner,25.0,https://images.deliveryhero.io/image/talabat/Menuitems/mmw_638255298895914438?width=172&amp;height=172
Aloo Paratha,Masala aloo stuffed in soft wheat roti. Served with pickle and curd,15.0,https://images.deliveryhero.io/image/talabat/Menuitems/mmw_638291793332719253?width=172&amp;height=172
Paneer Paratha,Masala paneer stuffed in soft wheat roti; served with pickle and curd.,15.0,https://images.deliveryhero.io/image/talabat/Menuitems/mmw_638291793973119188?width=172&amp;height=172
Chicken Paratha,Masala chicken paneer stuffed in soft wheat roti served with pickle and curd.,18.0,https://images.deliveryhero.io/image/talabat/Menuitems/mmw_638291794973414298?width=172&amp;height=172
Chicken Biryani Boneless,Tender chicken pieces are dum pukht in flavourful bhuna spices with long grain basmati rice slow cooked to perfection. Served with onion-mint raita.,30.0,https://images.deliveryhero.io/image/talabat/Menuitems/mmw_638274277138044280?width=172&amp;height=172
Chicken Wings BBQ,Marinated chicken wings fried and sautéed in BBQ sauce,22.0,https://images.deliveryhero.io/image/talabat/Menuitems/Chicken_Wings_BBQ_3638254578955435751.jpg?width=172&amp;height=172
Chicken Wings Hot & Spicy,Marinated chicken wings fried and sautéed in hot and spicy sauce.,22.0,https://images.deliveryhero.io/image/talabat/Menuitems/Chicken_Wings_Hot__Spicy_638254578961759611.jpg?width=172&amp;height=172
Chicken Tikka,"Tender and juicy tikkas straight from the tandoor, served with our special green chutney, onions rings and lemon. ",30.0,https://images.deliveryhero.io/image/talabat/Menuitems/mmw_638257228150589401?width=172&amp;height=172
Paneer Tikka ,"Tender and juicy tikkas straight from the tandoor, served with our special green chutney, onions rings and lemon. ",30.0,https://images.deliveryhero.io/image/talabat/Menuitems/mmw_638258849037631028?width=172&amp;height=172
Chicken Garlic Tikka,"Tender and juicy tikkas straight from the tandoor, served with our special green chutney, onions rings and lemon. ",32.0,https://images.deliveryhero.io/image/talabat/Menuitems/mmw_638257215026110065?width=172&amp;height=172
Paneer Garlic Tikka,"Tender and juicy tikkas straight from the tandoor, served with our special green chutney, onions rings and lemon. ",32.0,https://images.deliveryhero.io/image/talabat/Menuitems/mmw_638258849331327472?width=172&amp;height=172
Chicken Afghani Tikka,"Tender and juicy tikkas straight from the tandoor, served with our special green chutney, onions rings and lemon.",34.0,https://images.deliveryhero.io/image/talabat/Menuitems/mmw_638257226756258156?width=172&amp;height=172
Paneer Afghani Tikka,"Tender and juicy tikkas straight from the tandoor, served with our special green chutney, onions rings and lemon.",34.0,https://images.deliveryhero.io/image/talabat/Menuitems/mmw_638258850086571669?width=172&amp;height=172
Chicken Kali Mirch Tikka,"Tender and juicy tikkas straight from the tandoor, served with our special green chutney, onions rings and lemon.",34.0,https://images.deliveryhero.io/image/talabat/Menuitems/mmw_638257227518359215?width=172&amp;height=172
Paneer Kali Mirch Tikka,"Tender, juicy tikkas straight from the tandoor, served with our special green chutney, onions rings and lemon.",34.0,https://images.deliveryhero.io/image/talabat/Menuitems/mmw_638311433669737049?width=172&amp;height=172
Chicken Malai Tikka,"Tender and juicy tikkas straight from the tandoor, served with our special green chutney, onions rings and lemon.",34.0,https://images.deliveryhero.io/image/talabat/Menuitems/mmw_638257230494664068?width=172&amp;height=172
Paneer Malai Tikka,"Tender and juicy tikkas straight from the tandoor, served with our special green chutney, onions rings and lemon.",34.0,https://images.deliveryhero.io/image/talabat/Menuitems/mmw_638258849645316449?width=172&amp;height=172
Cajun Fries,Cajun seasoning fries.,10.0,https://images.deliveryhero.io/image/talabat/Menuitems/Cajun_Fries_4638254578904662995.jpg?width=172&amp;height=172
Caramel Coffee Boba,Blueberry popping boba seeds served with chilled blended caramal coffee,26.0,https://images.deliveryhero.io/image/talabat/Menuitems/Caramel_Coffee_Boba638254578921655921.jpg?width=172&amp;height=172
Strawberry Smoothie Boba,"Blueberry popping boba seeds served with chilled blended strawberries, banana, vanilla ice cream and milk.",24.0,https://images.deliveryhero.io/image/talabat/Menuitems/Strawberry_Milk_Boba_3638254578930354215.jpg?width=172&amp;height=172
Mango Smoothie Boba,"Blueberry popping boba seeds served with chilled blended mango, banana, vanilla ice cream and milk.",24.0,https://images.deliveryhero.io/image/talabat/Menuitems/mmw_638257087374327930?width=172&amp;height=172
Watermelon Smoothie Boba,"Blueberry popping boba seeds served with blended watermelon, banana, vanilla ice cream and milk.",24.0,https://images.deliveryhero.io/image/talabat/Menuitems/mmw_638298509236236507?width=172&amp;height=172
Peach Smoothie,"Mixture of banana, peach fresh fruits with yogurt, milk, chia seeds and honey.",20.0,https://images.deliveryhero.io/image/talabat/Menuitems/mmw_638257158025969203?width=172&amp;height=172
Mango Smoothie,"Mixture of banana and mango fruits with yogurt, milk, chia seeds, and honey.",20.0,https://images.deliveryhero.io/image/talabat/Menuitems/mmw_638257156692199930?width=172&amp;height=172
Peanut Butter Smoothie ,"Mixture of banana, peanut butter with yogurt, milk, chia seeds and honey.",20.0,https://images.deliveryhero.io/image/talabat/Menuitems/mmw_638257157459971310?width=172&amp;height=172
Watermelon Blueberry Smoothie,"Mixture of watermelon and blueberry fresh fruits with yogurt, milk, chia seeds and honey.",24.0,https://images.deliveryhero.io/image/talabat/Menuitems/mmw_638257153715843985?width=172&amp;height=172
Watermelon Strawberry Smoothie,"Mixture of watermelon, strawberry fresh fruits with yogurt, milk, chia seeds and honey",24.0,https://images.deliveryhero.io/image/talabat/Menuitems/mmw_638257159036585810?width=172&amp;height=172
Apple Oats Smoothie,"Mixture of rolled oats and fresh apple with yogurt, milk, chia seeds and honey.",24.0,https://images.deliveryhero.io/image/talabat/Menuitems/Apple_Oats_Smoothie_6638254578752709582.jpg?width=172&amp;height=172
Apple Strawberry Smoothie,"Mixture of apple & strawberry fresh fruits with yogurt, milk, chia seeds, & honey.",24.0,https://images.deliveryhero.io/image/talabat/Menuitems/mmw_638257159726500435?width=172&amp;height=172
Mango Strawberry Smoothie,"Loaded mixture of mango, banana and strawberry fruits with yogurt, milk, chia seeds and honey",24.0,https://images.deliveryhero.io/image/talabat/Menuitems/mmw_638257158801094247?width=172&amp;height=172
Blueberry Strawberry Smoothie,"Loaded mixture of banana, strawberry, blueberry fresh fruits with yogurt, milk, chia seeds, and honey.",24.0,https://images.deliveryhero.io/image/talabat/Menuitems/Blueberry_Strawberry_Bana638254578808195723.jpg?width=172&amp;height=172
Hippie's Cold Coffee,"Blend of caramelized sugar with coffee syrup, condensed milk, coffee powder, chocolate powder and full cream milk. Served chilled",18.0,https://images.deliveryhero.io/image/talabat/Menuitems/mmw_638256461016643622?width=172&amp;height=172
Iced Frappe Coffee,"Blend of caramelized sugar with coffee syrup, condensed milk and full cream milk. Served chilled.",20.0,https://images.deliveryhero.io/image/talabat/Menuitems/mmw_638256460000142594?width=172&amp;height=172
Iced Coffee Smoothie,"Perfect blend of caramelized sugar with coffee syrup, banana, whipping cream, choco syrup and full cream milk. Served chilled.",20.0,https://images.deliveryhero.io/image/talabat/Menuitems/Iced_Coffee_Smoothie_5638254578817829962.jpg?width=172&amp;height=172
Iced Frothy Coffee,"Blend of caramelized sugar with coffee syrup, condensed milk, whipping cream, and full cream milk. Well hand shake and served chilled.",20.0,https://images.deliveryhero.io/image/talabat/Menuitems/mmw_638256457909625268?width=172&amp;height=172
Iced Caramel Frappe Coffee,"Blend of caramelized sugar with coffee syrup, caramel syrup, whipping cream, and full cream milk. Served chilled.",20.0,https://images.deliveryhero.io/image/talabat/Menuitems/Iced_Caramel_Frappe_Coffe638254578872953170.jpg?width=172&amp;height=172
Iced Hazelnut Choco Coffee,"Blend of caramelized sugar with coffee syrup, hazelnut syrup, choco cookies, and full cream milk",20.0,https://images.deliveryhero.io/image/talabat/Menuitems/mmw_638280643896719539?width=172&amp;height=172
Iced Mocha With Whipped Cream,"Blend of caramelized sugar, with coffee syrup, vanilla syrup, whipping cream, vanilla ice cream, and full cream milk. Served chilled with whipped cream.",22.0,https://images.deliveryhero.io/image/talabat/Menuitems/mmw_638256424639166144?width=172&amp;height=172
Iced Oreo Coffee With Whipped Cream,"Perfect blend of caramelized sugar with coffee syrup, oreo cookies, condensed milk, and full cream milk. Served chilled with whipped cream.",22.0,https://images.deliveryhero.io/image/talabat/Menuitems/Iced_Oreo_Coffee_9638254578833989435.jpg?width=172&amp;height=172
Lemon Mint Punch,"Fresh mint, lemon blended with ice and water. Served with chia seeds.",20.0,https://images.deliveryhero.io/image/talabat/Menuitems/mmw_638257097918484573?width=172&amp;height=172
Strawberry Punch,"Fresh mint, lemon blended with strawberries, ice, water and served with chia seeds.",20.0,https://images.deliveryhero.io/image/talabat/Menuitems/Strawberry_Punch_5638254578900956961.jpg?width=172&amp;height=172
Mango Punch,Mango cubes blended with ice and soda. Served with chia seeds.,20.0,https://images.deliveryhero.io/image/talabat/Menuitems/mmw_638257092828342549?width=172&amp;height=172
Blueberry Punch,"Fresh mint, lemon blended with blueberries, ice and water. Served with chia seeds",20.0,https://images.deliveryhero.io/image/talabat/Menuitems/Blueberry_Punch_4638254578854647312.jpg?width=172&amp;height=172
Watermelon Punch,"Fresh mint, lemon blended with watermelon, ice and water. Served with chia seeds",20.0,https://images.deliveryhero.io/image/talabat/Menuitems/Watermelon_Punch638254578852200471.jpg?width=172&amp;height=172
Hippie's Sauce,Hippie’s own sauce goes well with all our items,3.0,https://images.deliveryhero.io/image/talabat/Menuitems/mmw_638257104794565725?width=172&amp;height=172
Yellow Sauce,Flavorful and mild spicy yellow sauce,3.0,https://images.deliveryhero.io/image/talabat/Menuitems/mmw_638257101055175678?width=172&amp;height=172
Hot & Spicy Sauce,Flavorful hot and spicy sauce,3.0,https://images.deliveryhero.io/image/talabat/Menuitems/mmw_638257101674100321?width=172&amp;height=172
Creamy Mayo,Creamy and rich in flavour mayo sauce.,3.0,https://images.deliveryhero.io/image/talabat/Menuitems/mmw_638257101228040157?width=172&amp;height=172
Coca Cola 300ml,Carbonated beverage,8.0,https://images.deliveryhero.io/image/talabat/Menuitems/mmw_638256406598067170?width=172&amp;height=172
Coca Cola Zero 300ml,Carbonated beverage.,8.0,https://images.deliveryhero.io/image/talabat/Menuitems/mmw_638256407001299599?width=172&amp;height=172
Sprite 300ml,Carbonated beverage.,8.0,https://images.deliveryhero.io/image/talabat/Menuitems/mmw_638256417313745403?width=172&amp;height=172
Water 500ml,Small water bottle 500ml,4.0,https://images.deliveryhero.io/image/talabat/Menuitems/mmw_638256424777581294?width=172&amp;height=172
Water 1.5L,Large water bottle 1.5lt,8.0,https://images.deliveryhero.io/image/talabat/Menuitems/mmw_638256425915415769?width=172&amp;height=172
