item_name,item_description,item_price,item_image
Iced Matcha Latte,"A chilled beverage made with matcha green tea powder and milk, creating a vibrant and creamy drink.",32.0,https://images.deliveryhero.io/image/talabat/Menuitems/mmw_638219971605501111?width=172&amp;height=172
Classic Tiramisu,"Mascarpone mousse with espresso-soaked lady finger biscuit, topped with
cocoa powder",36.0,https://images.deliveryhero.io/image/talabat/Menuitems/mmw_638088730976890105?width=172&amp;height=172
Cream Caramel,Creme caramel with white chocolate and vanilla sauce.,35.0,https://images.deliveryhero.io/image/talabat/Menuitems/Creme_Caramel637866292204754088.jpg?width=172&amp;height=172
Hot v 60 Manual Brew 90+ Score Cup,,60.0,https://images.deliveryhero.io/image/talabat/Menuitems/Manual_Brew637866293672350432.jpg?width=172&amp;height=172
Hot V 60 Manual Brew 88-89 Score Cup,,35.0,https://images.deliveryhero.io/image/talabat/Menuitems/Manual_Brew637866293640736533.jpg?width=172&amp;height=172
Hoof Porridge,"Oats served with turmeric, coconut milk, mixed berry jam and honey.",40.0,https://images.deliveryhero.io/image/talabat/Menuitems/mmw_638086772743320686?width=172&amp;height=172
Smash Avo Eggs,"Smashed avocado toast with eggs, chives, feta cheese, and herb oil choice poached, scrambled or sunny side up eggs",48.0,https://images.deliveryhero.io/image/talabat/Menuitems/mmw_638088728522062060?width=172&amp;height=172
Cheesy Scramble Eggs,"Scrambled eggs on toast, with cream cheese and parmesan",42.0,https://images.deliveryhero.io/image/talabat/Menuitems/mmw_638088728668309196?width=172&amp;height=172
Egg and Avocado Sandwich,Avocado and egg sando topped with chives and parmesan.,36.0,https://images.deliveryhero.io/image/talabat/Menuitems/Avocado_Egg_Sando637866291611872958.jpg?width=172&amp;height=172
Egg Sando,"A rich, Japanese-style egg sandwich topped with chives.",32.0,https://images.deliveryhero.io/image/talabat/Menuitems/mmw_638088729392557243?width=172&amp;height=172
Banana Bread,Banana bread with halawa sweet and pumpkin seed,38.0,https://images.deliveryhero.io/image/talabat/Menuitems/mmw_638079768404999160?width=172&amp;height=172
Plain Croissant,"Made with layers of flaky, buttery pastry dough, the croissant has a light and delicate texture that is perfect for breakfast or as a snack. ",16.0,https://images.deliveryhero.io/image/talabat/Menuitems/Plain_Croissant637866291025967046.jpg?width=172&amp;height=172
Cheese Croissant,Savor with flaky layers of buttery pastry filled with creamy melted cheese and baked to golden perfection.It's perfect side dish for breakfast ,25.0,https://images.deliveryhero.io/image/talabat/Menuitems/Cheese_Croissant637866291054230266.jpg?width=172&amp;height=172
Chocolate Croissant,"A delicate pastry filled with rich and velvety chocolate, baked to golden perfection and topped with a dusting of powdered sugar for a sweet and satisfying treat that's perfect for breakfast or dessert!",22.0,https://images.deliveryhero.io/image/talabat/Menuitems/Chocolate_Croissant637866291099501725.jpg?width=172&amp;height=172
Tomato Mozzarella Croissant,,25.0,https://images.deliveryhero.io/image/talabat/Menuitems/mmw_638086772934535656?width=172&amp;height=172
Caramel Hazelnut Croissant,,25.0,https://images.deliveryhero.io/image/talabat/Menuitems/Caramel_Hazelnut_Croissan637866291198765959.jpg?width=172&amp;height=172
Double Baked Pistachio Croissant,,25.0,https://images.deliveryhero.io/image/talabat/Menuitems/Pistachio_Croissant637866291239692680.jpg?width=172&amp;height=172
Double Baked Almond Croissant,,25.0,https://images.deliveryhero.io/image/talabat/Menuitems/Almond_Croissant637866291266603210.jpg?width=172&amp;height=172
Baklava Croissant,,38.0,https://images.deliveryhero.io/image/talabat/Menuitems/mmw_638079767827600887?width=172&amp;height=172
Cardamom Croissant ,"Croissant base filled with brown sugar and mixed spice, glazed with apricot jam, 
sprinkled with brown sugar, served with a scoop of saffron gelato ice cream.",32.0,https://images.deliveryhero.io/image/talabat/Menuitems/mmw_638079767983641799?width=172&amp;height=172
Croque Monsieur Brioche Eggs,"Bechamel, herbs mayo dressing, emmental cheese. 
Choice of beef bacon or turkey, choice of scrambled or sunny side eggs ",50.0,https://images.deliveryhero.io/image/talabat/Menuitems/mmw_638088730008889002?width=172&amp;height=172
Shakshouka ,"Traditional Middle Eastern dish of eggs, tomato, egg fry of choice, Kashmiri butter, and zaatar bread.",36.0,https://images.deliveryhero.io/image/talabat/Menuitems/mmw_638088731556854763?width=172&amp;height=172
Vegie Tacos Salad,"Tangy, healthy tacos with a little kick of spice
vegan option: no cheese",38.0,https://images.deliveryhero.io/image/talabat/Menuitems/mmw_638085997032790959?width=172&amp;height=172
Beef Bao,"Roasted beef chuck in two soft white buns with pickles, bbq sauce, sriracha mayo, topped with crispy tortilla and chives",42.0,https://images.deliveryhero.io/image/talabat/Menuitems/mmw_638079768956038203?width=172&amp;height=172
Chicken Bao,"Roasted chicken in two charcoal buns with pickles, bbq sauce, sriracha mayo, topped with fried tortilla and chives",42.0,https://images.deliveryhero.io/image/talabat/Menuitems/mmw_638079769085844249?width=172&amp;height=172
Corn Salad,"Savory salad with sweet corn, avocado, white cabbage, pickled onions, parsley, and parmesan",42.0,https://images.deliveryhero.io/image/talabat/Menuitems/mmw_638088729775658872?width=172&amp;height=172
Chicken Caesar Salad,"Grilled chicken, beef bacon, romaine, frise, and iceberg lettuce, caesar dressing, 
croutons",45.0,https://images.deliveryhero.io/image/talabat/Menuitems/mmw_638079769277213965?width=172&amp;height=172
Mango Coconut Chia Pudding,,28.0,https://images.deliveryhero.io/image/talabat/Menuitems/mmw_638267478562229188?width=172&amp;height=172
French Toast,"A classic dessert, paired with vanilla ice cream.",56.0,https://images.deliveryhero.io/image/talabat/Menuitems/French_Toast637866291492675417.jpg?width=172&amp;height=172
Classic Tiramisu,"Mascarpone mousse with espresso-soaked lady finger biscuit, topped with
cocoa powder",36.0,https://images.deliveryhero.io/image/talabat/Menuitems/mmw_638088730976890105?width=172&amp;height=172
Kinder Cookies,Cookies with a Kinder chocolate filling.,18.0,https://images.deliveryhero.io/image/talabat/Menuitems/Kinder_Cookie637866292018870596.jpg?width=172&amp;height=172
Acai,"Mixed berries, banana and granola.",45.0,https://images.deliveryhero.io/image/talabat/Menuitems/Acai637866292046130481.jpg?width=172&amp;height=172
Cinamon Roll Classic ,,30.0,https://images.deliveryhero.io/image/talabat/Menuitems/Cinnamon_Roll637866292079704705.jpg?width=172&amp;height=172
Saffron Milk Cake,Moist saffron cake sponge topped with whipped saffron cream and served with saffron milk sauce.,42.0,https://images.deliveryhero.io/image/talabat/Menuitems/Saffron_Milk_Cake637866292108851742.jpg?width=172&amp;height=172
Chocolate Fondue,"Dark chocolate cake with melted chocolate filling, and vanilla ice cream.",45.0,https://images.deliveryhero.io/image/talabat/Menuitems/Chocolate_Fondue637866292132513950.jpg?width=172&amp;height=172
Coconut Pudding,Warm coconut custard with white chocolate and vanilla.,40.0,https://images.deliveryhero.io/image/talabat/Menuitems/mmw_638088731137588558?width=172&amp;height=172
Cream Caramel,Creme caramel with white chocolate and vanilla sauce.,35.0,https://images.deliveryhero.io/image/talabat/Menuitems/Creme_Caramel637866292204754088.jpg?width=172&amp;height=172
Peanut Butter With Granola And Jam On Toast ,A classic peanut butter with granola and jam on toast.,35.0,https://images.deliveryhero.io/image/talabat/Menuitems/mmw_638086001084324082?width=172&amp;height=172
Mix Spice Honey Cake,"Honey biscuit, dulce de leche, burnt honey and whipped cream.",40.0,https://images.deliveryhero.io/image/talabat/Menuitems/Honey_Cake637866292279184133.jpg?width=172&amp;height=172
Chia Seed and Coconut CheeseCake,"Cheesecake, berry compote and cheesecake crumble.",40.0,https://images.deliveryhero.io/image/talabat/Menuitems/Chia_Seed_Cheesecake637866292311646547.jpg?width=172&amp;height=172
Basque Cheese Cake,Coffee infused cream cheese filling with biscuit crust base.,38.0,https://images.deliveryhero.io/image/talabat/Menuitems/mmw_638079769487076910?width=172&amp;height=172
Carrot Cake,"Carrot sponge cake layered with cream cheese, topped with cashew nut nougatine",38.0,https://images.deliveryhero.io/image/talabat/Menuitems/mmw_638079769645997100?width=172&amp;height=172
Orange Cake,"Fresh orange sponge cake, topped with spice crumble and mascarpone cheese.",38.0,https://images.deliveryhero.io/image/talabat/Menuitems/mmw_638186187592083598?width=172&amp;height=172
Cappuccino,"Made with espresso and steamed milk creating rich, velvety taste.",25.0,https://images.deliveryhero.io/image/talabat/Menuitems/mmw_638079770582336580?width=172&amp;height=172
Cortado,"Indulge in a smooth Cortado with rich coffee and creamy milk, crafted from freshly brewed espresso and steamed milk topped with delicate foam",25.0,https://images.deliveryhero.io/image/talabat/Menuitems/Cortado637866293759457610.jpg?width=172&amp;height=172
Espresso,Experience the bold and intense flavor of our freshly brewed espresso.,20.0,https://images.deliveryhero.io/image/talabat/Menuitems/Espresso637866293178316476.jpg?width=172&amp;height=172
Flat White,"Made with a double shot of espresso and steamed milk, it's a perfect balance of strength and creaminess that will keep you going throughout the day.",25.0,https://images.deliveryhero.io/image/talabat/Menuitems/Flat_White637866293213906907.jpg?width=172&amp;height=172
Hot Chocolate,"Made with rich cocoa powder, it's the perfect treat when you just want to indulge in something sweet.",30.0,https://images.deliveryhero.io/image/talabat/Menuitems/mmw_638088730315525015?width=172&amp;height=172
Spiced Chocolate,,30.0,https://images.deliveryhero.io/image/talabat/Menuitems/mmw_638088730211375614?width=172&amp;height=172
Hot Mocha,"Experience pure indulgence with our Hot Mocha, a heavenly fusion of rich, velvety chocolate and robust espresso, perfectly crafted to warm your soul and awaken your senses.",28.0,https://images.deliveryhero.io/image/talabat/Menuitems/Mocha637866293438693571.jpg?width=172&amp;height=172
Hot Spanish Latte,"A rich and creamy espresso, infused with a blend of warm and aromatic spices, topped with steamed milk and a sprinkle of cinnamon, delivering a delightful and energizing taste experience.",30.0,https://images.deliveryhero.io/image/talabat/Menuitems/Spanish_Latte637866293331235845.jpg?width=172&amp;height=172
Latte,"Made with espresso and steamed milk, it's the perfect way to start your day or take a break during the day.",25.0,https://images.deliveryhero.io/image/talabat/Menuitems/Latte637866293403743593.jpg?width=172&amp;height=172
Long Black,"A coffee beverage made by pouring a shot of espresso over hot water, similar to an Americano.",22.0,https://images.deliveryhero.io/image/talabat/Menuitems/Long_Black637866293531672763.jpg?width=172&amp;height=172
Macchiato,"Indulge in the rich and creamy essence of our perfectly crafted Macchiato, made with expertly brewed espresso, topped with a dollop of velvety foam,  for a satisfying coffee experience.",22.0,https://images.deliveryhero.io/image/talabat/Menuitems/Macchiato637866293557114253.jpg?width=172&amp;height=172
Piccolo,"Savor the bold flavors of our Piccolo, espresso-based drink that packs a punch with its perfectly pulled ans steamed milk for a smooth and satisfying finish.",25.0,https://images.deliveryhero.io/image/talabat/Menuitems/mmw_638079770771759015?width=172&amp;height=172
Hot V 60 Manual Brew 88-89 Score Cup,,35.0,https://images.deliveryhero.io/image/talabat/Menuitems/Manual_Brew637866293640736533.jpg?width=172&amp;height=172
Hot v 60 Manual Brew 90+ Score Cup,,60.0,https://images.deliveryhero.io/image/talabat/Menuitems/Manual_Brew637866293672350432.jpg?width=172&amp;height=172
English Breakfast Tea,"Sip on our full-bodied English Breakfast Tea, a robust blend of premium black teas, perfect for any time of day.",20.0,https://images.deliveryhero.io/image/talabat/Menuitems/mmw_638084157455153013?width=172&amp;height=172
Green Tea With Mint,Refreshing beverage made by brewing tea and adding mint flavor.,20.0,https://images.deliveryhero.io/image/talabat/Menuitems/mmw_638084157557456197?width=172&amp;height=172
Matcha Latte,Tea-based beverage that is made by combining matcha powder with milk.,30.0,https://images.deliveryhero.io/image/talabat/Menuitems/mmw_638079771138095849?width=172&amp;height=172
Voss Sparkling Water 375ml,,14.0,https://images.deliveryhero.io/image/talabat/Menuitems/mmw_638088731937755579?width=172&amp;height=172
Voss Still Water 375ml,,14.0,https://images.deliveryhero.io/image/talabat/Menuitems/mmw_638088732033238260?width=172&amp;height=172
Blended Pistachio 1 Ltr,,140.0,https://images.deliveryhero.io/image/talabat/Menuitems/mmw_638083465558939107?width=172&amp;height=172
Iced Hibiscus 1ltr,,130.0,https://images.deliveryhero.io/image/talabat/Menuitems/mmw_638083465808437294?width=172&amp;height=172
Cold Brew 1 Ltr,,137.0,https://images.deliveryhero.io/image/talabat/Menuitems/mmw_638083465913334242?width=172&amp;height=172
Iced Spanish Latte 1ltr,,130.0,https://images.deliveryhero.io/image/talabat/Menuitems/mmw_638083466091364167?width=172&amp;height=172
Iced Cascara 1 ltr,,137.0,https://images.deliveryhero.io/image/talabat/Menuitems/mmw_638084186785110018?width=172&amp;height=172
Iced Cascara 250ml,,30.0,https://images.deliveryhero.io/image/talabat/Menuitems/mmw_638084187680652056?width=172&amp;height=172
Salted Caramel 250ml,,32.0,https://images.deliveryhero.io/image/talabat/Menuitems/mmw_638084189395005680?width=172&amp;height=172
Iced Latte 250ml,,30.0,https://images.deliveryhero.io/image/talabat/Menuitems/mmw_638083469270261841?width=172&amp;height=172
Iced Hibiscus 250ml,,32.0,https://images.deliveryhero.io/image/talabat/Menuitems/mmw_638083469471242814?width=172&amp;height=172
Iced Spanish Latte 250ml,,32.0,https://images.deliveryhero.io/image/talabat/Menuitems/mmw_638083469617141163?width=172&amp;height=172
Blended Pistachio 250ml,,40.0,https://images.deliveryhero.io/image/talabat/Menuitems/mmw_638083469885516055?width=172&amp;height=172
Box Of Six (250ml),,160.0,https://images.deliveryhero.io/image/talabat/Menuitems/mmw_638041793060850246?width=172&amp;height=172
Box Of Three (1L),,325.0,https://images.deliveryhero.io/image/talabat/Menuitems/mmw_638083470146220502?width=172&amp;height=172
Fresh Orange Juice,"Made with freshly squeezed oranges, it's a great source of Vitamin C and perfect for any time of the day.",24.0,https://images.deliveryhero.io/image/talabat/Menuitems/mmw_638084196166821921?width=172&amp;height=172
Iced Matcha Latte,"A chilled beverage made with matcha green tea powder and milk, creating a vibrant and creamy drink.",32.0,https://images.deliveryhero.io/image/talabat/Menuitems/mmw_638219971605501111?width=172&amp;height=172
Coffee Beans Brazil Fazenda IP 1 KG,"Notes milk chocolate, caramel, almond, and raisin.",142.0,https://images.deliveryhero.io/image/talabat/Menuitems/mmw_638084204657038776?width=172&amp;height=172
Coffee Capsules Ethiopia Hamasho Village Natural ,12 Capsules.,53.0,https://images.deliveryhero.io/image/talabat/Menuitems/mmw_638084205413714545?width=172&amp;height=172
Coffee Capsules Panama Geisha Janson Coffee Lot 867 Anaerobic,12 Capsules.,100.0,https://images.deliveryhero.io/image/talabat/Menuitems/mmw_638088732409702258?width=172&amp;height=172
Coffee Capsules Costa Rica El Jardin Black Honey,12 Capsules.,47.0,https://images.deliveryhero.io/image/talabat/Menuitems/mmw_638088733169629288?width=172&amp;height=172
