item_name,item_description,item_price,item_image
Murgh Makhani,Mildly spicy flavour butter chicken dish.,32.0,https://images.deliveryhero.io/image/talabat/Menuitems/0ECDE528284666AC91600CD9C6AE401D?width=172&amp;height=172
Chicken Biryani Mini,"Aromatic basmati rice dum cooked with chicken, herbs & spice powders served with raitha and mirchi ka salan.",33.0,https://images.deliveryhero.io/image/talabat/Menuitems/615601FB410CBF482687D9553A7B4B15?width=172&amp;height=172
Murgh Kali Mirch Masala,spicy chicken curry that is cooked with loads of  kali Mirch.,32.0,https://images.deliveryhero.io/image/talabat/Menuitems/63BB539CB587268A0CFB6DC36CA26A1C?width=172&amp;height=172
Double Ka Meetha,,17.0,https://images.deliveryhero.io/image/talabat/Menuitems/682D6A4725C91642368F718938D27885?width=172&amp;height=172
Murgh Makhani,Mildly spicy flavour butter chicken dish.,31.0,https://images.deliveryhero.io/image/talabat/Menuitems/28AA9935984E9A024F0318CA6DC1F15E?width=172&amp;height=172
Chicken Biryani Mini,"Aromatic basmati rice dum cooked with chicken, herbs & spice powders served with raitha and mirchi ka salan.",33.0,https://images.deliveryhero.io/image/talabat/Menuitems/925DA7E9CF83DCA9150ADE80E7F16A98?width=172&amp;height=172
Zafrani Chicken Biryani (Meal For 1),Healthy and tasty special zafrani chicken biryani served with raitha and mirchika salan.,45.0,https://images.deliveryhero.io/image/talabat/Menuitems/4D0D60F6517FC6933167BE5BBA7006B7?width=172&amp;height=172
Tandoori Roti,Delicious flatbread traditionally cooked in tandoor.,3.0,https://images.deliveryhero.io/image/talabat/Menuitems/F5C61CD09E28B2CAFD8A6C5FCCAFFA26?width=172&amp;height=172
Butter Roti,Delicious flatbread topped with butter traditionally cooked in tandoor.,4.0,https://images.deliveryhero.io/image/talabat/Menuitems/6D7DE404F2188F219017D5695D6D6808?width=172&amp;height=172
Murgh Makhani,Mildly spicy flavour butter chicken dish.,31.0,https://images.deliveryhero.io/image/talabat/Menuitems/28AA9935984E9A024F0318CA6DC1F15E?width=172&amp;height=172
Mini Chicken Platter(For 2),"Tasty chicken platter served with 2 pcs of chicken tikka ,2 pcs of murgh chakori kabab,2 pcs of malai kabab,2 pcs of seekh kabab,naan .",54.0,https://images.deliveryhero.io/image/talabat/Menuitems/4DAC858269F9E62907C7DE0B4212F89D?width=172&amp;height=172
Chicken 65 Biryani (Meal For 1),Healthy and tasty special zafrani chicken 65 biryani served with raitha and mirchika salan.,52.0,https://images.deliveryhero.io/image/talabat/Menuitems/CF32A9AAF76708A86E3D070F93CAF794?width=172&amp;height=172
Tandoori Roti,Delicious flatbread traditionally cooked in tandoor.,3.0,https://images.deliveryhero.io/image/talabat/Menuitems/6501246F34F64E0EA1EA72992ECF719E?width=172&amp;height=172
Butter Roti,Delicious flatbread topped with butter traditionally cooked in tandoor.,4.0,https://images.deliveryhero.io/image/talabat/Menuitems/B9BC4DF2015D1DE2857E4C476BEECA8E?width=172&amp;height=172
Hari Mirch Roti,"Delicious flatbread with chilli spices, traditionally cooked in tandoor.",4.0,https://images.deliveryhero.io/image/talabat/Menuitems/DEFDFFFF93896E66AE5AFFA7D0F33B21?width=172&amp;height=172
Butter Hari Mirch Roti,"Delicious flatbread with chilli spices,topped with butter.",5.0,https://images.deliveryhero.io/image/talabat/Menuitems/3FCA8F1ECFA3141EF99642C86E45C564?width=172&amp;height=172
Plain Naan,Light and fluffy traditional Indian flatbread.,5.0,https://images.deliveryhero.io/image/talabat/Menuitems/CDF7FE066E7F00B6D4D1239E68408022?width=172&amp;height=172
Butter Naan,Light and fluffy traditional Indian flatbread topped with butter.,6.0,https://images.deliveryhero.io/image/talabat/Menuitems/97876ACE68AC6FEBA12B45FF122AFDBA?width=172&amp;height=172
Garlic Naan,Light and fluffy traditional Indian flatbread topped with butter and garlic.,8.0,https://images.deliveryhero.io/image/talabat/Menuitems/C9ADF9D876C408FA0CF3E364FBF11F6A?width=172&amp;height=172
Bhatura,Tasty deep fried indian bread,9.0,https://images.deliveryhero.io/image/talabat/Menuitems/E78436A80328FA1AE984352F6847B032?width=172&amp;height=172
Paneer Kadai,Special Indian style paneer kadai.,43.0,https://images.deliveryhero.io/image/talabat/Menuitems/A0098889EE9E00C7D14A9A1FEBCF7F8E?width=172&amp;height=172
Paneer Tikka Masala,Rich & creamy curry made with paneer.,43.0,https://images.deliveryhero.io/image/talabat/Menuitems/4EA2F564E06FC836BB51D25C126D7BDE?width=172&amp;height=172
Dal Makhani,"Creamed lentils slow cooked and flavored with fresh ginger, garlic and rich blend of herbs and spices.",31.0,https://images.deliveryhero.io/image/talabat/Menuitems/7DE8775CB9A18D8F32F935115BABE8B8?width=172&amp;height=172
Murgh Kali Mirch Masala,spicy chicken curry that is cooked with loads of  kali Mirch.,32.0,https://images.deliveryhero.io/image/talabat/Menuitems/63BB539CB587268A0CFB6DC36CA26A1C?width=172&amp;height=172
Murgh Tikka Masala,Delicious roasted marinated chicken chunks in a spiced sauce.,32.0,https://images.deliveryhero.io/image/talabat/Menuitems/88C63829293F421EDB1126073CDA8D71?width=172&amp;height=172
Murgh Peshawari,Spicy chicken curry made using special peshawari recipe.,32.0,https://images.deliveryhero.io/image/talabat/Menuitems/F5C11182D7450121CF75A1AD5E919569?width=172&amp;height=172
Murgh Achari Masala,Special north Indian semi curry made with pickling spices and chicken.,32.0,https://images.deliveryhero.io/image/talabat/Menuitems/830D685F0B121750B0E61939E4546E02?width=172&amp;height=172
Murgh Rara,Tasty thick gravy chicken with special masalas.,32.0,https://images.deliveryhero.io/image/talabat/Menuitems/6B75A3A9AD08B583E28CEDCF12368EE6?width=172&amp;height=172
Murgh Makhani,Mildly spicy flavour butter chicken dish.,32.0,https://images.deliveryhero.io/image/talabat/Menuitems/0ECDE528284666AC91600CD9C6AE401D?width=172&amp;height=172
Gosht Rogan Josh,Succulent pieces of mutton braised in gravy flavored with aromatic spices .,36.0,https://images.deliveryhero.io/image/talabat/Menuitems/18FD7AB9CBE7A827AB0CBBF331AF6498?width=172&amp;height=172
Bhuna Gosht,"Tasty slow-cooked mutton with a variety of spices, vegetables and yoghurt.",36.0,https://images.deliveryhero.io/image/talabat/Menuitems/FEFB8BD4686C5C3A8CC85B26BFAE5185?width=172&amp;height=172
Gosht Kali Mirch,Spicy mutton curry that is cooked with loads of  kali Mirch.,36.0,https://images.deliveryhero.io/image/talabat/Menuitems/0818D8076CDBE48D9AFE6327F0F2E5AA?width=172&amp;height=172
Gosht Kadai,"Decadent and rich curry made with  mutton ,slow-cooked in a thick gravy.",36.0,https://images.deliveryhero.io/image/talabat/Menuitems/90A8F0E3EA9CE34D1C1E128B9407AB37?width=172&amp;height=172
Rajputana Laal Maas,Fiery mutton curry which is made with the combination of Kashmiri red chillies.,36.0,https://images.deliveryhero.io/image/talabat/Menuitems/D3FC19A1925C5E4F6E94D9458EF31D1D?width=172&amp;height=172
Handi Ka Gosht,Special mutton curry with masala made in handi.,36.0,https://images.deliveryhero.io/image/talabat/Menuitems/790E5D89A0BDF59D55DA10A7513E14CB?width=172&amp;height=172
Chicken Biryani Mini,"Aromatic basmati rice dum cooked with chicken, herbs & spice powders served with raitha and mirchi ka salan.",33.0,https://images.deliveryhero.io/image/talabat/Menuitems/615601FB410CBF482687D9553A7B4B15?width=172&amp;height=172
Zafrani Chicken Biryani (Meal For 1),Healthy and tasty special zafrani chicken biryani served with raitha and mirchika salan.,45.0,https://images.deliveryhero.io/image/talabat/Menuitems/5E5A1BA8C59BF0B9570CBED70944249E?width=172&amp;height=172
Chicken 65 Biryani (Meal For 1),Healthy and tasty special zafrani chicken 65 biryani served with raitha and mirchika salan.,52.0,https://images.deliveryhero.io/image/talabat/Menuitems/40156E84335CAD3A217BA9B6923392E6?width=172&amp;height=172
Chicken Lollipop Biryani(Meal For 1),Healthy and tasty special chicken lollipop biryani served with raitha and mirchika salan.,40.0,https://images.deliveryhero.io/image/talabat/Menuitems/3581C4702AFDF6CF1DF717825E8A7C0C?width=172&amp;height=172
Chicken Tikka Biryani(Meal For 1),"Aromatic basmati rice dum cooked with chicken, herbs & spice powders served with raitha and mirchika salan.",52.0,https://images.deliveryhero.io/image/talabat/Menuitems/753E6810928ABC69AFC11708EF19A2D6?width=172&amp;height=172
Tandoori Chicken Biryani(Meal For 1),Unique and delicious tandoori chicken biryani served with raitha and mirchika salan.,53.0,https://images.deliveryhero.io/image/talabat/Menuitems/44D298B2416EB57DC18DCCD8810DCF78?width=172&amp;height=172
Zafrani Gosht Mutton(Meal For 1),Healthy and tasty special mutton biryani served with raitha and mirchika salan.,53.0,https://images.deliveryhero.io/image/talabat/Menuitems/31209ACDE0C9E48BEC7F5248A43FE0A2?width=172&amp;height=172
Prawns Biryani(Meal For 1),"Aromatic, delicious prawns biryani served with raitha and mirchika salan.",62.0,https://images.deliveryhero.io/image/talabat/Menuitems/982FAA79023DDA3961D1B407D5D64B49?width=172&amp;height=172
Veg Biryani(Meal For 1),"Aromatic, delicious and spicy Rice dish, served with raitha and mirchika salan.",36.0,https://images.deliveryhero.io/image/talabat/Menuitems/EF554CF6FA78620CFD4AD30B4D55B0BB?width=172&amp;height=172
Egg Biryani(Meal For 1),"Aromatic, delicious and spicy Rice dish made with layers of rice, spices and egg, served with raitha and mirchika salan.",36.0,https://images.deliveryhero.io/image/talabat/Menuitems/D82448A3160146FF93146645968ABAF1?width=172&amp;height=172
Khatti Dal,Delicious tangy dal with special hyderabadi recipe.,20.0,https://images.deliveryhero.io/image/talabat/Menuitems/9DC48BFA910EA9DB155619691E76336D?width=172&amp;height=172
Talawa Gosht Half,Hyderabadi fried mutton recipe.,37.0,https://images.deliveryhero.io/image/talabat/Menuitems/9F060F218357BF0D4D3883A79DE633A2?width=172&amp;height=172
Mini Chicken Platter(For 2),"Tasty chicken platter served with 2 pcs of chicken tikka ,2 pcs of murgh chakori kabab,2 pcs of malai kabab,2 pcs of seekh kabab,naan .",55.0,https://images.deliveryhero.io/image/talabat/Menuitems/E2F42707FCE8502679A3824924CDB9CA?width=172&amp;height=172
Mix Grilled Platter (For 2),"Tasty chicken platter served with 2 pcs of chicken tikka ,2 pcs of murgh chakori kabab,2 pcs of malai kabab,2 pcs of seekh kabab,naan,2 pcs of fish tikka.",76.0,https://images.deliveryhero.io/image/talabat/Menuitems/677897D2F11E2BAFA1A0366076A098F1?width=172&amp;height=172
Mix Veg Platter(For 2),"Tasty veg platter served with 2 pcs of paneer tikka ,2 pcs of veg seekh kabab,2 pcs of paneer pudina,2 pcs of veg cutlet ,2 pcs of tandoori gobi and naan.",60.0,https://images.deliveryhero.io/image/talabat/Menuitems/1D3B5DC767E2A5FA089FEB8CC8E13AE8?width=172&amp;height=172
Paneer Tikka Pudina,"Tasty paneer tikka coated with a fresh paste of ground mint leaves and other spices, marinated & grilled in the oven.",46.0,https://images.deliveryhero.io/image/talabat/Menuitems/026E566E4210717387C164FFA0644395?width=172&amp;height=172
Tandoori Paneer,Juicy chunks of paneer marinated in  tandoori paste and grilled .,46.0,https://images.deliveryhero.io/image/talabat/Menuitems/B697E93CA4E84C420D2C70D5924DAAB3?width=172&amp;height=172
Tandoori Murgh Quarter,Smoky quarter grilled chicken with delicious masala.,24.0,https://images.deliveryhero.io/image/talabat/Menuitems/F3F16061916EC5CE50A343ECFE3EA4AA?width=172&amp;height=172
Tandoori Murgh Half,Smoky half grilled chicken with delicious masala served with mint chutney and naan.,46.0,https://images.deliveryhero.io/image/talabat/Menuitems/9062B8F7EBC5027C3847B64B6E9D6233?width=172&amp;height=172
Tangdi Kebab Full,Delicious 8 pcs of chicken leg marianted in special masala and grilled with mint chutney and naan.,50.0,https://images.deliveryhero.io/image/talabat/Menuitems/EC7F1F6F0FB02E8190323F2ADAE6D382?width=172&amp;height=172
Murgh Chakori Kebab,Tasty murgh chakori kabab with special masala served with mint chutney and naan.,50.0,https://images.deliveryhero.io/image/talabat/Menuitems/130DCB0F3FED43AD47057336E090BB7A?width=172&amp;height=172
Murgh Malai Tikka,"Soft and juicy kaba covered in yoghurt, cheese, coriander and grilled served with mint chutney and naan.",50.0,https://images.deliveryhero.io/image/talabat/Menuitems/5144817D6E97D3FF08FCDC4CF671902F?width=172&amp;height=172
Achari Murgh Tikka,Tasty boneless chicken marinated in yogurt and achaari masala and shallow-fried served with mint chutney and naan.,50.0,https://images.deliveryhero.io/image/talabat/Menuitems/72CA747DB2D8C6E77E58CE75A047C9B5?width=172&amp;height=172
Murgh Seekh Kebab,"Flavorful ground meat croquettes, seasoned with warm Indian spices served with mint chutney and naan.",50.0,https://images.deliveryhero.io/image/talabat/Menuitems/2DE3A3B39704B6786FBA7077610C9375?width=172&amp;height=172
Mutton Seekh Kebab,"Mughlai delicacy prepared with minced mutton, onions and a blend of spice served with mint chutney and naan.",63.0,https://images.deliveryhero.io/image/talabat/Menuitems/6A5D4839CEA4DABA895899005CEE6FBD?width=172&amp;height=172
Prawns Balaika,Delicious tasty 10 pcs of tandoor prawns with naan and mint chutney.,64.0,https://images.deliveryhero.io/image/talabat/Menuitems/E2A5CF8B818F438AF39A3E3FFC775404?width=172&amp;height=172
Lasooni Jhinga,Delicately spiced king prawns infused with garlic and spices grilled to perfection served with naan and mint chutney.,64.0,https://images.deliveryhero.io/image/talabat/Menuitems/2B3B96DC4C9543A72A4767846E3813D8?width=172&amp;height=172
Veg Manchow Soup,Creamy Sour and Pepper flavoured soup with vegetables.,20.0,https://images.deliveryhero.io/image/talabat/Menuitems/ECB3BC821BB16F585DA5E6241C5DB7FF?width=172&amp;height=172
Veg Hot & Sour Soup,Creamy Sour and Pepper flavoured soup .,20.0,https://images.deliveryhero.io/image/talabat/Menuitems/9B96A7958E0592B3F93446A8E30DF919?width=172&amp;height=172
Spicy Seafood Soup,Spicy and hot soup with seafood.,24.0,https://images.deliveryhero.io/image/talabat/Menuitems/A3FD6D15D97D2D9A1B0D23FAF43FDF88?width=172&amp;height=172
Manchow Chicken Soup,Chicken Spicy and hot soup.,24.0,https://images.deliveryhero.io/image/talabat/Menuitems/B65A0817EF1A200A199509064B224A66?width=172&amp;height=172
Gobi Manchurian,"Delicious wisps of cauliflower dunked into a sauce with a gorgeous interplay of hot, sweet, sour and salty flavours",36.0,https://images.deliveryhero.io/image/talabat/Menuitems/87BE11F0C38C47F565368034CFC4C537?width=172&amp;height=172
Chicken Manchurian,Delicious fried chicken balls cooked in a spicy batter added with sauces .,34.0,https://images.deliveryhero.io/image/talabat/Menuitems/1186EC056E396AC5AA6E91E0B893A0DB?width=172&amp;height=172
Chicken Chilli,Delicious stir-fried chicken and chillies.,34.0,https://images.deliveryhero.io/image/talabat/Menuitems/A4FD77FF58697539541ADF478BA6078B?width=172&amp;height=172
Chicken 65,Deep fried delicious chicken fry.,34.0,https://images.deliveryhero.io/image/talabat/Menuitems/D2CFA8BF9D0E66166BD8547EE92F929D?width=172&amp;height=172
Chicken Lollipop,Crispy and juicy 8 pcs of chicken lollipop.,49.0,https://images.deliveryhero.io/image/talabat/Menuitems/7A8F8ACC857DB273AB2E4C9BCB1E9338?width=172&amp;height=172
Veg Fried Rice,Delightful flavour of Fried Rice cooked in wok with Mix Veggies and tossed well for enhances flavours,29.0,https://images.deliveryhero.io/image/talabat/Menuitems/BEC52C0390821F47295620D4D289745C?width=172&amp;height=172
Egg Fried Rice,"Delightful flavour of Fried Rice cooked in wok with Mix of egg, Veggies and tossed well for enhances flavours",31.0,https://images.deliveryhero.io/image/talabat/Menuitems/9B5FF8A85A7378D00B8055E7ABB2C1B3?width=172&amp;height=172
Chicken Fried Rice,"Delightful flavour of Fried Rice cooked in wok with Mix Veggies, Egg, chicken and tossed well for enhances flavours",36.0,https://images.deliveryhero.io/image/talabat/Menuitems/763E2F1698633C60890D5BF7FC754BB5?width=172&amp;height=172
Prawns Fried Rice,"Delightful flavour of Fried Rice cooked in wok with Mix Veggies, Egg, prawns, and tossed well for enhances flavours",38.0,https://images.deliveryhero.io/image/talabat/Menuitems/15FE15FB7FE9B38E507E90DF219B2DF5?width=172&amp;height=172
Mix Fried Rice,"Delightful flavour of Fried Rice cooked in wok with Mix Veggies, Egg, chicken,seafood and tossed well for enhances flavours",39.0,https://images.deliveryhero.io/image/talabat/Menuitems/D887AD46B9CA29685F942B0D133ABD5E?width=172&amp;height=172
Chicken Schezwan Fried Rice,"Delightful flavour of Fried Rice cooked in wok with Mix Veggies, Egg, chicken, Szechuan Sauce and tossed well for enhances flavours",38.0,https://images.deliveryhero.io/image/talabat/Menuitems/999FBEA0EEEC5A2293A57043C5FA9732?width=172&amp;height=172
Prawns Schezwan Fried Rice,"Delightful flavour of Fried Rice cooked in wok with Mix Veggies, Egg, prawns, Szechuan Sauce and tossed well for enhances flavours",39.0,https://images.deliveryhero.io/image/talabat/Menuitems/8D801E5CBD90424E01407C0B20FB33FD?width=172&amp;height=172
Mix Schezwan Fried Rice,"Delightful flavour of Fried Rice cooked in wok with Mix Veggies, Egg, prawns,meats , Szechuan Sauce and tossed well for enhances flavours",42.0,https://images.deliveryhero.io/image/talabat/Menuitems/2476FA5D9B4A82B5872CEB9107594E2C?width=172&amp;height=172
Veg Hakka Noodles,Delightful Flavour Of Hakka Noodles with a mix of vegetables.,34.0,https://images.deliveryhero.io/image/talabat/Menuitems/E4B294FBB936286CB2FF14AB71AD2A6A?width=172&amp;height=172
Chicken Hakka Noodles,"Delightful Flavour Of Hakka Noodles with a mix of vegetables, egg and chicken.",38.0,https://images.deliveryhero.io/image/talabat/Menuitems/186AA376E2F5CD008C3DC145CF1FB32E?width=172&amp;height=172
Veg Schezwan Noodles,Delightful Flavour Of Schezwan Noodles with a mix of vegetables and sauces.,35.0,https://images.deliveryhero.io/image/talabat/Menuitems/8B2781CAF83977C61343DD818D05B3A4?width=172&amp;height=172
Chicken Schezwan Noodles,"Delightful Flavour Of Schezwan Noodles with a mix of vegetables,chicken and sauces.",42.0,https://images.deliveryhero.io/image/talabat/Menuitems/5BD20CFE0AD6BB663577A3705BEF57C1?width=172&amp;height=172
Prawns Schezwan Noodles,"Delightful Flavour Of Schezwan Noodles with a mix of vegetables,prawns and sauces.",44.0,https://images.deliveryhero.io/image/talabat/Menuitems/48D6F65F42F334B1C8EA8321D7FC8B44?width=172&amp;height=172
Mix Schezwan Noodles,"Delightful Flavour Of Schezwan Noodles with a mix of vegetables,seafood,meat and sauces.",45.0,https://images.deliveryhero.io/image/talabat/Menuitems/77618B8A076A1C01C754D8C303673FA5?width=172&amp;height=172
Paneer In Schezwan Sauce,Delicious paneer with schezwan sauce.,39.0,https://images.deliveryhero.io/image/talabat/Menuitems/0DCFD9A00418D7256230EC3102E44963?width=172&amp;height=172
Hong Kong Chicken,"Delicious chicken dish with thick sauce, crisp vegetables, and 'Tengang Daga' mushrooms.",35.0,https://images.deliveryhero.io/image/talabat/Menuitems/E7F14EED3043957DCB8E354621787B23?width=172&amp;height=172
Chicken Schezwan Sauce,Delicious chicken with schezwan sauce.,35.0,https://images.deliveryhero.io/image/talabat/Menuitems/A258245BE46B6283553CFBB65E4D7559?width=172&amp;height=172
Double Ka Meetha,,17.0,https://images.deliveryhero.io/image/talabat/Menuitems/682D6A4725C91642368F718938D27885?width=172&amp;height=172
Gajar Ka Halwa,,18.0,https://images.deliveryhero.io/image/talabat/Menuitems/1DEC41F035679AD6ADE8F6DAC6B2487E?width=172&amp;height=172
Gulab Jamun,,6.0,https://images.deliveryhero.io/image/talabat/Menuitems/0A30517A9ACFE4FC6E5327FA68681856?width=172&amp;height=172
Mango Lassi,,18.0,https://images.deliveryhero.io/image/talabat/Menuitems/BBA6C8EDC296BF6D658977987666D8EB?width=172&amp;height=172
Sweet Lassi,,18.0,https://images.deliveryhero.io/image/talabat/Menuitems/B63D46A596FBEBE3993835A4A59009A9?width=172&amp;height=172
Salt Lassi,,18.0,https://images.deliveryhero.io/image/talabat/Menuitems/92B552FD5C5F31D9A60B85BABBD499AE?width=172&amp;height=172
Lime Water,,14.0,https://images.deliveryhero.io/image/talabat/Menuitems/B8C2BA8CB5364CBA472CE5A042854D59?width=172&amp;height=172
Orange Juice,,18.0,https://images.deliveryhero.io/image/talabat/Menuitems/C6AC9E8FEE4F5F6C02242B4D4AC8780D?width=172&amp;height=172
Banana Milkshake,,19.0,https://images.deliveryhero.io/image/talabat/Menuitems/185AF26DA5AE490268C59633BDD0201C?width=172&amp;height=172
Water Small,,5.0,https://images.deliveryhero.io/image/talabat/Menuitems/C927CEF5BBDBE04256C6A358554EC1BF?width=172&amp;height=172
Water Large,,8.0,https://images.deliveryhero.io/image/talabat/Menuitems/142349211C6BE33CF8930D66F94D6A0A?width=172&amp;height=172
