item_name,item_description,item_price,item_image
Bibimbab,Mixed rice with veg,0.0,https://images.deliveryhero.io/image/talabat/Menuitems/rice-dolsot-bi_635621099520573389.jpg?width=172&amp;height=172
Kimchi jjigae,Spicy kimchi soup with tofu,67.0,https://images.deliveryhero.io/image/talabat/Menuitems/soup-kimchi-jj_635621107873593389.jpg?width=172&amp;height=172
Ttukbokki,"Spicy stir-fried rice cake with fish cake, cabbage and onion.",65.0,https://images.deliveryhero.io/image/talabat/Menuitems/Ttukbokki_637037943381545932.jpg?width=172&amp;height=172
Boolgogi Beef With Rice,Stir fried beef with vegetable.,83.0,https://images.deliveryhero.io/image/talabat/Menuitems/bbq-bulgogi_635621096973873389.jpg?width=172&amp;height=172
Kimbab,"Korean roll filled with pickled radish, carrot, fish cake, crab bar, cucumber, egg.",0.0,https://images.deliveryhero.io/image/talabat/Menuitems/Kimbab_637037943370920430.jpg?width=172&amp;height=172
Kimbab,"Korean roll filled with pickled radish, carrot, fish cake, crab bar, cucumber, egg.",0.0,https://images.deliveryhero.io/image/talabat/Menuitems/Kimbab_637037943370920430.jpg?width=172&amp;height=172
Ttukbokki,"Spicy stir-fried rice cake with fish cake, cabbage and onion.",65.0,https://images.deliveryhero.io/image/talabat/Menuitems/Ttukbokki_637037943381545932.jpg?width=172&amp;height=172
Rabokki,"Spicy stir-fried ramyun noodle, cabbage and onion.",65.0,https://images.deliveryhero.io/image/talabat/Menuitems/Rabokki_637037943391221196.jpg?width=172&amp;height=172
Dakgangjeong,Crispy popcorn chicken with sweet and spicy sauce.,65.0,https://images.deliveryhero.io/image/talabat/Menuitems/Dakgangjeong_637037943401324957.jpg?width=172&amp;height=172
Seafood Pancake,"Pan fried seafood pancake with spring onion, squid and shrimp.",60.0,https://images.deliveryhero.io/image/talabat/Menuitems/Seafood_Pancake_637037943423500610.jpg?width=172&amp;height=172
Kimchi Pancake,Pan fried kimchi pancake,55.0,https://images.deliveryhero.io/image/talabat/Menuitems/appetizer-kimc_635621096422101389.jpg?width=172&amp;height=172
Goonmandu Dumpling,Pan fried dumpling.,0.0,https://images.deliveryhero.io/image/talabat/Menuitems/appetizer-goon_635621096423817389.jpg?width=172&amp;height=172
Dooboo Kimchi,Steamed tofu with stir fried kimchi.,60.0,https://images.deliveryhero.io/image/talabat/Menuitems/appetizer-doob_635621096424753389.jpg?width=172&amp;height=172
Mandoo Bulgogi Jjigae,Marinated beef soup with dumplings,79.0,
Kimchi jjigae,Spicy kimchi soup with tofu,67.0,https://images.deliveryhero.io/image/talabat/Menuitems/soup-kimchi-jj_635621107873593389.jpg?width=172&amp;height=172
Daenjang jjigae,Soybean paste soup with veg and tofu,67.0,https://images.deliveryhero.io/image/talabat/Menuitems/soup-dwoenjang_635621107874685389.jpg?width=172&amp;height=172
Soondooboo Jjigae,Spicy soft tofu soup with egg and shrimp,72.0,https://images.deliveryhero.io/image/talabat/Menuitems/Soft_tofu_soup_with__636407514670217898.jpg?width=172&amp;height=172
Yukgaejang,Spicy beef soup with veg and glass noodle,79.0,https://images.deliveryhero.io/image/talabat/Menuitems/soup-yookgaeja_635621107875621389.jpg?width=172&amp;height=172
Jjamppong Bab,Spicy seafood soup with veg,75.0,https://images.deliveryhero.io/image/talabat/Menuitems/soup-jjamppong_635621107876401389.jpg?width=172&amp;height=172
Galbitang,Beef rib soup with radish and glass noodle,79.0,https://images.deliveryhero.io/image/talabat/Menuitems/soup-galbitang1_635621107878273389.jpg?width=172&amp;height=172
Wooguji Haejanggook,Spicy beef soup with cabbage,75.0,https://images.deliveryhero.io/image/talabat/Menuitems/soup-wooguji-h_635621107879989389.jpg?width=172&amp;height=172
Bab,Steamed sticky rice. ,8.0,
Bokkumbab,Stir fried rice.,0.0,https://images.deliveryhero.io/image/talabat/Menuitems/Bokeumbab_637037943475495937.jpg?width=172&amp;height=172
Deobbab,"Stir fried spicy squid, spicy chicken or beef on the rice",0.0,https://images.deliveryhero.io/image/talabat/Menuitems/rice-deobbab-b_635621099519637389.jpg?width=172&amp;height=172
Bibimbab,Mixed rice with veg,0.0,https://images.deliveryhero.io/image/talabat/Menuitems/rice-dolsot-bi_635621099520573389.jpg?width=172&amp;height=172
Yulmoo Bibimbab,Rice with yulmoo kimchi.,75.0,https://images.deliveryhero.io/image/talabat/Menuitems/rice-yulmoo-bi_635621099521353389.jpg?width=172&amp;height=172
Japchae,Stir fried glass noodle.,0.0,https://images.deliveryhero.io/image/talabat/Menuitems/Stir_fried_glass_noo_636407513143306314.jpg?width=172&amp;height=172
Moolnaengmyun,Buckwheat noodle in cold soup.,69.0,https://images.deliveryhero.io/image/talabat/Menuitems/noodle-moolnae_635621101018329389.jpg?width=172&amp;height=172
Jjajangmyun,Noodle with special sauce.,69.0,https://images.deliveryhero.io/image/talabat/Menuitems/noodle-jjajang_635621101019109389.jpg?width=172&amp;height=172
Jjamppong,"Spicy noodle soup with shrimp, mussel, squid, cabbage, carrot, mushroom, zucchini and onion",79.0,https://images.deliveryhero.io/image/talabat/Menuitems/noodle-jjamppo_635621101020045389.jpg?width=172&amp;height=172
Bokkeum Jjamppong,"Spicy stir fried noodle with shrimp mussel, squid, cabbage, carrot, mushroom, zucchini and onion",79.0,https://images.deliveryhero.io/image/talabat/Menuitems/noodle-bokkum-_635621101020981389.jpg?width=172&amp;height=172
Bibim gooksu,Noodle with spicy sauce.,65.0,https://images.deliveryhero.io/image/talabat/Menuitems/noodle-bibimgo_635621101022697389.jpg?width=172&amp;height=172
Ramyun,,0.0,https://images.deliveryhero.io/image/talabat/Menuitems/noodle-ramyun_635621101023633389.jpg?width=172&amp;height=172
Ojingeo Bokkeum With Rice,Stir-fried Squid,75.0,https://images.deliveryhero.io/image/talabat/Menuitems/seafood-nakjib_635621106599541389.jpg?width=172&amp;height=172
Godunguh Gooi With Rice,Pan fried mackerel.,60.0,https://images.deliveryhero.io/image/talabat/Menuitems/seafood-godung_635621106601257389.jpg?width=172&amp;height=172
Godunguh Jorim With Rice,Spicy braised mackerel with radish,75.0,https://images.deliveryhero.io/image/talabat/Menuitems/seafood-godung_635621106602193389.jpg?width=172&amp;height=172
Dakgalbi With Rice,Spicy stir fried chicken with veg.,77.0,
Maewoongalbijjim With Rice,Spicy beef rib stew with veg.,90.0,
Yangnyumgalbi,Marinated beef BBQ.,139.0,https://images.deliveryhero.io/image/talabat/Menuitems/Marinated_beef_BBQ_636407511885555976.jpg?width=172&amp;height=172
Boolgogi Beef With Rice,Stir fried beef with vegetable.,83.0,https://images.deliveryhero.io/image/talabat/Menuitems/bbq-bulgogi_635621096973873389.jpg?width=172&amp;height=172
Korean Rice Cake,Small rice cake filled with red bean(size and number of ricecake can be different depending on supply),30.0,
Coca-Cola Zero ,Soft Drink,12.0,https://images.deliveryhero.io/image/talabat/Menuitems/Coca-Cola_Zero_330ml_637184146794780884.jpg?width=172&amp;height=172
Lipton Ice Tea Peach,,12.0,
Lipton Ice Tea Lemon,,12.0,
Ginger Ale,"Savor the sparkling allure of our Ginger Ale, a tantalizing fusion of zesty ginger and effervescent bubbles,for a refreshing and aromatic flavor that delights your taste buds.",12.0,
Korean Juice,Imported canned juice from korea.,20.0,
Coca-Cola ,Soft Drink,12.0,https://images.deliveryhero.io/image/talabat/Menuitems/HossamCoca-Cola_Logo_636312133904505351.jpg?width=172&amp;height=172
Coca-Cola Light,Sugar free carbonated soft drink,12.0,https://images.deliveryhero.io/image/talabat/Menuitems/HossamCoca_Cola_Ligh_636312160311893679.jpg?width=172&amp;height=172
Pepsi ,Soft drink,12.0,https://images.deliveryhero.io/image/talabat/Menuitems/pepsi-Can_637184146803924756.jpg?width=172&amp;height=172
Diet Pepsi,Carbonated soft drink with zero sugar & zero calories,12.0,https://images.deliveryhero.io/image/talabat/Menuitems/pepsi_diet_-Can_637184146813544589.jpg?width=172&amp;height=172
7Up ,Soft Drink,12.0,https://images.deliveryhero.io/image/talabat/Menuitems/7up-Can_637184146853050822.jpg?width=172&amp;height=172
Mountain Dew,"The original citrus-flavored soft drink with a bold and daring taste. With high caffeine content and a unique combination of flavors, it's the perfect choice for those who want to fuel their adrenaline and thirst in one shot.",12.0,https://images.deliveryhero.io/image/talabat/Menuitems/Moutain_Dew-Can_637184146875142132.jpg?width=172&amp;height=172
Mirinda,Carbonated soft drink,12.0,https://images.deliveryhero.io/image/talabat/Menuitems/Mirinda-Can_637184146884531185.jpg?width=172&amp;height=172
Water,Stay hydrated and refreshed with our water.,0.0,
