item_name,item_description,item_price,item_image
Biotrue Daily 30 Pack,,175.0,https://images.deliveryhero.io/image/talabat/Menuitems/blob_637724723874771086?width=172&amp;height=172
Biotrue 1 Day Pack Of 90 Clear Contact Lens," Biotrue one-day contact lenses are daily disposable lenses made from unique hyper gel material for a natural feeling. You will enjoy the healthy, comfortable convenience of a fresh pair every day.",450.0,https://images.deliveryhero.io/image/talabat/Menuitems/BioTrue_one_day_Clea_637152123482674197.jpg?width=172&amp;height=172
 Acuvue Moist - 1 Day Pack Of 90 Clear Contact Lens, 1-day Acuvue Moist Contact Lenses Are High-Quality Daily Disposable Lenses That Provides Enhanced Hydratation To Keep Moisture In And Irritation Out.,450.0,https://images.deliveryhero.io/image/talabat/Menuitems/blob_637422451888529811?width=172&amp;height=172
 Acuvue Moist - 1 Day Pack Of 30 Clear Contact Lens, 1-day Acuvue moist contact lenses are high-quality daily disposable lenses that provide enhanced hydration to keep moisture in and irritation out.,175.0,https://images.deliveryhero.io/image/talabat/Menuitems/1-DAY-ACUVUE-MOIST_3_637150317745334072.jpg?width=172&amp;height=172
Ultra Monthly Pack Of 6,,190.0,https://images.deliveryhero.io/image/talabat/Menuitems/blob_637724729705520029?width=172&amp;height=172
Lacelle Blue Gray Monthly,,112.0,https://images.deliveryhero.io/image/talabat/Menuitems/blob_638017735981221822?width=172&amp;height=172
Lacelle Blue Monthly,,112.0,https://images.deliveryhero.io/image/talabat/Menuitems/blob_638017736248412214?width=172&amp;height=172
Lacelle Dark Green Monthly,,112.0,https://images.deliveryhero.io/image/talabat/Menuitems/blob_638017736496150643?width=172&amp;height=172
Lacelle Grey Monthly,,112.0,https://images.deliveryhero.io/image/talabat/Menuitems/blob_638017736773879227?width=172&amp;height=172
Lacelle Green Monthly,,112.0,https://images.deliveryhero.io/image/talabat/Menuitems/blob_638017737086984057?width=172&amp;height=172
Lacelle Hazel Monthly,,112.0,https://images.deliveryhero.io/image/talabat/Menuitems/blob_638017737447708881?width=172&amp;height=172
Acuvue Oasys Bi-weekly Pack Of 6 Clear Contact Lens,,185.0,https://images.deliveryhero.io/image/talabat/Menuitems/blob_637761977072225924?width=172&amp;height=172
 Acuvue Oasys - 1 Day Pack Of 30 Clear Contact Lens," Acuvue oasys 1-day contact lenses are designed for people with a demanding lifestyle, hydraluxe works to create a tear-like network in the lens that allows your natural tears to maintain their moisture throughout the day.",220.0,https://images.deliveryhero.io/image/talabat/Menuitems/Acuvue_Oasys_Daily_P_637150317754212535.jpg?width=172&amp;height=172
Oasys Daily 90 Pack,,550.0,https://images.deliveryhero.io/image/talabat/Menuitems/blob_638140472820773324?width=172&amp;height=172
Dailies Total 30 Pack Clear,"Dailies contact lens is the first daily disposable contact lens to offer water gradient technology, to create a cushion of moisture on your eye.",220.0,https://images.deliveryhero.io/image/talabat/Menuitems/blob_637758389270174541?width=172&amp;height=172
Dalies Total 90 Pack,,550.0,https://images.deliveryhero.io/image/talabat/Menuitems/blob_637754979394020577?width=172&amp;height=172
Bella One Day Hazel Beige,,105.0,https://images.deliveryhero.io/image/talabat/Menuitems/blob_637746708350872806?width=172&amp;height=172
Bella One Day Almond Brown,,105.0,https://images.deliveryhero.io/image/talabat/Menuitems/blob_637746707424642629?width=172&amp;height=172
Bella One Day Rose Wood,,105.0,https://images.deliveryhero.io/image/talabat/Menuitems/blob_637746705206016917?width=172&amp;height=172
Bella One Day Hazel Honey,,105.0,https://images.deliveryhero.io/image/talabat/Menuitems/blob_637746706929943285?width=172&amp;height=172
Bella One Day Radiant Hazelnut,,105.0,https://images.deliveryhero.io/image/talabat/Menuitems/blob_637746704551062347?width=172&amp;height=172
Bella One Day Ash Brown,,105.0,https://images.deliveryhero.io/image/talabat/Menuitems/blob_637746706251204489?width=172&amp;height=172
Bonita Blue Daily," Bonita colored contact lenses, established in the United Arab Emirates, introduces a diverse collection of captivating colors ranging from the most natural-looking shades to the dramatically extravagant.",189.0,https://images.deliveryhero.io/image/talabat/Menuitems/blob_637793967439796138?width=172&amp;height=172
Bonita Gray Daily," Bonita colored contact lenses, established in the United Arab Emirates, introduces a diverse collection of captivating colors ranging from the most natural-looking shades to the dramatically extravagant.",189.0,https://images.deliveryhero.io/image/talabat/Menuitems/blob_637800024343243772?width=172&amp;height=172
Bonita Luna Daily,New Arrival,189.0,https://images.deliveryhero.io/image/talabat/Menuitems/blob_637812065554397508?width=172&amp;height=172
Bonita Green Daily," Bonita colored contact lenses, established in the United Arab Emirates, introduces a diverse collection of captivating colors ranging from the most natural-looking shades to the dramatically extravagant.",189.0,https://images.deliveryhero.io/image/talabat/Menuitems/blob_637800024998259988?width=172&amp;height=172
Bonita Brown Daily," Bonita colored contact lenses, established in the United Arab Emirates, introduces a diverse collection of captivating colors ranging from the most natural-looking shades to the dramatically extravagant.",189.0,https://images.deliveryhero.io/image/talabat/Menuitems/blob_637800024630724481?width=172&amp;height=172
Bonita Tan Daily,New Arrival,189.0,https://images.deliveryhero.io/image/talabat/Menuitems/blob_637812065883268276?width=172&amp;height=172
Bonita Abalone Monthly,New Arrival,126.0,https://images.deliveryhero.io/image/talabat/Menuitems/blob_637812063514875275?width=172&amp;height=172
Bonita Honey Monthly," Bonita colored contact lenses, established in the United Arab Emirates, introduces a diverse collection of captivating colors ranging from the most natural-looking shades to the dramatically extravagant.",126.0,https://images.deliveryhero.io/image/talabat/Menuitems/blob_637800026877168853?width=172&amp;height=172
Bonita Moss Monthly," Bonita colored contact lenses, established in the United Arab Emirates, introduces a diverse collection of captivating colors ranging from the most natural-looking shades to the dramatically extravagant.",126.0,https://images.deliveryhero.io/image/talabat/Menuitems/blob_637800027624747003?width=172&amp;height=172
Bonita Silver Monthly," Bonita colored contact lenses, established in the United Arab Emirates, introduces a diverse collection of captivating colors ranging from the most natural-looking shades to the dramatically extravagant.",126.0,https://images.deliveryhero.io/image/talabat/Menuitems/blob_637800027208185424?width=172&amp;height=172
Bonita Cinnamon Monthly," Bonita colored contact lenses, established in the United Arab Emirates, introduces a diverse collection of captivating colors ranging from the most natural-looking shades to the dramatically extravagant.",126.0,https://images.deliveryhero.io/image/talabat/Menuitems/blob_637800025845964475?width=172&amp;height=172
Bonita Almond Monthly,,126.0,https://images.deliveryhero.io/image/talabat/Menuitems/blob_637800025427920453?width=172&amp;height=172
Define Vivid Daily,,220.0,https://images.deliveryhero.io/image/talabat/Menuitems/blob_637755761428370733?width=172&amp;height=172
Acuvue Define Fresh Grayzel Daily,Light slate gray highlights complemented with a caramel blending layer and slate grey limbal layer.,250.0,https://images.deliveryhero.io/image/talabat/Menuitems/blob_637907415098557354?width=172&amp;height=172
Acuvue Define Fresh Hazel Daily,Mossy green highlights complemented with a rich bronze blending layer and hazelnut limbal layer.,250.0,https://images.deliveryhero.io/image/talabat/Menuitems/blob_637907415469509987?width=172&amp;height=172
Acuvue Define Fresh Honey Daily,Warm honey highlights complemented with an amber blending layer and warm chocolate limbal ring.,250.0,https://images.deliveryhero.io/image/talabat/Menuitems/blob_637907416525680724?width=172&amp;height=172
Freshlook Gray - 1 Day Color Contact Lens Pack Of 30, Freshlook one-day colorblends color contact lenses offer you a wide range of unique looks - from subtle color enhancement to a noticeable change.,250.0,https://images.deliveryhero.io/image/talabat/Menuitems/Freshlook_Daily_Colo_637150302211646399.png?width=172&amp;height=172
 Freshlook Blue - 1 Day Color Contact Lens Pack Of 30, Freshlook one-day colorblends color contact lenses offer you a wide range of unique looks - from subtle color enhancement to a noticeable change.,250.0,https://images.deliveryhero.io/image/talabat/Menuitems/Freshlook_Daily_Colo_637150302236610182.png?width=172&amp;height=172
Freshlook Green - 1 Day Color Contact Lens Pack Of 30, Freshlook one-day colorblends color contact lenses offer you a wide range of unique looks - from subtle color enhancement to a noticeable change.,250.0,https://images.deliveryhero.io/image/talabat/Menuitems/Freshlook_Daily_Colo_637150302199194536.png?width=172&amp;height=172
Freshlook Pure Hazel - 1 Day Color Contact Lens Pack Of 30, Freshlook one-day colorblends color contact lenses offer you a wide range of unique looks - from subtle color enhancement to a noticeable change.,250.0,https://images.deliveryhero.io/image/talabat/Menuitems/Freshlook_Daily_Colo_637150302223938109.png?width=172&amp;height=172
Freshlook Colorblends Brown Monthly,,160.0,https://images.deliveryhero.io/image/talabat/Menuitems/blob_637758381580324142?width=172&amp;height=172
Freshlook Colorblends Blue Monthly,,160.0,https://images.deliveryhero.io/image/talabat/Menuitems/blob_637758380819401705?width=172&amp;height=172
Freshlook Colorblends Pure Hazel Monthly,,160.0,https://images.deliveryhero.io/image/talabat/Menuitems/blob_637758384489746432?width=172&amp;height=172
Freshlook Colorblends Green Monthly,,160.0,https://images.deliveryhero.io/image/talabat/Menuitems/blob_637758383648243711?width=172&amp;height=172
 BioTrue Contact lens solution 300 ml, Bio true multi-purpose solution matches the ph of healthy tears and utilizes a lubricant found in eyes. This solution helps keep lenses moist for up to 24 hours and it cleans and fights germs.,80.0,https://images.deliveryhero.io/image/talabat/Menuitems/Bio_true_300_ml_Left_637150292813367363.png?width=172&amp;height=172
Renu Multi Plus Contact Lens Solution 360 Ml," Renu multi plus solution contains hydrant, a special ingredient that removes protein deposits. So you can clean, rinse, disinfect and remove protein.",75.0,https://images.deliveryhero.io/image/talabat/Menuitems/Renu_360_ml_Front_637150292853515868.png?width=172&amp;height=172
Renu Multi Plus Contact Lens Solution 240 Ml," Renu multi plus solution contains hydrant, a special ingredient that removes protein deposits. So you can clean, rinse, disinfect and remove protein.",65.0,https://images.deliveryhero.io/image/talabat/Menuitems/Renu_240_ml_Front_637150292832926121.png?width=172&amp;height=172
