item_name,item_description,item_price,item_image
Grilled Chicken Breast Sandwich,"Grilled premium chicken breast, lettuce, tomato and mayo in a whole wheat bun.",36.0,https://images.deliveryhero.io/image/talabat/Menuitems/1F6AC2621EB92A4A54889A8258B95C59?width=172&amp;height=172
Rockin' Angus Combo,Don't settle for less when you can get more! Enjoy an Angus beef burger with a side of fries and a soft drink.,45.0,https://images.deliveryhero.io/image/talabat/Menuitems/21C63B72DE69940822676710536086E7?width=172&amp;height=172
Route 66,"Get your kicks with the perfect burger topped with Swiss cheese, grilled mushrooms, caramelized onions and mayo.",42.0,https://images.deliveryhero.io/image/talabat/Menuitems/DC4A8B062FCA3E4D9EB8178F7C47FD44?width=172&amp;height=172
The Original,"The one that started it all! Topped with lettuce, tomato, chopped onion, relish, pickles, mustard and mayonnaise.",36.0,https://images.deliveryhero.io/image/talabat/Menuitems/82947869EF79E7EA1AC80E89B790A105?width=172&amp;height=172
Smoke House Single,"Rustle up your hunger for the perfect burger topped with beef bacon, cheddar cheese, crispy onion rings and our homemade smoke house BBQ ranch.",45.0,https://images.deliveryhero.io/image/talabat/Menuitems/03B29226162BCE9072A45F419BB4ABEA?width=172&amp;height=172
Beef Caramelized Classic,"A juicy beef patty, gooey American cheese, caramelized onions, and all the fixings on a brioche bun.",38.0,https://images.deliveryhero.io/image/talabat/Menuitems/14526583B7DE989A020520C90736F8ED?width=172&amp;height=172
Chicken Ranch,"A juicy grilled chicken patty on a brioche bun with lettuce, tomatoes and pickles, topped with a zesty ranch sauce.",36.0,https://images.deliveryhero.io/image/talabat/Menuitems/793618A5B0B323725D957EF4F5D2D301?width=172&amp;height=172
Rockin' Angus Combo,Don't settle for less when you can get more! Enjoy an Angus beef burger with a side of fries and a soft drink.,45.0,https://images.deliveryhero.io/image/talabat/Menuitems/21C63B72DE69940822676710536086E7?width=172&amp;height=172
Kickin' Chicken Combo,Have it all whenever you can! Enjoy Chicken Sandwich with a side of fries and soft drink.,42.0,https://images.deliveryhero.io/image/talabat/Menuitems/91B3A20E29A62035415386067368E194?width=172&amp;height=172
Sliders Combo,Perfect combination! Enjoy 2 sliders of your choice with a side of french fries and soft drink.,49.0,https://images.deliveryhero.io/image/talabat/Menuitems/A611FC2155974CBB15199CC8020DF4EA?width=172&amp;height=172
Gathering Box,Enjoy 10 sliders of your choice with 2 sides,169.0,https://images.deliveryhero.io/image/talabat/Menuitems/EADA3A93338E4768391DBD81623B5E6D?width=172&amp;height=172
Rocket Starter,Why have one when you can have more! Choose between our delicious sides perfect for a gathering with different tastes.,69.0,https://images.deliveryhero.io/image/talabat/Menuitems/6376EAB5274C7C868465B927DCD1ED00?width=172&amp;height=172
The Wingers,It's all in the wingspan! Enjoy 16 bone-in wings tossed in your choice of sauce and served with 2 ranch dips and 2 side fries.,89.0,https://images.deliveryhero.io/image/talabat/Menuitems/19B73254CF978D572EC6C39C8E7D4748?width=172&amp;height=172
The Original,"The one that started it all! Topped with lettuce, tomato, chopped onion, relish, pickles, mustard and mayonnaise.",36.0,https://images.deliveryhero.io/image/talabat/Menuitems/82947869EF79E7EA1AC80E89B790A105?width=172&amp;height=172
Melrose Cheeseburger,"The classic All-American cheeseburger topped with American cheese, our special Melrose Sauce, crisp leaf lettuce and fresh sliced tomato.",36.0,https://images.deliveryhero.io/image/talabat/Menuitems/E269AE10A95A6D518EDDF263B1FA4DA0?width=172&amp;height=172
Half Rings & Half Fries,The best of both worlds! Served with a side of ranch.,25.0,https://images.deliveryhero.io/image/talabat/Menuitems/98767587AB28FA818E47F4C6ED59AA4C?width=172&amp;height=172
Jalapeño Poppers,"Spice it up with these Jalapenos stuffed with cheese, breaded and fried to perfection for that added kick, served with a side of ranch dressing.",29.0,https://images.deliveryhero.io/image/talabat/Menuitems/ED4E76D16CF6B9352F3490B4DD56ED27?width=172&amp;height=172
Crispy Chicken Tenders,5 crispy chicken tenders with your choice of dipping sauce.,39.0,https://images.deliveryhero.io/image/talabat/Menuitems/02B4CA7CDACE6017CF779C1E5E2DA4EA?width=172&amp;height=172
Rocket Hot Dog,"Lift off and sink your teeth into this all-beef hot dog, served with ketchup, mustard, relish and onions.",29.0,https://images.deliveryhero.io/image/talabat/Menuitems/C33DC7C3CE8C942CC85CD2039BF5AB71?width=172&amp;height=172
Double Sliders,Mix 'n' Match your 2 favorite sliders.,40.0,https://images.deliveryhero.io/image/talabat/Menuitems/0DA67199BD1EC45787BCE7C20ABB6092?width=172&amp;height=172
Party Sliders,Mix 'n' Match your 6 favorite sliders.,109.0,https://images.deliveryhero.io/image/talabat/Menuitems/B7E4975B3FE5606096B0B674B82A1686?width=172&amp;height=172
The Original,"Our classsic burger topped with lettuce, tomato, chopped onion, relish, pickles, mustard and mayo.",36.0,https://images.deliveryhero.io/image/talabat/Menuitems/D7CDD2EB963B6131CE462B6AECC23450?width=172&amp;height=172
Smoke House Single,"Rustle up your hunger for the perfect burger topped with beef bacon, cheddar cheese, crispy onion rings and our homemade smoke house BBQ ranch.",45.0,https://images.deliveryhero.io/image/talabat/Menuitems/03B29226162BCE9072A45F419BB4ABEA?width=172&amp;height=172
Smoke House Double,"Beef it up with the double patties topped with beef bacon, cheddar cheese, crispy onion rings and our homemade Smoke House BBQ ranch.",55.0,https://images.deliveryhero.io/image/talabat/Menuitems/B62A11E796D59FDC0E227B135004AEF9?width=172&amp;height=172
The Spicy Houston,"Smokin’ hot! Topped with jalapenos, pepper jack cheese, lettuce, tomato and our homemade smokin' chipotle ranch.",38.0,https://images.deliveryhero.io/image/talabat/Menuitems/B7DD9A19592B4A6CFDED9CE7EFC60D1E?width=172&amp;height=172
Route 66,"Get your kicks with the perfect burger topped with Swiss cheese, grilled mushrooms, caramelized onions and mayo.",42.0,https://images.deliveryhero.io/image/talabat/Menuitems/DC4A8B062FCA3E4D9EB8178F7C47FD44?width=172&amp;height=172
Rocket Single®,"Burger blastoff! Topped with cheddar cheese, lettuce, tomato, sliced onion and our homemade special sauce.",36.0,https://images.deliveryhero.io/image/talabat/Menuitems/C2CA6EC83647F4458C264837B7A06C6E?width=172&amp;height=172
Rocket Double®,"Double burger blastoff! Topped with cheddar cheese, lettuce, tomato, sliced onion and our homemade special sauce.",46.0,https://images.deliveryhero.io/image/talabat/Menuitems/3D64ECF16198BCA9997C14E9239B670D?width=172&amp;height=172
Melrose Cheeseburger,"The classic All-American topped with American cheese, our special melrose sauce, crunchy lettuce and fresh sliced tomato.",36.0,https://images.deliveryhero.io/image/talabat/Menuitems/473CB3E435DECA25F2425822F7301807?width=172&amp;height=172
#12 BURGER,"Single patty topped with cheddar cheese, crunchy lettuce, sliced onion, pickles, mayo and our rockin’ red sauce.",38.0,https://images.deliveryhero.io/image/talabat/Menuitems/B0A92FA362601C653564CE3DD3BCA8B9?width=172&amp;height=172
Crispy Chicken Tenders Sandwich,"Fried premium chicken tenders, lettuce, tomato and mayo in a whole wheat bun.",36.0,https://images.deliveryhero.io/image/talabat/Menuitems/CC73F148FDE18CC2DCBC21B774D8007E?width=172&amp;height=172
Hot Honey Crispy Chicken Sandwich,"Hot off the press! 🔥🍯 Introducing our all-new Hot Honey Crispy Chicken Sandwich made with pickles, beef bacon, and a drizzle of Hot Honey 🐝 Only available for a limited time.",36.0,https://images.deliveryhero.io/image/talabat/Menuitems/8A938E788900A82AEB3DB76732CC0448?width=172&amp;height=172
Buffalo Chicken Tender Sandwich,"Premium chicken tenders fried and tossed in our buffalo sauce to give it that extra kick. Topped with lettuce, tomato and mayo in a whole wheat bun.",36.0,https://images.deliveryhero.io/image/talabat/Menuitems/386F7D9F8E3DD8797CF8CDAEE0606828?width=172&amp;height=172
Grilled Chicken Breast Sandwich,"Grilled premium chicken breast, lettuce, tomato and mayo in a whole wheat bun.",36.0,https://images.deliveryhero.io/image/talabat/Menuitems/1F6AC2621EB92A4A54889A8258B95C59?width=172&amp;height=172
Crispy Chicken Tenders,5 crispy premium chicken tenders with your choice of dipping sauce.,39.0,https://images.deliveryhero.io/image/talabat/Menuitems/12D6B54D6487572BD4A6A5BA33811CF8?width=172&amp;height=172
Rocket Wings®,"Chicken wings, fried to perfection and served with ranch.",39.0,https://images.deliveryhero.io/image/talabat/Menuitems/EAB2D4FA137C272551D079CB7516A35A?width=172&amp;height=172
The Impossible™️ Original,"Plant based patty topped with lettuce, tomato, chopped onion, relish, pickles, mustard and mayonnaise.",42.0,https://images.deliveryhero.io/image/talabat/Menuitems/DC1E9658D5D7F2BCB61016C872166FF6?width=172&amp;height=172
The Impossible™️ Spicy Houston,"Smokin’ hot! Plant based patty topped with jalapenos, dairy-free cheese, lettuce, tomato and our homemade Smokin' Chipotle Ranch.",42.0,https://images.deliveryhero.io/image/talabat/Menuitems/0444FBA6425800108ADE7535210CA539?width=172&amp;height=172
Impossible™️ Route 66,"Get your kicks with the plant based burger patty topped with dairy-free cheese, grilled mushrooms, caramelized onions and mayo.",47.0,https://images.deliveryhero.io/image/talabat/Menuitems/CD1C02312FB35EF8DDC49A8E18F0CB38?width=172&amp;height=172
Impossible™️ Rocket Single®,"Burger blastoff! Plant based patty topped with dairy-free cheese, lettuce, tomato, sliced onion and our homemade special sauce.",42.0,https://images.deliveryhero.io/image/talabat/Menuitems/40DA6A7ABABF290A9C72C981DA2AAC22?width=172&amp;height=172
Impossible™️ Melrose Cheeseburger,"A plant based all American cheeseburger topped with American cheese, our special Melrose Sauce, crisp leaf lettuce and fresh sliced tomato.",42.0,https://images.deliveryhero.io/image/talabat/Menuitems/CE58807971DFFCACAD0AEC827BFF220A?width=172&amp;height=172
Impossible™️ #12,"Plant based patty topped with dairy-free cheese, crunchy lettuce, sliced onion, pickles, mayo and our Rockin’ Red Sauce.",42.0,https://images.deliveryhero.io/image/talabat/Menuitems/E30275CA002C780DF83C02F4E3294F47?width=172&amp;height=172
Regular American Fries,"Skin-on and fried extra crispy, they're our burgers’ favorite side.",19.0,https://images.deliveryhero.io/image/talabat/Menuitems/2E8E78297869BCC8ECE688E61B60811C?width=172&amp;height=172
Large American Fries,"Skin-on and fried extra crispy, they're our burgers’ favorite side.",26.0,https://images.deliveryhero.io/image/talabat/Menuitems/05308E30F0B22B98CEEFA822ABF29CBA?width=172&amp;height=172
Onion Rings,Sliced onions in crunchy sourdough breadcrumbs. Served with a side of ranch.,25.0,https://images.deliveryhero.io/image/talabat/Menuitems/0B2A2E712CFA08551F3E5BCD897E5BC0?width=172&amp;height=172
Half Rings & Half Fries,The best of both worlds! Served with a side of ranch.,25.0,https://images.deliveryhero.io/image/talabat/Menuitems/960A22230F1FD12959D918A4AC10E4B1?width=172&amp;height=172
Regular Sweet Potato Fries,Team sweet potato fries? Ours are fried extra crispy and go great with your burger of choice.,21.0,https://images.deliveryhero.io/image/talabat/Menuitems/752B45A963F5BE96422DCAFFA7B8A297?width=172&amp;height=172
Large Sweet Potato Fries,"Team sweet potato fries? Ours are fried extra crispy and go great with your burger of choice.
",28.0,https://images.deliveryhero.io/image/talabat/Menuitems/2A5DC739539D046D88532A4C25F91671?width=172&amp;height=172
Mozzarella Sticks,"A side of melt-in-your-mouth mozzarella sticks, served with marinara sauce.",29.0,https://images.deliveryhero.io/image/talabat/Menuitems/0E057DC7A732E53634B6ECEF9DDF369B?width=172&amp;height=172
Jalapeño Poppers,Spice it up with these fried breaded jalapenos stuffed with cheese and served with a side of ranch dressing.,29.0,https://images.deliveryhero.io/image/talabat/Menuitems/966DE8FAC86C81C027DAAE51ED9C0598?width=172&amp;height=172
Chili Cheese Fries,"Skin-on and fried extra crispy, topped with hearty all-meat chili, cheese and onions.",28.0,https://images.deliveryhero.io/image/talabat/Menuitems/C3ED57DF97305F44AC4C7C31AA995347?width=172&amp;height=172
Chili Bowl,Enjoy our hearty all-meat chili topped with cheddar cheese and diced onions.,26.0,https://images.deliveryhero.io/image/talabat/Menuitems/D3A822CA43C7099DC9442E0BF66DACAD?width=172&amp;height=172
Rocket Hot Dog,"All-beef hot dog served with ketchup, mustard, relish and onion. ",29.0,https://images.deliveryhero.io/image/talabat/Menuitems/EF244CA434B360652DF7536BD7FE0AF3?width=172&amp;height=172
Rocket Chili Dog,"All-beef hot dog smothered in our all-meat chili, topped with shredded cheese and onion.",34.0,https://images.deliveryhero.io/image/talabat/Menuitems/0C774B3B1E08E964A4A5E99234041BF9?width=172&amp;height=172
 BBQ Sauce,,5.0,https://images.deliveryhero.io/image/talabat/Menuitems/75F717BB7A08AAE321855CA53A1DF2D5?width=172&amp;height=172
Ranch,,5.0,https://images.deliveryhero.io/image/talabat/Menuitems/3A01FFD8866CC1347E48F1A022522151?width=172&amp;height=172
House-made Honey Mustard,,5.0,https://images.deliveryhero.io/image/talabat/Menuitems/923B3906B8E80A5EDF464018D9ABF2DB?width=172&amp;height=172
House-Made Blue Cheese,,5.0,https://images.deliveryhero.io/image/talabat/Menuitems/4BF33CD0EC6EED6D1F71A3841DB36551?width=172&amp;height=172
Vanilla Shake,"Bring back the memories with this classic! Smooth, rich and creamy milkshake that is freshly handscooped for your enjoyment.",25.0,https://images.deliveryhero.io/image/talabat/Menuitems/B496F4C9B896DDE7A5FEF2EB02B1199D?width=172&amp;height=172
Chocolate Shake,"Curb your sweet tooth with this thick and delicious chocolate milkshake, freshly handscooped to give you that perfect smooth texture.",25.0,https://images.deliveryhero.io/image/talabat/Menuitems/08B0176968B0C5007AEF72505ADB3499?width=172&amp;height=172
Oreo Cookies & Cream Shake,The crunchiness of everyone's favourite Oreo cookie makes this freshly handscooped milkshake out-of-this-world fantastic!,25.0,https://images.deliveryhero.io/image/talabat/Menuitems/5D8DC26940728859D1B6190124E3B187?width=172&amp;height=172
Strawberry Shake,Freshly handscopped to give you the perfect cooling treat bursting with strawberry flavour.,25.0,https://images.deliveryhero.io/image/talabat/Menuitems/DCF92C75DB5D00195C15489883241FF9?width=172&amp;height=172
Pepsi,,7.0,https://images.deliveryhero.io/image/talabat/Menuitems/8053CBD0D0BCD4D7A343E58D6F903679?width=172&amp;height=172
Diet Pepsi,,7.0,https://images.deliveryhero.io/image/talabat/Menuitems/E1E3679DE76E9013D639C11C292C693D?width=172&amp;height=172
7Up,,7.0,https://images.deliveryhero.io/image/talabat/Menuitems/93BB0FFB68851011F1A1F287FFF7E4A5?width=172&amp;height=172
7Up Zero Sugar,,7.0,https://images.deliveryhero.io/image/talabat/Menuitems/3A447B17F48158D0AAB210D6C604A619?width=172&amp;height=172
Mirinda,,7.0,https://images.deliveryhero.io/image/talabat/Menuitems/ABD424FE7AEC47EBE62A56EB03685CD6?width=172&amp;height=172
Bottled Water,,5.0,https://images.deliveryhero.io/image/talabat/Menuitems/2B2BA04C74A3E770BF95D35C57006C75?width=172&amp;height=172
