item_name,item_description,item_price,item_image
Karachi Chicken Haleem,A Traditional mixture of shredded chicken and mix lentils with kg Spices garnished with Haleem Masala.,32.9,https://images.deliveryhero.io/image/talabat/Menuitems/Karachi_Haleem_636742472214543435.jpg?width=172&amp;height=172
Classic Combo,"Chicken chilmun biryani, 2 pieces haryali tikka boti, dhaba dal, cucumber raita, fresh salad, 1 piece gulab jamun and 1 Soft drink.",35.7,https://images.deliveryhero.io/image/talabat/Menuitems/classic_Combo_637283530894076653.jpg?width=172&amp;height=172
Chandni Chowk Ka Keema,"Chicken Mince cooked with ginger, garlic, green Chili, coriander, KG special spices garnished with fresh coriander leaves.",35.7,https://images.deliveryhero.io/image/talabat/Menuitems/Chandni_Chowk_ka_Kee_636742471721820628.jpg?width=172&amp;height=172
Ghar Ki Daal,"A mixture of yellow and red lentils cooked with KG spices, a specialty of our chef.",24.5,https://images.deliveryhero.io/image/talabat/Menuitems/Ghar_ki_Daal(V)_636742472227495863.jpg?width=172&amp;height=172
Deluxe Combo,"Chicken achari handi, lal mirch karahi mutton, dhaba dal, butter naan 2 pieces, fresh salad and gulab jamun 1 piece and 1 soft Drink",35.7,https://images.deliveryhero.io/image/talabat/Menuitems/blob_637428815283322327?width=172&amp;height=172
Chicken Dum Biryani Combo,"Chicken biryani, raita, 1 gulab jamun, and 1 Pepsi.",25.0,https://images.deliveryhero.io/image/talabat/Menuitems/mmw_638250406969960321?width=172&amp;height=172
Chicken Tikka Combo ,Chicken Tikka 1/2 Biryani Rice + Raita + 1Gulab Jamun + 1 Pepsi,25.0,https://images.deliveryhero.io/image/talabat/Menuitems/mmw_638250408260735635?width=172&amp;height=172
Sheekh Kabab Combo ,"2 pc chicken seekh kabab, 1 naan, daal, mint sauce and 1 Pepsi",25.0,https://images.deliveryhero.io/image/talabat/Menuitems/mmw_638250410149872841?width=172&amp;height=172
Chicken Handi Combo,"Chicken handi, daal, white rice or 1 naan with 1 Pepsi.",25.0,https://images.deliveryhero.io/image/talabat/Menuitems/mmw_638250413101673231?width=172&amp;height=172
Royal Combo,"2 Pieces Reshmi seekh kebab, 2 pieces chicken tikka boti, dhaba dal, biryani rice, mint raita, fresh salad, gulab jamun and 1 piece plain naan ",44.8,https://images.deliveryhero.io/image/talabat/Menuitems/mmw_638246923253578156?width=172&amp;height=172
Economy Meal,"Chicken biryani, cucumber raita, 1 pc gulab jamun and kachumber salad and 1 soft drink ",30.8,https://images.deliveryhero.io/image/talabat/Menuitems/mmw_637983187862065866?width=172&amp;height=172
Classic Combo,"Chicken chilmun biryani, 2 pieces haryali tikka boti, dhaba dal, cucumber raita, fresh salad, 1 piece gulab jamun and 1 Soft drink.",35.7,https://images.deliveryhero.io/image/talabat/Menuitems/classic_Combo_637283530894076653.jpg?width=172&amp;height=172
Sada Bahar Combo,"Sada bahar handi, palak paneer, dal chawal bites, plain rice, fresh salad and 1 piece gulab jamun and 1 soft drink.",30.8,https://images.deliveryhero.io/image/talabat/Menuitems/sada_bahar_637283533197462771.jpg?width=172&amp;height=172
Dragon Chinese Combo ,"Kung pao chicken, crispy chicken chili, 2 pieces dynamite chicken, egg fried rice, hum appkay hain corn soup and hot sauce & 1 soft drink",44.8,https://images.deliveryhero.io/image/talabat/Menuitems/Dragon_Chines_combo_637283534589869829.jpg?width=172&amp;height=172
Desi Meal,"Chicken achari handi, dhaba daal, plain naan 2 pieces and gulab jamun 1 piece and 1 soft Drink",30.8,https://images.deliveryhero.io/image/talabat/Menuitems/blob_637428811258885528?width=172&amp;height=172
Deluxe Combo,"Chicken achari handi, lal mirch karahi mutton, dhaba dal, butter naan 2 pieces, fresh salad and gulab jamun 1 piece and 1 soft Drink",35.7,https://images.deliveryhero.io/image/talabat/Menuitems/blob_637428815283322327?width=172&amp;height=172
Kachumber Salad,"A salad made with combination of cucumber, cabbage, ice burg, carrot topped with black pepper and lime dressing.",14.0,https://images.deliveryhero.io/image/talabat/Menuitems/Kachumber_Salad_636742456773661201.jpg?width=172&amp;height=172
Bombay Salad ,,14.0,https://images.deliveryhero.io/image/talabat/Menuitems/mmw_638253680464547648?width=172&amp;height=172
Chicken Tikka Caesar Salad,"Charcoal-grilled chicken, cherry tomato, sun-dried tomato, Shredded cheese, Caesar dressing with iceberg.",21.7,https://images.deliveryhero.io/image/talabat/Menuitems/Chicken_Tikka_Caesar_636742456712914464.jpg?width=172&amp;height=172
Karachi Zaitooni Salad,"A salad made out of olives pickles, cucumber pickles, ice burg and jalapeno slice.",20.3,https://images.deliveryhero.io/image/talabat/Menuitems/Karachi_Zaitooni_Sal_636742456762180475.jpg?width=172&amp;height=172
Fresh Salad,"Combination of cucumber, carrot, green chilly and iceberg.",16.1,https://images.deliveryhero.io/image/talabat/Menuitems/Fresh_Salad_636751990719631058.jpg?width=172&amp;height=172
Fattoush Salad ,"lettuce, tomatoes, cucumbers, radishes and fried bread.",23.1,https://images.deliveryhero.io/image/talabat/Menuitems/mmw_638243290216058220?width=172&amp;height=172
Clifton Corn Salad,"A fusion of boil chicken fresh apple, pineapple, sweet corn,fruit cocktail, topped with strawberry.",21.7,https://images.deliveryhero.io/image/talabat/Menuitems/Clifton_Cron_Salad_636742456750449523.jpg?width=172&amp;height=172
Thai Crunchy Salad,"Combination of the iceberg, cherry tomato, peanut butter dressing, Crispy Croutons and Fried chicken.",23.8,https://images.deliveryhero.io/image/talabat/Menuitems/Thai_Crunchy_Salad_637243752491008070.jpg?width=172&amp;height=172
Cucumber Raita,Yogurt-based side dish with cucumber.,7.0,https://images.deliveryhero.io/image/talabat/Menuitems/Cucumber_Raita_636751990731762698.jpg?width=172&amp;height=172
Mint Raita,Yogurt based dip flavored with mint.,5.6,https://images.deliveryhero.io/image/talabat/Menuitems/mmw_638243291207487490?width=172&amp;height=172
Mozzarella Sticks,"A mixture of cheese marinated and deep-fried, served with sauce.",23.8,https://images.deliveryhero.io/image/talabat/Menuitems/Mozzarella_Sticks_636742458675219096.jpg?width=172&amp;height=172
Volcano Prawns ,,35.0,https://images.deliveryhero.io/image/talabat/Menuitems/mmw_638306328616381273?width=172&amp;height=172
Ma-Salsa Loaded Fries,"Crispy golden potatoes topped with jalapeno, cheese, and chaat masala, served with salsa sauce.",21.7,https://images.deliveryhero.io/image/talabat/Menuitems/Masalsa_Loaded_Fries_637234402486729303.jpg?width=172&amp;height=172
Daal Chawal Bites,"A mixture of mashed rice and lentil, deep-fried balls are eaten in one bite, topped with mint sauce & pickle",25.2,https://images.deliveryhero.io/image/talabat/Menuitems/Daal_Chawal_Bites_3_637234401096029880.jpg?width=172&amp;height=172
Lahori Samosa,,25.2,https://images.deliveryhero.io/image/talabat/Menuitems/WhatsApp_Image_2020-_637198922867064047.jpg?width=172&amp;height=172
Dynamite Shrimps,Succulent deep-fried prawn marinated in homemade dynamite sauce.,44.8,https://images.deliveryhero.io/image/talabat/Menuitems/Dynamite_Shrimps_636742458624050067.jpg?width=172&amp;height=172
Dynamite Chicken Bites,Deep-fried crispy cubes of chicken and marinated in homemade dynamite sauce.,38.5,https://images.deliveryhero.io/image/talabat/Menuitems/Dynamite_Chicken_Bit_636751990279889123.jpg?width=172&amp;height=172
Grilled Fish Bites,,32.9,https://images.deliveryhero.io/image/talabat/Menuitems/mmw_638226219553048136?width=172&amp;height=172
Fish And Chips,"A  classic dish consisting of crispy battered fish fillets served with golden-brown French fries, often accompanied by tartar sauce.",29.4,https://images.deliveryhero.io/image/talabat/Menuitems/mmw_638243304950794716?width=172&amp;height=172
Tangdi Kabab,,32.9,https://images.deliveryhero.io/image/talabat/Menuitems/blob_637672340269534892?width=172&amp;height=172
Peri Peri Hummus,"A pureed mixture of chickpeas, tahini sauce, garlic and homemade peri peri sauce, topped with olive oil and served with krispy Naan
",16.1,https://images.deliveryhero.io/image/talabat/Menuitems/Peri_Peri_Hummus_637243754557196219.jpg?width=172&amp;height=172
Chapli Kabab,"Chapli kabab is made from ground beef, with various kg spices in the shape of a patty. The chapli kabab originates from Pakistan.",25.9,https://images.deliveryhero.io/image/talabat/Menuitems/mmw_638272797605256671?width=172&amp;height=172
Royal 4 x 4 Platter,"Mix Appetizer of 4 pieces Mutton Lollipop, Chicken Cheese Kebab, Dynamite Shrimps and Daal Chawal Bites served in royal traditional Style.",72.1,https://images.deliveryhero.io/image/talabat/Menuitems/WhatsApp_Image_2020-_637199019266371519.jpg?width=172&amp;height=172
Murgh Piyaza Shorba,"Exotic chicken soup with onion, herb and spices.",23.8,https://images.deliveryhero.io/image/talabat/Menuitems/Murgh_Pyazi_Shorba_636742455066286633.jpg?width=172&amp;height=172
Hum App Kay Hain Corn,Corn soup,21.7,https://images.deliveryhero.io/image/talabat/Menuitems/mmw_638227130419039602?width=172&amp;height=172
Lentil Soup V,Lentil soup with the blend of special KG spices,21.7,https://images.deliveryhero.io/image/talabat/Menuitems/Mulligatawny_Soup_636742455053004228.jpg?width=172&amp;height=172
Malai Mushroom Soup,Toasted butter mushrooms with homemade spices with creamy flavor,21.7,https://images.deliveryhero.io/image/talabat/Menuitems/Malai_Mushroom_Soup_636742455090979695.jpg?width=172&amp;height=172
Hot & Sour Soup,A tantalizing blend of savory and tangy notes in a comforting broth,21.7,https://images.deliveryhero.io/image/talabat/Menuitems/mmw_638246952550050432?width=172&amp;height=172
Prawn Coconut Soup,A unique recipe of prawn soup with homemade spices and coconut milk.,23.8,https://images.deliveryhero.io/image/talabat/Menuitems/Prawn_Coconut_Soup_636742455078878393.jpg?width=172&amp;height=172
Tandoori Tikka Boti,Chicken marinated in special tandoori masala served with fries.,34.3,https://images.deliveryhero.io/image/talabat/Menuitems/Tandoori_Tikka_Boti_637239749297981708.jpg?width=172&amp;height=172
Achari Tikka Boti ,"Chicken cubes marinated with mustard sauce, ginger, garlic and spices, served with french fries.",34.3,https://images.deliveryhero.io/image/talabat/Menuitems/mmw_638253696324832939?width=172&amp;height=172
Malai Tikka Boti,"Delicious, tender morsels of chicken melt in your mouth, marinated in aromatic spicy creamy base and serve with fries.",34.3,https://images.deliveryhero.io/image/talabat/Menuitems/Malai_Tikka_Boti_637239750330969204.jpg?width=172&amp;height=172
Chatkhara Tikka Boti,"Chicken cubes marinated with chef special fresh green spices, served with French fries.",34.3,https://images.deliveryhero.io/image/talabat/Menuitems/Haryali_Tikka_Boti_637239752024515338.jpg?width=172&amp;height=172
Karachi Grill Chicken Tikka 1/2,"Half chicken marinated in red chilies, ginger and garlic served with French fries",34.3,https://images.deliveryhero.io/image/talabat/Menuitems/Karachi_Grill_Tikka_636751990317104832.jpg?width=172&amp;height=172
Cheese Tikka Boti,Chicken cubes marinated with herbs and cheese sauce served with french fries.,35.7,https://images.deliveryhero.io/image/talabat/Menuitems/Cheese_Tikka_Boti_636742460061605885.jpg?width=172&amp;height=172
Reshmi Seekh Kabab,"A seekh made with chicken mince very soft and juicy with the combination of ginger, garlic, green chili, Kg Spices topped with cream and served with fries.",34.3,https://images.deliveryhero.io/image/talabat/Menuitems/Reshmi_Seekh_Kabab_636751990304422676.jpg?width=172&amp;height=172
Dilruba Kabab ,"Chicken mince stuffed with cheese, ginger, garlic, green chili, and mix herbs",35.7,https://images.deliveryhero.io/image/talabat/Menuitems/Chicken_Cheese_Kabab1_637239747265851693.jpg?width=172&amp;height=172
Tarragon Chicken Seekh Kabab,"An exclusive recipe of our chef grilled Chicken mince glazed with homemade tarragon creamy sauce, serve with rice and saute vegetable",41.3,https://images.deliveryhero.io/image/talabat/Menuitems/تاراجون_شيش_كباب_636751990503073269.jpg?width=172&amp;height=172
Peri Peri Chicken Skewer,Chicken thigh cubes marinated with KG homemade peri peri sauce served with toasted grilled vegetables and rice.,53.9,https://images.deliveryhero.io/image/talabat/Menuitems/Peri_Peri_Chicken_Sk_636751990467969587.jpg?width=172&amp;height=172
Rang Mahal Skewer,,68.6,https://images.deliveryhero.io/image/talabat/Menuitems/mmw_638246953112656054?width=172&amp;height=172
Chicken Mix Grill,Mix of grilled chicken and served with french fries,77.7,https://images.deliveryhero.io/image/talabat/Menuitems/Chicken_Mix_Grill_636751990331068234.jpg?width=172&amp;height=172
Gola Kabab,"Fine lamb mince mix with spices, green chilies, fresh coriander formed into ball shape, served with French fries.",35.7,https://images.deliveryhero.io/image/talabat/Menuitems/Gola_Kabab_636751990368233890.jpg?width=172&amp;height=172
Bihari Kabab ,,41.3,
Tarragon Mutton Seekh Kabab,,64.0,https://images.deliveryhero.io/image/talabat/Menuitems/mmw_638254742304973778?width=172&amp;height=172
Karachi Seekh Kabab,"Mutton kebab made with minced lamb, ginger, garlic, and KG spices, served with French fries.",35.7,https://images.deliveryhero.io/image/talabat/Menuitems/Karachi_Sheekh_Kabab_636751990381836942.jpg?width=172&amp;height=172
Karachi Mutton Tikka,"Cubes of mutton tenderloin marinated with garlic, ginger and homemade sauces, served with French fries.",37.1,https://images.deliveryhero.io/image/talabat/Menuitems/Karachi_grill_Boti_636751990343129803.jpg?width=172&amp;height=172
Red Zone Lamb Chops Skewer,"A real taste of French cut lamb chops marinated with special KG spices peri peri sauce, served with rice and sautéed vegetable.",63.0,https://images.deliveryhero.io/image/talabat/Menuitems/Red_Zone_Lamb_Chops__637239754522448896.jpg?width=172&amp;height=172
Mutton Mix Grill,"Mix of grilled lamb, served with French fries",81.2,https://images.deliveryhero.io/image/talabat/Menuitems/Mutton_mix_Grill_636751990393908525.jpg?width=172&amp;height=172
Lamb Leg Grill,"Special leg of lamb Baked and grilled with peri peri sauce, served with rice and cheese bread.",144.9,https://images.deliveryhero.io/image/talabat/Menuitems/lamb_leg_grill-3_636751990419232824.jpg?width=172&amp;height=172
Classic Mix Grill,"Combination of charcoal chicken and mutton mixed grilled including 2 lamb chops, served with rice, fries, Hummus and Crispy Naan",135.8,https://images.deliveryhero.io/image/talabat/Menuitems/mmw_638196496835313886?width=172&amp;height=172
Karachi Grill Prawns,"Special leg of lamb Baked and grilled with peri-peri sauce, served with rice and cheese bread.",67.2,https://images.deliveryhero.io/image/talabat/Menuitems/Karachi_Grill_Prawns_636751990479640786.jpg?width=172&amp;height=172
Chef Special Prawns Peri Peri,"Grilled jumbo prawns marinated with KG homemade peri peri sauce and spices, served with rice and sauteéd.",81.2,https://images.deliveryhero.io/image/talabat/Menuitems/Chef_Special_Prawns_636751990696538901.jpg?width=172&amp;height=172
Tarragon Chicken Steak,"Chicken breast piece marinated in red crushed chilly, ginger, garlic glazed with tarragon herb creamy sauce, served with assorted vegetables and rice.",53.9,https://images.deliveryhero.io/image/talabat/Menuitems/Tarragon_Chicken_Ste_636751990432625674.jpg?width=172&amp;height=172
Mushroom And Pepper Chicken Steak,"Chicken breast pieces marinated in crushed black pepper, ginger, garlic, Kg spices and Mushroom and pepper sauce served with assorted vegetable and mashed potato.",53.9,https://images.deliveryhero.io/image/talabat/Menuitems/Mushroom___Pepper_Ch_636751990444376958.jpg?width=172&amp;height=172
Tarragon Beef Steak,"Beef in julienne cut marinated with red crushed chili, ginger and garlic, topped with tarragon creamy sauce, served with saute vegetables and rice",63.0,https://images.deliveryhero.io/image/talabat/Menuitems/Tarragon_Beef_Steak_637239758051051191.jpg?width=172&amp;height=172
Mushroom And Pepper Steak Beef,"Beef in julienne cut marinated with kg spice cooked on lava rock grill topped with mushroom and pepper sauce, served with sautéed vegetable and mashed potato on side.",63.0,https://images.deliveryhero.io/image/talabat/Menuitems/Mushroom___pepper_St_636751990526365618.jpg?width=172&amp;height=172
Aakhri Pasta Pink Or Alfredo Sauce,,0.0,https://images.deliveryhero.io/image/talabat/Menuitems/mmw_638243347124108257?width=172&amp;height=172
Karachi Chicken Haleem,A Traditional mixture of shredded chicken and mix lentils with kg Spices garnished with Haleem Masala.,32.9,https://images.deliveryhero.io/image/talabat/Menuitems/Karachi_Haleem_636742472214543435.jpg?width=172&amp;height=172
Chicken 65,"Made with marinated juicy and tender chicken, blended with spices",37.8,https://images.deliveryhero.io/image/talabat/Menuitems/mmw_638253705632825767?width=172&amp;height=172
Chicken Peshawari 1/2Kg,,63.0,https://images.deliveryhero.io/image/talabat/Menuitems/mmw_638226742909081862?width=172&amp;height=172
Hyderabadi Chicken Handi,"Chicken boneless cubes cooked with KG special red round chili, garnished with fresh coriander.",35.7,https://images.deliveryhero.io/image/talabat/Menuitems/Hyderabadi_handi_636742471082804308.jpg?width=172&amp;height=172
Butter Chicken Handi,Charcoal-grilled boneless chicken cubes cooked in our very special KG Recipe.,38.5,https://images.deliveryhero.io/image/talabat/Menuitems/Butter_Chicken_Handi_636742471120880847.jpg?width=172&amp;height=172
Chandni Chowk Ka Keema,"Chicken Mince cooked with ginger, garlic, green Chili, coriander, KG special spices garnished with fresh coriander leaves.",35.7,https://images.deliveryhero.io/image/talabat/Menuitems/Chandni_Chowk_ka_Kee_636742471721820628.jpg?width=172&amp;height=172
Achari Handi Chicken,Piquant aromatic chicken boneless cubes cooked in pickle flavor.,35.7,https://images.deliveryhero.io/image/talabat/Menuitems/Achari_Handi_636742471108308784.jpg?width=172&amp;height=172
Murgh Balti,"Boneless chicken cubes cooked with ginger, garlic, tomato, green Chili and kg spices served in Balti, garnished with fresh coriander and ginger.",35.7,https://images.deliveryhero.io/image/talabat/Menuitems/Murgh_Balti_636751990561999814.jpg?width=172&amp;height=172
Chicken Tikka Masala,"Grilled chicken tikka cubed cooked in tomato, ginger, garlic, green chili, and Spices, garnished with coriander leaves.",35.7,https://images.deliveryhero.io/image/talabat/Menuitems/mmw_638226740449765614?width=172&amp;height=172
 Patiala Chicken Handi ,"Chicken boneless cubes cooked in white sauce, dry plum and capsicum and onion cube and garnished with coriander.",35.7,https://images.deliveryhero.io/image/talabat/Menuitems/Patiala_handi_636751990538467239.jpg?width=172&amp;height=172
Karachi Lal Mirchi Chicken Karahi,"Boneless cooked chicken cubes, tomato, garlic, ginger, red spices, garnished with fresh coriander and ginger.",38.5,https://images.deliveryhero.io/image/talabat/Menuitems/KarachiLal_Mirch_Kar_636742471655496990.jpg?width=172&amp;height=172
Hari Mirch Chicken Karahi,Boneless chicken in cube cut base on green spices served in desi style.,38.5,https://images.deliveryhero.io/image/talabat/Menuitems/MaharajaHari_Mirch_k_636742471667798794.jpg?width=172&amp;height=172
Gosht Balti,"Boneless mutton cubes cooked with ginger, garlic, tomato, green Chili and kg spices served in Balti, garnished with fresh coriander and ginger.",38.5,https://images.deliveryhero.io/image/talabat/Menuitems/Ghosht_Balti_636742472202051444.jpg?width=172&amp;height=172
Achari Mutton Handi,piquant aromatic Mutton boneless cubes cooked in pickle flavor,38.5,https://images.deliveryhero.io/image/talabat/Menuitems/Achari_Handi_637243085366926984.jpg?width=172&amp;height=172
Karachi Nihari,,41.3,https://images.deliveryhero.io/image/talabat/Menuitems/mmw_638290988115153513?width=172&amp;height=172
 Hyderabadi Mutton Handi,Mutton boneless cubes cooked with kg Specials red round chili garnished with fresh coriander,38.5,https://images.deliveryhero.io/image/talabat/Menuitems/Hydrabadi_Handi_637243078952972461.jpg?width=172&amp;height=172
Hari Mirchi Mutton Karahi,"Boneless Mutton cubes based on green spices, served in desi style",41.3,https://images.deliveryhero.io/image/talabat/Menuitems/Mahara_Hari_Mirch_Ka_637243096425354580.jpg?width=172&amp;height=172
Mutton Rogan Josh,"Tender chunks of succulent mutton immersed in rich, aromatic gravy infused with medley of spices",41.3,https://images.deliveryhero.io/image/talabat/Menuitems/mmw_638268375207349034?width=172&amp;height=172
Matka Gosht ,,44.8,https://images.deliveryhero.io/image/talabat/Menuitems/mmw_638272791124334624?width=172&amp;height=172
Karachi Lal Mirchi Mutton Karahi,"Boneless Mutton cubes cooked in tomato, garlic, ginger and red spices, garnished with fresh coriander and ginger",41.3,https://images.deliveryhero.io/image/talabat/Menuitems/Karachi_Lal_Mirch_Ka_637243093181142637.jpg?width=172&amp;height=172
Tawa Keema Mutton,,41.3,https://images.deliveryhero.io/image/talabat/Menuitems/mmw_638243369210506878?width=172&amp;height=172
Badshahi Champ Masala,,72.1,https://images.deliveryhero.io/image/talabat/Menuitems/mmw_638272800813711269?width=172&amp;height=172
Mutton Peshawari 1/2 Kg,,72.1,https://images.deliveryhero.io/image/talabat/Menuitems/mmw_638226753378251409?width=172&amp;height=172
Jaipuri Prawn Handi,"Succulent juicy prawns cooked with bell pepper, onion, and tomatoes in its own juices.
",44.8,https://images.deliveryhero.io/image/talabat/Menuitems/JaipuriPrawn_Handi(S)_636742471134483904.jpg?width=172&amp;height=172
Atishi Jheenga Karahi,"Grilled jumbo prawn cooked in a rich creamy curry with KG special spices, garnished with fresh ginger",44.8,https://images.deliveryhero.io/image/talabat/Menuitems/Atishi_Jheenga_Karahi_636742471708868200.jpg?width=172&amp;height=172
Prawn Chilly Masala,,42.7,https://images.deliveryhero.io/image/talabat/Menuitems/mmw_638272791071650385?width=172&amp;height=172
Sada Bahar Handi,"Fresh vegetables cooked with onion, garlic, ginger and tomatoes and KG spices.",25.2,https://images.deliveryhero.io/image/talabat/Menuitems/Sada_bahar_Handi(V)_636742471147055962.jpg?width=172&amp;height=172
Palak Paneer Karahi,A traditional spinach curry cooked with paneer in kg spices topped with fried paneer.,26.6,https://images.deliveryhero.io/image/talabat/Menuitems/Palak_Paneer_Karahi_636742471734402700.jpg?width=172&amp;height=172
Paneer Kolapuri,combination of mix vegetable cooked with special KG spices,26.6,https://images.deliveryhero.io/image/talabat/Menuitems/lmlllll_637199028908325260.jpg?width=172&amp;height=172
Ghar Ki Daal,"A mixture of yellow and red lentils cooked with KG spices, a specialty of our chef.",24.5,https://images.deliveryhero.io/image/talabat/Menuitems/Ghar_ki_Daal(V)_636742472227495863.jpg?width=172&amp;height=172
Dhaba Daal,"Split chickpeas Chana daal cooked in red sauce, garnished with green chili.",26.6,https://images.deliveryhero.io/image/talabat/Menuitems/Dhaba_DAAL_636742472240638469.jpg?width=172&amp;height=172
Daal E Bahar,,26.6,https://images.deliveryhero.io/image/talabat/Menuitems/mmw_638246957032563416?width=172&amp;height=172
Karachi Special Bun Kebab,,26.6,https://images.deliveryhero.io/image/talabat/Menuitems/WhatsApp_Image_2020-_637198926383362015.jpg?width=172&amp;height=172
Chicken Tikka Cheese Roll,"Tortillas bread stuffed with our special boneless grilled chicken tikka, cheese, multiple vegetable pickles served with French fries and sauce.",26.6,https://images.deliveryhero.io/image/talabat/Menuitems/Chicken_Tikka_Cheese_636751990608674594.jpg?width=172&amp;height=172
Chicken Mayo Garlic Roll,"Tortillas bread stuffed with grilled chicken cubed, homemade mayonnaise garlic sauce, cheese, ice burg served with French fries and sauce.",26.6,https://images.deliveryhero.io/image/talabat/Menuitems/Chicken_Mayo_Garlic__636751990626631824.jpg?width=172&amp;height=172
Chicken Kebab Roll,"2 Pieces of juicy, morsels of spicy chicken kebab are wrapped in tortillas bread serve with French fries and Mint Sauce.",26.6,https://images.deliveryhero.io/image/talabat/Menuitems/Chicken_Kabab_ROll_637243738233511559.jpg?width=172&amp;height=172
Crispy Chicken Roll,2 Pieces of roll stuffed with fried crispy chicken served with French fries and Sauce.,26.6,https://images.deliveryhero.io/image/talabat/Menuitems/Chicken_Crispy_ROll_637243739070928115.jpg?width=172&amp;height=172
Chicken Chilmun Biryani,"Tenderloin of chicken, cooked with rice, baked in clay handi, with chilmun cover, and served with cucumber raita.",38.5,https://images.deliveryhero.io/image/talabat/Menuitems/Chilmun_Biryani_636742472907393876.jpg?width=172&amp;height=172
Mutton Chilmun Biryani ," Tenderloin of Mutton cubes cooked with rice, baked in clay handi with chilmun cover, served with cucumber raita
",41.3,https://images.deliveryhero.io/image/talabat/Menuitems/Chilmun_Biryani_637243740967525195.jpg?width=172&amp;height=172
Malai Tikka Biryani,"Traditional biryani cooked with malai tikka Baked in clay Handi, serve with cucumber raita.",37.1,https://images.deliveryhero.io/image/talabat/Menuitems/Malai_Tikka_Biryani_636742472922458331.jpg?width=172&amp;height=172
Chicken Tandoori Dum Biryani,"Delicately flavored chicken tikka cooked with rice baked in clay handi, serve with cucumber raita",37.1,https://images.deliveryhero.io/image/talabat/Menuitems/Tandoori_Dum_Biryani_636751990638222946.jpg?width=172&amp;height=172
Maharaja Prawn Biryani,"Charcoal grill Prawn cooked with rice, baked in clay handi, serve with cucumber raita.",44.8,https://images.deliveryhero.io/image/talabat/Menuitems/Maharaja_Prawn_Birya_636742472934139535.jpg?width=172&amp;height=172
Sabz Biryani,"Rice cooked with green fresh mix vegetables and spices, served with cucumber raita.",29.4,https://images.deliveryhero.io/image/talabat/Menuitems/Sabz_Biryani(V)_636751990649333607.jpg?width=172&amp;height=172
Veg Fried Rice,"Combining fluffy grains of rice with crisp veggies, and aromatic seasonings",26.6,https://images.deliveryhero.io/image/talabat/Menuitems/mmw_638226768428818668?width=172&amp;height=172
Egg Fried Rice,Special rice based on Chinese Spices cooked with egg and spring onion.,23.8,https://images.deliveryhero.io/image/talabat/Menuitems/mmw_638226777801067579?width=172&amp;height=172
Chicken Fried Rice,"Made with tender chicken, mixed with freshly cooked basmati rice, and stir-fried with a variety of vegetables and spices.",34.3,https://images.deliveryhero.io/image/talabat/Menuitems/mmw_638226765130473944?width=172&amp;height=172
Plain Rice,"Experience the comfort of a classic with our perfectly cooked Plain Rice, fluffy and versatile, a staple ingredient in any meal.",21.0,https://images.deliveryhero.io/image/talabat/Menuitems/mmw_638226217447573116?width=172&amp;height=172
Flvaored Rice ,,17.5,https://images.deliveryhero.io/image/talabat/Menuitems/Garli_Rice_637243751068470398.jpg?width=172&amp;height=172
Lachha Paratha,,2.8,https://images.deliveryhero.io/image/talabat/Menuitems/mmw_638243541087254582?width=172&amp;height=172
Aloo Paratha ,"Fluffy, golden brown flatbread stuffed with spiced mashed potatoes, onions, and fresh herbs.",7.0,https://images.deliveryhero.io/image/talabat/Menuitems/mmw_638264033930490454?width=172&amp;height=172
Keema Paratha ,Paratha filled with spiced minced meat.,10.5,https://images.deliveryhero.io/image/talabat/Menuitems/mmw_638264206068069611?width=172&amp;height=172
Garlic Tandoori Roti ,,4.9,https://images.deliveryhero.io/image/talabat/Menuitems/mmw_638291011971346396?width=172&amp;height=172
Tandoori Roti,"A soft and fluffy unleavened bread with a slightly smoky flavor, perfect for scooping up savory curries and tandoori dishes.",2.8,https://images.deliveryhero.io/image/talabat/Menuitems/blob_637596086725775052?width=172&amp;height=172
Plain Naan,"Indulge in the warm and pillowy goodness of our freshly baked Plain Naan, brushed with melted butter and sprinkled with fragrant herbs, creating the perfect accompaniment to any savory dish.",3.5,https://images.deliveryhero.io/image/talabat/Menuitems/blob_637596092674401319?width=172&amp;height=172
Kalonji Naan,Naan bread infused with the flavors of kalonji seeds.,3.5,https://images.deliveryhero.io/image/talabat/Menuitems/mmw_638243527496182211?width=172&amp;height=172
Roghni Naan,Soft and buttery naan bread with a rich flavor.,5.6,https://images.deliveryhero.io/image/talabat/Menuitems/Roghni_Nan_2_636751990743033521.jpg?width=172&amp;height=172
Garlic Naan,"Enjoy our fluffy Garlic Naan, with bold garlic flavor, the perfect side for any meal.",4.9,https://images.deliveryhero.io/image/talabat/Menuitems/Garlic_Nan_2_636751990765705266.jpg?width=172&amp;height=172
Cheese Naan,"Savor the irresistible delight of our Cheese Naan—warm, fluffy bread infused with melted cheese, perfect as a meal accompaniment or a delectable snack.",17.5,https://images.deliveryhero.io/image/talabat/Menuitems/Cheese_Nan_1_636751990800588750.jpg?width=172&amp;height=172
Keema Naan,Indian bread stuffed with minced meat (keema).,17.5,https://images.deliveryhero.io/image/talabat/Menuitems/Keema_Naan_637247399875302535.jpg?width=172&amp;height=172
Aloo Naan,Soft and fluffy naan bread stuffed with seasoned potatoes.,7.0,https://images.deliveryhero.io/image/talabat/Menuitems/Aloo_Naan_(1)_636751990788397035.jpg?width=172&amp;height=172
Naan Basket ,,12.6,https://images.deliveryhero.io/image/talabat/Menuitems/mmw_638243527304320219?width=172&amp;height=172
Karachi Mix Chaat ,,26.6,
Dahi Baday ,,21.7,
Chiken Tikka Chaat ,"Combination of grill chicken, ice burg, carrot, cucumber and chaat masala.",25.2,https://images.deliveryhero.io/image/talabat/Menuitems/mmw_638304928748897465?width=172&amp;height=172
Shahi Samosa Chaat,,25.2,https://images.deliveryhero.io/image/talabat/Menuitems/mmw_638093003147632729?width=172&amp;height=172
Aaloo Chana Chaat,"Boiled Chickpeas, diced potato onion, tomato, mix with tangy sweet and Spicy Kg Sauces
",21.7,https://images.deliveryhero.io/image/talabat/Menuitems/Aaloo_Chana_Chaat_637243753629246637.jpg?width=172&amp;height=172
Mojitos,"Strawberry, kiwi, mojito, one of our coolest new mocktails with fresh mint, soda and KG flavors.",25.2,https://images.deliveryhero.io/image/talabat/Menuitems/mmw_638253681934606390?width=172&amp;height=172
Watermelon Mint,Cool refresher for beating the heat,23.8,https://images.deliveryhero.io/image/talabat/Menuitems/Watermelon_Mint_636751990960141829.jpg?width=172&amp;height=172
Pearl Of Jumeirah,Combination of pineapple with passions pearl,26.6,https://images.deliveryhero.io/image/talabat/Menuitems/Pearl_Of_Jumierah(1)_636751990972623806.jpg?width=172&amp;height=172
Dil To Pagal Hai,Classical mocktail,25.2,https://images.deliveryhero.io/image/talabat/Menuitems/Pink_Lady_636751991023362490.jpg?width=172&amp;height=172
Lemon Mint,Lemon slushed with mint leaves,23.8,https://images.deliveryhero.io/image/talabat/Menuitems/Lemon_Mint_636751991035504140.jpg?width=172&amp;height=172
Green Rose,Sparkling green with black pearls,14.7,https://images.deliveryhero.io/image/talabat/Menuitems/Green_Rose_636751991080096927.jpg?width=172&amp;height=172
Mango Lassi,Mango,21.7,https://images.deliveryhero.io/image/talabat/Menuitems/mmw_638226780405302607?width=172&amp;height=172
Karachi Sweet Lassi , ,17.5,https://images.deliveryhero.io/image/talabat/Menuitems/blob_637606729035793053?width=172&amp;height=172
Fresh Mango Juice,Refreshing and sweet drink made from the pulp of ripe mangoes mixed with water or other ingredients.,21.7,https://images.deliveryhero.io/image/talabat/Menuitems/mmw_638226770097629869?width=172&amp;height=172
Fresh Orange Juice,"Made with freshly squeezed oranges, it's a great source of Vitamin C.",21.7,https://images.deliveryhero.io/image/talabat/Menuitems/mmw_638226771138100406?width=172&amp;height=172
Fresh Strawberry Juice,Fresh strawberry juice: Juice made from fresh strawberries.,21.7,https://images.deliveryhero.io/image/talabat/Menuitems/mmw_638226771979764436?width=172&amp;height=172
Sangria ,,0.0,https://images.deliveryhero.io/image/talabat/Menuitems/mmw_638253686164312125?width=172&amp;height=172
Electric Blue,,23.8,https://images.deliveryhero.io/image/talabat/Menuitems/mmw_638243487315586557?width=172&amp;height=172
Oreo Shake,"Creamy concoction of velvety vanilla ice cream, rich chocolate syrup, and chunks of crumbly oreo cookies blended to perfection",21.7,https://images.deliveryhero.io/image/talabat/Menuitems/mmw_638243487171017522?width=172&amp;height=172
Mango Madness ,A Thick Creamy Milkshake ,30.0,https://images.deliveryhero.io/image/talabat/Menuitems/mmw_638309120996303008?width=172&amp;height=172
Black Panther ,"Activated charcoal, black current, black berry and cherry.",29.4,https://images.deliveryhero.io/image/talabat/Menuitems/mmw_638304757631388962?width=172&amp;height=172
Draggon Berry ,"Dragon fruit, strawberry mango.",29.4,https://images.deliveryhero.io/image/talabat/Menuitems/mmw_638304757677763760?width=172&amp;height=172
Avacado Breeze ,"Avocado, lime, mint, and mango.",29.4,https://images.deliveryhero.io/image/talabat/Menuitems/mmw_638304773802719620?width=172&amp;height=172
Heart Beet ,"Beetroot, Blueberry, pineapple,ginger ",29.4,https://images.deliveryhero.io/image/talabat/Menuitems/mmw_638304794769260799?width=172&amp;height=172
Passion In Fashion ,"Passion fruit, mango and pineapple ",42.0,https://images.deliveryhero.io/image/talabat/Menuitems/mmw_638306311788134921?width=172&amp;height=172
Acai Berry ,"Acai, blueberry, mango and banana ",42.0,https://images.deliveryhero.io/image/talabat/Menuitems/mmw_638306311809425551?width=172&amp;height=172
Mango Mastani Falooda,,23.1,https://images.deliveryhero.io/image/talabat/Menuitems/Royal_Falooda_636751990812780435.jpg?width=172&amp;height=172
Bubble Falooda,,25.2,https://images.deliveryhero.io/image/talabat/Menuitems/Bubble_Falooda_636751990824321509.jpg?width=172&amp;height=172
Pistachio Milk Cake ,"A cake made with pistachios and soaked in milk, resulting in a moist and flavorful dessert.",35.7,https://images.deliveryhero.io/image/talabat/Menuitems/mmw_638226264837820779?width=172&amp;height=172
Rose Milk Cake ,Cake flavored with rose and milk.,32.9,https://images.deliveryhero.io/image/talabat/Menuitems/mmw_638243488478650063?width=172&amp;height=172
Shahi Kesar Firni,,16.1,https://images.deliveryhero.io/image/talabat/Menuitems/Shahi_Kesar_Firni_636751990858324130.jpg?width=172&amp;height=172
Zafrani Rasmalai,,17.5,https://images.deliveryhero.io/image/talabat/Menuitems/Zafrani_Rasmalai_1_636751990835772496.jpg?width=172&amp;height=172
Gulab Jamun,"A soft and spongy milk balls, soaked in a luscious and aromatic syrup infused with cardamom and rose water, delivering a heavenly and satisfying dessert",14.0,https://images.deliveryhero.io/image/talabat/Menuitems/Gulab_Jamun_637247401163176935.jpg?width=172&amp;height=172
Kunafa Cream With Walnut Sauce,,17.5,https://images.deliveryhero.io/image/talabat/Menuitems/Kunafa_Cream_With_Wa_636751990882157002.jpg?width=172&amp;height=172
Saffron Milk Cake ,"Heavenly confection infused with the rich aroma of saffron, velvety milk",34.3,https://images.deliveryhero.io/image/talabat/Menuitems/Royal_Milk_Cake_636751990893117519.jpg?width=172&amp;height=172
Still Water 500ml,,4.2,https://images.deliveryhero.io/image/talabat/Menuitems/mmw_638226289428675531?width=172&amp;height=172
Pepsi 300ml,Carbonated soft drink,5.6,https://images.deliveryhero.io/image/talabat/Menuitems/Pepsi_637525283690720370.jpg?width=172&amp;height=172
7 Up 300ml,Non-caffeinated soft drink,5.6,https://images.deliveryhero.io/image/talabat/Menuitems/IMG-20201219-WA0048_637525283695746001.jpg?width=172&amp;height=172
Diet Pepsi 300ml,Carbonated soft drink with zero sugar & zero calories,5.6,https://images.deliveryhero.io/image/talabat/Menuitems/Diet_Pepsi_637525283701314809.jpg?width=172&amp;height=172
