item_name,item_description,item_price,item_image
Eucalyptus Honey,,0.0,https://images.deliveryhero.io/image/talabat/Menuitems/blob_637660132579847844?width=172&amp;height=172
Black Seed Fusion Honey,,0.0,https://images.deliveryhero.io/image/talabat/Menuitems/blob_637660138441413614?width=172&amp;height=172
Beehive Fusion Honey,,0.0,https://images.deliveryhero.io/image/talabat/Menuitems/blob_637660140966095745?width=172&amp;height=172
Ginger Fusion Honey,,0.0,https://images.deliveryhero.io/image/talabat/Menuitems/blob_637660142017678294?width=172&amp;height=172
Kashmiri Sidr Honey,,0.0,https://images.deliveryhero.io/image/talabat/Menuitems/blob_637660142572764764?width=172&amp;height=172
Royal Jelly Fusion Honey,,0.0,https://images.deliveryhero.io/image/talabat/Menuitems/blob_637660143185017764?width=172&amp;height=172
