item_name,item_description,item_price,item_image
chicken mo mo,,0.0,https://images.deliveryhero.io/image/talabat/Menuitems/Chicken_Momos_Recipe_Deli638046113856323069.jpg?width=172&amp;height=172
Chicken Khana Set,"Rice, Dal Jhaneko, Mix Vegetables, Saag Bhuteko, Chicken Curry, Curd, Papad and 2 types of Nepali pickles served in traditional Nepali style.",19.0,https://images.deliveryhero.io/image/talabat/Menuitems/download_85638046114936536291.jpeg?width=172&amp;height=172
KPR Chatpate ,,15.0,https://images.deliveryhero.io/image/talabat/Menuitems/mmw_638184660780846314?width=172&amp;height=172
Vegetables Thakali Khana Set,"Rice, Dal Jhaneko, Mix Vegetables, Saag Bhuteko, Curd, Papad, Beans Curry, Mushroom or Mutter paneer, Ghee, 2 types of Nepali pickles, Gundruk Sadeko and Sweets served in traditional Thakali style.",23.0,https://images.deliveryhero.io/image/talabat/Menuitems/dalbhatNepalesefood_1638046115394307828.jpg?width=172&amp;height=172
Chicken Thakali Khana Set,"Rice, dal jhaneko, mix vegetables, saag bhuteko, beans curry, chicken curry, ghee, curd, papad, 2 types of nepali pickles and gundruk sadeko served in traditional thakali style.",23.0,https://images.deliveryhero.io/image/talabat/Menuitems/chickenkhanaset638046115520827789.jpg?width=172&amp;height=172
Clear vegetable soup,"Soup, vegetable broth, boiled vegetables and spices",15.0,https://images.deliveryhero.io/image/talabat/Menuitems/mmw_638025677727284181?width=172&amp;height=172
Mushroom Soup,"Treat your taste buds to the rich and earthy flavors of tender mushrooms, herbs, and cream, blended into a creamy and satisfying bowl of warm Mushroom Soup",15.0,https://images.deliveryhero.io/image/talabat/Menuitems/mmw_638025679372937608?width=172&amp;height=172
Chicken Soup,"Warm your soul with chunks of chicken and a rich broth, make perfect comfort food for any day ",15.0,https://images.deliveryhero.io/image/talabat/Menuitems/mmw_638184588789975851?width=172&amp;height=172
Aloo Tama Soup,"A tradiontal nepalese soup made of beans, potato and bamboo shoot very rich in flavours .",15.0,https://images.deliveryhero.io/image/talabat/Menuitems/mmw_638184589733189953?width=172&amp;height=172
Hot And Sour Soup Veg ,"Soup made of fresh mixed vegetables spices, soy, vinegar spicy and tangy flavours",14.0,https://images.deliveryhero.io/image/talabat/Menuitems/mmw_638184589781699876?width=172&amp;height=172
Hot And Sour Soup Chicken,"A spicy and hot soup made of eggs and chicken using different spices, soy sauce and vinegar. Spicy and tangy ",15.0,https://images.deliveryhero.io/image/talabat/Menuitems/mmw_638184589363784988?width=172&amp;height=172
Haddi Soup Mutton, A delicious soup made out of mutton bones using aromatic spices and herbs,15.0,https://images.deliveryhero.io/image/talabat/Menuitems/mmw_638184590324393120?width=172&amp;height=172
Banana Lassi,A refreshing and creamy yogurt-based drink blended with ripe bananas.,10.0,https://images.deliveryhero.io/image/talabat/Menuitems/mmw_638184591944592261?width=172&amp;height=172
Plain Lassi,Yogurtbased drink without any added flavors.,8.0,https://images.deliveryhero.io/image/talabat/Menuitems/mmw_638184594614082579?width=172&amp;height=172
Orange Juice ,"Made with freshly squeezed oranges, it's a great source of Vitamin C.",15.0,https://images.deliveryhero.io/image/talabat/Menuitems/mmw_638184594850964194?width=172&amp;height=172
Watermelon Juice,Refreshing and hydrating beverage made from freshly squeezed watermelon. It is a natural source of vitamins and minerals,15.0,https://images.deliveryhero.io/image/talabat/Menuitems/mmw_638184596418665233?width=172&amp;height=172
Mango Lassi ,Refreshing yogurt-based drink with mango flavor.,15.0,https://images.deliveryhero.io/image/talabat/Menuitems/mmw_638184596289775107?width=172&amp;height=172
Combo Khaja Set ,"Kpr signature dish includes newari khaja set served with beaten rice, bhutton fry, buff or chicken choila,sukuti fry, mix achar, bara, egg, aloo tama, peanut sadheko and salad.",35.0,https://images.deliveryhero.io/image/talabat/Menuitems/mmw_638184599904814684?width=172&amp;height=172
Mutton Taas Set,"Classic Nepali snacks includes mutton fry, aloo sadehko, puff rice served with radish pickle, and salad
",28.0,https://images.deliveryhero.io/image/talabat/Menuitems/mmw_638184601327652255?width=172&amp;height=172
Mini Momo Platter Veg,Platter 4 types of momo 12 pcs.   ,28.0,https://images.deliveryhero.io/image/talabat/Menuitems/mmw_638184605685803729?width=172&amp;height=172
Jumbo Momo Platter Veg,Platter 4 types of momo 24 pcs.,45.0,https://images.deliveryhero.io/image/talabat/Menuitems/mmw_638184606446403845?width=172&amp;height=172
Half MoMo And Half Chowmein Veg ,5 pc of steamed veg momo with half portion of veg stir fried noodles,22.0,
Half MoMo Half Chowmein Chicken,5 piece of chicken steamed momo and half portion of stir fried chicken noodles,23.0,
Half MoMo Half Chowmein Buff,5 piece of buffalo steamed momos with half portion stir fried buffalo noodles,24.0,
Full Chowmein Half MoMo Veg ,Full portion of veg stir fried noodles with 5 pc of chicken steamed momo,25.0,
Full Chowmein Half MoMo Chicken,Full portion of stir fried chicken noodles with 5 pc of chicken steamed momo,26.0,
Full Chowmein Half MoMo Buff,Full portion of stir fried buff noodles with 5 pc of buff steam momo.,27.0,
Full MoMo Half Chowmein Veg,10 pc of veg steam momo with half portion of stir fried veg noodles.,25.0,
Full MoMo Half Chowmein Buff ,10 pc of buff steamed momo with half portion of stir fried buff noodles,27.0,
Full MoMo Half Chowmein Chicken ,10 pc of chicken steamed momo with half portion stir fried chicken noodles,26.0,
Jumbo MoMo15 Pcs Veg ,15 Pc of veg steamed momo.,25.0,https://images.deliveryhero.io/image/talabat/Menuitems/mmw_638260765917222445?width=172&amp;height=172
Jumbo MoMo15 Pcs Buff,15 pc of  buff steamed momo,28.0,https://images.deliveryhero.io/image/talabat/Menuitems/mmw_638261537596962495?width=172&amp;height=172
Jumbo MoMo15 Pcs Chicken,15 pc of chicken steamed momo.,27.0,https://images.deliveryhero.io/image/talabat/Menuitems/mmw_638258100555502855?width=172&amp;height=172
Jumbo Chowmein Veg,1and half plate chowmien,25.0,https://images.deliveryhero.io/image/talabat/Menuitems/mmw_638184638866620714?width=172&amp;height=172
Jumbo Chowmein Buff,1 and half plate chowmien.,27.0,https://images.deliveryhero.io/image/talabat/Menuitems/mmw_638184627533336010?width=172&amp;height=172
Jumbo Chowmein  Chicken,1 and half plate chowmien,27.0,https://images.deliveryhero.io/image/talabat/Menuitems/mmw_638184629566781439?width=172&amp;height=172
Mini Momo Platter Buff 12 Pc,"3 Pc steam, 3 pc kothey, 3 pc fried, and 3 pc chilly.",28.0,https://images.deliveryhero.io/image/talabat/Menuitems/mmw_638188835161127819?width=172&amp;height=172
Jumbo Momo Platter Chicken,"6 pc steam, 6 pc fried, 6 pc kothey, and 6 pc chilli",45.0,https://images.deliveryhero.io/image/talabat/Menuitems/mmw_638208039874887304?width=172&amp;height=172
Mini Momo Platter Chicken 12 Pieces,"3 pieces steam, 3 pieces fried, 3 pieces kothey and 3 pieces chilli",28.0,https://images.deliveryhero.io/image/talabat/Menuitems/mmw_638208039093052864?width=172&amp;height=172
Jumbo Momo Platter Buff 24 Pcs,"6 pcs steam, 6 pcs kothey, 6 pcs chilli and 6 pcs fried",45.0,https://images.deliveryhero.io/image/talabat/Menuitems/mmw_638208040910343397?width=172&amp;height=172
Vegetable Chowmein,Stir fried noodles with mix vegetable,18.0,https://images.deliveryhero.io/image/talabat/Menuitems/mmw_638184627780311152?width=172&amp;height=172
Chicken Chowmein,Stir-fried noodles with seasoned chicken and vegetables.,20.0,https://images.deliveryhero.io/image/talabat/Menuitems/mmw_638184629622931996?width=172&amp;height=172
Buff Chowmein,Stir fried noodles with buff meat and mix vegetables,22.0,https://images.deliveryhero.io/image/talabat/Menuitems/mmw_638258145269857097?width=172&amp;height=172
Mix Chowmein Veg,,22.0,https://images.deliveryhero.io/image/talabat/Menuitems/mmw_638184628092089034?width=172&amp;height=172
Sukuti Chowmein,Stir fried noodles with sukuti deep fried buff and mix vegetable.,24.0,https://images.deliveryhero.io/image/talabat/Menuitems/mmw_638184630016752168?width=172&amp;height=172
Mix Chowmein Non Veg ,"Stir fried noodles with chicken ,egg, buff and mix vegetables.",25.0,https://images.deliveryhero.io/image/talabat/Menuitems/mmw_638258146318934671?width=172&amp;height=172
Vegetable Thukpa,Boiled noodles with mix vegetables in clear soup,18.0,https://images.deliveryhero.io/image/talabat/Menuitems/mmw_638184641746186125?width=172&amp;height=172
Chicken Thukpa,Boiled noodles with chicken and mix vegetables in clear soup,20.0,https://images.deliveryhero.io/image/talabat/Menuitems/mmw_638184631058482421?width=172&amp;height=172
Buff Thukpa,Boiled noodles with buffalo stripes and mix vegetables in clear soup,22.0,https://images.deliveryhero.io/image/talabat/Menuitems/mmw_638184631864355484?width=172&amp;height=172
Mix Veg. Thukpa ,"Boiled noodles with mixed vegetables, paneer and mushroom in clear soup",22.0,https://images.deliveryhero.io/image/talabat/Menuitems/mmw_638184633170500027?width=172&amp;height=172
Sukuti Thukpa,,24.0,https://images.deliveryhero.io/image/talabat/Menuitems/mmw_638184632737877003?width=172&amp;height=172
Mix Thukpa Non Veg ,,25.0,https://images.deliveryhero.io/image/talabat/Menuitems/mmw_638184634001441793?width=172&amp;height=172
Vegetable Fried Rice,Fluffy rice fried with mix vegetables .,18.0,https://images.deliveryhero.io/image/talabat/Menuitems/mmw_638184635862229497?width=172&amp;height=172
Egg Fried Rice,Fluffy rice fried with egg and mixed vegetables  ,19.0,https://images.deliveryhero.io/image/talabat/Menuitems/mmw_638261540627518816?width=172&amp;height=172
Chicken Fried Rice,Fluffy rice fried with chicken and mixed vegetable.,20.0,https://images.deliveryhero.io/image/talabat/Menuitems/mmw_638184634347001170?width=172&amp;height=172
Veg. Manchurian With Rice,Veg munchurian served with fried rice,22.0,https://images.deliveryhero.io/image/talabat/Menuitems/mmw_638184635761867039?width=172&amp;height=172
Chicken Manchurian with Rice,Fried rice with chicken munchurian,25.0,https://images.deliveryhero.io/image/talabat/Menuitems/mmw_638184636260360375?width=172&amp;height=172
Chicken In Hot Garlic With Rice,Hot garlic chicken served with plain rice.,25.0,https://images.deliveryhero.io/image/talabat/Menuitems/mmw_638261547126939906?width=172&amp;height=172
Mixed Fried Rice,"Fluffy riced fried with egg, chicken, buff and mixed vegetables",25.0,https://images.deliveryhero.io/image/talabat/Menuitems/mmw_638184637768217265?width=172&amp;height=172
Chinese Combo Veg ,"Combination of fried rice, noodles and Muchurian.",25.0,
Prawn Fried Rice,"
Fluffy rice fried with prawns and mix vegetables.",25.0,https://images.deliveryhero.io/image/talabat/Menuitems/mmw_638184644494251189?width=172&amp;height=172
Chinese Combo Chicken,"Combination of fried rice, noodles and chicken chilly",29.0,
Tawa Roti Per Pc,Flat bread ,2.0,https://images.deliveryhero.io/image/talabat/Menuitems/mmw_638184684057417771?width=172&amp;height=172
Plain Rice,"Experience the comfort of a classic with our perfectly cooked Plain Rice, fluffy and versatile, a staple ingredient in any meal.",7.0,https://images.deliveryhero.io/image/talabat/Menuitems/mmw_638184682779602702?width=172&amp;height=172
Jeera Rice,"Experience the bold and aromatic flavors of India with our Jeera Rice, made using premium basmati rice, fragrant cumin, and a blend of traditional spices for a delicious and satisfying meal.",10.0,https://images.deliveryhero.io/image/talabat/Menuitems/mmw_638184684417063309?width=172&amp;height=172
Dal Fry Masala,"A popular receipe made of lentils which sauted in masla made of onions, tomato, ginger, garlic with herbs and spices",13.0,https://images.deliveryhero.io/image/talabat/Menuitems/mmw_638184684642520701?width=172&amp;height=172
Mixed Vegetable Curry ,"Vegetable curry made with mixed vegetables, spices, and herbs",15.0,https://images.deliveryhero.io/image/talabat/Menuitems/mmw_638184685944354498?width=172&amp;height=172
Aloo Bhindi,Lightly spiced curry made of okra and potatoes,12.0,https://images.deliveryhero.io/image/talabat/Menuitems/mmw_638258919198191114?width=172&amp;height=172
Gobi Mutter,Curry made of green peas and cauliflower,12.0,https://images.deliveryhero.io/image/talabat/Menuitems/mmw_638184689463843503?width=172&amp;height=172
Chicken Curry,"Savor the aromatic and spicy blend of tender chicken and exotic curry spices, simmered to perfection for a tantalizing taste experience.",18.0,https://images.deliveryhero.io/image/talabat/Menuitems/mmw_638259618660548752?width=172&amp;height=172
Mushroom Curry,"Delicious curry made of button mushrooms , onions , tomatoes spices and herbs",16.0,https://images.deliveryhero.io/image/talabat/Menuitems/mmw_638258911128195884?width=172&amp;height=172
Muttar Paneer Masala ,Traditonal Indian curry made of green peas and paneer cottage cheese ,18.0,https://images.deliveryhero.io/image/talabat/Menuitems/mmw_638258908385663403?width=172&amp;height=172
Chicken Butter Masala,"Popular indian dish made of chicken, tomato, cream, yogurt and spices.",20.0,https://images.deliveryhero.io/image/talabat/Menuitems/mmw_638258903712880099?width=172&amp;height=172
Mutton Curry,"Indulge in the aromatic delight of our Mutton Curry, tender pieces of succulent mutton simmered in a rich, flavorful gravy, boasting a harmonious blend of spices that will transport you to a culinary paradise with each savory spoonful.",20.0,https://images.deliveryhero.io/image/talabat/Menuitems/mmw_638258900335161284?width=172&amp;height=172
Mutton Dry Or Pakku,Pan fried mutton  cooked using various herbs and spices,25.0,https://images.deliveryhero.io/image/talabat/Menuitems/mmw_638258899551748962?width=172&amp;height=172
French Fries ,"Fried to a golden crisp perfection and perfectly seasoned, perfect accompaniment to any meal.",15.0,
Bhatmas Sadheko,,15.0,https://images.deliveryhero.io/image/talabat/Menuitems/mmw_638184650264902822?width=172&amp;height=172
Peanut Sadheko,,15.0,https://images.deliveryhero.io/image/talabat/Menuitems/mmw_638258131295957665?width=172&amp;height=172
Mix Achar Nepali Style,"nepali style mix pickle made with potato, cucumber, carrot and radish using different herbs and spices",10.0,https://images.deliveryhero.io/image/talabat/Menuitems/mmw_638261564796413051?width=172&amp;height=172
KPR Chatpate ,,15.0,https://images.deliveryhero.io/image/talabat/Menuitems/mmw_638184660780846314?width=172&amp;height=172
Aloo Sadheko,"Nepali style potato, onion salad mixed with different spices, and herbs
",13.0,https://images.deliveryhero.io/image/talabat/Menuitems/mmw_638261561039285970?width=172&amp;height=172
Veg Pakauda,,15.0,https://images.deliveryhero.io/image/talabat/Menuitems/mmw_638184673072218336?width=172&amp;height=172
Chips Chilly,,15.0,https://images.deliveryhero.io/image/talabat/Menuitems/mmw_638184676054430338?width=172&amp;height=172
Paneer Pakoda ,Deepfried fritters made with paneer.,18.0,https://images.deliveryhero.io/image/talabat/Menuitems/mmw_638184681035389704?width=172&amp;height=172
Paneer Chilly,Dish with spicy paneer and bell peppers.,18.0,https://images.deliveryhero.io/image/talabat/Menuitems/mmw_638184682155471934?width=172&amp;height=172
Sausage Chilly,,14.0,https://images.deliveryhero.io/image/talabat/Menuitems/mmw_638184690333006935?width=172&amp;height=172
Chicken Choila,Grilled chicken meat marinated with traditional herbs and spices ,20.0,https://images.deliveryhero.io/image/talabat/Menuitems/mmw_638187221276074788?width=172&amp;height=172
Buff Choila,Grilled buffalo meat season with different herbs and spices.,20.0,https://images.deliveryhero.io/image/talabat/Menuitems/mmw_638187226844593904?width=172&amp;height=172
Sukuti Sadheko,Deep fried buffalo stripes mixed with raw vegetable and marinated with spices . Spicy and tangy,22.0,
Chicken Chilly With Bone,,18.0,https://images.deliveryhero.io/image/talabat/Menuitems/mmw_638187231625149442?width=172&amp;height=172
Chicken Chilly Bone Less,,20.0,https://images.deliveryhero.io/image/talabat/Menuitems/mmw_638187232831947246?width=172&amp;height=172
Chicken Sadheko,"Boiled chicken stripes marinated with traditional herbs, spices and raw vegetable",20.0,https://images.deliveryhero.io/image/talabat/Menuitems/mmw_638258103761631756?width=172&amp;height=172
Chicken Drumstick,,20.0,https://images.deliveryhero.io/image/talabat/Menuitems/mmw_638187248209053481?width=172&amp;height=172
Spicy Chicken Wings,Spicy and succulent wings.,20.0,https://images.deliveryhero.io/image/talabat/Menuitems/mmw_638258106288262824?width=172&amp;height=172
Buff Chilly,Pan fried buff sauted with mix vegetables in house sauce,20.0,
Bhuttan Fry,Pan fried goat liver and intestine mixed with different spices and herbs.,18.0,
Mutton Tauko Fry ,,25.0,
Chicken Roast Nepali Style,,28.0,https://images.deliveryhero.io/image/talabat/Menuitems/mmw_638258105456231801?width=172&amp;height=172
Prawn Chilly,,28.0,
Golden Fried Prawn ,,28.0,
Snacks Platter Non Veg ,"Chicken choila, sukuti fried, bhutton fry, sausage fried, chicken chilly and beaten rice.",35.0,https://images.deliveryhero.io/image/talabat/Menuitems/mmw_638258130001387270?width=172&amp;height=172
veg mo mo,,0.0,https://images.deliveryhero.io/image/talabat/Menuitems/mmw_638025686663239686?width=172&amp;height=172
chicken mo mo,,0.0,https://images.deliveryhero.io/image/talabat/Menuitems/Chicken_Momos_Recipe_Deli638046113856323069.jpg?width=172&amp;height=172
buff mo mo,,0.0,https://images.deliveryhero.io/image/talabat/Menuitems/download_84638046113992181761.jpeg?width=172&amp;height=172
Vegetables Khana Set,"Rice, Dal Jhaneko, Mix Vegetables, Saag Bhuteko, Curd, Papad and 2 types of Nepali pickles served in traditional Nepali style.",17.0,https://images.deliveryhero.io/image/talabat/Menuitems/dalbhatNepalesefood638046114808923263.jpg?width=172&amp;height=172
Chicken Khana Set,"Rice, Dal Jhaneko, Mix Vegetables, Saag Bhuteko, Chicken Curry, Curd, Papad and 2 types of Nepali pickles served in traditional Nepali style.",19.0,https://images.deliveryhero.io/image/talabat/Menuitems/download_85638046114936536291.jpeg?width=172&amp;height=172
Mutton Khana Set,"Rice, Dal Jhaneko, Mix Vegetables, Saag Bhuteko, Mutton Curry, Curd, Papad and 2 types of Nepali pickles served in traditional Nepali style.",22.0,https://images.deliveryhero.io/image/talabat/Menuitems/muttonkhanaset638046115077056655.jpg?width=172&amp;height=172
Vegetables Thakali Khana Set,"Rice, Dal Jhaneko, Mix Vegetables, Saag Bhuteko, Curd, Papad, Beans Curry, Mushroom or Mutter paneer, Ghee, 2 types of Nepali pickles, Gundruk Sadeko and Sweets served in traditional Thakali style.",23.0,https://images.deliveryhero.io/image/talabat/Menuitems/dalbhatNepalesefood_1638046115394307828.jpg?width=172&amp;height=172
Chicken Thakali Khana Set,"Rice, dal jhaneko, mix vegetables, saag bhuteko, beans curry, chicken curry, ghee, curd, papad, 2 types of nepali pickles and gundruk sadeko served in traditional thakali style.",23.0,https://images.deliveryhero.io/image/talabat/Menuitems/chickenkhanaset638046115520827789.jpg?width=172&amp;height=172
Mutton Thakali Khana Set,"Rice, Dal Jhaneko, Mix Vegetables, Saag Bhuteko, Beans Curry, Mutton Curry, Ghee, Curd, Papad, 2 types of Nepali pickles, Gundruk Sadeko, Sweets, and served in traditional Thakali style.",25.0,https://images.deliveryhero.io/image/talabat/Menuitems/muttonkhanaset_1638046115663690886.jpg?width=172&amp;height=172
Local Chicken Thakali Set,"Rice, Dal Jhaneko, Mix Vegetables, Saag Bhuteko, Beans Curry, Local Chicken Curry, Ghee, Curd, Papad, 2 types of Nepali pickles, Gundruk Sadeko, Sweets, and served in traditional Thakali style.",25.0,https://images.deliveryhero.io/image/talabat/Menuitems/download_86638046115809914881.jpeg?width=172&amp;height=172
Mushroom Veg Khaja Set,"Typical Newari khaja set served with Beaten Rice, Mushroom Chilly, Mix Achar, Bara, Aloo Tama Soup, Peanut Sadheko and Salad",20.0,https://images.deliveryhero.io/image/talabat/Menuitems/download_87638046115981810620.jpeg?width=172&amp;height=172
Bhuttan Khaja Set,"Typical Newari khaja set served with Beaten Rice, Bhutton Fry, Mix Achar, Bara, Egg, Aloo Tama Soup, Peanut Sadheko and Salad",22.0,https://images.deliveryhero.io/image/talabat/Menuitems/download_88638046116126139450.jpeg?width=172&amp;height=172
Chicken Choila Khaja Set,"Classic and Famous Newari khaja set served with Beaten Rice, Choila chicken, Mix Achar, Bara, Egg, Aloo Tama Soup, Peanut Sadheko and Salad",22.0,https://images.deliveryhero.io/image/talabat/Menuitems/mmw_638258136624847873?width=172&amp;height=172
Mutton Khaja Set,"Typical Newari khaja set served with Beaten Rice, Mutton dry, Mix Achar, Bara, Egg, Aloo Tama Soup, Peanut Sadheko and Salad",25.0,https://images.deliveryhero.io/image/talabat/Menuitems/download_91638046116541229828.jpeg?width=172&amp;height=172
Sukuti Khaja Set,"Typical Newari khaja set served with Beaten Rice, Sukuti Fry, Mix Achar, Bara, Egg, Aloo Tama Soup, Peanut Sadheko and Salad",25.0,https://images.deliveryhero.io/image/talabat/Menuitems/IMG20220119WA0025638046116697016656.jpg?width=172&amp;height=172
Buff Choila Khaja Set,"Classic and famous newari khaja set served with beaten rice, choila buff, mix achar, bara, egg, aloo tama soup, peanut sadheko and salad",23.0,https://images.deliveryhero.io/image/talabat/Menuitems/mmw_638258134478583317?width=172&amp;height=172
Vegetable Spring Rolls,Crispy rolls filled with mixed vegetables.,16.0,https://images.deliveryhero.io/image/talabat/Menuitems/download_92638046116871345281.jpeg?width=172&amp;height=172
Egg Spring Rolls,,17.0,https://images.deliveryhero.io/image/talabat/Menuitems/download_93638046117012940926.jpeg?width=172&amp;height=172
Chicken Spring Rolls,Chicken Spring Rolls are filled with tender chicken and fresh vegetables,18.0,https://images.deliveryhero.io/image/talabat/Menuitems/download_94638046117126262559.jpeg?width=172&amp;height=172
Buff Spring Rolls,,19.0,https://images.deliveryhero.io/image/talabat/Menuitems/download_95638046117251253047.jpeg?width=172&amp;height=172
Mix Spring Rolls,,20.0,https://images.deliveryhero.io/image/talabat/Menuitems/download_96638046117376773813.jpeg?width=172&amp;height=172
Fuchhe Choila,,8.0,https://images.deliveryhero.io/image/talabat/Menuitems/download_97638046119144510195.jpeg?width=172&amp;height=172
Fuchhe Sukuti,,8.0,https://images.deliveryhero.io/image/talabat/Menuitems/download_98638046119253656366.jpeg?width=172&amp;height=172
Fuchhe Momo,,8.0,https://images.deliveryhero.io/image/talabat/Menuitems/download_99638046119496631638.jpeg?width=172&amp;height=172
Fuchhe  Bhutton,Goat liver and intestine boiled and pan fried to perfection with mix herbs and spices,8.0,https://images.deliveryhero.io/image/talabat/Menuitems/mmw_638258165667142041?width=172&amp;height=172
Chicken Syabhale,Minced meat wrapped with dough and deep fried dumpling. served with light spicy chutney,18.0,https://images.deliveryhero.io/image/talabat/Menuitems/download_100638046119658744900.jpeg?width=172&amp;height=172
Buff Syabhale,Minced meat wrapped with dough and deep fried dumpling. served with light spicy chutney,20.0,https://images.deliveryhero.io/image/talabat/Menuitems/Syabhale638046119792833445.jpg?width=172&amp;height=172
Vegetable Dhindo Set,"Dhindo Millet, Dal Jhaneko, Mix Vegetables, Saag Bhuteko, Beans Curry, Mushroom Curry, Ghee, Curd, Papad, 2 types of Nepali pickle, Gundruk Sadeko, Sweets, and served in traditional Thakali style.",22.0,https://images.deliveryhero.io/image/talabat/Menuitems/download__20221121T112028638046120318990445.jpeg?width=172&amp;height=172
Chicken Dhindo Set,"Dhindo Millet, Dal Jhaneko, Mix Vegetables, Saag Bhuteko, Beans Curry, Chicken Curry, Ghee, Curd, Papad, 2 types of Nepali pickles, Gundruk Sadeko, Sweets and served in traditional Thakali style.",22.0,https://images.deliveryhero.io/image/talabat/Menuitems/download__20221121T112040638046120441412546.jpeg?width=172&amp;height=172
Mutton Dhindo Set,"Dhindo Millet, Dal Jhaneko, Mixed Vegetables, Saag Bhuteko, Beans Curry, Mutton Curry, Ghee, Curd, Papad, 2 types of Nepali pickles, Gundruk Sadeko, Sweets, and served in traditional Thakali style",25.0,https://images.deliveryhero.io/image/talabat/Menuitems/download__20221121T112052638046120568009053.jpeg?width=172&amp;height=172
Local Chicken Dhindo Set,"Dhindo Millet, Dal, Mix Vegetables, Saag Bhuteko, Beans Curry, Local Chicken Curry, Ghee, Curd, Papad, 2 types of Nepali pickles, Gundruk Sadeko, Sweets, and served in traditional Thakali style",25.0,https://images.deliveryhero.io/image/talabat/Menuitems/localchickendhido638046120752708528.jpg?width=172&amp;height=172
Snacks Platter Veg,"Combination platter  of aloo jeera , bhatmas sadheko , paneer pakora, chips chilly, mix achaar beaten rice and salad",30.0,
Small mineral Water,500 ml.,3.0,https://images.deliveryhero.io/image/talabat/Menuitems/Water638018895429026559.jpg?width=172&amp;height=172
Large Mineral Water,Stay hydrated and refreshed with our mineral water.,5.0,https://images.deliveryhero.io/image/talabat/Menuitems/Water638018895463185155.jpg?width=172&amp;height=172
Fresh lime soda,Made with real lime juice and sparkling water,10.0,https://images.deliveryhero.io/image/talabat/Menuitems/download__20221121T112151638046121145609539.jpeg?width=172&amp;height=172
Lemon Mint Juice,"Made with a blend of fresh lemons, mint, and a touch of sweetness, it's a perfect thirst quencher and great to enjoy anytime of the day.",10.0,https://images.deliveryhero.io/image/talabat/Menuitems/mmw_638258172942787754?width=172&amp;height=172
Jumbo Drinks,,18.0,
Green Salad Nepali Style,,10.0,https://images.deliveryhero.io/image/talabat/Menuitems/download__20221121T112208638046121315435736.jpeg?width=172&amp;height=172
Gulab Jamun,per pc,3.0,https://images.deliveryhero.io/image/talabat/Menuitems/gulabjamun638046121789311548.jpg?width=172&amp;height=172
