item_name,item_description,item_price,item_image
Spanish Latte,"Classic espresso, balanced with condensed milk, milk of your choice and poured over ice.",20.0,https://images.deliveryhero.io/image/talabat/Menuitems/2EB24CBEADE93BD702F8E0A855871827?width=172&amp;height=172
Ginger Chai,"Signature ginger chai made with freshly brewed black tea, fresh ginger and fresh milk.",15.0,https://images.deliveryhero.io/image/talabat/Menuitems/EDE5A78FCF63E020F783D45F59197402?width=172&amp;height=172
Chai Latte,"Freshly brewed black tea, paired with fresh milk of your choice and topped with steamed milk foam.",15.0,https://images.deliveryhero.io/image/talabat/Menuitems/F026D1E54C7D73BE019E60EA50BCA369?width=172&amp;height=172
Iced Americano,"Classic espresso with water, poured over ice.",18.0,https://images.deliveryhero.io/image/talabat/Menuitems/B84CD343FF2C81C3B1CFC859145554EF?width=172&amp;height=172
Turkey & Cheese Croissant,"Brown pastry croissant with rich buttery layers, filled with turkey and cheese.",21.0,https://images.deliveryhero.io/image/talabat/Menuitems/438B77C5DBFA2156F5A409F6C09EB380?width=172&amp;height=172
Iced Caffe Latte,"Classic espresso, with milk of your choice and poured over ice.",21.0,https://images.deliveryhero.io/image/talabat/Menuitems/87983C0C4CDE7DBB03D04F6DC911237F?width=172&amp;height=172
Iced Spanish Latte,"Classic espresso, balanced with condensed milk, milk of your choice and poured over ice.",23.0,https://images.deliveryhero.io/image/talabat/Menuitems/0546C253E467CE273E455EE2EE36FDFD?width=172&amp;height=172
Matcha Latte,Matcha green tea with milk of your choice and poured over ice.,22.0,https://images.deliveryhero.io/image/talabat/Menuitems/C372BF548C6775AE9A2DDE1C9A03A85B?width=172&amp;height=172
Karak Masala Chai,"Signature karak chai made with freshly brewed black tea, home spice blend and fresh milk.",15.0,https://images.deliveryhero.io/image/talabat/Menuitems/A74F1842125954A88078D5ECD6347B14?width=172&amp;height=172
Ginger Chai,"Signature ginger chai made with freshly brewed black tea, fresh ginger and fresh milk.",15.0,https://images.deliveryhero.io/image/talabat/Menuitems/FF7C6D241A07713471067D77DCBD1BC3?width=172&amp;height=172
Kava Combo,Get a coffee and croissant of your choice.,35.0,https://images.deliveryhero.io/image/talabat/Menuitems/AA13C43075ECE2EF385716FE0FFA1680?width=172&amp;height=172
Chai Combo,Get a tea and croissant of your choice.,32.0,https://images.deliveryhero.io/image/talabat/Menuitems/800667F71A53770B9FBC9315BB4A76BE?width=172&amp;height=172
Iced Caffe Latte,"Classic espresso, with milk of your choice and poured over ice.",21.0,https://images.deliveryhero.io/image/talabat/Menuitems/6152741B76985F04697EC16C13C05733?width=172&amp;height=172
Iced Americano,"Classic espresso with water, poured over ice.",18.0,https://images.deliveryhero.io/image/talabat/Menuitems/B84CD343FF2C81C3B1CFC859145554EF?width=172&amp;height=172
Iced Spanish Latte,"Classic espresso, balanced with condensed milk, milk of your choice and poured over ice.",23.0,https://images.deliveryhero.io/image/talabat/Menuitems/3682D436D89C2A1917C4310831DBD8B6?width=172&amp;height=172
Iced Caffe Mocha,"Espresso, milk and dark chocolate or white chocolate sauce, poured over ice.",23.0,https://images.deliveryhero.io/image/talabat/Menuitems/377B9D5A84F93C354FC55D9F203A727A?width=172&amp;height=172
Americano,Espresso shots topped with water.,16.0,https://images.deliveryhero.io/image/talabat/Menuitems/FF3AB96CA45A42CB927E84B89B79CAE9?width=172&amp;height=172
Cappuccino,Dark espresso paired with thick layer of steamed milk foam.,20.0,https://images.deliveryhero.io/image/talabat/Menuitems/2214AB3053519631A81C21BEA62B3A86?width=172&amp;height=172
Caffe Latte,Espresso balanced with steamed milk of your choice and topped with a light layer of foam.,20.0,https://images.deliveryhero.io/image/talabat/Menuitems/286D078BABB194BB97F26A4708423361?width=172&amp;height=172
Caffe Mocha,"Espresso, combined with dark chocolate or white chocolate mocha sauce, with steamed milk.",21.0,https://images.deliveryhero.io/image/talabat/Menuitems/60EE342E76DB488833C90EC9F96FF883?width=172&amp;height=172
Hot Chocolate,Warm toasty hot chocolate that combines chocolate and milk of your choice.,21.0,https://images.deliveryhero.io/image/talabat/Menuitems/DADCBFE66E2F1ECE7E301FB20A7FEC1B?width=172&amp;height=172
Spanish Latte,"Classic espresso, balanced with condensed milk, milk of your choice and poured over ice.",20.0,https://images.deliveryhero.io/image/talabat/Menuitems/2EB24CBEADE93BD702F8E0A855871827?width=172&amp;height=172
Karak Masala Chai,"Signature karak chai made with freshly brewed black tea, home spice blend and fresh milk.",15.0,https://images.deliveryhero.io/image/talabat/Menuitems/52E2233F55E2C979045BFB48DEF546AC?width=172&amp;height=172
Ginger Chai,"Signature ginger chai made with freshly brewed black tea, fresh ginger and fresh milk.",15.0,https://images.deliveryhero.io/image/talabat/Menuitems/EDE5A78FCF63E020F783D45F59197402?width=172&amp;height=172
Chai Latte,"Freshly brewed black tea, paired with fresh milk of your choice and topped with steamed milk foam.",15.0,https://images.deliveryhero.io/image/talabat/Menuitems/F026D1E54C7D73BE019E60EA50BCA369?width=172&amp;height=172
Matcha Latte,"Matcha green tea, with milk of your choice.",22.0,https://images.deliveryhero.io/image/talabat/Menuitems/8A28498D01F807293A1AA6FF764F0A60?width=172&amp;height=172
Butter Croissant,"Our classic French croissant, with soft and flaky layers of rich buttery flavour.",14.0,https://images.deliveryhero.io/image/talabat/Menuitems/4264AC3120766486FB2998EB17F6975B?width=172&amp;height=172
Cheese Croissant,"Our classic French croissant with flaky layers, rolled with cheese.",15.0,https://images.deliveryhero.io/image/talabat/Menuitems/EF4A85FA3781FE5C364EBCC5D72880F8?width=172&amp;height=172
Pain Au Chocolat,"Our classic French croissant with flaky layers, rolled with chocolate.",16.0,https://images.deliveryhero.io/image/talabat/Menuitems/4E14B1CBE7EC576ED9FA831B4F0FB6AC?width=172&amp;height=172
Egg & Bacon Croissant,"Delicious combination of veal bacon, eggs, and cheese, enveloped in golden pastry with soft and flaky layers of rich buttery croissant.",21.0,https://images.deliveryhero.io/image/talabat/Menuitems/1DEF64FEE6A3E15181E113C17923F4AD?width=172&amp;height=172
Haloumi & Sun-Dried Tomato Croissant,"Golden butter croissant filled with a delicious combination of grilled halloumi, sun-dried tomatoes, and mint leaves.",21.0,https://images.deliveryhero.io/image/talabat/Menuitems/CDB76FE0E319947A11273E84C8B5C572?width=172&amp;height=172
Egg & Cheese Croissant,"Golden pastry with soft, flaky layers and a rich buttery flavour, filled with eggs and cheese.",21.0,https://images.deliveryhero.io/image/talabat/Menuitems/F4991D8B2A08A54974AAB7B7E9189C6B?width=172&amp;height=172
Turkey & Cheese Croissant,"Brown pastry croissant with rich buttery layers, filled with turkey and cheese.",21.0,https://images.deliveryhero.io/image/talabat/Menuitems/438B77C5DBFA2156F5A409F6C09EB380?width=172&amp;height=172
Hunter Ridges Chips - Himalayan Pink Salt,Hunter's deliciously crinkled potato ridges flavoured to perfection with Pink Himalayan Salt.,6.0,https://images.deliveryhero.io/image/talabat/Menuitems/DBE7ADE52EB934FB5B6D983CE2C62D3F?width=172&amp;height=172
Hunter Ridges Chips - Jalapeño,Hunter's deliciously crinkled potato ridges flavoured to perfection with Jalapeño.,6.0,https://images.deliveryhero.io/image/talabat/Menuitems/091537EE0ECB05E8DA7418AA6DFC4ABA?width=172&amp;height=172
Hunter Ridges Chips - Sweet Chilli,Hunter's deliciously crinkled potato ridges flavoured to perfection with Sweet Chilly.,6.0,https://images.deliveryhero.io/image/talabat/Menuitems/03ED465537FEAD092A900F353DB1AD52?width=172&amp;height=172
HEJ Bite Energy Bar - Almond and Sea Salt,"Healthy, vegan energy nut bars in Almond and Sea Salt flavour, that are organic and gluten-free.",13.0,https://images.deliveryhero.io/image/talabat/Menuitems/4EEAC81E8A89E25AB13DBB13655F0E18?width=172&amp;height=172
HEJ Bite Energy Bar - Vanilla and Cocoa Nibs,"Healthy, vegan energy nut bars in Vanilla and Cocao nibs flavour, that are organic and gluten-free.",13.0,https://images.deliveryhero.io/image/talabat/Menuitems/8ADBF4E16F1B1FAC242EF9A3DE4F329A?width=172&amp;height=172
HEJ Bite Energy Bar - Chocolate and Nuts,"Healthy, vegan energy nut bars in Chocolate and Nuts flavour, that are organic and gluten-free.",13.0,https://images.deliveryhero.io/image/talabat/Menuitems/05021E590198C7BE3D65B787E3321C1C?width=172&amp;height=172
Barebells Energy Bar - Cookies & Cream,"Healthy protein bars in cookies and cream flavour, made delicious with no added sugar and 20 grams of protein.",16.0,https://images.deliveryhero.io/image/talabat/Menuitems/11CA0CDA205E9D07134B6D9E19338FC5?width=172&amp;height=172
Barebells Energy Bar - White Chocolate Almond,"Healthy protein bars in white chocolate and almond flavour, made delicious with no added sugar and 20 grams of protein.",16.0,https://images.deliveryhero.io/image/talabat/Menuitems/55D888CEB0E1D98278E2B9A3C1BCAC4B?width=172&amp;height=172
Eira Sparkling Water,Natural untreated bottled sparkling water.,12.0,https://images.deliveryhero.io/image/talabat/Menuitems/994AC318AB1AB227D7075858EF47DC5E?width=172&amp;height=172
Eira Still Water,Natural untreated bottled still water.,12.0,https://images.deliveryhero.io/image/talabat/Menuitems/6AA7A3F4A66E78E8774E70885F8089FD?width=172&amp;height=172
Vitamin Well Care - Care,"Functional and delicious thirst quencher enriched with vitamins and minerals, flavoured with Red Grapefruit.",17.0,https://images.deliveryhero.io/image/talabat/Menuitems/FE2A0058630538C541AC32C62CA5CFEC?width=172&amp;height=172
Vitamin Well Care - Upgrade,"Functional and delicious thirst quencher enriched with vitamins and minerals, flavoured with Rhubarb and Strawberry.",17.0,https://images.deliveryhero.io/image/talabat/Menuitems/812B9E4C8819BE087551553B6DB153D2?width=172&amp;height=172
Vitamin Well Care - Antioxidant,"Functional and delicious thirst quencher enriched with vitamins and minerals, flavoured with Peach.",17.0,https://images.deliveryhero.io/image/talabat/Menuitems/3F58285BC2DEE8BCD3F216890FFDBD5B?width=172&amp;height=172
