item_name,item_description,item_price,item_image
L - Passion Fruit Green Tea Macchiato,,34.0,https://images.deliveryhero.io/image/talabat/Menuitems/mmw_637925284458036878?width=172&amp;height=172
M - Brown Sugar Milk Tea,,23.0,https://images.deliveryhero.io/image/talabat/Menuitems/6_Brown_Sugar_Milk_Tea637910851306993359.jpg?width=172&amp;height=172
M - Matcha Macchiato,"Made From Japan, Our Matcha Powder Contains No Additives Or Preservatives. The Rich Yet Slightly Bitter Matcha Neutralises With The Smooth Fresh Milk To Achieve The Signature Luscious Green Tea Latte Texture And Flavour.",27.0,https://images.deliveryhero.io/image/talabat/Menuitems/7_Matcha_Macchiato637910851335800491.jpg?width=172&amp;height=172
M - Honey Milk Tea,,23.0,https://images.deliveryhero.io/image/talabat/Menuitems/mmw_637925370563009051?width=172&amp;height=172
L - Milk Tea,,27.0,https://images.deliveryhero.io/image/talabat/Menuitems/mmw_637925358480776559?width=172&amp;height=172
M - Jasmine Green Tea,,17.0,https://images.deliveryhero.io/image/talabat/Menuitems/1_Jasmine_Green_Tea637910851339105879.jpg?width=172&amp;height=172
M - Assam Black Tea,,17.0,https://images.deliveryhero.io/image/talabat/Menuitems/2_Assam_Black_Tea637910851339337012.jpg?width=172&amp;height=172
M - Honey Green Tea,,20.0,https://images.deliveryhero.io/image/talabat/Menuitems/3_Honey_Green_Tea637910851340509030.jpg?width=172&amp;height=172
M - Honey Lemon Green Tea,,26.0,https://images.deliveryhero.io/image/talabat/Menuitems/4_Honey_Lemon_Green_Tea637910851324192969.jpg?width=172&amp;height=172
M - Peach Green Tea,,20.0,https://images.deliveryhero.io/image/talabat/Menuitems/5_Peach_Green_Tea637910851344019997.jpg?width=172&amp;height=172
M - Mango Green Tea,,20.0,https://images.deliveryhero.io/image/talabat/Menuitems/7_Mango_Green_Tea637910851340597738.jpg?width=172&amp;height=172
M - Passion Fruit Green Tea,,20.0,https://images.deliveryhero.io/image/talabat/Menuitems/6_Passion_Fruit_Green_Tea637910851308212326.jpg?width=172&amp;height=172
M - Fresh Lemon Green Tea,,23.0,https://images.deliveryhero.io/image/talabat/Menuitems/8_Fresh_Lemon_Green_Tea637910851322093448.jpg?width=172&amp;height=172
M - Yakult Green Tea,,27.0,https://images.deliveryhero.io/image/talabat/Menuitems/9_Yakult_Green_Tea637910851326792314.jpg?width=172&amp;height=172
L - Jasmine Green Tea,,23.0,https://images.deliveryhero.io/image/talabat/Menuitems/mmw_637925380797626184?width=172&amp;height=172
L - Assam Black Tea,,23.0,https://images.deliveryhero.io/image/talabat/Menuitems/mmw_637925371371247291?width=172&amp;height=172
L - Honey Green Tea,,27.0,https://images.deliveryhero.io/image/talabat/Menuitems/mmw_637925371653607839?width=172&amp;height=172
L - Honey Lemon Green Tea,,36.0,https://images.deliveryhero.io/image/talabat/Menuitems/mmw_637925372020677408?width=172&amp;height=172
L - Peach Green Tea,,27.0,https://images.deliveryhero.io/image/talabat/Menuitems/mmw_637925372269596576?width=172&amp;height=172
L - Mango Green Tea ,,27.0,https://images.deliveryhero.io/image/talabat/Menuitems/mmw_637925372468538345?width=172&amp;height=172
L - Passion Fruit Green Tea,,27.0,https://images.deliveryhero.io/image/talabat/Menuitems/mmw_637925372711817203?width=172&amp;height=172
L - Fresh Lemon Green Tea,,32.0,https://images.deliveryhero.io/image/talabat/Menuitems/mmw_637925372924386714?width=172&amp;height=172
L - Yakult Green Tea,,38.0,https://images.deliveryhero.io/image/talabat/Menuitems/mmw_637925373192577481?width=172&amp;height=172
M - Milk Tea,,20.0,https://images.deliveryhero.io/image/talabat/Menuitems/1_Milk_Tea637910851342358969.jpg?width=172&amp;height=172
M - Green Milk Tea,,20.0,https://images.deliveryhero.io/image/talabat/Menuitems/2_Green_Milk_Tea637910851341188145.jpg?width=172&amp;height=172
M - Hazelnut Milk Tea,,23.0,https://images.deliveryhero.io/image/talabat/Menuitems/3_Hazelnut_Milk_Tea637910851331000676.jpg?width=172&amp;height=172
M - Caramel Milk Tea,,23.0,https://images.deliveryhero.io/image/talabat/Menuitems/4_Caramel_Milk_Tea637910851334995262.jpg?width=172&amp;height=172
M - Honey Milk Tea,,23.0,https://images.deliveryhero.io/image/talabat/Menuitems/mmw_637925370563009051?width=172&amp;height=172
M - Ovaltine,This Beverage Does Not Contain Tea.,23.0,https://images.deliveryhero.io/image/talabat/Menuitems/8_Ovaltine637910851344446366.jpg?width=172&amp;height=172
M - Chocolate Milk Tea,,23.0,https://images.deliveryhero.io/image/talabat/Menuitems/7_Chocolate_Milk637910851341776457.jpg?width=172&amp;height=172
M - Brown Sugar Milk Tea,,23.0,https://images.deliveryhero.io/image/talabat/Menuitems/6_Brown_Sugar_Milk_Tea637910851306993359.jpg?width=172&amp;height=172
L - Milk Tea,,27.0,https://images.deliveryhero.io/image/talabat/Menuitems/mmw_637925358480776559?width=172&amp;height=172
L - Green Milk Tea,,27.0,https://images.deliveryhero.io/image/talabat/Menuitems/mmw_637925358596817058?width=172&amp;height=172
L - Hazelnut Milk Tea,,32.0,https://images.deliveryhero.io/image/talabat/Menuitems/mmw_637925358716305051?width=172&amp;height=172
L - Caramel Milk Tea,,32.0,https://images.deliveryhero.io/image/talabat/Menuitems/mmw_637925360694891251?width=172&amp;height=172
L - Honey Milk Tea,,32.0,https://images.deliveryhero.io/image/talabat/Menuitems/mmw_637925360830577567?width=172&amp;height=172
L - Ovaltine,This Beverage Does Not Contain Tea.,32.0,https://images.deliveryhero.io/image/talabat/Menuitems/mmw_637925360959814330?width=172&amp;height=172
L - Chocolate Milk Tea,,32.0,https://images.deliveryhero.io/image/talabat/Menuitems/mmw_637925361095648884?width=172&amp;height=172
L - Brown Sugar Milk Tea,,32.0,https://images.deliveryhero.io/image/talabat/Menuitems/mmw_637925365112026960?width=172&amp;height=172
M - Black Tea Latte,Fresh Milk Tea,23.0,https://images.deliveryhero.io/image/talabat/Menuitems/1_Black_Tea_Latte637910851344303724.jpg?width=172&amp;height=172
M - Hazelnut Black Tea Latte,Hazelnut Fresh Milk Tea,26.0,https://images.deliveryhero.io/image/talabat/Menuitems/mmw_637925354696481245?width=172&amp;height=172
M - Caramel Black Tea Latte,Caramel Fresh Milk Tea,26.0,https://images.deliveryhero.io/image/talabat/Menuitems/3_Caramel_Black_Tea_Latte637910851294311678.jpg?width=172&amp;height=172
M - Honey Black Tea Latte,Honey Fresh Milk Tea,26.0,https://images.deliveryhero.io/image/talabat/Menuitems/4_Honey_Black_Tea_Latte637910851308198370.jpg?width=172&amp;height=172
M - Matcha Latte,"Made from Japan, our matcha powder contains no additives or preservatives. The rich yet slightly bitter matcha neutralises with the smooth fresh milk to achieve the signature luscious green tea latte texture and flavour.",27.0,https://images.deliveryhero.io/image/talabat/Menuitems/mmw_637925354823672657?width=172&amp;height=172
M - Brown Sugar Fresh Milk,Caffeine-Free Beverage.,27.0,https://images.deliveryhero.io/image/talabat/Menuitems/5_Brown_Sugar_Fresh_Milk637910851322653975.jpg?width=172&amp;height=172
L - Black Tea Latte,Fresh Milk Tea,32.0,https://images.deliveryhero.io/image/talabat/Menuitems/mmw_637925353796380722?width=172&amp;height=172
L - Honey Black Tea Latte,Honey Fresh Milk Tea,36.0,https://images.deliveryhero.io/image/talabat/Menuitems/mmw_637925353912999315?width=172&amp;height=172
L - Hazelnut Black Tea Latte,Hazelnut Fresh Milk Tea,36.0,https://images.deliveryhero.io/image/talabat/Menuitems/mmw_637925354077841998?width=172&amp;height=172
L - Caramel Black Tea Latte,Caramel Fresh Milk Tea,36.0,https://images.deliveryhero.io/image/talabat/Menuitems/mmw_637925354213035701?width=172&amp;height=172
L - Matcha Latte,"Made from Japan, our matcha powder contains no additives or preservatives. The rich yet slightly bitter matcha neutralises with the smooth fresh milk to achieve the signature luscious green tea latte texture and flavour.",38.0,https://images.deliveryhero.io/image/talabat/Menuitems/mmw_637925354377774437?width=172&amp;height=172
L - Brown Sugar Fresh Milk,Caffeine-free beverage,38.0,https://images.deliveryhero.io/image/talabat/Menuitems/mmw_637925354544209554?width=172&amp;height=172
M - Green Tea Macchiato,,24.0,https://images.deliveryhero.io/image/talabat/Menuitems/mmw_637925285650093479?width=172&amp;height=172
M - Black Tea Macchiato,,24.0,https://images.deliveryhero.io/image/talabat/Menuitems/mmw_637925285865051327?width=172&amp;height=172
M - Caramel Black Tea Macchiato,,27.0,https://images.deliveryhero.io/image/talabat/Menuitems/mmw_637925286083924898?width=172&amp;height=172
M - Peach Green Tea Macchiato,,27.0,https://images.deliveryhero.io/image/talabat/Menuitems/4_Peach_Green_Tea_Macchia637910851306359697.jpg?width=172&amp;height=172
M - Passion Fruit Green Tea Macchiato,,27.0,https://images.deliveryhero.io/image/talabat/Menuitems/5_Passion_Fruit_Green_Tea637910851305107677.jpg?width=172&amp;height=172
M - Mango Green Tea Macchiato,,27.0,https://images.deliveryhero.io/image/talabat/Menuitems/6_Mango_Green_Tea_Macchia637910851333389772.jpg?width=172&amp;height=172
M - Matcha Macchiato,"Made From Japan, Our Matcha Powder Contains No Additives Or Preservatives. The Rich Yet Slightly Bitter Matcha Neutralises With The Smooth Fresh Milk To Achieve The Signature Luscious Green Tea Latte Texture And Flavour.",27.0,https://images.deliveryhero.io/image/talabat/Menuitems/7_Matcha_Macchiato637910851335800491.jpg?width=172&amp;height=172
M - Ovaltine Macchiato,,30.0,https://images.deliveryhero.io/image/talabat/Menuitems/mmw_637925353668400045?width=172&amp;height=172
L - Green Tea Macchiato,,30.0,https://images.deliveryhero.io/image/talabat/Menuitems/mmw_637925283555439889?width=172&amp;height=172
L - Black Tea Macchiato,,30.0,https://images.deliveryhero.io/image/talabat/Menuitems/mmw_637925283768906556?width=172&amp;height=172
L - Caramel Black Tea Macchiato,,34.0,https://images.deliveryhero.io/image/talabat/Menuitems/mmw_637925284136172290?width=172&amp;height=172
L - Peach Green Tea Macchiato,,34.0,https://images.deliveryhero.io/image/talabat/Menuitems/mmw_637925284262136535?width=172&amp;height=172
L - Passion Fruit Green Tea Macchiato,,34.0,https://images.deliveryhero.io/image/talabat/Menuitems/mmw_637925284458036878?width=172&amp;height=172
L - Mango Green Tea Macchiato,,34.0,https://images.deliveryhero.io/image/talabat/Menuitems/mmw_637925284806214586?width=172&amp;height=172
L - Matcha Macchiato,"Made from Japan, our matcha powder contains no additives or preservatives. The rich yet slightly bitter matcha neutralises with the smooth fresh milk to achieve the signature luscious green tea latte texture and flavour.",34.0,https://images.deliveryhero.io/image/talabat/Menuitems/mmw_637925284935994989?width=172&amp;height=172
L - Ovaltine Macchiato,,39.0,https://images.deliveryhero.io/image/talabat/Menuitems/mmw_637925285072216139?width=172&amp;height=172
M - Fresh Lemon Juice,"Best healthy thirst quenching drink. Tangy, refreshing and rich in Vitamin C. Best with Aloe Vera for extra crunch.",17.0,https://images.deliveryhero.io/image/talabat/Menuitems/1_Fresh_Lemon_Juice637910851330977303.jpg?width=172&amp;height=172
M - Ice Honey,Sweet and soothing. Paired it with Aloe Vera for a good crunchy texture.,17.0,https://images.deliveryhero.io/image/talabat/Menuitems/2_Ice_Honey637910851341731574.jpg?width=172&amp;height=172
M - Honey Lemon Juice,Simple yet healthy and refreshing sweet and sour drink. Lemon juice mixed with honey makes a perfect pairing with crunchy Aloe Vera.,20.0,https://images.deliveryhero.io/image/talabat/Menuitems/mmw_637925278540697338?width=172&amp;height=172
M - Lemon Yakult Juice,Wonderful combination of Yakult and Lemon Juice gives off a pleasant mixture of tartness and sweetness. We would recommend first timers to go with Less or Normal Sugar level!,27.0,https://images.deliveryhero.io/image/talabat/Menuitems/mmw_637925278764974698?width=172&amp;height=172
M - Mango Yakult Juice,Perfect combination of Yakult and Mango syrup gives off a pleasant mixture of tartness and sweetness. One of the favourites among young children!,27.0,https://images.deliveryhero.io/image/talabat/Menuitems/5_Mango_Yakult_Juice637910851332965954.jpg?width=172&amp;height=172
M - Peach Yakult Juice,Perfect combination of Yakult and Peach syrup gives off a pleasant mixture of tartness and sweetness. One of the favourites among young children!,27.0,https://images.deliveryhero.io/image/talabat/Menuitems/6_Peach_Yakult_Juice637910851324959369.jpg?width=172&amp;height=172
M - Passion Fruit Yakult Juice ,Perfect combination of Yakult and Passion syrup gives off a pleasant mixture of tartness and sweetness.,27.0,https://images.deliveryhero.io/image/talabat/Menuitems/7_Passion_Fruit_Yakult_Ju637910851291124265.jpg?width=172&amp;height=172
L - Fresh Lemon Juice,"Best healthy thirst quenching drink. Tangy, refreshing and rich in Vitamin C. Best with Aloe Vera for extra crunch.",23.0,https://images.deliveryhero.io/image/talabat/Menuitems/mmw_637925281321649845?width=172&amp;height=172
L - Ice Honey,Sweet and soothing. Paired it with Aloe Vera for a good crunchy texture.,23.0,https://images.deliveryhero.io/image/talabat/Menuitems/2_Ice_Honey637910852624675725.jpg?width=172&amp;height=172
L - Honey Lemon Juice,Simple yet healthy and refreshing sweet and sour drink. Lemon juice mixed with honey makes a perfect pairing with crunchy Aloe Vera.,27.0,https://images.deliveryhero.io/image/talabat/Menuitems/3_Honey_Lemon_Juice637910854942809613.jpg?width=172&amp;height=172
L - Lemon Yakult Juice,Wonderful combination of Yakult and Lemon Juice gives off a pleasant mixture of tartness and sweetness. We would recommend first timers to go with Less or Normal Sugar level!,38.0,https://images.deliveryhero.io/image/talabat/Menuitems/4_Lemon_Yakult_Juice637910854869002991.jpg?width=172&amp;height=172
L - Mango Yakult Juice,Perfect combination of Yakult and Mango syrup gives off a pleasant mixture of tartness and sweetness. One of the favourites among young children!,38.0,https://images.deliveryhero.io/image/talabat/Menuitems/mmw_637925282536803795?width=172&amp;height=172
L - Peach Yakult Juice,Perfect combination of Yakult and Peach syrup gives off a pleasant mixture of tartness and sweetness. One of the favourites among young children!,38.0,https://images.deliveryhero.io/image/talabat/Menuitems/mmw_637925282880007893?width=172&amp;height=172
L - Passion Fruit Yakult Juice ,Perfect combination of Yakult and Passion syrup gives off a pleasant mixture of tartness and sweetness.,38.0,https://images.deliveryhero.io/image/talabat/Menuitems/7_Passion_Fruit_Yakult_Ju637910855238601312.jpg?width=172&amp;height=172
M - Jasmine Green Tea,,17.0,https://images.deliveryhero.io/image/talabat/Menuitems/mmw_637823328392901719?width=172&amp;height=172
M - Assam Black Tea,,17.0,https://images.deliveryhero.io/image/talabat/Menuitems/mmw_637823328863587932?width=172&amp;height=172
M - Fresh Lemon Green Tea,,23.0,https://images.deliveryhero.io/image/talabat/Menuitems/mmw_637823329128521408?width=172&amp;height=172
M - Milk Tea,,20.0,https://images.deliveryhero.io/image/talabat/Menuitems/mmw_637823329698849138?width=172&amp;height=172
M - Green Milk Tea,,20.0,https://images.deliveryhero.io/image/talabat/Menuitems/mmw_637823333577438146?width=172&amp;height=172
M - Hazelnut Milk Tea,,23.0,https://images.deliveryhero.io/image/talabat/Menuitems/mmw_637823334010364375?width=172&amp;height=172
M - Caramel Milk Tea,,23.0,https://images.deliveryhero.io/image/talabat/Menuitems/mmw_637823334118635165?width=172&amp;height=172
M - Brown Sugar Milk Tea,,23.0,https://images.deliveryhero.io/image/talabat/Menuitems/mmw_637823334916959518?width=172&amp;height=172
M - Chocolate Milk Tea,,23.0,https://images.deliveryhero.io/image/talabat/Menuitems/mmw_637823334681767217?width=172&amp;height=172
M - Ovaltine,,23.0,https://images.deliveryhero.io/image/talabat/Menuitems/mmw_637823334353822383?width=172&amp;height=172
M - Black Tea Latte,,23.0,https://images.deliveryhero.io/image/talabat/Menuitems/11_Hot_beverages637910853809291558.jpg?width=172&amp;height=172
M - Hazelnut Black Tea Latte,,26.0,https://images.deliveryhero.io/image/talabat/Menuitems/11_Hot_beverages637910853825512641.jpg?width=172&amp;height=172
M - Caramel Black Tea Latte,,26.0,https://images.deliveryhero.io/image/talabat/Menuitems/mmw_637823353318171608?width=172&amp;height=172
M - Brown Sugar Fresh Milk,,27.0,https://images.deliveryhero.io/image/talabat/Menuitems/mmw_637823335084930154?width=172&amp;height=172
M - Fresh Lemon Juice,,17.0,https://images.deliveryhero.io/image/talabat/Menuitems/11_Hot_beverages637910853859185248.jpg?width=172&amp;height=172
