item_name,item_description,item_price,item_image
Medium Koshary,209 Cal Per 100 Gram,16.5,https://images.deliveryhero.io/image/talabat/Menuitems/mmw_638290973527600503?width=172&amp;height=172
Special Koshary ,The largest size for one person.,26.0,https://images.deliveryhero.io/image/talabat/Menuitems/mmw_638290977735487984?width=172&amp;height=172
Large Koshary ,209 Cal Per 100 Gram,22.0,https://images.deliveryhero.io/image/talabat/Menuitems/mmw_638290975838025775?width=172&amp;height=172
Oven Rice Pudding,140 Cal Per 100 Gram,11.0,https://images.deliveryhero.io/image/talabat/Menuitems/mmw_638290991852644851?width=172&amp;height=172
Talabat special meal,"Special koshary, rice pudding and Pepsi",30.0,https://images.deliveryhero.io/image/talabat/Menuitems/SPECIAL_OFFER638193046098199308.jpg?width=172&amp;height=172
Medium Koshary,209 Cal Per 100 Gram,16.5,https://images.deliveryhero.io/image/talabat/Menuitems/mmw_638290973527600503?width=172&amp;height=172
Large Koshary ,209 Cal Per 100 Gram,22.0,https://images.deliveryhero.io/image/talabat/Menuitems/mmw_638290975838025775?width=172&amp;height=172
Special Koshary ,The largest size for one person.,26.0,https://images.deliveryhero.io/image/talabat/Menuitems/mmw_638290977735487984?width=172&amp;height=172
Family Meal For 2 Persons,209 Cal Per 100 Gram,40.0,https://images.deliveryhero.io/image/talabat/Menuitems/mmw_638290981257786945?width=172&amp;height=172
Family Meal For 4 Persons,209 Cal Per 100 Gram,72.0,https://images.deliveryhero.io/image/talabat/Menuitems/mmw_638290981933137720?width=172&amp;height=172
Family Meal Plus For 4 Persons,Served With 4 Soft Drinks. 209 Cal Per 100 Gram,82.0,https://images.deliveryhero.io/image/talabat/Menuitems/mmw_638290985865942944?width=172&amp;height=172
Family Meal For 6 Persons,209 Cal Per 100 Gram,118.0,https://images.deliveryhero.io/image/talabat/Menuitems/mmw_638290984275590090?width=172&amp;height=172
Family Meal Plus For 6 Persons,Served With 6 Soft Drinks. 209 Cal Per 100 Gram,133.0,https://images.deliveryhero.io/image/talabat/Menuitems/family_meals638012921554213574.jpg?width=172&amp;height=172
Tomato Sauce,29 Cal Per 100 Gram,5.0,https://images.deliveryhero.io/image/talabat/Menuitems/mmw_638290987834520460?width=172&amp;height=172
Small Fried Onion,120 Cal Per 100 Gram,5.0,https://images.deliveryhero.io/image/talabat/Menuitems/mmw_638290988655778063?width=172&amp;height=172
Large Fried Onion,120 Cal Per 100 Gram,9.0,https://images.deliveryhero.io/image/talabat/Menuitems/mmw_638290999832995403?width=172&amp;height=172
Hot Sauce,21 Cal Per 100 Gram,2.0,https://images.deliveryhero.io/image/talabat/Menuitems/mmw_638290989920641204?width=172&amp;height=172
Garlic Vinegar Sauce,7 Cal Per 100 Gram,2.0,https://images.deliveryhero.io/image/talabat/Menuitems/mmw_638290990601106820?width=172&amp;height=172
Toast Bread,Fried seasoned bread,4.0,https://images.deliveryhero.io/image/talabat/Menuitems/mmw_638297647452824800?width=172&amp;height=172
Oven Rice Pudding,140 Cal Per 100 Gram,11.0,https://images.deliveryhero.io/image/talabat/Menuitems/mmw_638290991852644851?width=172&amp;height=172
Milk Pudding,121 Cal Per 100 Gram,8.0,https://images.deliveryhero.io/image/talabat/Menuitems/mmw_638290992886910461?width=172&amp;height=172
Om Ali,254 Cal Per 100 Gram,13.0,https://images.deliveryhero.io/image/talabat/Menuitems/mmw_638290994728134733?width=172&amp;height=172
Pepsi,Carbonated soft drink,4.0,https://images.deliveryhero.io/image/talabat/Menuitems/mmw_638290999837617902?width=172&amp;height=172
7 Up,Non-caffeinated soft drink,4.0,https://images.deliveryhero.io/image/talabat/Menuitems/mmw_638290999982098822?width=172&amp;height=172
Mirinda Orange,"Made with real orange juice and a touch of sweetener, it's a delicious and bubbly treat that will make your taste buds dance.",4.0,https://images.deliveryhero.io/image/talabat/Menuitems/mmw_638291000644876295?width=172&amp;height=172
Mountain Dew,"The original citrus-flavored soft drink with a bold and daring taste. With high caffeine content and a unique combination of flavors, it's the perfect choice for those who want to fuel their adrenaline and thirst in one shot.",4.0,https://images.deliveryhero.io/image/talabat/Menuitems/mmw_638291000999447817?width=172&amp;height=172
Mineral Water,Stay hydrated and refreshed with our mineral water. ,3.0,https://images.deliveryhero.io/image/talabat/Menuitems/mmw_638291001514851391?width=172&amp;height=172
Homous Al Sham,Traditional Egyptian Drink,3.0,https://images.deliveryhero.io/image/talabat/Menuitems/mmw_638291002279065116?width=172&amp;height=172
