item_name,item_description,item_price,item_image
Mix n Match With Side,"Pick any two Mini burgers, served with side order.",64.99,https://images.deliveryhero.io/image/talabat/Menuitems/_DSC2875-Edit_635911486364363397.jpg?width=172&amp;height=172
Buffalo Chicken,"Crispy Fried Chicken Breast, Country slaw, Ranch Blue Cheese Buffalo Sauce",25.0,https://images.deliveryhero.io/image/talabat/Menuitems/mmw_637928828099618646?width=172&amp;height=172
Chicken Original Burger,"Crispy fried chicken breast, lettuce, melted American cheese and tomato house sauce",25.0,https://images.deliveryhero.io/image/talabat/Menuitems/mmw_637928827655934784?width=172&amp;height=172
ORIGINAL BEEF,"Angus Beef, American Cheese, Grilled Onion, Tomato, Lettuce and House Sauce",25.0,https://images.deliveryhero.io/image/talabat/Menuitems/mmw_637928827208488588?width=172&amp;height=172
Buffalo Chicken Bites,Chicken Chunks served with your choice of ranch sauce or buffalo sauce,20.0,https://images.deliveryhero.io/image/talabat/Menuitems/blob_637413172284296766?width=172&amp;height=172
Party Box,Your choice of 8 mini burgers with 4 sides,230.0,https://images.deliveryhero.io/image/talabat/Menuitems/PARTYBOX637975453567334068.jpg?width=172&amp;height=172
BBQ Box 12 Pieces,"Your choice of bun bread or lettuce wrap, meat patty or grilled chicken, American cheese, lettuce, tomato, onion ring, house sauce, ketchup and krush seasoning",215.0,https://images.deliveryhero.io/image/talabat/Menuitems/blob_637710212251691819?width=172&amp;height=172
BBQ Box 24 Pieces,"Your choice of bun bread or lettuce wrap, meat patty or grilled chicken, American cheese, lettuce, tomato, onion ring, house sauce, ketchup and krush seasoning",378.0,https://images.deliveryhero.io/image/talabat/Menuitems/blob_637710213718505462?width=172&amp;height=172
Bbq Box - 18 Pieces,"Your choice of bun bread or lettuce wrap, meat patty or grilled chicken, American cheese, lettuce, tomato, onion ring, house sauce, ketchup and krush seasoning",285.0,https://images.deliveryhero.io/image/talabat/Menuitems/blob_637713116139887591?width=172&amp;height=172
Mix n Match With Side,"Pick any two Mini burgers, served with side order.",64.99,https://images.deliveryhero.io/image/talabat/Menuitems/_DSC2875-Edit_635911486364363397.jpg?width=172&amp;height=172
ORIGINAL BEEF,"Angus Beef, American Cheese, Grilled Onion, Tomato, Lettuce and House Sauce",25.0,https://images.deliveryhero.io/image/talabat/Menuitems/mmw_637928827208488588?width=172&amp;height=172
COWBELL BEEF,"Angus Beef, Smoked Gouda Cheese, Crispy Onion, BBQ sauce",25.0,https://images.deliveryhero.io/image/talabat/Menuitems/mmw_637928828349067328?width=172&amp;height=172
PHILLY BEEF,"Angus beef, grilled onion mushroom, red pepper, aged provolone cheese, aioli sauce",25.0,https://images.deliveryhero.io/image/talabat/Menuitems/mmw_637928828901958056?width=172&amp;height=172
Buffalo Chicken,"Crispy Fried Chicken Breast, Country slaw, Ranch Blue Cheese Buffalo Sauce",25.0,https://images.deliveryhero.io/image/talabat/Menuitems/mmw_637928828099618646?width=172&amp;height=172
Chicken Original Burger,"Crispy fried chicken breast, lettuce, melted American cheese and tomato house sauce",25.0,https://images.deliveryhero.io/image/talabat/Menuitems/mmw_637928827655934784?width=172&amp;height=172
Cowbell Chicken,"Crispy fried chicken breast, fried crispy onion, bbq sauce and smoked gouda cheese",25.0,https://images.deliveryhero.io/image/talabat/Menuitems/mmw_637928828769891392?width=172&amp;height=172
Maple Sriracha Chicken Burger,"Crispy chicken breast with maple sriracha sauce, lettuce and american cheese.",25.0,https://images.deliveryhero.io/image/talabat/Menuitems/mmw_637928827819801655?width=172&amp;height=172
Krush Fries,Topped with Krush seasoning.,23.0,https://images.deliveryhero.io/image/talabat/Menuitems/mmw_637932233272343819?width=172&amp;height=172
Krush Cheese Fries,,29.0,https://images.deliveryhero.io/image/talabat/Menuitems/mmw_637932233401065066?width=172&amp;height=172
Crazy Fries,,34.0,https://images.deliveryhero.io/image/talabat/Menuitems/mmw_637932233531367660?width=172&amp;height=172
Buffalo Chicken Bites,Chicken Chunks served with your choice of ranch sauce or buffalo sauce,20.0,https://images.deliveryhero.io/image/talabat/Menuitems/blob_637413172284296766?width=172&amp;height=172
Sweet Potato Fries,Sweet potato fries and ancho honey dipping sauce.,23.0,https://images.deliveryhero.io/image/talabat/Menuitems/mmw_638028088041915368?width=172&amp;height=172
Chicken Crazy Fries,"Cheese Fries with Beef Bacon, Crispy Onion and jalapeno topped with sliced chicken",34.0,https://images.deliveryhero.io/image/talabat/Menuitems/mmw_637932233802067107?width=172&amp;height=172
Addiction Cup,Maple Sriracha Chicken with Cheese Sauce topped with Jalapeno,20.0,https://images.deliveryhero.io/image/talabat/Menuitems/mmw_637848494778869796?width=172&amp;height=172
Coleslaw Salad,"Made with freshly shredded cabbage, mixed with a tangy mayonnaise-based dressing, perfect for adding a crisp and refreshing touch to any meal.",5.0,
Fresh Onion,,1.5,
Caramel Toffee Milkshake,,32.0,https://images.deliveryhero.io/image/talabat/Menuitems/mmw_637932230075041646?width=172&amp;height=172
Peanut Butter,Smooth and creamy spread made from ground peanuts.,32.0,https://images.deliveryhero.io/image/talabat/Menuitems/mmw_637932230185222651?width=172&amp;height=172
Cookies & Cream,,32.0,https://images.deliveryhero.io/image/talabat/Menuitems/mmw_637932230325949542?width=172&amp;height=172
Vanilla Bean,,32.0,https://images.deliveryhero.io/image/talabat/Menuitems/mmw_637932230437670599?width=172&amp;height=172
Chocolate,"Experience the irresistible decadence of Chocolate, a rich and velvety treat, offering a blissful indulgence for every chocolate lover.",32.0,https://images.deliveryhero.io/image/talabat/Menuitems/mmw_637932230558202677?width=172&amp;height=172
Chicken Bites Meal,"4 Pieces chicken bites, fries and juice.",20.0,https://images.deliveryhero.io/image/talabat/Menuitems/kids_meal_2_637248853114167707.jpg?width=172&amp;height=172
Cheeseburger Meal,"Cheeseburger, fries and juice.",20.0,https://images.deliveryhero.io/image/talabat/Menuitems/kids_meal_637248853991974930.jpg?width=172&amp;height=172
Fanta Strawberry,Carbonated soft drink,12.6,https://images.deliveryhero.io/image/talabat/Menuitems/blob_637774006238540759?width=172&amp;height=172
Coca-Cola Light,Sugar free carbonated soft drink,12.6,https://images.deliveryhero.io/image/talabat/Menuitems/mmw_637932232545185140?width=172&amp;height=172
Sprite Zero,Soft Drink,12.6,
Coca-Cola,Carbonated soft drink,12.6,https://images.deliveryhero.io/image/talabat/Menuitems/mmw_637932232422853082?width=172&amp;height=172
Coke Zero,soft drink,12.6,https://images.deliveryhero.io/image/talabat/Menuitems/mmw_637932232302590496?width=172&amp;height=172
Sprite,Non-caffeinated soft drink,12.6,https://images.deliveryhero.io/image/talabat/Menuitems/mmw_637932232168516806?width=172&amp;height=172
Fanta Orange,Carbonated soft drink,12.6,https://images.deliveryhero.io/image/talabat/Menuitems/mmw_637932232050569625?width=172&amp;height=172
Bottled Water,Mineral water.,0.0,https://images.deliveryhero.io/image/talabat/Menuitems/mmw_637932231944848668?width=172&amp;height=172
