item_name,item_description,item_price,item_image
 La Brioche Club Sandwich,"Toasted white or brown bread with boiled eggs, chicken mayonnaise, tomatoes, cucumber, lettuce, emmental cheese and Beef bacon",50.0,https://images.deliveryhero.io/image/talabat/Menuitems/mmw_638022841267969823?width=172&amp;height=172
Mushroom Bourguignon,"Mushroom Bourguignon
 Slow cooked onions, mushrooms and carrots stew served with mashed potatoes",65.0,https://images.deliveryhero.io/image/talabat/Menuitems/mmw_638162193876852795?width=172&amp;height=172
Lotus Marble Cake,Marble sponge layered and covered with Lotus cream. with lotus spread & biscuit on top.,115.0,https://images.deliveryhero.io/image/talabat/Menuitems/blob_637737976306284398?width=172&amp;height=172
Nutella Marble Cake,"1kg of vanilla sponge cake layered with nutella cream, covered with nutella cream.",110.0,https://images.deliveryhero.io/image/talabat/Menuitems/blob_637737976663832092?width=172&amp;height=172
Verrine Tiramisu,,21.0,https://images.deliveryhero.io/image/talabat/Menuitems/blob_637737911944491737?width=172&amp;height=172
Chocolate Large Box,,225.0,https://images.deliveryhero.io/image/talabat/Menuitems/mmw_638140529880781653?width=172&amp;height=172
Berry Marble Cake ,,299.0,https://images.deliveryhero.io/image/talabat/Menuitems/mmw_638140547843032882?width=172&amp;height=172
Pistachio Marble Cake ,,299.0,https://images.deliveryhero.io/image/talabat/Menuitems/mmw_638140548632995762?width=172&amp;height=172
Lotus Marble Cake ,,299.0,https://images.deliveryhero.io/image/talabat/Menuitems/mmw_638140549070843206?width=172&amp;height=172
Classic Marble Cake,"Vanilla and light chocolate mix soft sponge with a whipped cream cake. Weight- 1.3 kg, shape - round, and serves - 8 to 12 people",125.0,https://images.deliveryhero.io/image/talabat/Menuitems/blob_637737975827132221?width=172&amp;height=172
Lotus Marble Cake,Marble sponge layered and covered with Lotus cream. with lotus spread & biscuit on top.,115.0,https://images.deliveryhero.io/image/talabat/Menuitems/blob_637737976306284398?width=172&amp;height=172
Nutella Marble Cake,"1kg of vanilla sponge cake layered with nutella cream, covered with nutella cream.",110.0,https://images.deliveryhero.io/image/talabat/Menuitems/blob_637737976663832092?width=172&amp;height=172
Pistachio Marble Cake,"Soft vanilla, chocolate light sponge with pistachio flavored cream. Shape - rectangular, and serves - 6 to 8 people",135.0,https://images.deliveryhero.io/image/talabat/Menuitems/blob_637583277911894658?width=172&amp;height=172
 Chocolate Cake,"1kg, chocolate sponge cake layered with chocolate ganache, covered with chocolate ganache.",120.0,https://images.deliveryhero.io/image/talabat/Menuitems/blob_637737976939037235?width=172&amp;height=172
Black Forest 8 Portion,"Chocolate sponge, layered with fresh cream, cherry and jam.",125.0,https://images.deliveryhero.io/image/talabat/Menuitems/blob_637737977666239683?width=172&amp;height=172
Berry Marble Cake 6 Portions,"Marble sponge with orange syrup, fresh berries and almond flakes.",150.0,https://images.deliveryhero.io/image/talabat/Menuitems/blob_637737978826050295?width=172&amp;height=172
8 Portions Hazelnut Crunch,"Flour, sugar, cream 35 perecent, butter, eggs, hazelnuts, and milk chocolate.",160.0,https://images.deliveryhero.io/image/talabat/Menuitems/mmw_637919108197422040?width=172&amp;height=172
Flare Candles ,,15.0,https://images.deliveryhero.io/image/talabat/Menuitems/mmw_638186186001071594?width=172&amp;height=172
24 Colorful Candles ,,6.5,https://images.deliveryhero.io/image/talabat/Menuitems/mmw_638186187273016639?width=172&amp;height=172
10 Magic Candles,,5.0,https://images.deliveryhero.io/image/talabat/Menuitems/mmw_638186186221753907?width=172&amp;height=172
Chocolate French Toast Package ,"Chocolate French Toast Package, with dark chocolate sauce.",65.0,https://images.deliveryhero.io/image/talabat/Menuitems/mmw_638163135331875512?width=172&amp;height=172
Halawa French Toast Package With Orange  Mascarpone And Mixed Berries With Whipped Cream And Pistachios,,65.0,https://images.deliveryhero.io/image/talabat/Menuitems/mmw_638137742302859541?width=172&amp;height=172
Egg White Omelette With Avocado Slices Sunflower And Sesame Seeds,With nuts,50.0,
Waffle Egg Stack,"Waffle egg stack served with scrambled eggs and chives, sautéed portobello mushrooms",68.0,https://images.deliveryhero.io/image/talabat/Menuitems/mmw_638162119400099169?width=172&amp;height=172
Crispy Calamari With Tartare Sauce,,43.0,https://images.deliveryhero.io/image/talabat/Menuitems/mmw_638137897949891301?width=172&amp;height=172
Smoked Salmon Roll,"Smoked salmon sandwich, house smoked salmon, chive cream cheese, arugula on freshly baked brioche bread",47.0,https://images.deliveryhero.io/image/talabat/Menuitems/mmw_638190423364261290?width=172&amp;height=172
Crispy Shrimps Served With Tartare Sauce,,43.0,https://images.deliveryhero.io/image/talabat/Menuitems/mmw_638137737022083937?width=172&amp;height=172
 French Fries With Roasted Garlic And Chili Mayo,,17.0,https://images.deliveryhero.io/image/talabat/Menuitems/mmw_638137898186127752?width=172&amp;height=172
Green Salad With Cherry Tomato,,17.0,https://images.deliveryhero.io/image/talabat/Menuitems/mmw_638137898599596420?width=172&amp;height=172
Spinach And Muchroom Quiche,,23.0,https://images.deliveryhero.io/image/talabat/Menuitems/mmw_638137737183156658?width=172&amp;height=172
Quiche Lorraine With Turkey Ham,,23.0,https://images.deliveryhero.io/image/talabat/Menuitems/mmw_638137737335789524?width=172&amp;height=172
Tuna Quiche,,23.0,https://images.deliveryhero.io/image/talabat/Menuitems/mmw_638137737486184436?width=172&amp;height=172
Creamy Chicken Soup," Rich and velvety, this comforting soup combines tender chicken, aromatic herbs, and a creamy broth",30.0,https://images.deliveryhero.io/image/talabat/Menuitems/mmw_638137831685816774?width=172&amp;height=172
Spicy Roasted Tomato And Fresh Basil Soup,Vegetarian.,30.0,https://images.deliveryhero.io/image/talabat/Menuitems/mmw_638137831830598552?width=172&amp;height=172
Creamy Mushroom,,30.0,https://images.deliveryhero.io/image/talabat/Menuitems/mmw_638023862515858939?width=172&amp;height=172
Lentil Soup,"Made with a blend of lentils, vegetables, and spices, it's a healthy and satisfying option.",30.0,https://images.deliveryhero.io/image/talabat/Menuitems/mmw_638137832042043041?width=172&amp;height=172
Bread Basket,"Assortment of bread varieties, typically served as an accompaniment to a meal.",6.0,https://images.deliveryhero.io/image/talabat/Menuitems/mmw_638023801663642032?width=172&amp;height=172
2 Pieces Chicken Sausage,,9.0,https://images.deliveryhero.io/image/talabat/Menuitems/mmw_638186343902280401?width=172&amp;height=172
Beef Bacon,"Premium beef strips cured and smoked to perfection, offering a smoky and savory,",12.0,https://images.deliveryhero.io/image/talabat/Menuitems/mmw_638186346202153723?width=172&amp;height=172
Rosti Potato 3 Pieces,,10.0,https://images.deliveryhero.io/image/talabat/Menuitems/mmw_638186344678421850?width=172&amp;height=172
Sautéed Mushrooms,cooked in a pan with butter until they are tender and browned,10.0,https://images.deliveryhero.io/image/talabat/Menuitems/mmw_638186345594710513?width=172&amp;height=172
Homemade Smoked Salmon,,20.0,https://images.deliveryhero.io/image/talabat/Menuitems/mmw_638186346595433256?width=172&amp;height=172
Hollandaise Sauce,Creamy hollandaise sauce.,6.0,https://images.deliveryhero.io/image/talabat/Menuitems/mmw_638186347854587331?width=172&amp;height=172
Avocado Slices,,6.0,https://images.deliveryhero.io/image/talabat/Menuitems/mmw_638186348690497786?width=172&amp;height=172
Mashed Potatoes,creamy and buttery seasond potato.,17.0,https://images.deliveryhero.io/image/talabat/Menuitems/mmw_638139408516888399?width=172&amp;height=172
Sautéed Potato And Spinach,,17.0,https://images.deliveryhero.io/image/talabat/Menuitems/mmw_638139469160891748?width=172&amp;height=172
Creamy Wilted Spinach,,17.0,https://images.deliveryhero.io/image/talabat/Menuitems/mmw_638139409961410041?width=172&amp;height=172
Steamed Veggie,,17.0,https://images.deliveryhero.io/image/talabat/Menuitems/mmw_638139470356927903?width=172&amp;height=172
Plain Omelette,A simple and delicious omelette made without any additional fillings.,36.0,https://images.deliveryhero.io/image/talabat/Menuitems/mmw_638137744156770072?width=172&amp;height=172
Mushroom Omelette,Mushroom filled omelette.,39.0,https://images.deliveryhero.io/image/talabat/Menuitems/mmw_638139396210256577?width=172&amp;height=172
Turkey Ham Omelette,,38.0,https://images.deliveryhero.io/image/talabat/Menuitems/mmw_638139396373772156?width=172&amp;height=172
Emmental Cheese Omelette,,37.0,https://images.deliveryhero.io/image/talabat/Menuitems/mmw_638139396631246732?width=172&amp;height=172
Chia Delight,"Nuts, gluten free, vegan.",42.0,https://images.deliveryhero.io/image/talabat/Menuitems/mmw_638137744943784282?width=172&amp;height=172
Classic French Toast,"Classic French toast with brioche bread, served with whipped cream, fresh strawberries and maple syrup.",54.0,https://images.deliveryhero.io/image/talabat/Menuitems/blob_637737891853203802?width=172&amp;height=172
Chocolate French Toast Served With Dark Chocolate Sauce,Nuts.,55.0,https://images.deliveryhero.io/image/talabat/Menuitems/mmw_638139396795458693?width=172&amp;height=172
Halawa French Toast,"Served with orange mascarpone, mixed berries, whipped cream, and pistachios.",59.0,https://images.deliveryhero.io/image/talabat/Menuitems/mmw_638138026743700497?width=172&amp;height=172
Grilled Salmon,With a tarragon and lemon zest sauce,92.0,https://images.deliveryhero.io/image/talabat/Menuitems/mmw_638137894568023178?width=172&amp;height=172
"Pan Seared Sea Bream, Creamy Caper Sauce And Broad Beans",,79.0,https://images.deliveryhero.io/image/talabat/Menuitems/mmw_638163872121932341?width=172&amp;height=172
Harissa Marinated Grilled Chicken,With yoghurt tahini sauce,69.0,https://images.deliveryhero.io/image/talabat/Menuitems/mmw_638137894736658856?width=172&amp;height=172
Lemon Marinated Grilled Chicken With Creamy Grain Mustard Sauce,,69.0,https://images.deliveryhero.io/image/talabat/Menuitems/blob_637737922808891041?width=172&amp;height=172
"Grilled Striploin, With Herbs And Butter Sauce",,98.0,https://images.deliveryhero.io/image/talabat/Menuitems/mmw_638137895157674159?width=172&amp;height=172
Mushroom Bourguignon,"Mushroom Bourguignon
 Slow cooked onions, mushrooms and carrots stew served with mashed potatoes",65.0,https://images.deliveryhero.io/image/talabat/Menuitems/mmw_638162193876852795?width=172&amp;height=172
Grilled Chicken & Creamy Rice,"La Brioche Rice & Chicken
 with cherry tomatoes, pink sauce and a balsamic glaze",69.0,https://images.deliveryhero.io/image/talabat/Menuitems/mmw_638162198993621584?width=172&amp;height=172
Braised Short Rib,"Braised Short Rib
 Slow cooked short rib with roasted garlic mashed potatoes & grilled asparagus",98.0,https://images.deliveryhero.io/image/talabat/Menuitems/mmw_638162280702342979?width=172&amp;height=172
Beef Lasagna,"Freshly minced wagyu beef, bechamel sauce and lasagna sheets, baked slowly.",54.0,https://images.deliveryhero.io/image/talabat/Menuitems/mmw_638137873729128537?width=172&amp;height=172
Bolognese Pasta,"Our Bolognese Pasta is the perfect comfort food, featuring al dente pasta with a rich and meaty tomato sauce, seasoned with aromatic herbs and spices, and topped with freshly grated Parmesan cheese.",52.0,https://images.deliveryhero.io/image/talabat/Menuitems/mmw_638137873197337827?width=172&amp;height=172
Chicken And Mushroom Pasta,Chicken and mushroom pasta.,54.0,https://images.deliveryhero.io/image/talabat/Menuitems/mmw_638137873339588287?width=172&amp;height=172
Arrabiata Pasta,Pasta coated in a zesty and spicy arrabbiata sauce.,45.0,https://images.deliveryhero.io/image/talabat/Menuitems/mmw_638137873587399801?width=172&amp;height=172
Grilled Chicken And Organic Quinoa Salad,Contain nuts.,59.0,https://images.deliveryhero.io/image/talabat/Menuitems/mmw_638137873947836215?width=172&amp;height=172
Feta Cheese Pompons Salad,"With mixed lettuce, rocket, cherry tomatoes, avocado, beetroot, Feta cheese pompons with a balsamic dressing",63.0,https://images.deliveryhero.io/image/talabat/Menuitems/mmw_638163614423643342?width=172&amp;height=172
Broadbean Salad,"Broad beans, asparagus, Granny Smith apple, avocado, strawberry and rocket salad with lemon, maple tahina dressing. Beans allergy icon contains seeds",61.0,https://images.deliveryhero.io/image/talabat/Menuitems/mmw_638137874871146480?width=172&amp;height=172
Grilled Chicken Roasted Potato And Baby Gem,With Caesar dressing,54.0,https://images.deliveryhero.io/image/talabat/Menuitems/mmw_638137874629348108?width=172&amp;height=172
Classic Caesar Salad,"Traditional salad with romaine lettuce, croutons, Parmesan cheese, and Caesar dressing.",47.0,https://images.deliveryhero.io/image/talabat/Menuitems/mmw_638023612035976241?width=172&amp;height=172
Pan Seared Beef Tenderloin Salad,"Sauteed beef tenderloin, caramelized onions and mayo, roquet and Grana Padano, in soft Viennois baguette",63.0,https://images.deliveryhero.io/image/talabat/Menuitems/mmw_638041877089444141?width=172&amp;height=172
Burrata Salad  ,"With mixed lettuce, balsamic roasted tomatoes, fresh basil leaves and garlic crostini. ",63.0,https://images.deliveryhero.io/image/talabat/Menuitems/mmw_638137876295417893?width=172&amp;height=172
 La Brioche Club Sandwich,"Toasted white or brown bread with boiled eggs, chicken mayonnaise, tomatoes, cucumber, lettuce, emmental cheese and Beef bacon",50.0,https://images.deliveryhero.io/image/talabat/Menuitems/mmw_638022841267969823?width=172&amp;height=172
Beef Tenderloin Sandwhch,"Sauteed beef tenderloin, caramelized onion and mayo, roquet and grana padano in soft viennois baguette.",63.0,https://images.deliveryhero.io/image/talabat/Menuitems/mmw_638189552304534649?width=172&amp;height=172
Smoked Chicken And Avocado,"Homemade smoked chicken breast, avocado, fresh tomatoes, roquette leaves and mayonnaise in cereal baguette",53.0,https://images.deliveryhero.io/image/talabat/Menuitems/mmw_638137833417652640?width=172&amp;height=172
Crispy Chicken Burger,"Crispy fried chicken fillet, avocado, cherry tomato confit chipotle sauce, rocket leaves in a soft bun",60.0,https://images.deliveryhero.io/image/talabat/Menuitems/mmw_638041929747567531?width=172&amp;height=172
Gourmet Beef Burger,"Grilled minced Wagyu beef steak, romaine hearts, chipotle sauce, homemade pickles, caramelizes onions and melted camembert cheese in a soft bun",65.0,https://images.deliveryhero.io/image/talabat/Menuitems/blob_637737935904807943?width=172&amp;height=172
Lava Chicken Burger,"Lava Chicken Burger, Crispy fried chicken fillet coated in a creamy chilli sauce, pickled cucumbers, cheddar cheese and iceberg lettuce.",60.0,https://images.deliveryhero.io/image/talabat/Menuitems/mmw_638162273340021379?width=172&amp;height=172
Scrambled Eggs And Beef Bacon Croissant Sandwich,Scrambled eggs and crispy beef bacon in a freshly baked butter croissant,33.0,https://images.deliveryhero.io/image/talabat/Menuitems/mmw_638137896623462042?width=172&amp;height=172
Sautéed Mushroom And Emmental Croissant Sandwich,,32.0,https://images.deliveryhero.io/image/talabat/Menuitems/mmw_638173993175075030?width=172&amp;height=172
Smoked Turkey Ham And Emmental  Croissant Sandwich,,32.0,
Cheese Omelette Roll,Cheese Omelette Roll Omelette with melted Emmental cheese served on a freshly baked brioche roll,35.0,https://images.deliveryhero.io/image/talabat/Menuitems/mmw_638162283998241256?width=172&amp;height=172
Classic Waffle With Chocolate Sauce,,51.0,https://images.deliveryhero.io/image/talabat/Menuitems/mmw_637913068914252795?width=172&amp;height=172
Maple Syrup Waffle,"maple syrup, flour, saugar, baking powder, salt, milk, egg and butter",46.0,https://images.deliveryhero.io/image/talabat/Menuitems/mmw_637913070543424188?width=172&amp;height=172
Waffle Mushroom,"Served with lemon, chives cream, sautéed mushrooms, pumpkin seeds and rocket leaves.",58.0,https://images.deliveryhero.io/image/talabat/Menuitems/mmw_638137740555391861?width=172&amp;height=172
Waffle Croque Madame,"Croque Madame
 Turkey Ham with béchamel and mushrooms, Emmental cheese and topped with a fried egg",59.0,https://images.deliveryhero.io/image/talabat/Menuitems/mmw_638162275775370225?width=172&amp;height=172
Bolognese Waffle Sandwich,Bolognese waffle sandwich. Beef bolognese sauce topped with grated parmesan on a mozzarella stuffed waffle,58.0,https://images.deliveryhero.io/image/talabat/Menuitems/mmw_638162271358448548?width=172&amp;height=172
Plain Croissant,"Made with layers of flaky, buttery pastry dough, the croissant has a light and delicate texture that is perfect for breakfast or as a snack. ",11.0,https://images.deliveryhero.io/image/talabat/Menuitems/blob_637737906268744420?width=172&amp;height=172
Almond Croissant,Nuts.,13.0,https://images.deliveryhero.io/image/talabat/Menuitems/mmw_638138831583874877?width=172&amp;height=172
Chocolate Croissant,"A delicate pastry filled with rich and velvety chocolate, baked to golden perfection and topped with a dusting of powdered sugar for a sweet and satisfying treat that's perfect for breakfast or dessert!",12.0,https://images.deliveryhero.io/image/talabat/Menuitems/blob_637737906941151489?width=172&amp;height=172
Cheese Croissant,Savor with flaky layers of buttery pastry filled with creamy melted cheese and baked to golden perfection.It's perfect side dish for breakfast ,13.0,https://images.deliveryhero.io/image/talabat/Menuitems/blob_637737907354757873?width=172&amp;height=172
Zataar Croissant,,12.0,https://images.deliveryhero.io/image/talabat/Menuitems/blob_637737907711393455?width=172&amp;height=172
Pistachio Croissant,"Nuts
",18.0,https://images.deliveryhero.io/image/talabat/Menuitems/mmw_638138830791607822?width=172&amp;height=172
Danish Pastry Cheese,,17.5,https://images.deliveryhero.io/image/talabat/Menuitems/mmw_638085869638803801?width=172&amp;height=172
Danish Pastry Blueberry,,17.5,https://images.deliveryhero.io/image/talabat/Menuitems/mmw_638059055018890688?width=172&amp;height=172
Cereal Baguette,,4.25,https://images.deliveryhero.io/image/talabat/Menuitems/blob_637737905953800110?width=172&amp;height=172
Baguette Au  Levain ,,5.25,https://images.deliveryhero.io/image/talabat/Menuitems/mmw_638189547290281928?width=172&amp;height=172
Strawberry Tart,Dessert pastry filled with fresh strawberries.,25.0,https://images.deliveryhero.io/image/talabat/Menuitems/blob_637737910964539520?width=172&amp;height=172
Sugar Free Blueberry Cheesecake,,23.0,https://images.deliveryhero.io/image/talabat/Menuitems/blob_637737912244493919?width=172&amp;height=172
Honey Cake,"Experience the sweet, warm flavors of home with our Honey Cake, crafted with layers of tender sponge cake infused with the aromatic richness of honey and spices, for a comforting indulgence that will transport you to a cozy autumn day.",23.0,https://images.deliveryhero.io/image/talabat/Menuitems/blob_637737911272806962?width=172&amp;height=172
Opera Slice,,20.0,https://images.deliveryhero.io/image/talabat/Menuitems/blob_637737912559163501?width=172&amp;height=172
Verrine Tiramisu,,21.0,https://images.deliveryhero.io/image/talabat/Menuitems/blob_637737911944491737?width=172&amp;height=172
Brownie With Salted Caramel ,,15.75,https://images.deliveryhero.io/image/talabat/Menuitems/mmw_638139397365405216?width=172&amp;height=172
Red Velvet ,"Indulge in the decadent and velvety smoothness of our classic Red Velvet, crafted with the finest ingredients",19.0,https://images.deliveryhero.io/image/talabat/Menuitems/mmw_638139397509665101?width=172&amp;height=172
Ginger Passion Mocktail,,30.0,https://images.deliveryhero.io/image/talabat/Menuitems/mmw_638137785255042336?width=172&amp;height=172
Strawberry Mojito ,"Made with fresh strawberries, mint leaves, lime juice and a splash of soda.",30.0,https://images.deliveryhero.io/image/talabat/Menuitems/mmw_638182006115095767?width=172&amp;height=172
Classic Mojito,Refreshing mint added to lime juice balanced with soda.,30.0,https://images.deliveryhero.io/image/talabat/Menuitems/mmw_638137785395845742?width=172&amp;height=172
Mango Passion Fruit Mojito,,30.0,https://images.deliveryhero.io/image/talabat/Menuitems/mmw_638137783889650134?width=172&amp;height=172
Sparkling Hibiscus,Freshly brewed hibiscus with a sparkle,30.0,https://images.deliveryhero.io/image/talabat/Menuitems/mmw_638137786227841654?width=172&amp;height=172
La Vie En Rose,Lemonade with rose & strawberries,30.0,https://images.deliveryhero.io/image/talabat/Menuitems/mmw_638137787199129838?width=172&amp;height=172
Rasberry Lemonade,Lemonade with fresh raspberries,30.0,https://images.deliveryhero.io/image/talabat/Menuitems/mmw_638137788069448895?width=172&amp;height=172
Avocado Green Apple With Mint And Ginger Smoothie,,31.0,https://images.deliveryhero.io/image/talabat/Menuitems/mmw_638137785609673126?width=172&amp;height=172
Mango Passion Fruit And Chia Seeds Smoothie,,31.0,https://images.deliveryhero.io/image/talabat/Menuitems/mmw_638137790067618518?width=172&amp;height=172
Mixed Berries Smoothie,"Frozen berries, banana, milk, and yogurt blended together",31.0,https://images.deliveryhero.io/image/talabat/Menuitems/mmw_638137790253634091?width=172&amp;height=172
Tropical Paradise Smoothie Dairy Free,,31.0,https://images.deliveryhero.io/image/talabat/Menuitems/mmw_638138832915650495?width=172&amp;height=172
Lemon Mint Juice,Blended Lemonade & fresh mint,27.0,https://images.deliveryhero.io/image/talabat/Menuitems/mmw_638137789830199210?width=172&amp;height=172
Orange Juice,"Made capturing all the natural sweetness and tangy citrus flavor. Packed with Vitamin C, it's the perfect thirst quencher and a healthy addition to your daily diet.",29.0,https://images.deliveryhero.io/image/talabat/Menuitems/mmw_638137785848164026?width=172&amp;height=172
Apple Juice,A sweet and refreshing juice made from fresh apples.,29.0,https://images.deliveryhero.io/image/talabat/Menuitems/mmw_638137790497018096?width=172&amp;height=172
Pineapple Juice,A sweet and tangy beverage made from fresh pineapples.,29.0,https://images.deliveryhero.io/image/talabat/Menuitems/mmw_638137790679149943?width=172&amp;height=172
Carrot Juice,"Made with freshly squeezed carrots, it's a rich source of Vitamin A and other essential nutrients.",29.0,https://images.deliveryhero.io/image/talabat/Menuitems/mmw_638137800504794093?width=172&amp;height=172
Watermelon Juice,A refreshing and hydrating beverage made from ripe watermelons.,29.0,https://images.deliveryhero.io/image/talabat/Menuitems/mmw_638137789371961014?width=172&amp;height=172
Strawberry Juice,"Refreshing and delicious, rich in natural vitamins and minerals. Healthy alternative to sugary drinks.",29.0,https://images.deliveryhero.io/image/talabat/Menuitems/mmw_638137786005497052?width=172&amp;height=172
Fruit Cocktail Juice,A refreshing drink made by blending a mixture of assorted fruits to create a flavorful cocktail.,29.0,https://images.deliveryhero.io/image/talabat/Menuitems/mmw_638137789071815995?width=172&amp;height=172
Carrot Orange Juice,A refreshing juice made from carrots and oranges.,29.0,https://images.deliveryhero.io/image/talabat/Menuitems/mmw_638137800345454513?width=172&amp;height=172
Espresso,Experience the bold and intense flavor of our freshly brewed espresso.,14.0,https://images.deliveryhero.io/image/talabat/Menuitems/mmw_638137876648022667?width=172&amp;height=172
Brewed Coffee,classic cup of brewed coffee.,20.0,
Caramel Cortado ,"Espresso,Steamed milk and Caramel syrup",20.0,https://images.deliveryhero.io/image/talabat/Menuitems/mmw_638137893635360465?width=172&amp;height=172
Large Cappuccino,,24.0,https://images.deliveryhero.io/image/talabat/Menuitems/mmw_638137885965987905?width=172&amp;height=172
Large Latte,,24.0,https://images.deliveryhero.io/image/talabat/Menuitems/mmw_638137877235717378?width=172&amp;height=172
Americano,"Made with freshly brewed espresso and hot water, it's the perfect choice for coffee lovers who appreciate a strong and robust taste.",19.0,https://images.deliveryhero.io/image/talabat/Menuitems/mmw_638137892156056685?width=172&amp;height=172
White Chocolate Mocha  Large ,,27.0,
French Hot Chocolate,,23.0,https://images.deliveryhero.io/image/talabat/Menuitems/blob_637737963273201391?width=172&amp;height=172
English Breakfast Tea,"Sip on our full-bodied English Breakfast Tea, a robust blend of premium black teas, perfect for any time of day.",20.0,
Earl Grey Tea,"Sip on the exquisite essence of Earl Grey Tea, a harmonious blend of aromatic black tea and delicate bergamot, transporting you to a realm of timeless elegance and indulgence.",20.0,https://images.deliveryhero.io/image/talabat/Menuitems/mmw_638137892823054263?width=172&amp;height=172
 Large Iced Latte,,27.0,https://images.deliveryhero.io/image/talabat/Menuitems/mmw_638137748255971322?width=172&amp;height=172
 Large Iced Cafe Mocha,,27.0,https://images.deliveryhero.io/image/talabat/Menuitems/mmw_638137906791997258?width=172&amp;height=172
Iced Spanish Latte,Shot of espresso that condensed cold milk adds a creamy sweetness to the coffee .,27.0,https://images.deliveryhero.io/image/talabat/Menuitems/mmw_638137747647764234?width=172&amp;height=172
Iced Caramel Macchiato,"Indulge in the rich and creamy flavor of our Iced Caramel Macchiato, a decadent blend of freshly brewed espresso, creamy milk, and sweet caramel syrup, served over ice.",27.0,https://images.deliveryhero.io/image/talabat/Menuitems/mmw_638137907086037644?width=172&amp;height=172
Iced Americano,"Made with dark espresso and ice. it's the perfect way to cool down and refresh yourself during the hot summer days, or any time you crave a refreshing coffee.",21.0,https://images.deliveryhero.io/image/talabat/Menuitems/mmw_638137745908097594?width=172&amp;height=172
Iced White Mocha,"Experience pure bliss with our Iced White Mocha, a heavenly fusion of smooth white chocolate, bold espresso, and chilled milk, creating a delectable and refreshing indulgence that will captivate your senses.",27.0,https://images.deliveryhero.io/image/talabat/Menuitems/mmw_638138844847504910?width=172&amp;height=172
Arwa,,12.0,https://images.deliveryhero.io/image/talabat/Menuitems/mmw_638137897679729920?width=172&amp;height=172
Acqua Panna,Mineral Water.,24.0,https://images.deliveryhero.io/image/talabat/Menuitems/mmw_638137734558795471?width=172&amp;height=172
S.Pellegrino,,27.0,https://images.deliveryhero.io/image/talabat/Menuitems/mmw_638137734711286089?width=172&amp;height=172
Coca Cola,Soft Drink,14.0,https://images.deliveryhero.io/image/talabat/Menuitems/mmw_638188035199393961?width=172&amp;height=172
Sprite,Soft Drink,14.0,https://images.deliveryhero.io/image/talabat/Menuitems/mmw_638137735308696479?width=172&amp;height=172
Fanta,Soft drink,14.0,https://images.deliveryhero.io/image/talabat/Menuitems/mmw_638137735341385756?width=172&amp;height=172
Coke Light,Soft Drink,14.0,https://images.deliveryhero.io/image/talabat/Menuitems/mmw_638188697467070471?width=172&amp;height=172
