item_name,item_description,item_price,item_image
Arabiata Pasta,"Your choice of pasta type, tossed in our signature spicy arrabbiata sauce with parmesan cheese and parsley",39.0,https://images.deliveryhero.io/image/talabat/Menuitems/mmw_638282068396843700?width=172&amp;height=172
"Diavola Pizza 
","Pizza Tomato sauce, Basil, Fresh mozzarella cheese And Beef pepperoni 
",45.0,https://images.deliveryhero.io/image/talabat/Menuitems/mmw_638282079298167145?width=172&amp;height=172
Margherita Pizza,"Thin crust dough,Pizza Tomato sauce, Basil And Fresh mozzarella cheese",41.0,https://images.deliveryhero.io/image/talabat/Menuitems/mmw_638282070694562474?width=172&amp;height=172
Beef Lasagna Pasta,"Baked layers of fresh pasta with our special beef Bolognese sauce, homemade bechamel sauce, fresh mozzarella and parmesan cheese",43.0,https://images.deliveryhero.io/image/talabat/Menuitems/mmw_638295821533944574?width=172&amp;height=172
Vegetariana Pasta,"Your choice of pasta, Tossed with fresh cream And tomato sauce with broccoli, mushroom, parmesan And parsley
",44.0,https://images.deliveryhero.io/image/talabat/Menuitems/mmw_638282073981067422?width=172&amp;height=172
Turkey and Cheese Wrap Meal,"Smoked turkey with melted cheese, lettuce, tomatoes and pickles, topped with garlic mayonnaise sauce, served with french fries and drink of your choice",29.0,
Fattoush Salad,"Lettuce, tomato, cucumber, green capsicum, reddish, fresh mint and drizzled with our special dressing.",25.0,https://images.deliveryhero.io/image/talabat/Menuitems/2022331_TALABAT_UAE_LA_PI637846064939456146.jpg?width=172&amp;height=172
Quinoa Salad,"Quinoa seeds, mix Lettuce, Cherry Tomato, Cucumber, Sweet Cornn, drizzled with our special lemon olive oil Dressing",32.0,https://images.deliveryhero.io/image/talabat/Menuitems/mmw_638295819812475620?width=172&amp;height=172
Chicken Caesar Salad,"Lettuce. Ceasar Dressing, Slice parmesan Cheese and Garilled Chicken.",28.0,https://images.deliveryhero.io/image/talabat/Menuitems/mmw_638295820172749795?width=172&amp;height=172
Greek Salad,"Lettuce, tomato, cucumber, black olives, feta cheese and drizzled with our special lemon olive oil dressing.",27.0,https://images.deliveryhero.io/image/talabat/Menuitems/mmw_638295790266573408?width=172&amp;height=172
Beef Lasagna Pasta,"Baked layers of fresh pasta with our special beef Bolognese sauce, homemade bechamel sauce, fresh mozzarella and parmesan cheese",43.0,https://images.deliveryhero.io/image/talabat/Menuitems/mmw_638295821533944574?width=172&amp;height=172
Ravioli Funghi,"Fresh Ravioli stuffed with mushrooms, with our special mushroom Sauce And parmesan Cheese",48.0,https://images.deliveryhero.io/image/talabat/Menuitems/mmw_638282072229576574?width=172&amp;height=172
Bolognese Pasta,"Your choice of pasta, Tossed in our special beef Bolognese sauce And Parmesan cheese",44.0,https://images.deliveryhero.io/image/talabat/Menuitems/mmw_638282071688488369?width=172&amp;height=172
Vegetariana Pasta,"Your choice of pasta, Tossed with fresh cream And tomato sauce with broccoli, mushroom, parmesan And parsley
",44.0,https://images.deliveryhero.io/image/talabat/Menuitems/mmw_638282073981067422?width=172&amp;height=172
Arabiata Pasta,"Your choice of pasta type, tossed in our signature spicy arrabbiata sauce with parmesan cheese and parsley",39.0,https://images.deliveryhero.io/image/talabat/Menuitems/mmw_638282068396843700?width=172&amp;height=172
Chicken And Mushroom Pasta,"Your choice of pasta, Tossed in a rich cream sauce with Chicken, mushroom And parmesan cheese 
",45.0,https://images.deliveryhero.io/image/talabat/Menuitems/mmw_638282075127222038?width=172&amp;height=172
Prawn Pasta,"Your choice of pasta, Tossed with fresh tomato sauce, sautee Prawns, Garlic And parsley 
",46.0,https://images.deliveryhero.io/image/talabat/Menuitems/mmw_638282074361092459?width=172&amp;height=172
La Pizzato special Pasta,"Your choice of pasta, Tossed with fresh cream And tomato sauce , chicken,Black olives, broccoli, mushroom, parmesan And parsley
",48.0,https://images.deliveryhero.io/image/talabat/Menuitems/mmw_638282072677514066?width=172&amp;height=172
Spinach pasta,"Your choice of pasta, tossed with fresh tomato sauce, chicken, baby spinach leaves, parmesan cheese  and parsley",42.0,https://images.deliveryhero.io/image/talabat/Menuitems/mmw_638282073953541103?width=172&amp;height=172
Pink Vegetable Pasta,"Your choice of pasta type, tossed with fresh cream and tomato sauce with broccoli, mushroom, parmesan cheese and  parsley",42.0,https://images.deliveryhero.io/image/talabat/Menuitems/mmw_638282069706008199?width=172&amp;height=172
Four Cheese Pizza,"Pizza Tomato sauce, Fresh mozzarella cheese,Gorgonzola Cheese, parmesan And Picorino cheese",48.0,https://images.deliveryhero.io/image/talabat/Menuitems/mmw_638282075774809250?width=172&amp;height=172
Margherita Pizza,"Thin crust dough,Pizza Tomato sauce, Basil And Fresh mozzarella cheese",41.0,https://images.deliveryhero.io/image/talabat/Menuitems/mmw_638282070694562474?width=172&amp;height=172
"Diavola Pizza 
","Pizza Tomato sauce, Basil, Fresh mozzarella cheese And Beef pepperoni 
",45.0,https://images.deliveryhero.io/image/talabat/Menuitems/mmw_638282079298167145?width=172&amp;height=172
"Pizza Vegetariana 
","Pizza Tomato sauce, Fresh mozzarella cheese,capsicum, sweet corn, Mushroom , Black olives And onion 
",44.0,https://images.deliveryhero.io/image/talabat/Menuitems/mmw_638282075723961271?width=172&amp;height=172
"Chicken Barbeque Pizza 
","Pizza Tomato sauce, Fresh mozzarella cheese,Chicken, White onion And BBQ sauce 
",44.0,https://images.deliveryhero.io/image/talabat/Menuitems/mmw_638295821959303075?width=172&amp;height=172
Crispy Chicken Pizza,"Pizza Tomato sauce, Basil, Fresh mozzarella cheese, Jalapeno And Crispy Chicken",44.0,https://images.deliveryhero.io/image/talabat/Menuitems/mmw_638282076800196265?width=172&amp;height=172
Capricciosa pizza,"Pizza Tomato sauce, Basil, Fresh mozzarella cheese, Artichokes, turkey ham, black olive and mushroom",46.0,https://images.deliveryhero.io/image/talabat/Menuitems/mmw_638282077202553776?width=172&amp;height=172
"Truffle Pizza 
","Thin crust dough,Truffle sauce, mozzarella, fresh mushroom, Black truffle slice And truffle oil",62.0,https://images.deliveryhero.io/image/talabat/Menuitems/2022331_TALABAT_UAE_LAPIZ637846070843934732.jpg?width=172&amp;height=172
La Pizzato Special Pizza,"Pizza tomato sauce, fresh mozzarella cheese, beef salami, beef pepperoni, black olives, mushroom and green capsicum",50.0,https://images.deliveryhero.io/image/talabat/Menuitems/mmw_638282077741039806?width=172&amp;height=172
Prawn Pizza,"Pizza Tomato sauce, Fresh mozzarella cheese, Sautee prawns, Red onion And Red capsicum",46.0,https://images.deliveryhero.io/image/talabat/Menuitems/mmw_638282076753460909?width=172&amp;height=172
Mozzarella Sticks ,"Lightly breaded mozzarella sticks baked to a golden brown, 6 pieces served with your choice of dipping sauce.",25.0,https://images.deliveryhero.io/image/talabat/Menuitems/2022331_TALABAT_UAE_LAPIZ637846065915652466.jpg?width=172&amp;height=172
Potatoe Wedges,,18.0,https://images.deliveryhero.io/image/talabat/Menuitems/2022331_TALABAT_UAE_LAPIZ637846065668915608.jpg?width=172&amp;height=172
Cheese Garlic Bread,"Freshly Foccacia bread with butter, garlic and Mozzarella cheese, served with your choice of dipping sauce
",21.0,https://images.deliveryhero.io/image/talabat/Menuitems/2022331_TALABAT_UAE_LAPIZ637846066485362722.jpg?width=172&amp;height=172
French Fries ,"Fried to a golden crisp perfection and perfectly seasoned, perfect accompaniment to any meal.",14.0,https://images.deliveryhero.io/image/talabat/Menuitems/mmw_637889751409121939?width=172&amp;height=172
Crazy Nutella,A delicious dessert made with a chocolatey Nutella.,15.0,https://images.deliveryhero.io/image/talabat/Menuitems/mmw_638295822828818051?width=172&amp;height=172
Pepsi 330 ML,Soft Drink,7.0,https://images.deliveryhero.io/image/talabat/Menuitems/Pepsi638211172552195281.jpg?width=172&amp;height=172
Diet Pepsi Can 330 ML,,7.0,https://images.deliveryhero.io/image/talabat/Menuitems/Diet_Pepsi638211172527509412.jpg?width=172&amp;height=172
Water Small,Stay hydrated and refreshed with our water.,7.0,https://images.deliveryhero.io/image/talabat/Menuitems/Mineral_Water638211172516773803.jpg?width=172&amp;height=172
Miranda 330 ML,,7.0,https://images.deliveryhero.io/image/talabat/Menuitems/Mirinda_Orange638211172537785754.jpg?width=172&amp;height=172
7 Up 330ML,,7.0,https://images.deliveryhero.io/image/talabat/Menuitems/7up_soda638211172538830420.jpg?width=172&amp;height=172
Mountain Dew ,Soft Drink,7.0,https://images.deliveryhero.io/image/talabat/Menuitems/mmw_638295823632433073?width=172&amp;height=172
