item_name,item_description,item_price,item_image
Chicken Biryani,Large ,20.0,https://images.deliveryhero.io/image/talabat/Menuitems/Lahoriya_RestaurantDXB_Ch638089529092234665.jpg?width=172&amp;height=172
Lahori Chana,Lahoristyle chickpea curry.,12.85,https://images.deliveryhero.io/image/talabat/Menuitems/Lahoriya_RestaurantDXB_La638089529120437751.jpg?width=172&amp;height=172
Nehari,,14.75,https://images.deliveryhero.io/image/talabat/Menuitems/Lahoriya_RestaurantDXB_Ne638089529111568277.jpg?width=172&amp;height=172
Halwa Puri,2 puri with halwa and channa ,17.5,
Daal Mash,Mashed lentils dish.,14.75,
Murgh Chana,Dish made with chicken and chickpeas in curry sauce.,24.75,
Lahori Chana,Lahoristyle chickpea curry.,12.85,https://images.deliveryhero.io/image/talabat/Menuitems/Lahoriya_RestaurantDXB_La638089529120437751.jpg?width=172&amp;height=172
Haleem,"This slow-cooked dish combines tender meat, lentils, and aromatic spices.",14.75,
Nehari,,14.75,https://images.deliveryhero.io/image/talabat/Menuitems/Lahoriya_RestaurantDXB_Ne638089529111568277.jpg?width=172&amp;height=172
Maghaz,,14.85,https://images.deliveryhero.io/image/talabat/Menuitems/Lahoriya_RestaurantDXB_Ma638089529065232072.jpg?width=172&amp;height=172
Daal,Lentil dish.,13.75,
Mixed Vegetables,Fresh vegetable,14.75,
Omelette,"Made with fluffy eggs, juicy veggies, cheese, and fresh herbs for a delightful breakfast or brunch.",10.0,
Fried Egg 2,"Perfectly cooked with a golden and runny yolk, it's a versatile option that can be enjoyed on its own",10.0,
Paratha,"Indulge in the warm and flaky goodness of our freshly made Paratha, stuffed with a delectable blend of spiced potatoes and onions, creating a satisfying and irresistible meal.",4.0,
Beef Paya,Made with tender chunks of slow-cooked beef trotters and infused with aromatic spices.,24.75,https://images.deliveryhero.io/image/talabat/Menuitems/Lahoriya_RestaurantDXB_Pa638089529110624960.jpg?width=172&amp;height=172
Halwa Puri,2 puri with halwa and channa ,17.5,
Mutton Paya,,19.75,
Daal Mash,Mashed lentils dish.,14.75,
Daal Chana,lentils and chickpeas.,14.75,
Daal Makhni,creamy lentil dish.,17.25,
Lahori Daal Mix,,14.85,https://images.deliveryhero.io/image/talabat/Menuitems/Lahoriya_RestaurantDXB_La638089529120832483.jpg?width=172&amp;height=172
Karela," good source of vitamins A and C, as well as fiber. It is also low in calories and fat",13.85,
Bhindi,"Indian dish featuring tender okra cooked to perfection in a rich blend of aromatic spices, onions, and juicy tomatoes.",13.85,
Seasonal Vegetables,,14.0,
Aloo Palak,"Made with tender potatoes and vibrant spinach leaves cooked with aromatic spices, onions, and tomatoes for a hearty and nutritious vegetarian dish that will warm your soul and delight your senses!",14.0,
Vegetable mix,,15.0,
Halwa,Sweet semolina dessert.,10.0,
Sweet Lassi,"Indulge in our heavenly sweet lassi made with thick and smooth yogurt, perfectly sweetened for a delightful and refreshing drink",7.0,https://images.deliveryhero.io/image/talabat/Menuitems/Lahoriya_RestaurantDXB_Sw638089529086793503.jpg?width=172&amp;height=172
Namkeen Lassi,,7.0,
Laccha Paratha,flaky Indian flatbread.,4.0,
Aloo Paratha,"a fluffy, golden-brown flatbread stuffed with spiced mashed potatoes, onions, and fresh herbs. It's perfect meal for breakast",6.0,
Qeema Paratha,Paratha bread stuffed with minced meat.,13.0,
Cheese Paratha,"A delectable fusion of flaky, golden-brown bread stuffed with a generous filling of creamy cheese.",13.0,
Chicken Cheese Paratha,Paratha filled with chicken and cheese.,14.0,
Anda Paratha,Paratha with One Egg,10.0,
Chicken Biryani,Large ,20.0,https://images.deliveryhero.io/image/talabat/Menuitems/Lahoriya_RestaurantDXB_Ch638089529092234665.jpg?width=172&amp;height=172
Mutton Meat Biryani,Biryani rice dish made with mutton meat.,28.0,
Vegetable Biryani,"Enjoy our delicious and nutritious veg biryani, featuring a colorful medley of vegetables, fragrant basmati rice, and aromatic spices for a satisfying and wholesome meal.",16.0,
Daal Chawal,,13.0,
Aloo Qeema,Aloo (potato) and qeema (minced meat) cooked together,20.0,https://images.deliveryhero.io/image/talabat/Menuitems/Lahoriya_RestaurantDXB_Al638089529133936302.jpg?width=172&amp;height=172
Pyaz Qeema,,23.0,
Tawa Qeema,,23.0,
Chicken Tikka,Made with marinated chicken and roasted with spices. It's a perfect meal for lunch or dinner,18.0,
Chicken Wings,,18.0,
Fresh Salad,"A salad made with rocca (arugula) and avocado, often dressed with a light vinaigrette.",11.0,
Raita Salad,Salad made with yogurt and various vegetables.,8.0,
Tea,"Savor the rich aroma and taste of our premium tea, expertly blended to create a perfect tea drinking experience.",3.0,
Coffee,Experience the bold and intense flavor of our freshly brewed coffee.,5.0,
Water Small,Stay hydrated and refreshed with our water.,2.5,
Water Large,Mineral water.,4.0,
cold Drinks,,5.0,
