item_name,item_description,item_price,item_image
Sinigang Na Bangus,Filipino sour soup with milkfish and vegetables.,35.0,https://images.deliveryhero.io/image/talabat/Menuitems/blob_637446879737016390?width=172&amp;height=172
Lomi,"Fresh pasta with meat and vegetables, special egg soup",22.0,https://images.deliveryhero.io/image/talabat/Menuitems/LOMI_637171189046658574.jpg?width=172&amp;height=172
Pancit Bihon,Chinese rice noodles with chicken pieces or seafood with fresh vegetables,0.0,https://images.deliveryhero.io/image/talabat/Menuitems/PANCHIT_BIHON_637171191554784922.jpg?width=172&amp;height=172
Sinigang Na Baka With Rice,"Sinigang is a tamarind based soup that is known for its sour and savory taste with freshly beef ribs with lots of fresh vegetable served with rice.
",35.0,https://images.deliveryhero.io/image/talabat/Menuitems/blob_637446122235628800?width=172&amp;height=172
Sinigang Na Tanigue With Rice,"Sinigang is a tamarind-based soup that is known for its sour and savory taste with king fish with lots of fresh vegetable served with rice.
Serves 2 to 3 persons. ",35.0,https://images.deliveryhero.io/image/talabat/Menuitems/SINIGANG_NA_TANIGUE_637171195518047453.jpg?width=172&amp;height=172
Pinakbet Mix Chicken And Shrimp," Made from mixed fresh vegetables sautéed in fish or shrimp sauce and mix of chicken and shrimp on top served with stream rice. 
",29.0,https://images.deliveryhero.io/image/talabat/Menuitems/blob_637446151940618623?width=172&amp;height=172
Tinolang Manok,"The ultimate comfort food Made of chicken, green papaya, fresh spinach, and a ginger flavored broth, served with rice.
",32.0,https://images.deliveryhero.io/image/talabat/Menuitems/blob_637446151046635913?width=172&amp;height=172
Crispy Pata 500 Gm,"Crispy pata is a Filipino dish consisting of deep fried beef trotters and  knuckles served with a vinegar mangtomas and  rice.
",43.0,https://images.deliveryhero.io/image/talabat/Menuitems/blob_637446145095351809?width=172&amp;height=172
Ginataang Tilapia,Ginataang Tilapia,35.0,https://images.deliveryhero.io/image/talabat/Menuitems/mmw_638118215947946989?width=172&amp;height=172
Lechon Kawali Beef,"A well seasoned beef that's crispy on the outside and moist and delicious on the inside makes for a memorable meal
",37.0,https://images.deliveryhero.io/image/talabat/Menuitems/LECHON_KAWALI_637171188987110348.jpg?width=172&amp;height=172
Fried Duck,"A well seasoned duck that's crispy on the outside and moist and delicious on the inside makes for a memorable meal
",33.0,https://images.deliveryhero.io/image/talabat/Menuitems/FRIED_DUCK_637171188997730475.jpg?width=172&amp;height=172
Bicol Express,"Bicol express is a spicy stew consisting of bite sized pieces of beef with green chilies, coconut milk powder, onions, beans and garlic served with steam rice.
",35.0,https://images.deliveryhero.io/image/talabat/Menuitems/BICOL_EXPRESS_637171184601580463.jpg?width=172&amp;height=172
Bulalo Pochero,"Pieces of fresh Beef Shanks made with sweet potato ,beans,red sauce, fresh vegetables, lettuce and special spices served with rice
",52.0,https://images.deliveryhero.io/image/talabat/Menuitems/BULALO_PUCHERO_637171184612871229.jpg?width=172&amp;height=172
Combo Mix Seafood,"Enjoy a platter of fried seafood shrimp, hamour and calamari with noodels and rice
",41.0,https://images.deliveryhero.io/image/talabat/Menuitems/COMBO_MIX_SEAFOOD_637171189009591785.jpg?width=172&amp;height=172
Chicken Adobo,Chicken Adobo,31.0,https://images.deliveryhero.io/image/talabat/Menuitems/CHICKEN_ADOBO_637171184621579532.jpg?width=172&amp;height=172
Ginataang Hipon,"Ginataang Hipon is creamy, spicy, delicious with steamed rice, this classic filipino seafood dish made with long beans and kalabasa.
",39.0,https://images.deliveryhero.io/image/talabat/Menuitems/GINATANG_NA_HIPON_637171189019090843.jpg?width=172&amp;height=172
Tomyang,"A wonderful assortment of shrimp, squid, fish and crab pieces with a mixture of fresh vegetables, tomatoes, onions, peppers and the delicious taste of Tom Yam.
",0.0,https://images.deliveryhero.io/image/talabat/Menuitems/TOMYANG_SEAFOOD_637171195406720587.jpg?width=172&amp;height=172
Laing Shrimp,"A wonderful assortment of shrimp, squid, fish and crab pieces with a mixture of fresh vegetables, tomatoes, onion, bell pepper and the delicious taste of tom yum",33.0,https://images.deliveryhero.io/image/talabat/Menuitems/LAING_SHRIMP_637171189028409519.jpg?width=172&amp;height=172
Camaron With French Fries,"Fried crispy shrimp marinated with special spices on the Chinese way, served with French fries
",35.0,https://images.deliveryhero.io/image/talabat/Menuitems/CAMARON_WITH_FRIES_637171184631569058.jpg?width=172&amp;height=172
Shrimp Oyster Sauce,"Shrimp are cooked in a sweet and savory oyester sauce with ball paper, carrot and onion Perfect sered with steamed rice
",35.0,https://images.deliveryhero.io/image/talabat/Menuitems/lapaz-batchoy-shrimp_637052843369442660.jpg?width=172&amp;height=172
Chopsuey,"Fresh boiled shrimp with broccoli, ball pepper and delicious healthy vegetables",27.0,https://images.deliveryhero.io/image/talabat/Menuitems/CHOPSUEY_637171184643900817.jpg?width=172&amp;height=172
Duck Caldereta,"Caldreta is duck cooked with coconut milk powder untill soft and tender with spices such as potato, carrots, bell peppers and served with rice.
",33.0,https://images.deliveryhero.io/image/talabat/Menuitems/DUCK_CALDERETA_637171189036929293.jpg?width=172&amp;height=172
Lapaz Batchoy,"Egg noodle soup made with slices beef, beef stock, boild egg garnishing with beef cracklings, spring onion and fried garlic.
",18.0,https://images.deliveryhero.io/image/talabat/Menuitems/blob_637446076192703073?width=172&amp;height=172
Calamari,"Tender pieces of fresh squid soaked in buttermilk, then coated in seasoned flour and deep fried to golden brown perfection served with viniger and sweet chili sauce.
",33.0,https://images.deliveryhero.io/image/talabat/Menuitems/blob_637446889669243631?width=172&amp;height=172
Batchoy Specials,"Egg noodle soup made of beef slices, beef broth, boiled eggs garnished with chicharon pieces, spring onions and fried garlic from the top",0.0,https://images.deliveryhero.io/image/talabat/Menuitems/blob_637446089122042629?width=172&amp;height=172
Beef Mami Noodles,"Tender beef breast, egg noodles, hard-boiled eggs and other toppings drenched in hot, delicious beef broth.",21.0,https://images.deliveryhero.io/image/talabat/Menuitems/lapaz-batchoy-beef-m_637052841146205873.jpg?width=172&amp;height=172
Lomi,"Fresh pasta with meat and vegetables, special egg soup",22.0,https://images.deliveryhero.io/image/talabat/Menuitems/LOMI_637171189046658574.jpg?width=172&amp;height=172
Pancit Mix,"The famous Chinese noodles pasta with rice noodles, pieces of vegetables and different flavors of meat, chicken or seafood",0.0,https://images.deliveryhero.io/image/talabat/Menuitems/PANCHIT_MIX_637171191541792446.jpg?width=172&amp;height=172
Pancit Bihon,Chinese rice noodles with chicken pieces or seafood with fresh vegetables,0.0,https://images.deliveryhero.io/image/talabat/Menuitems/PANCHIT_BIHON_637171191554784922.jpg?width=172&amp;height=172
Pancit Sotaghon,,0.0,https://images.deliveryhero.io/image/talabat/Menuitems/lapaz-batchoy-pancit_637052843400823679.jpg?width=172&amp;height=172
Pancit Canton,The famous Chinese noodles are served with pieces of vegetables and different flavors of Beef or chicken or seafood,0.0,https://images.deliveryhero.io/image/talabat/Menuitems/PANCHIT_CANTON_637171191570379888.jpg?width=172&amp;height=172
Spaghetti,"Pasta with fresh minced meat or chicken, green pepper, red sauce and grated cheddar cheese",22.0,https://images.deliveryhero.io/image/talabat/Menuitems/SPAGGETI_637171195418742122.jpg?width=172&amp;height=172
Pancit Palabok,"Pancit Palabok is a delicious Filipino noodle dish topped with shrimp gravy, shrimp, smoked fish flakes, beef cracklings, slices eggs. Hearty and savory",25.0,https://images.deliveryhero.io/image/talabat/Menuitems/PALABOK_637171189055990188.jpg?width=172&amp;height=172
Goto,"Goto is a Filipino rice and beef tripe gruel cooked with ginger and garnished with toasted garlic, springs onion, black pepper, It is usually served with lemon and as well as a hard boiled egg",19.0,https://images.deliveryhero.io/image/talabat/Menuitems/GOTO_637171189065148921.jpg?width=172&amp;height=172
Pancit Mix Tray,,84.0,https://images.deliveryhero.io/image/talabat/Menuitems/PANCHIT_MIX_SEAFOOD_637171191586995838.jpg?width=172&amp;height=172
Pancit Bihon Tray,,84.0,https://images.deliveryhero.io/image/talabat/Menuitems/PANCHIT_BIHON_SEAFOOD_637171191601229502.jpg?width=172&amp;height=172
Pancit Sotaghon Tray,,84.0,
Pancit Canton Tray,,84.0,
Spaghetti Tray,"Pasta with fresh minced meat or chicken, green pepper, red sauce and grated cheddar cheese",84.0,
Special Lapaz Laurait,"Special mix combo with chicken, rice and mixed noodels
",32.0,https://images.deliveryhero.io/image/talabat/Menuitems/SPECIAL_LAPAZ_LAURIAT_637171195429212173.jpg?width=172&amp;height=172
Pancit Palabok Tray,"Pancit Palabok is a delicious Filipino noodle dish topped with shrimp gravy, shrimp, smoked fish flakes, beef cracklings, slices eggs. Hearty and savory, it's perfect as a light meal or anytime snack.
",89.0,
Inihaw Na Tilapia With Rice,Served tilapia marinated in our way and grilled on charcoal with rice,29.0,https://images.deliveryhero.io/image/talabat/Menuitems/INIHAW_NA_TILAPIA_637171189074978294.jpg?width=172&amp;height=172
Barbecue Chicken With Rice,Slices of fresh chicken breast marinated with barbecue sauce and grilled on charcoal served with rice,23.0,https://images.deliveryhero.io/image/talabat/Menuitems/CHICKEN_BBQ_637171184889430873.jpg?width=172&amp;height=172
Barbecue Beef With Rice,Slices of fresh meat marinated with barbecue sauce and grilled on charcoal served with rice,24.0,https://images.deliveryhero.io/image/talabat/Menuitems/BEEF_BBQ_637171184901032009.jpg?width=172&amp;height=172
Inihaw Na Tanigue With Rice,"King fish marinated in our way and grilled on charcoal, served with rice.",33.0,https://images.deliveryhero.io/image/talabat/Menuitems/INIHAW_NA_TANIGUE_637171189084377273.jpg?width=172&amp;height=172
Inihaw Na Hipon With Rice,"Shrimp marinated on our way with special sauce and grilled on charcoal, served with rice",35.0,https://images.deliveryhero.io/image/talabat/Menuitems/INIHAW_NA_HIPON_637171189093966417.jpg?width=172&amp;height=172
Inihaw Na Pusit With Rice,"freshly squid Marinated with a sweet and tangy vinaigrette with spices and stuffed with tomatoes and onions, this inihaw na squid is delicious hot off the grill",0.0,https://images.deliveryhero.io/image/talabat/Menuitems/INIHAW_NA_PUSIT_637171189104646583.jpg?width=172&amp;height=172
Inihaw Na Ribs,"Fresh grilled ribs with special spices, served with rice and vegetables",37.0,https://images.deliveryhero.io/image/talabat/Menuitems/INIHAW_NA_RIBS_637171189113354887.jpg?width=172&amp;height=172
Bacolod Chicken Inasal,Grilled chicken on charcoal marinated by the Asian way with special sauce served with rice,18.0,https://images.deliveryhero.io/image/talabat/Menuitems/BACOLOD_CHICKEN_INAS_637171184912182713.jpg?width=172&amp;height=172
Inihaw Na Bangus,Milk fish grilled on charcoal marinated with special spices with rice,0.0,https://images.deliveryhero.io/image/talabat/Menuitems/INIHAW_NA_BANGUS_637171189123454518.jpg?width=172&amp;height=172
Sizzling Tanigue,"Fried kingfish, onions, Green Capsicum , ginger and soy sauce served with rice",37.0,https://images.deliveryhero.io/image/talabat/Menuitems/SIZZLING_TANIGUE_637171195438531119.jpg?width=172&amp;height=172
Sizzling Mix Gambas,Fried shrimp and fish fillet with fresh squid and vegetables with special sauce served with rice,39.0,https://images.deliveryhero.io/image/talabat/Menuitems/SIZZLING_MIX_GAMBAS_637171195449661808.jpg?width=172&amp;height=172
Shrimp Mongolian,"Fresh shrimps with sauce, green pepper, onions and carrots, served with rice.",35.0,https://images.deliveryhero.io/image/talabat/Menuitems/SHRIMP_MANGOLIAN_637171195460251969.jpg?width=172&amp;height=172
Sizzling Sisig,"Tender beef tongue with a special sauce made more flavourful with chopped white onion and chili top with fresh egg, mayo, spring onion served with rice.
",32.0,https://images.deliveryhero.io/image/talabat/Menuitems/BEEF_SISIG_637171184923123215.jpg?width=172&amp;height=172
Chicken Mongolian,"Chicken breast slices, red sauce, green pepper, onions, carrots and served with rice
",33.0,https://images.deliveryhero.io/image/talabat/Menuitems/CHICKEN_MANGOLIAN_637171184936185750.jpg?width=172&amp;height=172
Sizzling Pusit,"Fried squid pieces, onions,Green Capsicum and ginger with soy sauce served with rice",30.0,https://images.deliveryhero.io/image/talabat/Menuitems/SIZZLING_PUSIT_637171195472824037.jpg?width=172&amp;height=172
Sizzling Back Ribs,"Fresh meat pieces with red sauce, Green Capsicum, onions, carrots and served with rice",43.0,https://images.deliveryhero.io/image/talabat/Menuitems/SIZZLING_BACK_RIBS_637171195483003818.jpg?width=172&amp;height=172
Sizzling Chicken Sisg ,"Steamed grilled chicken with fresh vegetables, green pepper and onions served with rice
",29.0,https://images.deliveryhero.io/image/talabat/Menuitems/blob_637446154957679759?width=172&amp;height=172
Tocilog,"Fried marinated chicken brest in special sauce. Served with sunny side up egg with garlic rice, side of atachara, carrot and cucumber.",22.0,https://images.deliveryhero.io/image/talabat/Menuitems/TOCILOG_637171195508348138.jpg?width=172&amp;height=172
Dasilog,"Fried half milkfish,  served with sunny side up egg, garlic rice, side of atachara and carrot cucumber.
",22.0,https://images.deliveryhero.io/image/talabat/Menuitems/DASILOG_637171189140530897.jpg?width=172&amp;height=172
Cornsilog,"Corned beef made with round slice onion special Served with sunny side up egg with garlic rice and side of atachara, carrot and cucumber.
",22.0,https://images.deliveryhero.io/image/talabat/Menuitems/CORNSILOG_637171189151020967.jpg?width=172&amp;height=172
Fresh Lumpia,"Mix of fresh vegetable wrape with lumpia sheat on the toping of peanut savoury sauce and served with crused peanut.
",12.0,https://images.deliveryhero.io/image/talabat/Menuitems/FRESH_LUMPIA_637171189131752470.jpg?width=172&amp;height=172
Spring Rolls,"Ground beef and vegetables with spices rolled in spring roll wrap, deep-fried served with home-style pinakurat.
",9.0,https://images.deliveryhero.io/image/talabat/Menuitems/SPRING_ROLL_637171195491922371.jpg?width=172&amp;height=172
Batangas Bulalo,"Pieces of fresh Beef Shank with vegetables, corn,lettuce and special spices serve with rice
Serves 2 to 3 persons. ",48.0,https://images.deliveryhero.io/image/talabat/Menuitems/BATANGAS_BULAO_637171184944073322.jpg?width=172&amp;height=172
Pata Tim White Rice,,37.0,https://images.deliveryhero.io/image/talabat/Menuitems/PATATIM_637171191615923607.jpg?width=172&amp;height=172
Sinigang Na Tanigue With Rice,"Sinigang is a tamarind-based soup that is known for its sour and savory taste with king fish with lots of fresh vegetable served with rice.
Serves 2 to 3 persons. ",35.0,https://images.deliveryhero.io/image/talabat/Menuitems/SINIGANG_NA_TANIGUE_637171195518047453.jpg?width=172&amp;height=172
Chicken Estopado With Rice,"Made with whole chicken stewed in soy sauce, vinegar, pineapple juice and cooked with fresh fried potatoes, and bell peppers garnishing with slices of pineaple served with rice.
",0.0,https://images.deliveryhero.io/image/talabat/Menuitems/CHICKEN_ESTOPADO_637171184955023838.jpg?width=172&amp;height=172
Sinigang Na Hipon With Rice,"Fresh shrimp soup with ginger and special spices served with rice.
Serves 2 to 3 persons. ",33.0,https://images.deliveryhero.io/image/talabat/Menuitems/SINIGANG_NA_HIPON_637171195526956000.jpg?width=172&amp;height=172
Beef Broccoli With Rice,"Slices of meat with onions, bell pepper and broccoli with soy sauce and special spices
",33.0,https://images.deliveryhero.io/image/talabat/Menuitems/BEEF_BROCCOLI_637171184965543935.jpg?width=172&amp;height=172
Sinigang Mix Seafood With Rice,"Fresh sea crabs with Mix seafood, boiled vegetables and spices
Serves 2 to 3 persons. ",49.0,https://images.deliveryhero.io/image/talabat/Menuitems/blob_637446123359852225?width=172&amp;height=172
Beef Caldereta With Rice,"Caldreta is duck cooked with coconut milk powder untill soft and tender with spices such as potato, carrots, bell peppers served with rice.
",35.0,https://images.deliveryhero.io/image/talabat/Menuitems/BEEF_CALDERETA_637171184975233170.jpg?width=172&amp;height=172
Sweet And Sour Fish Fillet With Rice,"Fresh fish pieces with bell pepper, slice pineapple, green onion and sweet red sauce
",33.0,https://images.deliveryhero.io/image/talabat/Menuitems/SWEET_AND_SOUR_FISHF_637171195536825474.jpg?width=172&amp;height=172
Beef Adobo With Rice,Pieces of meat with special adobo sauce and fresh vegetables,34.0,https://images.deliveryhero.io/image/talabat/Menuitems/BEEF_ADOBO_637171184987795152.jpg?width=172&amp;height=172
Adobong Pata,Beef knuckles with special adobo sauce and fresh vegetables served with rice.,37.0,https://images.deliveryhero.io/image/talabat/Menuitems/lapaz-batchoy-adobon_637052841218835593.jpg?width=172&amp;height=172
Adobong Ribs,,37.0,https://images.deliveryhero.io/image/talabat/Menuitems/blob_637446181758691803?width=172&amp;height=172
Bulalo,"Pieces of fresh beef shank with vegetables, corn, lettuce and special spices serve with rice.",51.0,https://images.deliveryhero.io/image/talabat/Menuitems/blob_637446122880770696?width=172&amp;height=172
Beef Mongolian,"A dish consisting of sliced beef and usually made with onions, fresh vegetables and served with rice.",35.0,https://images.deliveryhero.io/image/talabat/Menuitems/blob_637446175584221514?width=172&amp;height=172
Chicken Mongolian,"Chicken breast slices, red sauce, green pepper, onions and carrots. 
Served with rice.
",33.0,https://images.deliveryhero.io/image/talabat/Menuitems/CHICKEN_MANGOLIAN_637171184997154077.jpg?width=172&amp;height=172
Shrimp With Oyster Sauce,,35.0,https://images.deliveryhero.io/image/talabat/Menuitems/blob_637446175010819836?width=172&amp;height=172
Shrimp Mongolian,"Fresh shrimps with sauce, green pepper, onions and carrots.
Served with rice.
",35.0,https://images.deliveryhero.io/image/talabat/Menuitems/SHRIMP_MANGOLIAN_637171195545774064.jpg?width=172&amp;height=172
Sinigang Na Bulalo,tamarind based soup that is known for its sour and delicious taste with beef pieces with lots of fresh vegetable served with rice.,54.0,https://images.deliveryhero.io/image/talabat/Menuitems/blob_637446194204432412?width=172&amp;height=172
Sweet And Sour Bangus,"Fresh fried whole milk fish with bell pepper, slice pineapple, green onion and sweet red sauce.
Served with rice.
",39.0,https://images.deliveryhero.io/image/talabat/Menuitems/blob_637446174313792168?width=172&amp;height=172
Sweet And Sour Tanigue,"Fresh fried slice of king fish with bell pepper, slice pineapple, green onion and sweet red sauce served with rice.
",35.0,https://images.deliveryhero.io/image/talabat/Menuitems/SWEET_AND_SOUR_TANIG_637052845286528570.jpg?width=172&amp;height=172
Sweet And Sour Tilapia,"Fresh fried tilapia with bell pepper, slice pineapple, green onion and sweet red sauce.
",35.0,https://images.deliveryhero.io/image/talabat/Menuitems/SWEET_AND_SOUR_TILAP_637171195553851823.jpg?width=172&amp;height=172
Nilagang Beef Baka,"Nilagang Baka is beef soup cooked until the meat becomes really tender and with vegetables like potatoes, beans, and cabbage that makes this simple soup healthy and flavorful served with rice.
",35.0,https://images.deliveryhero.io/image/talabat/Menuitems/blob_637446173659316422?width=172&amp;height=172
Nilagang Pata,"Beef knuckles soup cooked until the meat becomes really tender and with vegetables like potatoes, beans, and cabbage that makes this simple soup healthy and flavorful and served with rice.
",37.0,https://images.deliveryhero.io/image/talabat/Menuitems/blob_637446173051019643?width=172&amp;height=172
Nilagang Tanigue,"Slices of king fish soup cooked with vegetables like potatoes, beans, and cabbage that makes this simple soup healthy and flavorful served with rice.
",33.0,
Bopis With Rice,"Minced beef lungs made with chilli and raddish best served with steamed white rice.
",27.0,https://images.deliveryhero.io/image/talabat/Menuitems/BOPIS_637171185006012519.jpg?width=172&amp;height=172
Papaitan With Rice,"The soup which consists of cow innards such as heart, tripe, or liver, simmered alongside garlic, onions, and various spices.  
Usually garnished with chili and lemon.
",27.0,https://images.deliveryhero.io/image/talabat/Menuitems/PAPAITAN_637171191633690666.jpg?width=172&amp;height=172
Sinigang Na Baka With Rice,"Sinigang is a tamarind based soup that is known for its sour and savory taste with freshly beef ribs with lots of fresh vegetable served with rice.
",35.0,https://images.deliveryhero.io/image/talabat/Menuitems/blob_637446122235628800?width=172&amp;height=172
Shrimp Broccoli With Rice,"Fresh shrimp with onions, bell pepper, broccoli with soy sauce and special spices.
Served with rice.
",37.0,https://images.deliveryhero.io/image/talabat/Menuitems/blob_637499787733744417?width=172&amp;height=172
Kare Kare With Rice,"A tender beef tripe. 
Made with peanut sauce and mix of the vegetable garnishing with fried eggplant and crused peanut served  with bagoong and rice.
",37.0,https://images.deliveryhero.io/image/talabat/Menuitems/BEEF_KARE-KARE_637171185017413390.jpg?width=172&amp;height=172
Bbw Wing Laurait,,27.0,https://images.deliveryhero.io/image/talabat/Menuitems/BBQ_WINGS_LAURIAT_637171185033728948.jpg?width=172&amp;height=172
Beef Mushroom,"The slices beef made with cremy mushroom souce with special spices served with rice.
",35.0,https://images.deliveryhero.io/image/talabat/Menuitems/blob_637446162465491925?width=172&amp;height=172
Beef Teryaki Special,,35.0,https://images.deliveryhero.io/image/talabat/Menuitems/BEEF_TERIYAKI_637171185047792362.jpg?width=172&amp;height=172
Chicken Teryaki Special,,33.0,https://images.deliveryhero.io/image/talabat/Menuitems/CHICKEN_TERIYAKI_637171185056440609.jpg?width=172&amp;height=172
Fried Bangus,"Whole milk fish fried and marinated with special spices, boneless or without and served with rice.
",0.0,https://images.deliveryhero.io/image/talabat/Menuitems/blob_637446073014626840?width=172&amp;height=172
Fried Tanigue,"A well seasoned king fish that's crispy on the outside and moist and delicious on the inside served with rice.
",35.0,https://images.deliveryhero.io/image/talabat/Menuitems/blob_637446875395383449?width=172&amp;height=172
Kare-kare Pata,"A beef knuckles . Made with peanut sauce and mix of the vegetable garnishing with fried eggplant and crused peanut served  with bagoong and rice.
",43.0,https://images.deliveryhero.io/image/talabat/Menuitems/blob_637446876204330746?width=172&amp;height=172
Sinigang Na Bangus,Filipino sour soup with milkfish and vegetables.,35.0,https://images.deliveryhero.io/image/talabat/Menuitems/blob_637446879737016390?width=172&amp;height=172
Kare Kare Seafood,"Mix of seafood crab, squid, shrimp and fish fillet made with peanut sauce and mix of the vegetable garnishing with fried eggplant and crused peanut served  with bagoong and rice.
",49.0,https://images.deliveryhero.io/image/talabat/Menuitems/blob_637446886348539744?width=172&amp;height=172
Kare Kare Crispy,,38.0,https://images.deliveryhero.io/image/talabat/Menuitems/mmw_638121768454463906?width=172&amp;height=172
Fried Rice,A unique taste of a mixture of fried rice with eggs and fresh vegetables.,7.0,https://images.deliveryhero.io/image/talabat/Menuitems/FRIED_RICE_637171189173154046.jpg?width=172&amp;height=172
Garlic Rice,Flush rice with aromatic mix garlic flakes.,6.0,https://images.deliveryhero.io/image/talabat/Menuitems/GARLIC_RICE_637171189182493011.jpg?width=172&amp;height=172
Steamed Rice,Stream and royal short grain rice.,4.0,https://images.deliveryhero.io/image/talabat/Menuitems/blob_637446196470329805?width=172&amp;height=172
Fruit Salad,"Made with a mix of fresh and seasonal fruits, it's a healthy and delicious option for breakfast, lunch, or a snack and a great way to get your daily dose of vitamins and nutrients.",9.0,https://images.deliveryhero.io/image/talabat/Menuitems/FRUIT_SALAD_637171189190240452.jpg?width=172&amp;height=172
Buko Pandan,Buko Pandan,9.0,https://images.deliveryhero.io/image/talabat/Menuitems/BUKO_PANDAN_637171185065008774.jpg?width=172&amp;height=172
Special Halo Halo,Special Halo Halo,16.0,https://images.deliveryhero.io/image/talabat/Menuitems/SPECIAL_HALO-HALO_637171195571698955.jpg?width=172&amp;height=172
French Fries,"Fried to a golden crisp perfection and perfectly seasoned, perfect accompaniment to any meal.",9.0,https://images.deliveryhero.io/image/talabat/Menuitems/blob_637446892778846064?width=172&amp;height=172
 Atchara ," Crunchy green papaya combined with ginger pickle juice, bell pepper and sugar syrup. ",13.0,https://images.deliveryhero.io/image/talabat/Menuitems/blob_637512678889328606?width=172&amp;height=172
Special Pinakurat,"Traditional Filipino condiments made out of coconut vinegar, chilies and spices.",12.0,https://images.deliveryhero.io/image/talabat/Menuitems/blob_637512687786148032?width=172&amp;height=172
Pepsi,Carbonated soft drink,4.0,https://images.deliveryhero.io/image/talabat/Menuitems/pepsi-Can_637026959931834222.jpg?width=172&amp;height=172
Diet Pepsi,Carbonated soft drink with zero sugar & zero calories,4.0,https://images.deliveryhero.io/image/talabat/Menuitems/diet_pepsi-Can_637026959942271816.jpg?width=172&amp;height=172
7Up,Non-caffeinated soft drink,4.0,https://images.deliveryhero.io/image/talabat/Menuitems/lapaz-batchoy-7up_637052841248963136.jpg?width=172&amp;height=172
Mirinda Orange,"Made with real orange juice and a touch of sweetener, it's a delicious and bubbly treat that will make your taste buds dance.",4.0,https://images.deliveryhero.io/image/talabat/Menuitems/Mirinda-Can_637026959971952797.jpg?width=172&amp;height=172
Mountain Dew,"The original citrus-flavored soft drink with a bold and daring taste. With high caffeine content and a unique combination of flavors, it's the perfect choice for those who want to fuel their adrenaline and thirst in one shot.",4.0,https://images.deliveryhero.io/image/talabat/Menuitems/lapaz-batchoy-mtn-dew_637052843483526439.jpg?width=172&amp;height=172
Water,Stay hydrated and refreshed with our water.,2.0,
Pineapple Juice,"A sweet, tropical drink made by blending the flesh of a pineapple. It is a rich source of vitamin C and contains enzymes that can aid digestion.",0.0,https://images.deliveryhero.io/image/talabat/Menuitems/PINAPPLE_JUICE_637171195620095408.jpg?width=172&amp;height=172
Iced Tea,Freshly brewed and sweetened to perfection for the ultimate drink for hot summer days,0.0,https://images.deliveryhero.io/image/talabat/Menuitems/ICE_TEA_637171189231560108.jpg?width=172&amp;height=172
Avocado Shake,Avocado Shake,14.0,https://images.deliveryhero.io/image/talabat/Menuitems/AVOCADO_SHEK_637171185073667035.jpg?width=172&amp;height=172
Strawbery Shake,Strawbery Shake,14.0,https://images.deliveryhero.io/image/talabat/Menuitems/STRAWBERRY_SHEK_637171195600856945.jpg?width=172&amp;height=172
Orange Juice,"Made capturing all the natural sweetness and tangy citrus flavor. Packed with Vitamin C, it's the perfect thirst quencher and a healthy addition to your daily diet.",11.0,https://images.deliveryhero.io/image/talabat/Menuitems/ORANGE_JUICE_637171189217166299.jpg?width=172&amp;height=172
Banana Milkshake,"Made with ripe bananas, creamy milk for a tropical and satisfying experience in every sip.",14.0,https://images.deliveryhero.io/image/talabat/Menuitems/blob_637499810408641837?width=172&amp;height=172
