item_name,item_description,item_price,item_image
Penne Milanese,"Penne cooked in creamy sauce with chicken, mushroom, tomato and parmesan cheese- 1097 Kcal.",0.0,https://images.deliveryhero.io/image/talabat/Menuitems/blob_637676694638842298?width=172&amp;height=172
Mushroom And Truffle Risotto,Carnaroli rice with porcini and button mushroom- 843 Kcal.,86.1,https://images.deliveryhero.io/image/talabat/Menuitems/blob_637676687349700326?width=172&amp;height=172
Spaghetti Bolognese,Spaghetti served with traditional bolognese sauce- 542 Kcal.,0.0,https://images.deliveryhero.io/image/talabat/Menuitems/blob_637676689305577023?width=172&amp;height=172
Garlic Bread With Cheese,Freshly baked baguette toasted with garlic butter and mozzarella,38.85,https://images.deliveryhero.io/image/talabat/Menuitems/mmw_638218313773413742?width=172&amp;height=172
Fusilli Alfredo,"Fusilli made with cream sauce with mushroom, onion and parsley- 1133 Kcal.",61.95,https://images.deliveryhero.io/image/talabat/Menuitems/blob_637676694233855050?width=172&amp;height=172
Grilled Chicken,Freshly grilled chicken breast served with creamy mashed potatoes and side salad.,73.5,https://images.deliveryhero.io/image/talabat/Menuitems/mmw_637847770509320049?width=172&amp;height=172
Grilled Salmon,"Freshly grilled salmon served with steamed asparagus, broccoli, carrots and green beans along with lemon pesto dressing.",89.25,https://images.deliveryhero.io/image/talabat/Menuitems/mmw_637847770600768949?width=172&amp;height=172
Veal With Lemon,"Veal, vegetables and mashed potato.",99.75,https://images.deliveryhero.io/image/talabat/Menuitems/mmw_638168467086014957?width=172&amp;height=172
Minestrone Soup,"Thick Italian soup made with fresh vegetables, beans, pasta and topped with parmesan cheese.",49.35,https://images.deliveryhero.io/image/talabat/Menuitems/mmw_637849502740229009?width=172&amp;height=172
Mushroom & Black Truffle Soup,"Creamy thick mushroom soup made with black truffle, button mushrooms and wild porcini mushrooms.",59.85,https://images.deliveryhero.io/image/talabat/Menuitems/mmw_637849502445028664?width=172&amp;height=172
Tuscan Soup With White Beans,"Fennel, kale, white beans, pecorino cheese and tomato souce",51.45,https://images.deliveryhero.io/image/talabat/Menuitems/mmw_638168470207735383?width=172&amp;height=172
Zucchini Soup,Zucchini - blue cheese - cream - onion ,55.65,https://images.deliveryhero.io/image/talabat/Menuitems/mmw_638168474479183086?width=172&amp;height=172
Eggplant Parmigiana,"Classic Italian dish made with shallow fried eggplant fillings, layered and baked with mozzarella cheese and tomato sauce",50.4,https://images.deliveryhero.io/image/talabat/Menuitems/blob_637734368379281802?width=172&amp;height=172
Garlic Bread With Cheese,Freshly baked baguette toasted with garlic butter and mozzarella,38.85,https://images.deliveryhero.io/image/talabat/Menuitems/mmw_638218313773413742?width=172&amp;height=172
Bruschetta Pomodoro,"Grilled baguette topped with cherry tomato ,garlic oregano and olive oil",33.6,https://images.deliveryhero.io/image/talabat/Menuitems/mmw_638218296347783064?width=172&amp;height=172
Mussels Marinara,Fresh mussels cooked in marinara sauce with garlic and parsley - 613 Kcal,60.9,
Arancini,"Traditional fried rice balls coated with bread crumbs and stuffed with mozzarella, minced meat and green peas- 558 Kcal.",50.4,https://images.deliveryhero.io/image/talabat/Menuitems/blob_637676677432456186?width=172&amp;height=172
Mushroom Arancini,"Traditional fried rice balls coated with bread crumbs, stuffed with mozzarella, porcini mushrooms and button mushrooms- 790  Kcal.",54.6,https://images.deliveryhero.io/image/talabat/Menuitems/blob_637691061570194483?width=172&amp;height=172
Croquette,"Bread crumbed mashed potato roll loaded with mozzarella cheese, fried crispy golden brown- 407 Kcal.",43.05,https://images.deliveryhero.io/image/talabat/Menuitems/blob_637676677849593222?width=172&amp;height=172
Appetizers Platter,"Combination of croquettes, arancini, garlic bread with cheese and bruschetta pomodoro- 1135  Kcal.",82.95,https://images.deliveryhero.io/image/talabat/Menuitems/blob_637684210642572221?width=172&amp;height=172
Classic Flavors 250 Grams,"Your choice of vanilla, raspberry, chocolate and mango.",42.0,https://images.deliveryhero.io/image/talabat/Menuitems/blob_637752471346186616?width=172&amp;height=172
Premium Flavors 250 Grams,Your choice of pistachio or Ferrero Rocher chocolate.,47.25,https://images.deliveryhero.io/image/talabat/Menuitems/blob_637752472614107337?width=172&amp;height=172
Classic Flavors 500 Grams,"Your choice of vanilla, raspberry, chocolate and mango.",73.5,https://images.deliveryhero.io/image/talabat/Menuitems/blob_637752473076516126?width=172&amp;height=172
Premium Flavors 500 Grams,Your choice of pistachio or Ferrero Rocher chocolate.,84.0,https://images.deliveryhero.io/image/talabat/Menuitems/blob_637752473373398729?width=172&amp;height=172
Arugula Salad,Rocket leaves with lemon dressing and parmesan shavings- 406 Kcal.,52.5,https://images.deliveryhero.io/image/talabat/Menuitems/blob_637676682860724565?width=172&amp;height=172
Insalata Di Tuno,"Mix green salad, tuna, onions, green beans, boiled egg and cherry tomatoes served with lemon dressing- 546 Kcal.",51.45,https://images.deliveryhero.io/image/talabat/Menuitems/blob_637676683341060510?width=172&amp;height=172
Burrata,"Fresh burrata cheese, served with plum tomatoes, basil over rocket leaves -373 Kcal.",61.95,https://images.deliveryhero.io/image/talabat/Menuitems/blob_637734460061781650?width=172&amp;height=172
Caprese,"Italian salad made of sliced buffalo mozzarella, tomatoes and basil, seasoned with salt and olive oil - 492 Kcal.",56.7,https://images.deliveryhero.io/image/talabat/Menuitems/blob_637730038663069409?width=172&amp;height=172
Bresaola Salad,"Bresaola, shaved parmesan, rocket leaves, capers sprinkled with balsamic reduction and truffle mayo",72.45,https://images.deliveryhero.io/image/talabat/Menuitems/mmw_637849503231471046?width=172&amp;height=172
Margherita Pizza,"Tomato sauce, mozzarella and basil- 681.8/974 Kcal.",0.0,https://images.deliveryhero.io/image/talabat/Menuitems/blob_637695633715877216?width=172&amp;height=172
Pepperoni Pizza,Pepperoni with tomato sauce and mozzarella- 615.3/879.,0.0,https://images.deliveryhero.io/image/talabat/Menuitems/blob_637695634765941775?width=172&amp;height=172
Bufalina Pizza,"Tomato sauce, buffalo and basil- 743.4/1062.",0.0,https://images.deliveryhero.io/image/talabat/Menuitems/blob_637695635595727499?width=172&amp;height=172
Vegetarian Pizza,"Tomato sauce with capsicum, mushroom, cherry tomato, broccoli and olives- 694.4/992 Kcal.",0.0,https://images.deliveryhero.io/image/talabat/Menuitems/blob_637695636531118069?width=172&amp;height=172
Funghi Pizza,Mushroom with tomato sauce and mozzarella- 631.4/902 Kcal.,0.0,https://images.deliveryhero.io/image/talabat/Menuitems/blob_637695637270690201?width=172&amp;height=172
Tonno Cipolla Pizza,"Tuna, onions with tomato sauce and mozzarella- 611.8/874 Kcal.",0.0,https://images.deliveryhero.io/image/talabat/Menuitems/blob_637695637975674262?width=172&amp;height=172
Royale Pizza,"Bresaola, rocket leaves, cherry tomato, burrata cheese with tomato sauce- 669.2/956 Kcal.",0.0,https://images.deliveryhero.io/image/talabat/Menuitems/blob_637695638915115104?width=172&amp;height=172
Rustica Pizza,"Beef bresaola, rocket leaves, cherry tomato, parmesan cheese and mozzarella- 752.5/1075 Kcal.",0.0,https://images.deliveryhero.io/image/talabat/Menuitems/blob_637695640705694775?width=172&amp;height=172
Quattro Formaggi Pizza,Traditional italian four cheese pizza drizzled with olive oil- 1068.2/1526 Kcal.,0.0,https://images.deliveryhero.io/image/talabat/Menuitems/blob_637695631852003634?width=172&amp;height=172
Tres Amigos Pizza,"Pepperoni, chicken and minced meat with tomato sauce- 879.2/1256.",0.0,https://images.deliveryhero.io/image/talabat/Menuitems/blob_637695643269548507?width=172&amp;height=172
Chef's Special Pizza,"Black truffle and mushroom sauce with mozzarella cheese, porcini mushroom, beef,  and topped with fresh burrata- 1124.9/1607 Kcal.",0.0,https://images.deliveryhero.io/image/talabat/Menuitems/blob_637695643781360506?width=172&amp;height=172
Pizza Diavola,"Tomato sauce, mozzarella, chicken breast, mushroom and jalapeno- 760.2/1086 Kcal.",0.0,https://images.deliveryhero.io/image/talabat/Menuitems/blob_637733554248841804?width=172&amp;height=172
Pizza Frutti Di Mare,"Tomato Sauce, Shrimps, Calamari and Mussels - 678.3/969 Kcal.",0.0,https://images.deliveryhero.io/image/talabat/Menuitems/blob_637733554969193794?width=172&amp;height=172
Chef Special Truffle Pizza,"Minced Beef, porcini and portobello mushrooms with Stracciatella di bufala",120.75,https://images.deliveryhero.io/image/talabat/Menuitems/mmw_637859008056935417?width=172&amp;height=172
Arabica Pizza,"Salami, red onions, green chillies with tomato sauce and mozzarella",0.0,https://images.deliveryhero.io/image/talabat/Menuitems/mmw_637847770179033949?width=172&amp;height=172
 Salami Pizza,"Pancetta, salami, carmelized onions cooked with tomato sauce and mozzarella.",0.0,https://images.deliveryhero.io/image/talabat/Menuitems/mmw_637847770270964771?width=172&amp;height=172
Melanzana Pizza,"Grilled eggplant, shaved Parmesan, tomato sauce and mozzarella.",0.0,https://images.deliveryhero.io/image/talabat/Menuitems/mmw_637847770372345692?width=172&amp;height=172
Ortolana Pizza,"Cheddar cheese, mozzarella cheese, pepperoni, zucchini, capcicum, eggplant, cherry tomato, parmesan, rock salt, basil and olive oil.",0.0,https://images.deliveryhero.io/image/talabat/Menuitems/mmw_638112105135211868?width=172&amp;height=172
Burger Pizza,"Mozzarella, cheddar, burger patty, tomato souse, potato chips and pepperoni ",76.65,
Valtellina Pizza,"Tomato sauce, beef bresaola, rocket leaves, mozzarella, and buffala cheese ",0.0,https://images.deliveryhero.io/image/talabat/Menuitems/mmw_638246786929227084?width=172&amp;height=172
Carne Calzone,"Folded pizza stuffed with minced beef, pepperoni, chicken with tomato and mozzarella- 1336 Kcal.",70.35,https://images.deliveryhero.io/image/talabat/Menuitems/blob_637676686117373935?width=172&amp;height=172
Mushroom Calzone,Closed pizza stuffed with melange of mushroom- 944 Kcal.,61.95,https://images.deliveryhero.io/image/talabat/Menuitems/blob_637676686768623762?width=172&amp;height=172
Mushroom And Truffle Risotto,Carnaroli rice with porcini and button mushroom- 843 Kcal.,86.1,https://images.deliveryhero.io/image/talabat/Menuitems/blob_637676687349700326?width=172&amp;height=172
Asparagus Risotto,Creamy Arborio rice with Parmesan and lemony asparagus- 843 Kcal.,65.1,https://images.deliveryhero.io/image/talabat/Menuitems/blob_637715425532024219?width=172&amp;height=172
Saffron Risotto,"A creamy melange of saffron, butter, stock, arborio rice and parmigiano cheese 980 kcal.",68.25,https://images.deliveryhero.io/image/talabat/Menuitems/blob_637752470364885118?width=172&amp;height=172
Trio Mushroom And Truffle Risotto,"Trio Fungi with black truffle paste, carnaroli rice and fresh truffle",127.05,https://images.deliveryhero.io/image/talabat/Menuitems/mmw_638207216748404137?width=172&amp;height=172
Seafood Risotto,"Arborio rice cooked with tomato and melange of shrimps, calamari, mussels and clams 980 Kcal.
",87.15,https://images.deliveryhero.io/image/talabat/Menuitems/mmw_638218318858600058?width=172&amp;height=172
Penne Arrabbiata,"Spicy penne with garlic, chili flakes and tomato sauce- 840 Kcal.",0.0,https://images.deliveryhero.io/image/talabat/Menuitems/blob_637676688542608674?width=172&amp;height=172
Tagliatalle Con Funghi,"Tagliatalle with trio fungi, black truffle paste and fresh truffle served in creamy mushroom sauce",114.45,https://images.deliveryhero.io/image/talabat/Menuitems/blob_637758608129791654?width=172&amp;height=172
Spaghetti Pepperoncino,"Spaghetti with roasted garlic, parsley and red chili served with fresh truffle",89.25,https://images.deliveryhero.io/image/talabat/Menuitems/blob_637758609344175684?width=172&amp;height=172
Linguini Frutti Di Mare,"Linguine pasta made with mussels, squid, shrimp and spicy red sauce",86.1,
Penne Milanese Whole Whea,"Penned cooked in a creamy sauce with chicken, mushroom, tomato and parmesan cheese",80.85,https://images.deliveryhero.io/image/talabat/Menuitems/mmw_638243368560433005?width=172&amp;height=172
Spaghetti Bolognese,Spaghetti served with traditional bolognese sauce- 542 Kcal.,0.0,https://images.deliveryhero.io/image/talabat/Menuitems/blob_637676689305577023?width=172&amp;height=172
Fusilli Alfredo,"Fusilli made with cream sauce with mushroom, onion and parsley- 1133 Kcal.",61.95,https://images.deliveryhero.io/image/talabat/Menuitems/blob_637676694233855050?width=172&amp;height=172
Penne Milanese,"Penne cooked in creamy sauce with chicken, mushroom, tomato and parmesan cheese- 1097 Kcal.",0.0,https://images.deliveryhero.io/image/talabat/Menuitems/blob_637676694638842298?width=172&amp;height=172
Spaghetti Ai Gamberi,Medium spicy pasta tossed in rich tomato sauce with shrimps and cherry tomatoes- 902 Kcal.,0.0,https://images.deliveryhero.io/image/talabat/Menuitems/mmw_637846060075355529?width=172&amp;height=172
Spinach And Ricotta Ravioli,Homemade ravioli stuffed with spinach and ricotta cheese and topped with pomodoro sauce- 680 Kcal.,68.25,https://images.deliveryhero.io/image/talabat/Menuitems/blob_637754356335982744?width=172&amp;height=172
Lasagna Bolognese,Layered pasta cooked in classic bolognese sauce- 790 Kcal.,84.0,https://images.deliveryhero.io/image/talabat/Menuitems/blob_637715421471472206?width=172&amp;height=172
Chicken Sandwich,"Chicken breast sandwich wrapped in baguette with mozzarella, avocado and French fries- 948 Kcal.",70.35,https://images.deliveryhero.io/image/talabat/Menuitems/blob_637681588421848021?width=172&amp;height=172
Classic Pesto Sandwich,"Toasted baguette with pesto, mozzarella, mix leaves, pine nuts served with french fries- 738 Kcal.",66.15,https://images.deliveryhero.io/image/talabat/Menuitems/blob_637754356745095834?width=172&amp;height=172
Bresaola Sandwich,"Bresaola, rocket leaves, freash buffala, parmesan cheese, balsamic and oliv oil",70.35,https://images.deliveryhero.io/image/talabat/Menuitems/mmw_638128531632648321?width=172&amp;height=172
French Fries,323 Kcal.,31.5,https://images.deliveryhero.io/image/talabat/Menuitems/blob_637676698271794603?width=172&amp;height=172
Truffle Parmesan Fries,"French Fries tossed with parsley, truffle and topped with shaved parmesan",39.9,https://images.deliveryhero.io/image/talabat/Menuitems/blob_637758603970987642?width=172&amp;height=172
Loaded Fries,"French fries with melted cheddar cheese, 733 Kcal.",38.85,
Espresso Martini Tiramisu,"Coffee flavored italian dessert layered with sugar, mascarpone cheese and flavored with cocoa powder- 776 Kcal.",39.9,https://images.deliveryhero.io/image/talabat/Menuitems/blob_637676699530941253?width=172&amp;height=172
Italian Chocolate Pizza,Pizza baked with Italian chocolate and sprinkled with icing sugar- 977 Kcal.,45.15,https://images.deliveryhero.io/image/talabat/Menuitems/blob_637754357509488689?width=172&amp;height=172
Pistachio Cake,Pistachio cake topped with fresh pistachios and some fruits.,39.9,https://images.deliveryhero.io/image/talabat/Menuitems/mmw_638168460111814119?width=172&amp;height=172
Coca-Cola,Carbonated soft drink,10.5,https://images.deliveryhero.io/image/talabat/Menuitems/Coca-Cola_330ML_(1)_637595314904054704.jpg?width=172&amp;height=172
Sprite,Non-caffeinated soft drink,10.5,https://images.deliveryhero.io/image/talabat/Menuitems/Sprite_330ML_(1)_637595314908587563.jpg?width=172&amp;height=172
Fanta,Carbonated soft drink,10.5,https://images.deliveryhero.io/image/talabat/Menuitems/Fanta_Orange_330ML_(_637595314913618471.jpg?width=172&amp;height=172
Diet Coke,Carbonated soft drink with zero sugar & zero calories,10.5,https://images.deliveryhero.io/image/talabat/Menuitems/blob_637607541323271401?width=172&amp;height=172
Acqua Panna Water,Mineral Water.,0.0,https://images.deliveryhero.io/image/talabat/Menuitems/blob_637607540306817262?width=172&amp;height=172
San Pellegrino Water,Refreshing carbonated water,0.0,https://images.deliveryhero.io/image/talabat/Menuitems/blob_637607539458798831?width=172&amp;height=172
Orange Juice,"Made capturing all the natural sweetness and tangy citrus flavor. Packed with Vitamin C, it's the perfect thirst quencher and a healthy addition to your daily diet.",26.25,https://images.deliveryhero.io/image/talabat/Menuitems/blob_637677368906747128?width=172&amp;height=172
Mint Mojito,Lightly muddle mint with lime juice sugar syrup and handful of ice topped up with lemonade. ,26.25,https://images.deliveryhero.io/image/talabat/Menuitems/blob_637677368056389202?width=172&amp;height=172
Cipriani Bellini,Carbonated beverage with white peach puree from the famous Harry's Bar in Venezia.,47.25,https://images.deliveryhero.io/image/talabat/Menuitems/mmw_637858017671058212?width=172&amp;height=172
Mix Berry Mojito,"Fresh Strawberries and Blueberries muddled with lime, mint and topped with soda water.",31.5,https://images.deliveryhero.io/image/talabat/Menuitems/mmw_637858018738729349?width=172&amp;height=172
Passionfruit Mojito,"Passion fruit, mint, lime and sugar syrup topped with soda water.",31.5,https://images.deliveryhero.io/image/talabat/Menuitems/mmw_637858020216028286?width=172&amp;height=172
Espresso,Experience the bold and intense flavor of our freshly brewed espresso.,21.0,
Double Espresso,"Wake up to the bold, rich flavor of our Double Espresso, made with hand-selected Arabica beans to deliver a concentrated and satisfying coffee experience.",29.4,
Americano,"Made with freshly brewed espresso and hot water, it's the perfect choice for coffee lovers who appreciate a strong and robust taste.",29.4,
Hot Chocolate,"Made with rich cocoa powder, it's the perfect treat when you just want to indulge in something sweet.",42.0,https://images.deliveryhero.io/image/talabat/Menuitems/mmw_637985276798761160?width=172&amp;height=172
