item_name,item_description,item_price,item_image
Chicken Nasi Goreng,,32.0,https://images.deliveryhero.io/image/talabat/Menuitems/06_Nasi_Goreng_637267356798518685.jpg?width=172&amp;height=172
Chicken Combo,Chicken combo meal.,46.0,https://images.deliveryhero.io/image/talabat/Menuitems/02_Chicken_Combo_637267332909475397.jpg?width=172&amp;height=172
Chicken Steamed Wonton,Low fat chinese dumplings filled with chicken. ,32.0,https://images.deliveryhero.io/image/talabat/Menuitems/04_steam_wonton_637267350915013846.jpg?width=172&amp;height=172
Hot Garlic Chicken,"Juicy chicken in a sweet, spicy, garlicky sauce. ",42.0,https://images.deliveryhero.io/image/talabat/Menuitems/05Hot_Garlic_Chicken_637267350955754322.jpg?width=172&amp;height=172
Kung Pao Chicken,"Chicken in a spicy brown sauce filled with celery, fresh scallion and a mixture of nuts. ",42.0,https://images.deliveryhero.io/image/talabat/Menuitems/09_Kung_Pao_Chicken_637267356710299614.jpg?width=172&amp;height=172
Pad Krapow Gai Thai Basil Chicken,Minced chicken flavored with thai basil and tossed in vegetables served with jasmine rice and pickles. ,35.0,
Gaeng Keow Waan Thai Green Curry Chicken,Fragrant thai green curry chicken flavored with authentic thai vegetables served with jasmine rice and pickles. ,35.0,
Kaeng Phet Thai Red Curry Vegetables,Fragrant thai vegetables red curry flavored with authentic spices served with jasmine rice and pickles. ,30.0,
Kaeng Massaman Beef Curry,"Creamy and rich massaman curry mixed with tender beef, thai spices served with jasmine rice and pickles. ",40.0,
Vegan Tofu Bowl,"A vegan bowl filled with white rice, fragrant tofu and crunchy vegetables served with a peanut dressing. ",30.0,
Stir Fry Tofu With Thai Herbs,Crispy tofu tossed in thai vegetables and red chillies served with jasmine rice and pickles. ,30.0,
Pad Thai Prawns,Authentic fried pad thai noodles with prawns and vegetables tossed with tangy tamarind sauce served with pickles. ,42.0,
Kaeng Lueang Thai Yellow Curry Fish,Fragrant thai yellow fish curry alo with thai basil and vegetables served with jasmine rice and pickles. ,35.0,
Thai Chicken Buddha Bowl,"A bowl with white rice, fragrant chicken and crunchy vegetables dressed with peanut sauce. ",35.0,
Kai Med Ma Muang Chicken Cashew Nut,"Crispy and glazed chicken pieces stir fried with vegetables, cashews and thai chili sauce served with jasmine rice and pickles. ",35.0,
Khao Pad Prawns,"Fried rice tossed in vegetables, fresh prawns, nuts and chilies served with pickles. ",42.0,
Chiang Mai Stir Fry Mixed Seafood,Mixed seafood tossed with mild sauce prepared with chiang mai curry served with jasmine rice and pickles. ,42.0,
Stir Fry Vegetables,Stir fried green vegetables tossed in oyster sauce served with jasmine rice and pickles. ,30.0,
Chicken Katsu Curry,Panko fried chicken slathered with a rich japanese curry served with jasmine rice and pickles. ,35.0,
Ikan Masak Merah Sambal Fish,An indonesian malay crispy and spicy fish smothered in a sambal sauce served with jasmine rice and pickles. ,35.0,
Yangnyeom Dak Korean Fried Chicken,Crunchy korean fried chicken covered in a decadent gochujang sauce served with jasmine rice and pickles. ,35.0,
Asian Sweet And Sour Chicken,Sweet and savory thai chili chicken packed with fresh vegetables served with jasmine rice and pickles. ,35.0,
Black Bean Fish,Crispy and spice filled tender black bean fish served with jasmine rice and pickles. ,35.0,
Beef Teriyaki,Succulent tender beef fillets covered in a savory teriyaki sauce served with jasmine rice and pickles. ,40.0,
Mie Goreng Indonesian Fried Noodles With Prawns,Stir fry noodles tossed in vegetables and prawns with a fried egg on top served with pickles. ,42.0,
Chicken Wings 8 Pieces,In a homemade sauce of your choice. ,30.0,https://images.deliveryhero.io/image/talabat/Menuitems/01_Chicken_wings_637267332836370145.jpg?width=172&amp;height=172
Lollipop Chicken 6 Pieces,In a homemade sauce of your choice. ,34.0,https://images.deliveryhero.io/image/talabat/Menuitems/02_lollipop_chicken_637267332844722801.jpg?width=172&amp;height=172
Spring Roll 3 Pieces,Crispy pastry rolls stuffed full of fresh vegetables. ,18.0,https://images.deliveryhero.io/image/talabat/Menuitems/03_Spring_Roll_637267342638218363.jpg?width=172&amp;height=172
Vegetable Steamed Wonton,Low fat chinese dumplings filled with vegetables. ,28.0,https://images.deliveryhero.io/image/talabat/Menuitems/04_steam_wonton_637267350906289384.jpg?width=172&amp;height=172
Chicken Steamed Wonton,Low fat chinese dumplings filled with chicken. ,32.0,https://images.deliveryhero.io/image/talabat/Menuitems/04_steam_wonton_637267350915013846.jpg?width=172&amp;height=172
Vegetable Fried Wonton,Chinese dumpling deep fried to a golden brown. ,28.0,https://images.deliveryhero.io/image/talabat/Menuitems/05_fried_wontons_637267350924494511.jpg?width=172&amp;height=172
Chicken Fried Wonton,Chinese dumpling deep fried to a golden brown. ,32.0,https://images.deliveryhero.io/image/talabat/Menuitems/05_fried_wontons_637267350931773792.jpg?width=172&amp;height=172
Vegetable Sweet Corn Soup,"Vegan lightly spiced soup made with sweet corns and vegetables like carrots, green peas & spring onion. ",22.0,https://images.deliveryhero.io/image/talabat/Menuitems/01_Sweet_Corn_Soup_637267332853040510.jpg?width=172&amp;height=172
Chicken Sweet Corn Soup,"Chicken lightly spiced soup made with sweet corns and vegetables like carrots, green peas & spring onion. ",26.0,https://images.deliveryhero.io/image/talabat/Menuitems/01_Sweet_Corn_Soup_637267332860036958.jpg?width=172&amp;height=172
Vegetable Hot And Sour Soup,"Silken tofu, bamboo shots, mushrooms, egg, mixed herbs and chinese spice. ",22.0,https://images.deliveryhero.io/image/talabat/Menuitems/02_hot_and_soursoup_637267332867575436.jpg?width=172&amp;height=172
Chicken Hot And Sour Soup,"Chicken, silken tofu, bamboo shots, mushrooms, egg, mixed herbs and chinese spice. ",26.0,https://images.deliveryhero.io/image/talabat/Menuitems/02_hot_and_soursoup_637267332873918231.jpg?width=172&amp;height=172
Vegetable Clear Soup,Clear soup flavored with aromatic sesame oil. ,22.0,https://images.deliveryhero.io/image/talabat/Menuitems/03_Clear_Soup_637267332883271853.jpg?width=172&amp;height=172
Chicken Clear Soup,Clear soup flavored with aromatic sesame oil. ,26.0,https://images.deliveryhero.io/image/talabat/Menuitems/03_Clear_Soup_637267332891192974.jpg?width=172&amp;height=172
Vegetables Combo,,42.0,https://images.deliveryhero.io/image/talabat/Menuitems/01_Veg_Combo_637267332901050992.jpg?width=172&amp;height=172
Chicken Combo,Chicken combo meal.,46.0,https://images.deliveryhero.io/image/talabat/Menuitems/02_Chicken_Combo_637267332909475397.jpg?width=172&amp;height=172
Beef Combo,,52.0,https://images.deliveryhero.io/image/talabat/Menuitems/03_Beef_Combo_637267332918386282.jpg?width=172&amp;height=172
Shrimp Combo,,54.0,https://images.deliveryhero.io/image/talabat/Menuitems/04_Shrimp_Combo_637267342645405261.jpg?width=172&amp;height=172
Xo Prawn,Prawns in spicy seafood sauce with an umami flavor. ,48.0,https://images.deliveryhero.io/image/talabat/Menuitems/01_XO_King_Prawn_637267332926612087.jpg?width=172&amp;height=172
Oyster Prawn,Shrimps cooked in a rich and flavorful oyster sauce. ,48.0,https://images.deliveryhero.io/image/talabat/Menuitems/02_OysterPrawn__637267332933683812.jpg?width=172&amp;height=172
Sambal Prawn,A spicy malaysian shrimp dish flavored with lemongrass and fresh ginger. ,48.0,https://images.deliveryhero.io/image/talabat/Menuitems/03Sambal_Prawn_637267342652913257.jpg?width=172&amp;height=172
Wok Fried  Prawn,Prawns sautéed in a little bit sweet and spicy sauce. ,48.0,https://images.deliveryhero.io/image/talabat/Menuitems/04_Wok_Fried_Prawn_637267350940200325.jpg?width=172&amp;height=172
Teriyaki Prawn,"Prawns with a variety of colorful vegetables, all coated in a homemade teriyaki sauce. ",48.0,
Sweet And Sour Prawn,Full of crispy prawn and bell peppers all tossed in a sweet and savory sauce. ,48.0,https://images.deliveryhero.io/image/talabat/Menuitems/06_Sweet_and_Sour_Ki_637267356660806012.jpg?width=172&amp;height=172
Szechuan Prawn,"Prawn with stir fried bamboo shoots, fresh mushrooms, snow peas and carrots served with hot szechuan sauce. ",48.0,
Salt And Pepper Prawn,A blend of sea salt and freshly crushed black peppercorns. ,48.0,https://images.deliveryhero.io/image/talabat/Menuitems/08_Salt_and_Pepper_P_637267356671375608.jpg?width=172&amp;height=172
Manchurian Prawn,Juicy prawn with soy chilli sauce. ,48.0,https://images.deliveryhero.io/image/talabat/Menuitems/09_Manchurian_Prawn__637267356678468953.jpg?width=172&amp;height=172
Hot Garlic Prawn,"Juicy prawns in a sweet, spicy, garlicky. ",48.0,https://images.deliveryhero.io/image/talabat/Menuitems/10Hot_Garlic_Prawn__637267356686763630.jpg?width=172&amp;height=172
Mongolian Chicken,"Tender pieces of stir-fried marinated boneless chicken tossed with bell peppers, dried chilis, and asian-style sauce. ",42.0,https://images.deliveryhero.io/image/talabat/Menuitems/01_Mongolian_Chicken_637267332940785294.jpg?width=172&amp;height=172
Sweet And Sour Chicken,Crispy chicken and bell peppers all tossed in a sweet and savory sauce. ,42.0,https://images.deliveryhero.io/image/talabat/Menuitems/02_Sweet_and_Sour_Ch_637267332949036079.jpg?width=172&amp;height=172
Salt And Pepper Chicken,A blend of sea salt and freshly crushed black peppercorns. ,42.0,https://images.deliveryhero.io/image/talabat/Menuitems/03_Salt_and_pepper_c_637267342662314311.jpg?width=172&amp;height=172
Black Bean Chicken,"Tender chicken, peppers, ginger, chilli and garlic. ",42.0,https://images.deliveryhero.io/image/talabat/Menuitems/04Black_Bean_Chicken__637267350947453238.jpg?width=172&amp;height=172
Hot Garlic Chicken,"Juicy chicken in a sweet, spicy, garlicky sauce. ",42.0,https://images.deliveryhero.io/image/talabat/Menuitems/05Hot_Garlic_Chicken_637267350955754322.jpg?width=172&amp;height=172
Szechuan Chicken,"Chicken with stir fried bamboo shoots, fresh mushrooms, snow peas and carrots served with a sensational hot szechuan sauce. ",42.0,https://images.deliveryhero.io/image/talabat/Menuitems/06_Schezwan_Chicken_637267356695387126.jpg?width=172&amp;height=172
Chilli Chicken Dry,"Spicy & slightly sour crispy chicken with bell pepper, garlic, chilli & soya sauce. ",42.0,https://images.deliveryhero.io/image/talabat/Menuitems/07Chilli_Dry_Chicken__637267356703103502.jpg?width=172&amp;height=172
Chicken Manchurian,Crispy chicken with soy chilli sauce. ,42.0,
Kung Pao Chicken,"Chicken in a spicy brown sauce filled with celery, fresh scallion and a mixture of nuts. ",42.0,https://images.deliveryhero.io/image/talabat/Menuitems/09_Kung_Pao_Chicken_637267356710299614.jpg?width=172&amp;height=172
Teriyaki Chicken,Boneless deep fried chicken breast in a homemade teriyaki sauce. ,42.0,https://images.deliveryhero.io/image/talabat/Menuitems/10_Teriyaki_Chicken_637267356718038344.jpg?width=172&amp;height=172
Sambal Chicken,"Malaysian chilli chicken, vinegar, chilli paste, fish sauce, sriracha, and ginger. ",42.0,https://images.deliveryhero.io/image/talabat/Menuitems/11_Sambal_Chicken_637267356725647303.jpg?width=172&amp;height=172
Mongolian Beef,"Tender pieces of stir-fried marinated flank steak tossed with bell peppers, dried chilis, and a asian-style sauce. ",44.0,https://images.deliveryhero.io/image/talabat/Menuitems/01_mongolian_beef_637267332957188057.jpg?width=172&amp;height=172
Black Bean Beef,"Tender rump steak, peppers, ginger, chilli and garlic. ",44.0,https://images.deliveryhero.io/image/talabat/Menuitems/02_Black_Bean_Beef_637267332966199521.jpg?width=172&amp;height=172
Sweet And Sour Beef,Crispy beef and bell peppers all tossed in a sweet and savory sauce. ,44.0,https://images.deliveryhero.io/image/talabat/Menuitems/03_Sweet_and_Sour_Be_637267342670045564.jpg?width=172&amp;height=172
Szechuan Beef,"Beef with stir fried bamboo shoots, fresh mushrooms, snow peas and carrots served with a sensational hot szechuan sauce. ",44.0,https://images.deliveryhero.io/image/talabat/Menuitems/04Szechuan_Beef__637267350964192042.jpg?width=172&amp;height=172
Beef Manchurian,Tender beef with soy chilli sauce. ,44.0,
Hot Garlic Beef,"Juicy beef in a sweet, spicy, garlicky sauce. ",44.0,
Sambal Beef,,44.0,
Crispy Beef Beijing Style,"Shredded beef coating with seasoning fried , then tossed with beijing sauce, julian onion and mix of bell pepper. ",44.0,https://images.deliveryhero.io/image/talabat/Menuitems/08_Crispy_Beef_Beiji_637267356733609162.jpg?width=172&amp;height=172
Kung Pao Beef,Beef in peppery hot and spicy and slightly sweet and sour sauce. ,44.0,https://images.deliveryhero.io/image/talabat/Menuitems/09_Kung_Pao_Beef___637267356743152957.jpg?width=172&amp;height=172
Teriyaki Beef,"Tender slices of beef sauteed with a variety of colorful vegetables, all coated in a homemade teriyaki sauce. ",44.0,https://images.deliveryhero.io/image/talabat/Menuitems/10_teriyaki_beef_637267356750439949.jpg?width=172&amp;height=172
Wok Fried Beef,Beef sautéed in a little bit sweet and spicy sauce. ,44.0,https://images.deliveryhero.io/image/talabat/Menuitems/11_wok_fried_beef__637267356757516739.jpg?width=172&amp;height=172
Mapo Tofu,A spicy tofu dish made with garlic and ginger. ,34.0,
Chilli Garlic Tofu,"Dry chopped onion, spring onions, in a chilli soya garlic coating. ",34.0,https://images.deliveryhero.io/image/talabat/Menuitems/02_Chilli_Garlic_Tofu_637267332973642221.jpg?width=172&amp;height=172
Szechuan Mix Vegetables,"Mix vegetables with stir fried bamboo shoots, fresh mushrooms, snow peas and carrots served with a hot szechuan sauce. ",32.0,https://images.deliveryhero.io/image/talabat/Menuitems/03_Szechuan_mix_veg__637267342679968081.jpg?width=172&amp;height=172
Vegetables Manchurian  Dry,Vegetable balls with soy chilli sauce. ,32.0,https://images.deliveryhero.io/image/talabat/Menuitems/04_Veg_Manchurian_Dry_637267350973136233.jpg?width=172&amp;height=172
Vegetables Manchurian  Gravy,Vegetable balls with soy chilli sauce. ,32.0,
Salt And Pepper Mix Vegetables,Tasty and succulent prepared using a blend of sea salt and freshly crushed black peppercorns. ,32.0,https://images.deliveryhero.io/image/talabat/Menuitems/05_Salt_and_Pepper_V_637267350982026464.jpg?width=172&amp;height=172
Black Bean Mix Vegetables,"Mix vegetables, peppers, ginger, chili and garlic. ",32.0,https://images.deliveryhero.io/image/talabat/Menuitems/06_Black_Bean_Veg_637267356765654565.jpg?width=172&amp;height=172
Sweet And Sour Mix Vegetables,Mix vegetables and bell peppers all tossed in a sweet and savory sauce. ,32.0,https://images.deliveryhero.io/image/talabat/Menuitems/07_sweet_and_sour_veg_637267356774292627.jpg?width=172&amp;height=172
Hot Garlic Mix Vegetables,"Mix vegetables in spicy, garlicky sauce. ",32.0,https://images.deliveryhero.io/image/talabat/Menuitems/08_hot_garlic_veg_637267356782247139.jpg?width=172&amp;height=172
Vegetable Fried Rice,"Made with freshly cooked rice, and stir-fried with a variety of vegetables and spices, it's a perfect meal for lunch or dinner, and a great alternative to traditional plain rice.",26.0,
Chicken Fried Rice,"Made with tender chicken, mixed with freshly cooked basmati rice, and stir-fried with a variety of vegetables and spices, it's a perfect meal for lunch or dinner, and a great alternative to traditional plain rice.",30.0,
Vegetable Garlic Fried Rice,,26.0,
Chicken Garlic Fried Rice,,30.0,
Egg Fried Rice,"Savor the delicious combination of fluffy rice, scrambled eggs, and savory seasonings in a classic Asian dish, Egg Fried Rice, for a comforting and satisfying meal in every bite",26.0,https://images.deliveryhero.io/image/talabat/Menuitems/03Egg_Fried_Rice_637267342687109054.jpg?width=172&amp;height=172
Vegetable Szechuan Fried Rice,Stir fried spicy rice covered in a spicy szechuan sauce. ,27.0,https://images.deliveryhero.io/image/talabat/Menuitems/04_Szechwan_Fried_Ri_637267350992005770.jpg?width=172&amp;height=172
Chicken Szechuan Fried Rice,Stir fried spicy rice covered in a spicy szechuan sauce. ,30.0,https://images.deliveryhero.io/image/talabat/Menuitems/04_Szechwan_Fried_Ri_637267350999982865.jpg?width=172&amp;height=172
Vegetable Hong Kong Fried Rice,"Stir fried mushrooms, carrot and green peas, broccoli, cashew nuts. ",30.0,https://images.deliveryhero.io/image/talabat/Menuitems/05_Hong_Kong_fried_r_637267351007005711.jpg?width=172&amp;height=172
Chicken Hong Kong Fried Rice,"Stir fried mushrooms, carrot and green peas, broccoli, cashew nuts. ",32.0,https://images.deliveryhero.io/image/talabat/Menuitems/05_Hong_Kong_fried_r_637267351015056884.jpg?width=172&amp;height=172
Vegetable Nazi Goreng,,30.0,https://images.deliveryhero.io/image/talabat/Menuitems/06_Nasi_Goreng_637267356789828463.jpg?width=172&amp;height=172
Chicken Nasi Goreng,,32.0,https://images.deliveryhero.io/image/talabat/Menuitems/06_Nasi_Goreng_637267356798518685.jpg?width=172&amp;height=172
Steamed Rice,"Indulge in the simple yet satisfying pleasure of perfectly steamed rice, featuring fluffy, tender grains with a delicate texture and subtle, comforting aroma!",15.0,https://images.deliveryhero.io/image/talabat/Menuitems/07_Steamed_Rice_637267356806784596.jpg?width=172&amp;height=172
Vegetable Hakka Noodles,Noodles mixed with fresh wok fried ingredients. ,32.0,https://images.deliveryhero.io/image/talabat/Menuitems/01Hakka_Noodles_637267332981833128.jpg?width=172&amp;height=172
Chicken Hakka Noodles,Noodles mixed with fresh wok fried ingredients. ,36.0,https://images.deliveryhero.io/image/talabat/Menuitems/01Hakka_Noodles_637267332990128619.jpg?width=172&amp;height=172
Singapore Noodles (Veg/Chicken,"Stir fried capsicum, diced onions, carrots and mushrooms with a spicy hot szechwan sauce. ",32.0,https://images.deliveryhero.io/image/talabat/Menuitems/03_Singapore_Noodles__637267342694657673.jpg?width=172&amp;height=172
Chicken Szechuan Noodles,"Stir fried capsicum, diced onions, carrots and mushrooms with a spicy hot szechwan sauce. ",36.0,https://images.deliveryhero.io/image/talabat/Menuitems/02_Szechwan_Noodles_637267333002215984.jpg?width=172&amp;height=172
Vegetable Singapore Noodles,Stir fried vegetables and cashew nuts served in a lightly spiced curry sauce. ,32.0,https://images.deliveryhero.io/image/talabat/Menuitems/03_Singapore_Noodles__637267342703480127.jpg?width=172&amp;height=172
Chicken Singapore Noodles,Stir fried vegetables and cashew nuts served in a lightly spiced curry sauce. ,36.0,https://images.deliveryhero.io/image/talabat/Menuitems/03_Singapore_Noodles__637267342711781267.jpg?width=172&amp;height=172
Vegetable Chow Mein Noodles,"Stir fried snow peas, mushrooms, broccoli, chinese cabbage, carrots and sweet peppers. ",32.0,https://images.deliveryhero.io/image/talabat/Menuitems/04_Chow_Mein_Noodles_637267342719499614.jpg?width=172&amp;height=172
Chicken Chow Mein Noodles,"Stir fried snow peas, mushrooms, broccoli, chinese cabbage, carrots and sweet peppers. ",36.0,https://images.deliveryhero.io/image/talabat/Menuitems/04_Chow_Mein_Noodles_637267342728300236.jpg?width=172&amp;height=172
Vegetable Pad Thai Noodles,Flat rice noodles tossed with pad thai sauce and mixed vegetables. ,32.0,https://images.deliveryhero.io/image/talabat/Menuitems/05_Pad_Thai_Noodles_637267351024864474.jpg?width=172&amp;height=172
Chicken Pad Thai Noodles,Flat rice noodles tossed with pad thai sauce and mixed vegetables. ,36.0,https://images.deliveryhero.io/image/talabat/Menuitems/05_Pad_Thai_Noodles_637267351032825219.jpg?width=172&amp;height=172
Vegetable Teriyaki Noodles,Homemade teriyaki sauce with mixed vegetables. ,32.0,https://images.deliveryhero.io/image/talabat/Menuitems/06_Teriyaki_Noodles_637267356813141676.jpg?width=172&amp;height=172
Chicken Teriyaki Noodles,Homemade teriyaki sauce with mixed vegetables. ,36.0,https://images.deliveryhero.io/image/talabat/Menuitems/06_Teriyaki_Noodles_637267356823409960.jpg?width=172&amp;height=172
Vegetable Kung Pao Noodles,"Celery, fresh scallion and a mixture of nuts. ",32.0,https://images.deliveryhero.io/image/talabat/Menuitems/07_Kung_Pao_Noodles_637267356830249613.jpg?width=172&amp;height=172
Chicken Kung Pao Noodles,"Celery, fresh scallion and a mixture of nuts. ",36.0,https://images.deliveryhero.io/image/talabat/Menuitems/07_Kung_Pao_Noodles_637267356838450598.jpg?width=172&amp;height=172
Vegetable Chili Garlic Noodles,Creamy garlic sauce wok fried and added to noodles along with fiery red chillies. ,32.0,https://images.deliveryhero.io/image/talabat/Menuitems/08_Chilli_Garlic_Noo_637267356847472127.jpg?width=172&amp;height=172
Chicken Chili Garlic Noodles,Creamy garlic sauce wok fried and added to noodles along with fiery red chillies. ,36.0,
Coca-Cola,Carbonated soft drink,8.0,https://images.deliveryhero.io/image/talabat/Menuitems/beverages/coca-cola.jpg?width=172&amp;height=172
Diet Coke,Carbonated soft drink with zero sugar & zero calories,8.0,https://images.deliveryhero.io/image/talabat/Menuitems/beverages/diet_coke.jpg?width=172&amp;height=172
Sprite,Non-caffeinated soft drink,8.0,https://images.deliveryhero.io/image/talabat/Menuitems/beverages/sprite.jpg?width=172&amp;height=172
Mirinda,Carbonated soft drink,8.0,https://images.deliveryhero.io/image/talabat/Menuitems/Mirinda-Can_637262655626267547.jpg?width=172&amp;height=172
Lipton Peach Iced Tea,Refreshing Lipton peach iced tea.,10.0,
Lipton Lemon Iced Tea,Lemon-infused iced tea by Lipton.,10.0,
Orange Juice,"Made capturing all the natural sweetness and tangy citrus flavor. Packed with Vitamin C, it's the perfect thirst quencher and a healthy addition to your daily diet.",25.0,
Carrot Juice,"Made with freshly squeezed carrots, it's a rich source of Vitamin A and other essential nutrients, perfect for those looking for a healthy and delicious drink.",25.0,
Orange And Carrot Juice,A refreshing and nutritious juice made from oranges and carrots.,25.0,
Lemon And Mint Juice,"A zingy blend of freshly squeezed lemons and fragrant mint leaves, perfectly balanced to awaken your senses and invigorate your taste buds!",21.0,
Avocado Special,"Fresh avocado, blended with fresh milk and ice cream.",30.0,
Mineral Water,Stay hydrated and refreshed with our mineral water. ,4.0,
Sparkling Water,Stay hydrated and refreshed with our sparkling water. ,10.0,
