item_name,item_description,item_price,item_image
Chicken Shawarma Sandwich,,18.0,https://images.deliveryhero.io/image/talabat/Menuitems/Chicken_Shawarma_Sandwich638321015471118468.jpg?width=172&amp;height=172
Beef Shawarma Sandwich,,20.0,https://images.deliveryhero.io/image/talabat/Menuitems/Beef_Shawarma_Sandwich638321015857987198.jpg?width=172&amp;height=172
Mexican Shawarma Sandwich,,20.0,https://images.deliveryhero.io/image/talabat/Menuitems/Mexican_Chicken_Shawarma_638321015911164548.jpg?width=172&amp;height=172
Special Chicken Shawarma sandwich ,,35.0,https://images.deliveryhero.io/image/talabat/Menuitems/Special_Shawarma_sandwich638321016159207916.jpg?width=172&amp;height=172
Special Beef Shawarma sandwich ,,40.0,https://images.deliveryhero.io/image/talabat/Menuitems/Special_Shawarma_sandwich638321016145648374.jpg?width=172&amp;height=172
Lazy Chicken Shawarma,,36.0,https://images.deliveryhero.io/image/talabat/Menuitems/Lazy_Shawarma_sandwich__C638321016249740182.jpg?width=172&amp;height=172
Lazy Beef Shawarma,,40.0,https://images.deliveryhero.io/image/talabat/Menuitems/Lazy_Shawarma_sandwich__B638321016269826311.jpg?width=172&amp;height=172
Titanic Chicken Shawarma ,,45.0,https://images.deliveryhero.io/image/talabat/Menuitems/Titanic_Shawarma_sandwich638321016349871712.jpg?width=172&amp;height=172
Mad of Chicken Shawarma ,,38.0,https://images.deliveryhero.io/image/talabat/Menuitems/Mad_of_Shawarma_sandwich_638321016436855388.jpg?width=172&amp;height=172
Mad of Beef Shawarma ,,40.0,https://images.deliveryhero.io/image/talabat/Menuitems/Mad_of_Shawarma_sandwich_638321016452203396.jpg?width=172&amp;height=172
10 Chicken Shawarma,,170.0,https://images.deliveryhero.io/image/talabat/Menuitems/10_Shawarma_Large638321016500366774.jpg?width=172&amp;height=172
10 Beef Shawarma,,190.0,https://images.deliveryhero.io/image/talabat/Menuitems/10_Shawarma_Large638321016522559851.jpg?width=172&amp;height=172
10 Mexican Shawarma,,190.0,https://images.deliveryhero.io/image/talabat/Menuitems/10_Shawarma_Large638321016540778053.jpg?width=172&amp;height=172
5 Chicken And 5 Beef Shawarma,,180.0,https://images.deliveryhero.io/image/talabat/Menuitems/10_Shawarma_Large638321016571059117.jpg?width=172&amp;height=172
5 Beef And 5 Mexican Shawarma,,190.0,https://images.deliveryhero.io/image/talabat/Menuitems/10_Shawarma_Small638321016587943758.jpg?width=172&amp;height=172
5 Shawarma,,85.0,https://images.deliveryhero.io/image/talabat/Menuitems/10_Shawarma_Large638321016817443939.jpg?width=172&amp;height=172
10 Shawarma ,,170.0,https://images.deliveryhero.io/image/talabat/Menuitems/10_Shawarma_Large638321016680599146.jpg?width=172&amp;height=172
15 Shawarma ,,250.0,https://images.deliveryhero.io/image/talabat/Menuitems/10_Shawarma_Small638321016702376037.jpg?width=172&amp;height=172
20 Shawarma ,,340.0,https://images.deliveryhero.io/image/talabat/Menuitems/10_Shawarma_Small638321016725271051.jpg?width=172&amp;height=172
Make Your Own Shawarma,,20.0,
