item_name,item_description,item_price,item_image
Hot Idly (2pcs),2 Pieces,8.75,https://images.deliveryhero.io/image/talabat/Menuitems/Hot_Idly638019526315548749.jpg?width=172&amp;height=172
Rava Uppama,,8.0,https://images.deliveryhero.io/image/talabat/Menuitems/Rava_Uppama638021939505585465.jpg?width=172&amp;height=172
Medhu Vada (1pcs),1 Piece,4.75,https://images.deliveryhero.io/image/talabat/Menuitems/Medhu_Vada638022005561379075.jpg?width=172&amp;height=172
Ghee Pongal,,10.75,https://images.deliveryhero.io/image/talabat/Menuitems/ghee_pongal638021938903914180.jpg?width=172&amp;height=172
Masala Dosa,"Experience the authentic taste of Masala Dosa with its crispy crepe, spicy potato filling, and tangy coconut chutney.",11.5,https://images.deliveryhero.io/image/talabat/Menuitems/Masala_Dosa638021960443336492.jpg?width=172&amp;height=172
Hot Idly (2pcs),2 Pieces,8.75,https://images.deliveryhero.io/image/talabat/Menuitems/Hot_Idly638019526315548749.jpg?width=172&amp;height=172
Sambar Idly With Ghee,2 Pieces,9.5,https://images.deliveryhero.io/image/talabat/Menuitems/Sambar_Idly_With_Ghee638019526656183830.jpg?width=172&amp;height=172
Mini Idly With Ghee & Sambar,Dip,10.75,https://images.deliveryhero.io/image/talabat/Menuitems/Mini_Idly_With_Ghee__Samb638019527167186866.jpg?width=172&amp;height=172
Podi Idly,,12.0,https://images.deliveryhero.io/image/talabat/Menuitems/Podi_Idly638019527440815285.jpg?width=172&amp;height=172
Ghee Pongal,,10.75,https://images.deliveryhero.io/image/talabat/Menuitems/ghee_pongal638021938903914180.jpg?width=172&amp;height=172
Rava Uppama,,8.0,https://images.deliveryhero.io/image/talabat/Menuitems/Rava_Uppama638021939505585465.jpg?width=172&amp;height=172
Poori Bhaji,(3pcs),11.5,https://images.deliveryhero.io/image/talabat/Menuitems/pooribhajirecipe12638021955887810330.jpg?width=172&amp;height=172
Kesari Serra,200 Gm,8.75,https://images.deliveryhero.io/image/talabat/Menuitems/Kesari_Serra638021957254766803.JPG?width=172&amp;height=172
Mini Tiffin,"Idly 1pcs, medhu vada 1pcs, gheeponga 1scp, uppuma 1scp, sweet mini masal dosa.",25.0,https://images.deliveryhero.io/image/talabat/Menuitems/Mini_Tiffin638021957580262655.jpeg?width=172&amp;height=172
Idiyappam Kurma (3pcs),3 Pieces,12.0,https://images.deliveryhero.io/image/talabat/Menuitems/Idiyappam_Kurma638022013558561328.jpeg?width=172&amp;height=172
Chapati Kurma (2pcs),2 Pieces,11.5,https://images.deliveryhero.io/image/talabat/Menuitems/Chapati_Kurma_2pcs638019669861144582.jpg?width=172&amp;height=172
Parotta Kurma (1pcs),1 Piece,6.75,https://images.deliveryhero.io/image/talabat/Menuitems/Parotta_Kurma_1pcs638019540874342306.jpg?width=172&amp;height=172
Chilly Parotta,,16.0,https://images.deliveryhero.io/image/talabat/Menuitems/Chilly_Parotta638019670088622913.jpg?width=172&amp;height=172
Veg Kothu Parotta,,16.0,https://images.deliveryhero.io/image/talabat/Menuitems/Veg_Kothu_Parotta638019542329875039.jpg?width=172&amp;height=172
Idiyappam Kothu,,16.0,https://images.deliveryhero.io/image/talabat/Menuitems/Idiyappam_Kothu638019542620833067.jpg?width=172&amp;height=172
Chitty Nad Idly,,16.0,https://images.deliveryhero.io/image/talabat/Menuitems/Chitty_Nad_Idly638019545224329174.jpg?width=172&amp;height=172
Idly Manchurian,,16.0,https://images.deliveryhero.io/image/talabat/Menuitems/Idly_Manchurian638019546397476521.jpg?width=172&amp;height=172
Chilly Idly,,16.0,https://images.deliveryhero.io/image/talabat/Menuitems/Chilly_Idly638021958481151882.jpg?width=172&amp;height=172
Chana Bhatura,,16.0,https://images.deliveryhero.io/image/talabat/Menuitems/Chana_Bhatura638021958042394279.jpg?width=172&amp;height=172
Plain Dosa,"Savor the crispy perfection of our Plain Dosa, a golden-brown South Indian delight served with savory chutneys and sambar, creating a mouthwatering experience.",10.0,https://images.deliveryhero.io/image/talabat/Menuitems/Plain_Dosa638019561387077798.jpg?width=172&amp;height=172
Gobi Masala Dosa,,21.0,https://images.deliveryhero.io/image/talabat/Menuitems/Gobi_Masala_Dosa638019562947938006.jpg?width=172&amp;height=172
Mushroom Masala Dosa,Dosa filled with mushroom masala.,21.0,https://images.deliveryhero.io/image/talabat/Menuitems/Mushroom_Masala_Dosa638019563702454677.jpg?width=172&amp;height=172
Manchurian Dosa,,21.0,https://images.deliveryhero.io/image/talabat/Menuitems/Manchurian_Dosa638019564040604188.JPG?width=172&amp;height=172
Tomato Rava Dosa,,10.5,https://images.deliveryhero.io/image/talabat/Menuitems/Tomato_Rava_Dosa638019564300252780.jpg?width=172&amp;height=172
Set Dosa,"These soft, spongy pancakes are made with fermented batter and served with a medley of chutneys.",10.0,https://images.deliveryhero.io/image/talabat/Menuitems/Set_Dosa638019564940198845.jpg?width=172&amp;height=172
Onion Tomato Oothappam,,16.75,https://images.deliveryhero.io/image/talabat/Menuitems/Onion_Tomato_Oothappam638019565199105870.jpg?width=172&amp;height=172
Dry Fruit Rava,,18.0,https://images.deliveryhero.io/image/talabat/Menuitems/Dry_Fruit_Rava638019565709213466.jpg?width=172&amp;height=172
Mysore Masala Dosa,"Thin rice crepe filled with a spicy and flavorful potato filling, served with chutneys and sambar",17.5,https://images.deliveryhero.io/image/talabat/Menuitems/Mysore_Masala_Dosa638019566110588718.jpg?width=172&amp;height=172
Plain Oothappam,,8.75,https://images.deliveryhero.io/image/talabat/Menuitems/Plain_Oothappam638019566342182021.jpg?width=172&amp;height=172
Rava Masala Dosa,"A South Indian crepe made from fermented batter, filled with a spicy semolina and vegetable mixture.",12.75,https://images.deliveryhero.io/image/talabat/Menuitems/Rava_Masala_Dosa638019566661633019.jpg?width=172&amp;height=172
Onion Rava Dosa,"A thin, crispy Indian pancake made with semolina batter and topped with onions.",12.75,https://images.deliveryhero.io/image/talabat/Menuitems/Onion_Rava_Dosa638019567733754018.jpg?width=172&amp;height=172
Cheese Dosa,South Indian dosa (pancake) filled with cheese.,21.0,https://images.deliveryhero.io/image/talabat/Menuitems/Cheese_Dosa638019669994924468.jpg?width=172&amp;height=172
Paneer Dosa,Indian pancake filled with paneer ,21.0,https://images.deliveryhero.io/image/talabat/Menuitems/Paneer_Dosa638019568845777325.jpg?width=172&amp;height=172
Paper Roast Masala,,21.0,https://images.deliveryhero.io/image/talabat/Menuitems/Paper_Roast_Masala638019570583591344.jpg?width=172&amp;height=172
Paper Roast,South Indian dish consisting of thin and crispy roast crepes.,18.0,https://images.deliveryhero.io/image/talabat/Menuitems/Paper_Roast638021962038370471.jpg?width=172&amp;height=172
Ghee Roast Masala,,14.75,https://images.deliveryhero.io/image/talabat/Menuitems/Ghee_Roast638294912987536265.jpeg?width=172&amp;height=172
Ghee Roast,"Indulge in the rich and buttery flavor of Ghee Roast, a South Indian delicacy made with perfectly roasted spices and served with a savory coconut chutney.",13.5,https://images.deliveryhero.io/image/talabat/Menuitems/Ghee_Roast638294913041555828.jpeg?width=172&amp;height=172
Onion Oothappam,,12.75,https://images.deliveryhero.io/image/talabat/Menuitems/Onion_Oothappam638021961412046146.jpg?width=172&amp;height=172
Spicy Podi Dosa,,12.0,https://images.deliveryhero.io/image/talabat/Menuitems/Spicy_Podi_Dosa638021961066712091.JPG?width=172&amp;height=172
Onion Dosa,"Thin and golden dosa, filled with caramelized onions",12.75,https://images.deliveryhero.io/image/talabat/Menuitems/Onion_Dosa638021960831007072.jpg?width=172&amp;height=172
Masala Dosa,"Experience the authentic taste of Masala Dosa with its crispy crepe, spicy potato filling, and tangy coconut chutney.",11.5,https://images.deliveryhero.io/image/talabat/Menuitems/Masala_Dosa638021960443336492.jpg?width=172&amp;height=172
Rava Dosa,A crispy and savory South Indian crepe made with semolina and spices.,10.75,https://images.deliveryhero.io/image/talabat/Menuitems/rava_dosa638021960085705025.jpg?width=172&amp;height=172
Wheat Dosa (2pcs),,12.0,https://images.deliveryhero.io/image/talabat/Menuitems/Wheat_Dosa_2pcs638021958966397843.jpg?width=172&amp;height=172
Medhu Vada (1pcs),1 Piece,4.75,https://images.deliveryhero.io/image/talabat/Menuitems/Medhu_Vada638022005561379075.jpg?width=172&amp;height=172
Sambar Vada (1pcs),1 Piece,8.0,https://images.deliveryhero.io/image/talabat/Menuitems/Sambar_Vada638022006240661054.jpg?width=172&amp;height=172
Rasam Vada,1 Piece,8.0,https://images.deliveryhero.io/image/talabat/Menuitems/Rasam_Vada638022006597172213.jpg?width=172&amp;height=172
Curd Vada,1 Piece,8.0,https://images.deliveryhero.io/image/talabat/Menuitems/Curd_Vada638022010263399706.jpg?width=172&amp;height=172
Roti,1 Piece,3.5,https://images.deliveryhero.io/image/talabat/Menuitems/Roti638021978779184541.jpg?width=172&amp;height=172
Kerala Paratha,1 Piece,3.0,https://images.deliveryhero.io/image/talabat/Menuitems/Thanduri_Paratha638021979077504097.jpg?width=172&amp;height=172
Chappathi,1 Piece,2.0,https://images.deliveryhero.io/image/talabat/Menuitems/Chappathi638021979408443917.jpg?width=172&amp;height=172
Gulab Jamun,1 Piece,4.5,https://images.deliveryhero.io/image/talabat/Menuitems/Gulab_Jamun638021969048999696.jpg?width=172&amp;height=172
Wheat Halwa,50 Gm,6.75,https://images.deliveryhero.io/image/talabat/Menuitems/Wheat_Halwa638021970075249208.jpg?width=172&amp;height=172
Rose Milk,"A refreshing beverage made with milk and rose syrup, offering a delicate floral flavor.",10.0,https://images.deliveryhero.io/image/talabat/Menuitems/Rose_Milk638021968512979825.jpg?width=172&amp;height=172
Jigar Thanda,,11.5,
Badam Kheer,,11.0,https://images.deliveryhero.io/image/talabat/Menuitems/Badam_Kheer638021968745872401.jpg?width=172&amp;height=172
Lassi Sweets,300 Ml,9.5,https://images.deliveryhero.io/image/talabat/Menuitems/Lassi_Salty638021964847262555.jpg?width=172&amp;height=172
Lassi Salty,300 Ml,9.5,https://images.deliveryhero.io/image/talabat/Menuitems/Lassi_Salty638021964822167502.jpg?width=172&amp;height=172
Pepsi,Carbonated soft drink,4.0,https://images.deliveryhero.io/image/talabat/Menuitems/pepsiCan637998178505286540.jpg?width=172&amp;height=172
Coca-Cola,Carbonated soft drink,4.0,https://images.deliveryhero.io/image/talabat/Menuitems/CocaCola_330ML637998178547962147.jpg?width=172&amp;height=172
Mineral Water Big,Mineral Water.,4.0,https://images.deliveryhero.io/image/talabat/Menuitems/img_2309649225825677526_6638021964539378961.jpg?width=172&amp;height=172
Mineral Water Small,"Quench your thirst with the crisp and refreshing taste of our premium Mineral Water Small, to deliver pure hydration in every sip.",2.5,https://images.deliveryhero.io/image/talabat/Menuitems/img_2309649225825677526_6638021964563297420.jpg?width=172&amp;height=172
Filter Coffee,"Coffee made by filtering hot water through ground coffee beans, resulting in a rich and aromatic brew.",4.75,https://images.deliveryhero.io/image/talabat/Menuitems/Tea638021963630062853.jpg?width=172&amp;height=172
Masala Tea,"Indulge in our Masala Tea! Robust tea infused with warm spices like cardamom, cinnamon, ginger, and cloves. Fragrant and invigorating, it transports you to a cozy chai haven with every comforting sip.",3.0,https://images.deliveryhero.io/image/talabat/Menuitems/Tea638021963549417950.jpg?width=172&amp;height=172
Tea,"Savor the rich aroma and taste of our premium tea, expertly blended to create a perfect tea drinking experience.",2.0,https://images.deliveryhero.io/image/talabat/Menuitems/Tea638021963517920453.jpg?width=172&amp;height=172
