item_name,item_description,item_price,item_image
Boneless Mutton Mandi,"Boneless tender mutton meat slow cooked to perfection, prepared with the best Indian spices in perfumed long-grain basmati rice. Served with mint cucumber yogurt, tomato sauce and salad",53.0,https://images.deliveryhero.io/image/talabat/Menuitems/B626E288BDE280FFEFCA65DAD5CB618C?width=172&amp;height=172
Butter Chicken Mandi,"Tender Chicken meat prepared in a buttery gravy seasoned with the masala spices in aromatic long grain basmati rice. Served with mint cucumber yogurt, tomato sauce and salad",43.0,https://images.deliveryhero.io/image/talabat/Menuitems/0AE13CF44282D3479CD6FCBA90FCAE4F?width=172&amp;height=172
Afghani Boneless Chicken Mandi,"Tender boneless chicken kebab marinated in fresh cream and afghan spices cooked with fragrant long-grain basmati rice. Served with mint cucumber yogurt, tomato sauce & salad",49.0,https://images.deliveryhero.io/image/talabat/Menuitems/1F3505C4DB18BA79B69A8DB3FD36CF9F?width=172&amp;height=172
Afghani Boneless Chicken Mandi,"Tender boneless chicken kebab marinated in fresh cream and afghan spices cooked with fragrant long-grain basmati rice. Served with mint cucumber yogurt, tomato sauce & salad",49.0,https://images.deliveryhero.io/image/talabat/Menuitems/1F3505C4DB18BA79B69A8DB3FD36CF9F?width=172&amp;height=172
Boneless Mutton Mandi,"Boneless tender mutton meat slow cooked to perfection, prepared with the best Indian spices in perfumed long-grain basmati rice. Served with mint cucumber yogurt, tomato sauce and salad",53.0,https://images.deliveryhero.io/image/talabat/Menuitems/B626E288BDE280FFEFCA65DAD5CB618C?width=172&amp;height=172
Chicken Tikka Mandi,"Boneless chicken meat marinated in fresh cream and boiled with spices, until tender and charcoaled to perfection in aromatic long-grain basmati rice. Served with mint cucumber yogurt, tomato sauce and salad",40.0,https://images.deliveryhero.io/image/talabat/Menuitems/224DD4F8533771E8C13C08F8E09B661C?width=172&amp;height=172
Butter Chicken Mandi,"Tender Chicken meat prepared in a buttery gravy seasoned with the masala spices in aromatic long grain basmati rice. Served with mint cucumber yogurt, tomato sauce and salad",43.0,https://images.deliveryhero.io/image/talabat/Menuitems/0AE13CF44282D3479CD6FCBA90FCAE4F?width=172&amp;height=172
Chicken Bhuna Mandi,"Roasted gravy chicken slowly cooked with fresh cream in Indian Spices and perfumed long grain basmati rice. Served with mint cucumber yogurt, tomato sauce and salad",40.0,https://images.deliveryhero.io/image/talabat/Menuitems/2AF2FE3B77EE050288E5B30D5DB08005?width=172&amp;height=172
Afghani Boneless Chicken Mandi (Serves 2),"Tender boneless chicken kebab marinated in fresh cream and afghan spices cooked with fragrant long-grain basmati rice. Served with mint cucumber yogurt, tomato sauce & salad",79.0,https://images.deliveryhero.io/image/talabat/Menuitems/C8FD24F559389D3E3620240A4F3CC0F6?width=172&amp;height=172
Boneless Mutton Mandi (Serves 2),"Boneless tender mutton meat slow cooked to perfection, prepared with the best Indian spices in perfumed long-grain basmati rice. Served with mint cucumber yogurt, tomato sauce and salad",95.0,https://images.deliveryhero.io/image/talabat/Menuitems/959FC9B506ABEF5A07ABC9338015B89D?width=172&amp;height=172
Chicken Tikka Mandi (Serves 2),"Boneless chicken meat marinated in fresh cream and boiled with spices, until tender and charcoaled to perfection in aromatic long-grain basmati rice. Served with mint cucumber yogurt, tomato sauce and salad",63.0,https://images.deliveryhero.io/image/talabat/Menuitems/D1410893DC35A69B4AE2EEE8D6B6770F?width=172&amp;height=172
Butter Chicken Mandi (Serves 2),"Tender Chicken meat prepared in a buttery gravy seasoned with the masala spices in aromatic long grain basmati rice. Served with mint cucumber yogurt, tomato sauce and salad",79.0,https://images.deliveryhero.io/image/talabat/Menuitems/D5667843A3AD1B63D7B48D1AB683AF19?width=172&amp;height=172
Chicken Bhuna Mandi (Serves 2),"Roasted gravy chicken slowly cooked with fresh cream in Indian Spices and perfumed long grain basmati rice. Served with mint cucumber yogurt, tomato sauce and salad",63.0,https://images.deliveryhero.io/image/talabat/Menuitems/7AE18B6B681A94FD7BA39A0B930826C2?width=172&amp;height=172
Chicken Bhuna Mandi (Serves 4-5),"Roasted gravy chicken slowly cooked with fresh cream in Indian Spices and perfumed long grain basmati rice. Served with mint cucumber yogurt, tomato sauce and salad",123.0,https://images.deliveryhero.io/image/talabat/Menuitems/ACEF444E5D217C6FDF30925F48DFEF2A?width=172&amp;height=172
Afghani Boneless Chicken Mandi (Serves 4-5),"Tender boneless chicken kebab marinated in fresh cream and afghan spices cooked with fragrant long-grain basmati rice. Served with mint cucumber yogurt, tomato sauce & salad",145.0,https://images.deliveryhero.io/image/talabat/Menuitems/BEA31400687BC7D86273D9E1D2DB6140?width=172&amp;height=172
Chicken Tikka Mandi (Serves 4-5),"Boneless chicken meat marinated in fresh cream and boiled with spices, until tender and charcoaled to perfection in aromatic long-grain basmati rice. Served with mint cucumber yogurt, tomato sauce and salad",145.0,https://images.deliveryhero.io/image/talabat/Menuitems/0906399A216A2E93FB9643600907176A?width=172&amp;height=172
Boneless Mutton Mandi (Serves 4-5),"Boneless tender mutton meat slow cooked to perfection, prepared with the best Indian spices in perfumed long-grain basmati rice. Served with mint cucumber yogurt, tomato sauce and salad",163.0,https://images.deliveryhero.io/image/talabat/Menuitems/A4DCB13ADBA398E0C4F6C176C610654F?width=172&amp;height=172
Butter Chicken Mandi (Serves 4-5),"Tender Chicken meat prepared in a buttery gravy seasoned with the masala spices in aromatic long grain basmati rice. Served with mint cucumber yogurt, tomato sauce and salad",163.0,https://images.deliveryhero.io/image/talabat/Menuitems/DB31C2A7B80A4796FED104C60FC1A1DF?width=172&amp;height=172
Chocolate Brownie,"Indulge in our fudgy, moist brownie bliss, it's a chocolate lovers dream with a melt in your mouth texture.",7.0,https://images.deliveryhero.io/image/talabat/Menuitems/mmw_638205145586049752?width=172&amp;height=172
Triple Chocolate Cookie,Experience pure joy with our perfectly chewy and crispy cookies.,9.0,https://images.deliveryhero.io/image/talabat/Menuitems/mmw_638205145695096651?width=172&amp;height=172
Sea Salt Caramel 125ml,Light and delicious low calorie sea salt caramel ice cream. Naturally sweetened with no added sugar. Per serving 79 kcal and 50% lower calories than premium ice cream,10.0,https://images.deliveryhero.io/image/talabat/Menuitems/mmw_638266443134559006?width=172&amp;height=172
Rich Red Velvet Pastry,Love everything red - then this luxurious layered cake is for you where delectable cake meets irresistible cream cheese. the indulgence is absolutely worth it.(contains egg),28.0,https://images.deliveryhero.io/image/talabat/Menuitems/5CF550B13FF7E78EBDD8A669815E5F16?width=172&amp;height=172
Blueberry Cheese Pastry,"Dense, creamy & smooth - just like how a blueberry cheesecake should be.",29.0,https://images.deliveryhero.io/image/talabat/Menuitems/0FE54220CE8FA7F42A4745A86D352DDE?width=172&amp;height=172
Carrot Pastry,"Layers of moist, spicy carrot-laden cake with crushed pineapple, walnuts and coconut, filled and covered with cream cheese icing. (contains egg)",26.0,https://images.deliveryhero.io/image/talabat/Menuitems/EBD22793E624D8EA0FFDC3768DA3299A?width=172&amp;height=172
Chocolate Fudge Pastry,"Gooey, dense chocolate frosting on crumbly chocolate crust - this moist but fudge-like pastry is our version of a Mississippi mud pastry! (contains egg)",26.0,https://images.deliveryhero.io/image/talabat/Menuitems/23F1B5E6B0FC2352552EF82024019DF6?width=172&amp;height=172
Lotus Cheesecake Slice,"Savour the crunchy base made of Lotus biscuit and fresh cream cheese in every bite of this cheesecake. Indulgence, just how it should be.",26.0,https://images.deliveryhero.io/image/talabat/Menuitems/1186F8AD0B568C02309763AB30EE7DC1?width=172&amp;height=172
Ferrero Rocher Pastry,"Allow your taste buds to be engulfed by the crispy wafer shell and double chocolate sponge layered milk! Make the most of this Ferrero Rocher pastry, which is one for the ages.",29.0,https://images.deliveryhero.io/image/talabat/Menuitems/AC1CA831FDCD01508C976F97CA8A925E?width=172&amp;height=172
Strawberry Cheesecake Slice,Relish the magical fresh cream sitting pretty on a crunchy biscuit base with yummy strawberry filling. Surely something you cant resist after a bite.,25.0,https://images.deliveryhero.io/image/talabat/Menuitems/B7D820C0C1859C20BDF31B7BDB4E2435?width=172&amp;height=172
Sweet Cream Vanilla Low-Cal Ice Cream - The Brooklyn Creamery,"Classic and creamy low calorie vanilla ice cream. Indulgent taste, minus the artificial sweetener and no added sugar.",11.0,https://images.deliveryhero.io/image/talabat/Menuitems/1300C5696B3548B806C2B3FE8649FF79?width=172&amp;height=172
Coca Cola,Coca Cola 250 ml,7.0,https://images.deliveryhero.io/image/talabat/Menuitems/17E576ACC024517F647BA48C839C0D9F?width=172&amp;height=172
Fanta,Fanta 250 ml,7.0,https://images.deliveryhero.io/image/talabat/Menuitems/CE02CFEA458D88B15DDDC71211BCA1CB?width=172&amp;height=172
Sprite,Sprite 250 ml,7.0,https://images.deliveryhero.io/image/talabat/Menuitems/A22E35813877140EC7CC6495E4F0F5B5?width=172&amp;height=172
Arwa (Water),Arwa (Water),6.0,https://images.deliveryhero.io/image/talabat/Menuitems/0AA319DA10C683582A9C8013BD596A3F?width=172&amp;height=172
Diet Coke 300 ML,Diet Coke 300 ML,7.0,https://images.deliveryhero.io/image/talabat/Menuitems/00EAD9ACE300D27246E79207A634FFE9?width=172&amp;height=172
Berry Delight,"(Carbs: 49.5g Fats: 0.52g Protein: 2.4g ) Raspberry + Blueberry + Banana + Apple. Vegan, Gluten Free, 100% Real Fruit and No Added Sugar. (350 ml)",25.0,https://images.deliveryhero.io/image/talabat/Menuitems/6C5C48EDA855B5672FB926F140FDD0C2?width=172&amp;height=172
Green Goodness,"(Carbs: 38.4g Fats: 0.52g Protein: 4.4g) Spinach + Celery + Mango + Banana + Pineapple + Apple. Vegan, Gluten Free, 100% Real Fruit and No Added Sugar. (350 ml)",25.0,https://images.deliveryhero.io/image/talabat/Menuitems/1EE12D6BBF7542968C99C724CC9F35D9?width=172&amp;height=172
Magical Mango,"(Carbs: 40g Fats: 0.52g Protein: 1.4g) Mango + Pineapple + Passionfruit + Apple. Vegan, Gluten Free, 100% Real Fruit and No Added Sugar. (350 ml)",25.0,https://images.deliveryhero.io/image/talabat/Menuitems/D542563B9DA391C5A1049299CA3435C8?width=172&amp;height=172
Tropical Acai Blend,"(Carbs: 37.2 Fats: 0.52g Protein: 4.9g) Acai + Blueberry + Mango + Banana + Apple. Vegan, Gluten Free, 100% Real Fruit and No Added Sugar. (350 ml)",25.0,https://images.deliveryhero.io/image/talabat/Menuitems/DCCB2F10CE37C6536A5021F239E8347D?width=172&amp;height=172
