item_name,item_description,item_price,item_image
Rocca Salad,Made of fresh vegtables and basic sauce.,13.0,https://images.deliveryhero.io/image/talabat/Menuitems/mmw_638130992611494623?width=172&amp;height=172
MIX Ice Cream,"Made with finest ingredients and handcrafted ice cream, available in a variety of irresistible flavors",0.0,https://images.deliveryhero.io/image/talabat/Menuitems/mmw_638121309884804574?width=172&amp;height=172
Cocktail Juice,Made with a blend of seasonal fruits and reat way to get your daily dose of vitamins and nutrients.,13.0,https://images.deliveryhero.io/image/talabat/Menuitems/Cocktail638108563493975879.jpg?width=172&amp;height=172
Avacado Juice,A refreshing beverage made from blended avocado.,13.0,https://images.deliveryhero.io/image/talabat/Menuitems/mmw_638125732266115091?width=172&amp;height=172
Mandi Chicken,A traditional Middle Eastern dish where marinated chicken is slow-cooked with rice and aromatic spices.,32.0,https://images.deliveryhero.io/image/talabat/Menuitems/mmw_638130965418321403?width=172&amp;height=172
Madhbi chicken,"Marinated grilled chicken, served with Spiced rice.",33.0,https://images.deliveryhero.io/image/talabat/Menuitems/mmw_638125731016444943?width=172&amp;height=172
Madfoon Chicken,"Marinated madfoon chicken, served with madfoon rice.",33.0,https://images.deliveryhero.io/image/talabat/Menuitems/madfoon_chicken638108562851968758.jpg?width=172&amp;height=172
Beryani Chicken,,32.0,https://images.deliveryhero.io/image/talabat/Menuitems/mmw_638130966264127031?width=172&amp;height=172
Kabsa chicken,Traditional Saudi rice dish with chicken.,33.0,https://images.deliveryhero.io/image/talabat/Menuitems/kabsa_Chicken638108562922307151.jpg?width=172&amp;height=172
Madhbi Lamb,,69.0,https://images.deliveryhero.io/image/talabat/Menuitems/mmw_638130967301742928?width=172&amp;height=172
Beryani Lamb,,45.0,https://images.deliveryhero.io/image/talabat/Menuitems/LambBiryani5638108562984194671.jpg?width=172&amp;height=172
Kabsa Lamb,,69.0,https://images.deliveryhero.io/image/talabat/Menuitems/mmw_638131679492366772?width=172&amp;height=172
Waslah Lamb,,45.0,
Salmon Grilled,,62.0,https://images.deliveryhero.io/image/talabat/Menuitems/GrilledSalmon10638108563041665286.jpg?width=172&amp;height=172
Grilled King Fish,"Grilled King Fish, king fish cooked on the grill.",50.0,https://images.deliveryhero.io/image/talabat/Menuitems/mmw_638130984645633037?width=172&amp;height=172
Grilled Shaary,,0.0,https://images.deliveryhero.io/image/talabat/Menuitems/grilled_shaary638108562383146914.jpg?width=172&amp;height=172
Jasheed,,36.0,https://images.deliveryhero.io/image/talabat/Menuitems/mmw_638130981951589363?width=172&amp;height=172
Shrimp Beryani,,55.0,https://images.deliveryhero.io/image/talabat/Menuitems/mmw_638131680593496956?width=172&amp;height=172
Rocca Salad,Made of fresh vegtables and basic sauce.,13.0,https://images.deliveryhero.io/image/talabat/Menuitems/mmw_638130992611494623?width=172&amp;height=172
Arabic Salad,Fresh vegetables and dressed with lemon juice and olive oil.,13.0,https://images.deliveryhero.io/image/talabat/Menuitems/mmw_638130974464047627?width=172&amp;height=172
Cucumber Yogurt salad,"refreshing and healthy salad that is made with cucumbers, yogurt, dill, and garlic",10.0,https://images.deliveryhero.io/image/talabat/Menuitems/mmw_638130984400347683?width=172&amp;height=172
Tomato Hot Sauce,,0.0,https://images.deliveryhero.io/image/talabat/Menuitems/mmw_638130987171503940?width=172&amp;height=172
VANILLA Ice Cream,"Indulge in the creamy, smooth, and sweet flavor of pure vanilla in our classic Vanilla Ice Cream, made with the finest ingredients and available in a variety of sizes for the ultimate cold treat.",0.0,https://images.deliveryhero.io/image/talabat/Menuitems/mmw_638121309051448748?width=172&amp;height=172
STRAWBERRY Ice Cream,"Bursting with sweet, tangy flavor and a hint of vanilla",0.0,https://images.deliveryhero.io/image/talabat/Menuitems/mmw_638121309238618316?width=172&amp;height=172
CHOCOLATE Ice Cream,Made with finest chocolate ingredients and handcrafted ice cream,0.0,https://images.deliveryhero.io/image/talabat/Menuitems/mmw_638121309412334789?width=172&amp;height=172
MIX Ice Cream,"Made with finest ingredients and handcrafted ice cream, available in a variety of irresistible flavors",0.0,https://images.deliveryhero.io/image/talabat/Menuitems/mmw_638121309884804574?width=172&amp;height=172
Avacado Juice,A refreshing beverage made from blended avocado.,13.0,https://images.deliveryhero.io/image/talabat/Menuitems/mmw_638125732266115091?width=172&amp;height=172
MANGO Juice,Refreshing and sweet drink made from the pulp of ripe mangoes mixed with water or other ingredients.,13.0,https://images.deliveryhero.io/image/talabat/Menuitems/Mango638108561821107077.jpg?width=172&amp;height=172
ORANGE Juice,"Made with freshly squeezed oranges, it's a great source of Vitamin C.",13.0,https://images.deliveryhero.io/image/talabat/Menuitems/Orange638108561715099440.jpg?width=172&amp;height=172
watermelon Juice,A refreshing and hydrating beverage made from ripe watermelons.,13.0,https://images.deliveryhero.io/image/talabat/Menuitems/mmw_638121310790591948?width=172&amp;height=172
Banana Juice,"Made with bananas and a touch of milk, it's a healthy and delicious alternative .",13.0,https://images.deliveryhero.io/image/talabat/Menuitems/mmw_638125735013228404?width=172&amp;height=172
Cocktail Juice,Made with a blend of seasonal fruits and reat way to get your daily dose of vitamins and nutrients.,13.0,https://images.deliveryhero.io/image/talabat/Menuitems/Cocktail638108563493975879.jpg?width=172&amp;height=172
