item_name,item_description,item_price,item_image
Mango Strawberry Ice Cream,Soft fresh mango and fresh strawberry with added fresh strawberry and mango slices,26.25,https://images.deliveryhero.io/image/talabat/Menuitems/mmw_638125877865070205?width=172&amp;height=172
Nutella Mini Pancake,Small-sized pancakes filled with creamy Nutella spread.,21.0,https://images.deliveryhero.io/image/talabat/Menuitems/mmw_638126512947185427?width=172&amp;height=172
Mango Watermelon Ice Cream,Ice cream prepared from fresh watermelon and fresh mango with the addition of fresh mango pieces,26.25,https://images.deliveryhero.io/image/talabat/Menuitems/mmw_637787719795192182?width=172&amp;height=172
Mango Kakigori,Japanese shaved iced with fresh Mango and Japanese Cheesecake,36.75,https://images.deliveryhero.io/image/talabat/Menuitems/mmw_638125882976932127?width=172&amp;height=172
Mango Sticky Rice,"Slices Of Fresh Mango Fruits, Served With 3 Balls Of Thai Sticky Rice And A Side Of Creamy Coconut Sauce",31.5,https://images.deliveryhero.io/image/talabat/Menuitems/mmw_638126506625382554?width=172&amp;height=172
Ice Cream Offer,6 Ice cream of your choice,140.0,https://images.deliveryhero.io/image/talabat/Menuitems/mmw_637845240617581694?width=172&amp;height=172
Kakigori Offer,6 Kakigori of your choice,200.0,https://images.deliveryhero.io/image/talabat/Menuitems/mmw_637847510349216716?width=172&amp;height=172
Japanese Cheesecake Offer 1,6 Japanese Cheesecake,140.0,https://images.deliveryhero.io/image/talabat/Menuitems/mmw_637859421387448853?width=172&amp;height=172
Japanese Cheesecake Offer 2,12 Japanese Cheesecake,270.0,https://images.deliveryhero.io/image/talabat/Menuitems/mmw_637852795906255299?width=172&amp;height=172
Popsicles Offer 1,6 popsicles of your choice,100.0,https://images.deliveryhero.io/image/talabat/Menuitems/mmw_637847400755877498?width=172&amp;height=172
Popsicles Offer 2,12 Popsicles,180.0,https://images.deliveryhero.io/image/talabat/Menuitems/mmw_637847401885068607?width=172&amp;height=172
Mochi Offer,6 Mochi,80.0,https://images.deliveryhero.io/image/talabat/Menuitems/mmw_637852532242221844?width=172&amp;height=172
Mango Slush 1 Liter Bottle,,35.0,https://images.deliveryhero.io/image/talabat/Menuitems/mmw_638158165944872437?width=172&amp;height=172
Mango And Passionfruit Slush 1 Liter Bottle,,35.0,https://images.deliveryhero.io/image/talabat/Menuitems/mmw_638156809726478836?width=172&amp;height=172
Coconut Slush 1liter Bottle,,35.0,https://images.deliveryhero.io/image/talabat/Menuitems/mmw_638156803709637764?width=172&amp;height=172
Fresh Mango Juice 1 Liter Bottle,,45.0,https://images.deliveryhero.io/image/talabat/Menuitems/mmw_638156803102553746?width=172&amp;height=172
Fresh Mango And Passionfruit 1 Liter Bottle,,45.0,https://images.deliveryhero.io/image/talabat/Menuitems/mmw_638156804199417159?width=172&amp;height=172
Hibiscus Ice Tea 1 Liter Bottle ,,35.0,https://images.deliveryhero.io/image/talabat/Menuitems/mmw_638157595149955648?width=172&amp;height=172
Lemon Mint Slush Bottle,1 liter bottle ,35.0,https://images.deliveryhero.io/image/talabat/Menuitems/mmw_638232866231832309?width=172&amp;height=172
Mango Ice Cream,Soft ice cream made with fresh mango and mango slices added.,26.25,https://images.deliveryhero.io/image/talabat/Menuitems/mmw_637787097869520196?width=172&amp;height=172
Strawberry Ice Cream,Soft fresh strawberry ice cream with fresh strawberry slices,26.25,https://images.deliveryhero.io/image/talabat/Menuitems/mmw_638125875076120827?width=172&amp;height=172
Coconut Ice Cream,Soft fresh coconut ice cream with fresh coconut and peanuts,26.25,https://images.deliveryhero.io/image/talabat/Menuitems/mmw_638125876078029515?width=172&amp;height=172
Watermelon Ice Cream,Soft fresh watermelon ice cream,26.25,https://images.deliveryhero.io/image/talabat/Menuitems/mmw_638125876600400073?width=172&amp;height=172
Mango Strawberry Ice Cream,Soft fresh mango and fresh strawberry with added fresh strawberry and mango slices,26.25,https://images.deliveryhero.io/image/talabat/Menuitems/mmw_638125877865070205?width=172&amp;height=172
Mango Watermelon Ice Cream,Ice cream prepared from fresh watermelon and fresh mango with the addition of fresh mango pieces,26.25,https://images.deliveryhero.io/image/talabat/Menuitems/mmw_637787719795192182?width=172&amp;height=172
Mango Coconut Ice Cream,"Soft fresh mango and coconut with fresh mango slices, coconut and peanuts added",26.25,https://images.deliveryhero.io/image/talabat/Menuitems/mmw_638125879789759356?width=172&amp;height=172
Mango Tango Float,Soft fresh mango ice cream on top of fresh mango juice and added fresh mange slices topping,26.25,https://images.deliveryhero.io/image/talabat/Menuitems/mmw_638125879952466101?width=172&amp;height=172
Mango Ice Cream With Passion Fruit Juice,Soft mango ice cream on top of passion fruit juice and fresh mango slices topping,26.25,https://images.deliveryhero.io/image/talabat/Menuitems/mmw_637787722932935093?width=172&amp;height=172
Thai Sticky Rice With Mango Ice Cream ,Soft fresh mango ice cream with Thai sticky rice and fresh mango slices,26.25,https://images.deliveryhero.io/image/talabat/Menuitems/mmw_637787723487716310?width=172&amp;height=172
Thai Tea Coconut Ice Cream With Bubbles,,31.25,https://images.deliveryhero.io/image/talabat/Menuitems/mmw_638083220613810824?width=172&amp;height=172
Dragon Passion Fruit,,26.25,https://images.deliveryhero.io/image/talabat/Menuitems/mmw_638304994133376258?width=172&amp;height=172
Dragon Passion Fruit With Mango,,26.25,https://images.deliveryhero.io/image/talabat/Menuitems/mmw_638292549453230681?width=172&amp;height=172
Mango Kakigori,Japanese shaved iced with fresh Mango and Japanese Cheesecake,36.75,https://images.deliveryhero.io/image/talabat/Menuitems/mmw_638125882976932127?width=172&amp;height=172
Lotus Kakigori,Japanese shaved iced with lotus and Japanese Cheesecake,36.75,https://images.deliveryhero.io/image/talabat/Menuitems/mmw_638125883109100154?width=172&amp;height=172
Strawberry Kakigori,Japanese shaved iced with fresh strawberry and Japanese Cheesecake,36.75,https://images.deliveryhero.io/image/talabat/Menuitems/mmw_638125883243079876?width=172&amp;height=172
Pistachio Kakigori,Japanese shaved iced with pistachio and Japanese Cheesecake,36.75,https://images.deliveryhero.io/image/talabat/Menuitems/mmw_638125883741054565?width=172&amp;height=172
Marshmallow Kakigori,Japanese shaved iced with marshmallows and Japanese Cheesecake,36.75,https://images.deliveryhero.io/image/talabat/Menuitems/mmw_637798165669180205?width=172&amp;height=172
Oreo Kakigori,Japanese shaved iced with Oreo and Japanese Cheesecake,36.75,https://images.deliveryhero.io/image/talabat/Menuitems/mmw_637798150028744974?width=172&amp;height=172
Nutella Kakigori,Japanese shaved iced with Nutella and Japanese Cheesecake,36.75,https://images.deliveryhero.io/image/talabat/Menuitems/mmw_638125884466459680?width=172&amp;height=172
Caramel Kakigori,Japanese shaved iced with caramel and Japanese Cheesecake,36.75,https://images.deliveryhero.io/image/talabat/Menuitems/mmw_637798170859598714?width=172&amp;height=172
Dates Kakigori,Japanese shaved iced with dates and Japanese Cheesecake,36.75,https://images.deliveryhero.io/image/talabat/Menuitems/mmw_637798178137475610?width=172&amp;height=172
Kinder Kakigori,Japanese shaved iced with kinder chocolate and Japanese Cheesecake,36.75,https://images.deliveryhero.io/image/talabat/Menuitems/mmw_637800071549446339?width=172&amp;height=172
Mixed Berry Kakigori,Japanese shaved iced with fresh mixed berries and Japanese Cheesecake,36.75,https://images.deliveryhero.io/image/talabat/Menuitems/mmw_637802535609765601?width=172&amp;height=172
Mixed Kakigori,Your choice of two flavors.,36.75,https://images.deliveryhero.io/image/talabat/Menuitems/mmw_637800074043824615?width=172&amp;height=172
Watermelon And Kiwi Ice Pop,Fresh watermelon and kiwi popsicles,20.0,https://images.deliveryhero.io/image/talabat/Menuitems/mmw_638125889238095594?width=172&amp;height=172
Blue Lemon Iced Popsicle,,20.0,https://images.deliveryhero.io/image/talabat/Menuitems/mmw_637919248408470331?width=172&amp;height=172
Coconut Ice Pop,Fresh coconut popsicles,20.0,https://images.deliveryhero.io/image/talabat/Menuitems/mmw_638125889855604040?width=172&amp;height=172
Mango Ice Pop,Fresh mango popsicles,20.0,https://images.deliveryhero.io/image/talabat/Menuitems/mmw_638125889997339179?width=172&amp;height=172
Passion Fruit Ice Pop,Fresh passion fruit popsicles,20.0,https://images.deliveryhero.io/image/talabat/Menuitems/mmw_638125890141111360?width=172&amp;height=172
Strawberry Ice Pop,Fresh strawberry popsicles,20.0,https://images.deliveryhero.io/image/talabat/Menuitems/mmw_638125890280468553?width=172&amp;height=172
Blueberry Ice Pop,fresh blueberry popsicle,20.0,https://images.deliveryhero.io/image/talabat/Menuitems/mmw_638125890379203602?width=172&amp;height=172
Lychee Ice Pop,Fresh lychee popsicle,20.0,https://images.deliveryhero.io/image/talabat/Menuitems/mmw_638125890493669560?width=172&amp;height=172
Passion Fruit And Mango Ice Pop,Fresh mango and passionfruit popsicle,20.0,https://images.deliveryhero.io/image/talabat/Menuitems/mmw_638125890652694212?width=172&amp;height=172
Grape Ice Pop,Fresh grape popsicles,20.0,https://images.deliveryhero.io/image/talabat/Menuitems/mmw_638125890794814761?width=172&amp;height=172
Mixed Fruits Ice Pop,"Fresh Blueberry, Mango, Strawberry and Passion Fruit popsicle",20.0,https://images.deliveryhero.io/image/talabat/Menuitems/mmw_638125890906929059?width=172&amp;height=172
Lemon Ice Pop,Fresh lemon popsicles,20.0,https://images.deliveryhero.io/image/talabat/Menuitems/mmw_638125891063824902?width=172&amp;height=172
Mango Coconut Ice Pop,Fresh mango and coconut popsicles,20.0,https://images.deliveryhero.io/image/talabat/Menuitems/mmw_638125891182053170?width=172&amp;height=172
Kiwi Ice Pop,Fresh kiwi popsicles,20.0,https://images.deliveryhero.io/image/talabat/Menuitems/mmw_638125891280803712?width=172&amp;height=172
Chocolate Milk Ice Pop,Fresh chocolate milk popsicles,20.0,https://images.deliveryhero.io/image/talabat/Menuitems/mmw_637787738430260344?width=172&amp;height=172
Green Tea With Milk Ice Pop,Fresh milk with green tea popsicles,20.0,https://images.deliveryhero.io/image/talabat/Menuitems/mmw_638125893014301973?width=172&amp;height=172
Thai Milk Ice Pop,Thai tea with fresh milk popsicles,20.0,https://images.deliveryhero.io/image/talabat/Menuitems/mmw_638125893117152873?width=172&amp;height=172
Orange Ice Pop,Fresh orange popsicles,20.0,https://images.deliveryhero.io/image/talabat/Menuitems/mmw_638125893412867554?width=172&amp;height=172
Oreo Ice Pop,Oreo popsicles,20.0,https://images.deliveryhero.io/image/talabat/Menuitems/mmw_638125893912649465?width=172&amp;height=172
Nutella Ice Pop,Nutella popsicles,20.0,https://images.deliveryhero.io/image/talabat/Menuitems/mmw_638125892027393099?width=172&amp;height=172
Lotus Ice Pop,Lotus popsicles,20.0,https://images.deliveryhero.io/image/talabat/Menuitems/mmw_638125892134093285?width=172&amp;height=172
6 Popsicles Offer,,100.0,https://images.deliveryhero.io/image/talabat/Menuitems/mmw_638125893218237226?width=172&amp;height=172
12 Popsicles Offer,,190.0,https://images.deliveryhero.io/image/talabat/Menuitems/mmw_638125893301061749?width=172&amp;height=172
Chocolate Mochi ,Japanese soft rice cake with ice cream,15.75,https://images.deliveryhero.io/image/talabat/Menuitems/mmw_637789466034114088?width=172&amp;height=172
Coconut Mochi,Japanese soft rice cake with an ice cream filling,15.75,https://images.deliveryhero.io/image/talabat/Menuitems/mmw_637789466218487319?width=172&amp;height=172
Coffee Mochi,A small round Japanese soft ground rice cake dessert with an ice cream filling.,15.75,https://images.deliveryhero.io/image/talabat/Menuitems/mmw_637845750394692143?width=172&amp;height=172
Lotus Mochi ,Japanese soft rice cake with an ice cream filling,15.75,https://images.deliveryhero.io/image/talabat/Menuitems/mmw_637789467504039533?width=172&amp;height=172
Mango Mochi,Japanese soft rice cake with an ice cream filling,15.75,https://images.deliveryhero.io/image/talabat/Menuitems/mmw_637793909975918808?width=172&amp;height=172
Nutella Mochi,Japanese soft rice cake with an ice cream filling,15.75,https://images.deliveryhero.io/image/talabat/Menuitems/mmw_637789467884371647?width=172&amp;height=172
Passion Fruit  Mochi,A small round Japanese soft ground rice cake dessert with an ice cream filling.,15.75,https://images.deliveryhero.io/image/talabat/Menuitems/mmw_637845750489140034?width=172&amp;height=172
Strawberry Cheesecake Mochi,A small round Japanese soft ground rice cake dessert with an ice cream filling.,15.75,https://images.deliveryhero.io/image/talabat/Menuitems/mmw_637845750882494379?width=172&amp;height=172
Vanilla Mochi ,Japanese soft rice cake with an ice cream filling,15.75,https://images.deliveryhero.io/image/talabat/Menuitems/mmw_637789469616546933?width=172&amp;height=172
Strawberry Mochi,A small round Japanese soft ground rice cake dessert with an ice cream filling.,15.75,https://images.deliveryhero.io/image/talabat/Menuitems/mmw_637845750641726220?width=172&amp;height=172
Mango And Passion Fruit Mochi,A small round Japanese soft ground rice cake dessert with an ice cream filling.,15.75,https://images.deliveryhero.io/image/talabat/Menuitems/mmw_637871022036099097?width=172&amp;height=172
Strawberry Japanese Cheesecake Layers,"Japanese cheesecake slices, layered with sweet cream and fresh strawberries, topped with strawberry slices and strawberry sauce.",39.75,https://images.deliveryhero.io/image/talabat/Menuitems/mmw_637927891350869258?width=172&amp;height=172
Mango Japanese Cheesecake Layers,"Japanese cheesecake slices, layered with sweet cream and fresh mangoes, topped with a mango rosette and mango sauce.",39.75,https://images.deliveryhero.io/image/talabat/Menuitems/mmw_637927891415472647?width=172&amp;height=172
Mixed Berry And Coconut Chia Pudding,"Coconut and chia seeds pudding, topped with fresh mixed berry puree, mixed berries, and mint leaves.",36.75,https://images.deliveryhero.io/image/talabat/Menuitems/mmw_637927891502645034?width=172&amp;height=172
Mango And Coconut Chia Pudding,"Yummy Coconut & Chia Seeds Pudding, Topped with Fresh Mango Puree, Mango Cubes, Shredded Dried Coconut",36.75,https://images.deliveryhero.io/image/talabat/Menuitems/mmw_637792042101864615?width=172&amp;height=172
Mango Tango Smoothie Bowl,"Mango Smoothie Base, Topped with your Choice of 4 Ingredients from the below options",36.75,https://images.deliveryhero.io/image/talabat/Menuitems/mmw_637792041953828994?width=172&amp;height=172
Mango Ice Cream Parfait,,36.75,https://images.deliveryhero.io/image/talabat/Menuitems/mmw_637792042270349898?width=172&amp;height=172
Mango Sticky Rice,"Slices Of Fresh Mango Fruits, Served With 3 Balls Of Thai Sticky Rice And A Side Of Creamy Coconut Sauce",31.5,https://images.deliveryhero.io/image/talabat/Menuitems/mmw_638126506625382554?width=172&amp;height=172
Fresh Mango Plate,Slices of Fresh Mango Fruits,26.25,https://images.deliveryhero.io/image/talabat/Menuitems/mmw_638126507634528538?width=172&amp;height=172
Japanese Cheesecake,Light and fluffy Japanese dessert.,26.25,https://images.deliveryhero.io/image/talabat/Menuitems/mmw_638126509374411562?width=172&amp;height=172
Fluffy Pancake,2 Fluffy Soufflé Japanese Pancakes,26.25,https://images.deliveryhero.io/image/talabat/Menuitems/mmw_637792043186493336?width=172&amp;height=172
Mango Cheesecake Parfait,"Layered Dessert with Layers of Mango Ice Cream, Granola, and Cheesecake Cream - Topped with Granola",36.75,https://images.deliveryhero.io/image/talabat/Menuitems/mmw_637792165677007608?width=172&amp;height=172
Acai Bowl,"Make your own healthy Acai, Choose Four Toppings",36.75,https://images.deliveryhero.io/image/talabat/Menuitems/mmw_637806272160928457?width=172&amp;height=172
Mini Japanese Cheesecake 3 Pieces,3 Pieces of Mini Japanese Cheesecake,24.0,https://images.deliveryhero.io/image/talabat/Menuitems/mmw_638083237428444474?width=172&amp;height=172
Fresh Mango Juice,"Fresh Mango Juice, Made In-Store",23.1,https://images.deliveryhero.io/image/talabat/Menuitems/mmw_637794875247507866?width=172&amp;height=172
Fresh Mango And Passion Fruit Juice,"Fresh Mango & Passion Fruit Juice, Made In-Store",23.1,https://images.deliveryhero.io/image/talabat/Menuitems/mmw_637794875373316683?width=172&amp;height=172
Mango Slush,"Fresh Mango Slush, Made In-Store",21.0,https://images.deliveryhero.io/image/talabat/Menuitems/mmw_637800773312463210?width=172&amp;height=172
Mango And Passion Fruit Slush,"Fresh Mango & Passion Fruit Slush, Made In-Store",21.0,https://images.deliveryhero.io/image/talabat/Menuitems/mmw_637800773427484337?width=172&amp;height=172
Coconut Slush,"Fresh Coconut Slush, Made In-Store",21.0,https://images.deliveryhero.io/image/talabat/Menuitems/mmw_637848223779952740?width=172&amp;height=172
Mango Slush Bottle,1 Liter bottle.,35.0,https://images.deliveryhero.io/image/talabat/Menuitems/mmw_637871010257840054?width=172&amp;height=172
Mango And Passion Fruit Slush Bottle,1 Liter bottle.,35.0,https://images.deliveryhero.io/image/talabat/Menuitems/mmw_637871011155687800?width=172&amp;height=172
Coconut Slush Bottle,1 Liter bottle.,35.0,https://images.deliveryhero.io/image/talabat/Menuitems/mmw_637871011734956108?width=172&amp;height=172
Fresh Mango Juice Bottle,1 liter bottle.,45.0,https://images.deliveryhero.io/image/talabat/Menuitems/mmw_637871012450591506?width=172&amp;height=172
Fresh Mango And Passion Fruit Juice Bottle,1 liter bottle.,45.0,https://images.deliveryhero.io/image/talabat/Menuitems/mmw_637871013239097973?width=172&amp;height=172
Lemon Mint Slush,,21.0,https://images.deliveryhero.io/image/talabat/Menuitems/mmw_638232864256126419?width=172&amp;height=172
Cheese And Honey Crepe,"Thin Crepe, served with Spread cheese and Honey",21.0,https://images.deliveryhero.io/image/talabat/Menuitems/mmw_637800668315060767?width=172&amp;height=172
Lotus Crepe,"Thin Crepe, served with Lotus Sauce and Lotus Crumbs",21.0,https://images.deliveryhero.io/image/talabat/Menuitems/mmw_637787848016347837?width=172&amp;height=172
Nutella Crepe,"Thin Crepe, served with Nutella Sauce",21.0,https://images.deliveryhero.io/image/talabat/Menuitems/mmw_637787848253477705?width=172&amp;height=172
Kinder Crepe,"Thin Crepe, Served With Kinder Bars And Kinder Sauce",21.0,https://images.deliveryhero.io/image/talabat/Menuitems/mmw_637787848478471448?width=172&amp;height=172
Pistachio Crepe,"Thin Crepe, served with Pistachio Sauce and Pistachio Shards",21.0,https://images.deliveryhero.io/image/talabat/Menuitems/mmw_637787848660756593?width=172&amp;height=172
Nutella Mini Pancake,Small-sized pancakes filled with creamy Nutella spread.,21.0,https://images.deliveryhero.io/image/talabat/Menuitems/mmw_638126512947185427?width=172&amp;height=172
Kinder Mini Pancake,"10 Mini Pancakes, Topped With Kinder Sauce And Kinder Bars",21.0,https://images.deliveryhero.io/image/talabat/Menuitems/mmw_637805121107700296?width=172&amp;height=172
Pistachio Mini Pancake,"10 mini Pancakes, topped with Pistachio Sauce and Pistachio Shards",21.0,https://images.deliveryhero.io/image/talabat/Menuitems/mmw_637805121269070218?width=172&amp;height=172
Lotus Mini Pancake,"10 mini Pancakes, topped with Lotus Sauce and Lotus Crumbs",21.0,https://images.deliveryhero.io/image/talabat/Menuitems/mmw_637805121415028018?width=172&amp;height=172
Nutella Waffle,"2 Square Waffles, topped with Nutella Sauce",21.0,https://images.deliveryhero.io/image/talabat/Menuitems/mmw_637796596362514048?width=172&amp;height=172
Kinder Waffle,"2 Square Waffles, topped with Kinder Bars and Kinder Sauce",21.0,https://images.deliveryhero.io/image/talabat/Menuitems/mmw_637796596536076757?width=172&amp;height=172
Pistachio Waffle,"2 Square Waffles, topped with Pistachio Sauce and Pistachio Shards",21.0,https://images.deliveryhero.io/image/talabat/Menuitems/mmw_637796596704878737?width=172&amp;height=172
Lotus Waffle,"2 Square Waffles, topped with Lotus Sauce and Lotus Crumbs",21.0,https://images.deliveryhero.io/image/talabat/Menuitems/mmw_637796596883374506?width=172&amp;height=172
Thai Bubble Milk Tea,"Thai Tea, Served with Milk and generous Tapioca Pearls",26.25,https://images.deliveryhero.io/image/talabat/Menuitems/mmw_638125872600363431?width=172&amp;height=172
Matcha Bubble Milk Tea,"Matcha Tea, Served with Milk and generous Tapioca Pearls",26.25,https://images.deliveryhero.io/image/talabat/Menuitems/mmw_638125872811811562?width=172&amp;height=172
Taro Bubble Milk Tea,,26.25,https://images.deliveryhero.io/image/talabat/Menuitems/mmw_638125872995952517?width=172&amp;height=172
Classic Bubble Milk Tea,,26.25,https://images.deliveryhero.io/image/talabat/Menuitems/mmw_638125873214022588?width=172&amp;height=172
Chocolate Lava Bubble Milk Tea,,26.25,https://images.deliveryhero.io/image/talabat/Menuitems/mmw_638125873423388346?width=172&amp;height=172
Brown Sugar Milk Tea,,26.25,https://images.deliveryhero.io/image/talabat/Menuitems/mmw_638125873692697478?width=172&amp;height=172
Pista Thai Green Milk Tea,,26.25,https://images.deliveryhero.io/image/talabat/Menuitems/mmw_638125874118734279?width=172&amp;height=172
Blue Passion Bubble Tea,,26.25,https://images.deliveryhero.io/image/talabat/Menuitems/mmw_638083222442680859?width=172&amp;height=172
Mango Passion Fruit Bubble Tea,"Jasmine Iced Tea with Mango & Passion Fruit, Topped with your Choice of Flavored Popping Boba",26.25,https://images.deliveryhero.io/image/talabat/Menuitems/mmw_637792280358822116?width=172&amp;height=172
Strawberry Bubble Tea,"Jasmine Iced Tea with Strawberries, Topped with your Choice of Flavored Popping Boba",26.25,https://images.deliveryhero.io/image/talabat/Menuitems/mmw_637792280550652891?width=172&amp;height=172
Blueberry Bubble Tea,"Jasmine Iced Tea with Blueberries, Topped with your Choice of Flavored Popping Boba",26.25,https://images.deliveryhero.io/image/talabat/Menuitems/mmw_637792280861399506?width=172&amp;height=172
Coconut Slush Bubble,"Coconut Slush, Topped With Your Choice Of Flavored Popping Boba",26.25,https://images.deliveryhero.io/image/talabat/Menuitems/mmw_637848219871785568?width=172&amp;height=172
Mango Slush Bubble,"Mango Fruit Slush, Topped With Your Choice Of Flavored Popping Boba",26.25,https://images.deliveryhero.io/image/talabat/Menuitems/mmw_637848221138475925?width=172&amp;height=172
Passionfruit Jasmine Bubble,,26.25,https://images.deliveryhero.io/image/talabat/Menuitems/mmw_637848222648604921?width=172&amp;height=172
Mango Passionfruit Slush with bubble,,26.25,https://images.deliveryhero.io/image/talabat/Menuitems/mmw_637848222786415734?width=172&amp;height=172
Choco Mint Bubble Milk,"Mint Syrup, topped with Chocolate Milk Beverage, served with Brown Sugar and Tapioca Pearls",26.25,https://images.deliveryhero.io/image/talabat/Menuitems/mmw_637792299350651353?width=172&amp;height=172
Brown Sugar Bubble Milk,"Brown Sugar Syrup, topped with Fresh Milk, served with Tapioca Pearls",26.25,https://images.deliveryhero.io/image/talabat/Menuitems/mmw_637792299510771590?width=172&amp;height=172
Taro Bubble Milk,Taro Flavored Milk Beverages with Brown Sugar and Tapioca Pearls,26.25,https://images.deliveryhero.io/image/talabat/Menuitems/mmw_637792299670085516?width=172&amp;height=172
Chocolate Lava Bubble Milk,"Chocolate Lava Sauce, topped with Chocolate Milk, served with Brown Sugar and Tapioca Pearls",26.25,https://images.deliveryhero.io/image/talabat/Menuitems/mmw_637792299821356370?width=172&amp;height=172
Caramel Bubble Milk,"Caramel Sauce, topped with Fresh Milk , served with Brown Sugar and Tapioca Pearls",26.25,https://images.deliveryhero.io/image/talabat/Menuitems/mmw_637792300011986478?width=172&amp;height=172
Mango Smoothie,Perfect blend of flavors that will refresh you and satisfy your sweet tooth any time of the day.,23.1,https://images.deliveryhero.io/image/talabat/Menuitems/mmw_637792054135755114?width=172&amp;height=172
Mango With Passion Fruit Smoothie,,23.1,https://images.deliveryhero.io/image/talabat/Menuitems/mmw_637792055288729385?width=172&amp;height=172
Coconut Smoothie,"Coconut mix, mint and Crushed Ice",23.1,https://images.deliveryhero.io/image/talabat/Menuitems/mmw_637792054559275117?width=172&amp;height=172
Mango And Coconut Smoothie,,23.1,https://images.deliveryhero.io/image/talabat/Menuitems/mmw_637792054740927850?width=172&amp;height=172
Acai Smoothie,"Bursting with antioxidants and nutrients, this refreshing blend of acai berries, mixed berries, and a hint of sweetness is a delicious and nutritious treat.",23.1,https://images.deliveryhero.io/image/talabat/Menuitems/mmw_637792054966757441?width=172&amp;height=172
Passion Fruit Smoothie,A perfect blend of flavors that will satisfy your sweet tooth and refresh you any time of the day.,23.1,https://images.deliveryhero.io/image/talabat/Menuitems/mmw_637792055472730544?width=172&amp;height=172
Strawberry Smoothie,A perfect blend of flavors that will satisfy your sweet tooth and refresh you any time of the day.,23.1,https://images.deliveryhero.io/image/talabat/Menuitems/mmw_637792055674202310?width=172&amp;height=172
Mixed Berries Smoothie,"Frozen berries, banana, milk, and yogurt blended together",23.1,https://images.deliveryhero.io/image/talabat/Menuitems/mmw_637792055837699552?width=172&amp;height=172
Mango Coconut Milkshake,,26.25,https://images.deliveryhero.io/image/talabat/Menuitems/mmw_637794868317070991?width=172&amp;height=172
Mango Milkshake,"Made with mangoes, milk and ice cream, it's a perfect blend of sweet and creamy, perfect to enjoy on a hot summer day or any time you crave something sweet.",26.25,https://images.deliveryhero.io/image/talabat/Menuitems/mmw_637794868815786188?width=172&amp;height=172
Pistachio Milkshake,Made with sweet mik and crushed pistachios for a creamy and delicious treat.,26.25,https://images.deliveryhero.io/image/talabat/Menuitems/mmw_637794868969798233?width=172&amp;height=172
Oreo Milkshake,"Made with vanilla ice cream, milk and crushed Oreo cookies for a creamy and delicious treat.",26.25,https://images.deliveryhero.io/image/talabat/Menuitems/mmw_637794869125602973?width=172&amp;height=172
Vanilla Milkshake,"Made with vanilla ice cream and milk for a creamy and delicious treat. Perfect for any time of day, our milkshake is sure to be a hit with anyone who loves the taste of rich vanilla.",26.25,https://images.deliveryhero.io/image/talabat/Menuitems/mmw_637794869296992044?width=172&amp;height=172
Strawberry Milkshake,"Strawberry Flavored Milk Based Beverage, Topped with Whipped Cream and Fresh Strawberry Garnish",26.25,https://images.deliveryhero.io/image/talabat/Menuitems/mmw_637794869432027908?width=172&amp;height=172
Lotus Milkshake,"Lotus Flavored Milk Based Beverage, Topped with Whipped Cream, Lotus Sauce and Lotus Biscuit and Lotus Crumbs",26.25,https://images.deliveryhero.io/image/talabat/Menuitems/mmw_637794869561844297?width=172&amp;height=172
Kinder Milkshake,"Kinder Flavored Milk Based Beverage, Topped with Whipped Cream, Kinder Sauce and a Kinder Bar Garnish",26.25,https://images.deliveryhero.io/image/talabat/Menuitems/mmw_637794869710176678?width=172&amp;height=172
Nutella Milkshake,"Nutella Flavored Milk Based Beverage, Topped with Whipped Cream and Nutella Sauce",26.25,https://images.deliveryhero.io/image/talabat/Menuitems/mmw_637794869857863545?width=172&amp;height=172
Matcha Milkshake,"Matcha Flavored Milk Based Beverage, Topped with Whipped Cream and Matcha Powder",26.25,https://images.deliveryhero.io/image/talabat/Menuitems/mmw_637794870042696754?width=172&amp;height=172
Coconut Milkshake,"Coconut Flavored Milk Based Beverage, Topped with Whipped Cream",26.25,https://images.deliveryhero.io/image/talabat/Menuitems/mmw_637848223438749320?width=172&amp;height=172
Blue Passion Fruit Mojito,,21.0,
Mango Mojito,"Satisfy your thirst with the deliciously refreshing Mango Mojito, blending juicy mango, fresh mint, and zesty lime for a tropical and satisfying drink.",21.0,https://images.deliveryhero.io/image/talabat/Menuitems/mmw_638125870614343138?width=172&amp;height=172
Passion Fruit Mojito,"Made with passion fruit, lime, mint and a splash of soda water and will transport you to a tropical paradise.",21.0,https://images.deliveryhero.io/image/talabat/Menuitems/mmw_638125870806275456?width=172&amp;height=172
Blue Lemon Mojito,Add Bubbles,21.0,https://images.deliveryhero.io/image/talabat/Menuitems/mmw_637792074917993969?width=172&amp;height=172
Lemon Mint Mojito,"Made with lime, mint and a splash of soda water and will transport you to a tropical paradise.",21.0,https://images.deliveryhero.io/image/talabat/Menuitems/mmw_637792075568394129?width=172&amp;height=172
Strawberry Mojito,"Made with fresh strawberries, mint leaves, lime juice and a splash of soda. A perfect balance of sweet and tangy, it's a great way to quench your thirst.",21.0,https://images.deliveryhero.io/image/talabat/Menuitems/mmw_638125871404650933?width=172&amp;height=172
Strawberry And Orange Mojito,,21.0,https://images.deliveryhero.io/image/talabat/Menuitems/mmw_637792075968718509?width=172&amp;height=172
Mango And Lemonade Mojito,,21.0,https://images.deliveryhero.io/image/talabat/Menuitems/mmw_637792076202147327?width=172&amp;height=172
Mint Mojito,"Mint mojito, a vibrant blend of zesty lime, fresh mint leaves, and sparkling soda water",21.0,https://images.deliveryhero.io/image/talabat/Menuitems/mmw_637792076371833252?width=172&amp;height=172
Iced Latte,"Made with rich espresso, milk, and ice, it's the perfect way to cool down and refresh yourself during the hot summer days, or any time you crave a refreshing coffee.",21.0,https://images.deliveryhero.io/image/talabat/Menuitems/mmw_637799100958718485?width=172&amp;height=172
Iced Spanish Latte,"Made with rich espresso, milk and ice, the perfect drink for those hot summer days",21.0,https://images.deliveryhero.io/image/talabat/Menuitems/mmw_637799101218147536?width=172&amp;height=172
Iced Vanilla Latte,"Cold Coffee-based beverage that is made by combining espresso with milk, mixed with vanilla syrup.",21.0,https://images.deliveryhero.io/image/talabat/Menuitems/mmw_637799101500358826?width=172&amp;height=172
Iced Caramel Latte,"Savor the irresistible allure of our Iced Caramel Latte, a refreshing blend of rich espresso, creamy milk, and a luscious caramel syrup, creating a delectable coffee beverage that tantalizes your taste buds with every sip.",21.0,https://images.deliveryhero.io/image/talabat/Menuitems/mmw_637799101785337949?width=172&amp;height=172
Iced Caramel Macchiato,"Indulge in the rich and creamy flavor of our Iced Caramel Macchiato, a decadent blend of freshly brewed espresso, creamy milk, and sweet caramel syrup, served over ice.",21.0,https://images.deliveryhero.io/image/talabat/Menuitems/mmw_637799102025649215?width=172&amp;height=172
Iced Coffee,"Made with freshly brewed coffee, ice and sweetened to perfection. it's the perfect way to cool down or any time you crave a refreshing coffee.",21.0,https://images.deliveryhero.io/image/talabat/Menuitems/mmw_637799102226121202?width=172&amp;height=172
Iced Flat White,A chilled coffee drink made with espresso and steamed milk.,21.0,https://images.deliveryhero.io/image/talabat/Menuitems/mmw_637799102605485892?width=172&amp;height=172
Iced Piccolo,,21.0,https://images.deliveryhero.io/image/talabat/Menuitems/mmw_637799102847506652?width=172&amp;height=172
Iced Mocha,"Elevate your coffee game with the rich and creamy blend of espresso, chocolate, and milk in our Iced Mocha, the perfect treat to cool you down and perk you up on a hot day.",21.0,https://images.deliveryhero.io/image/talabat/Menuitems/mmw_637799103063116706?width=172&amp;height=172
Iced Cortado,"Sunshine vanilla flavor, a drink with the delightful taste of vanilla.",21.0,https://images.deliveryhero.io/image/talabat/Menuitems/mmw_637799103371602523?width=172&amp;height=172
Cappuccino,"Made with espresso and steamed milk creating rich, velvety taste.",21.0,https://images.deliveryhero.io/image/talabat/Menuitems/mmw_637799122020112223?width=172&amp;height=172
Blue Passion Iced Tea,"Jasmine Iced Tea with Fresh Passion Fruit, Passion Fruit Syrup and Blue Lemon Syrup",21.0,https://images.deliveryhero.io/image/talabat/Menuitems/mmw_638083224884740228?width=172&amp;height=172
Passion Fruit Iced Tea,Jasmine Iced Tea with Fresh Passion Fruit,21.0,https://images.deliveryhero.io/image/talabat/Menuitems/mmw_637796602396395906?width=172&amp;height=172
Mango Iced Tea,Green Iced Tea with Mango Syrup and Fresh Mango Pieces,21.0,https://images.deliveryhero.io/image/talabat/Menuitems/mmw_637796602573581551?width=172&amp;height=172
Strawberry Iced Tea,Green Iced Tea with Strawberry Syrup and Fresh Strawberry Pieces,21.0,https://images.deliveryhero.io/image/talabat/Menuitems/mmw_637796602758527096?width=172&amp;height=172
Ginger Honey With Lemon,Iced Ginger & Lemon Tea with Honey,21.0,https://images.deliveryhero.io/image/talabat/Menuitems/mmw_637796602899445063?width=172&amp;height=172
Hibiscus Iced Tea,Sweetened Chilled Hibiscus Tea,21.0,https://images.deliveryhero.io/image/talabat/Menuitems/mmw_637796603047769528?width=172&amp;height=172
Thai Iced Tea,,21.0,https://images.deliveryhero.io/image/talabat/Menuitems/mmw_637796604327967234?width=172&amp;height=172
Peach Iced Tea,Green Iced Tea with Peach Syrup and Pieces Pieces,21.0,https://images.deliveryhero.io/image/talabat/Menuitems/mmw_637798146001128971?width=172&amp;height=172
Iced Matcha Latte,"Fresh Cold Milk, Topped with Matcha Tea",21.0,https://images.deliveryhero.io/image/talabat/Menuitems/mmw_637796603923398951?width=172&amp;height=172
Lychee Iced Tea,Green Iced Tea with Lychee Syrup and Lychee Pieces,21.0,https://images.deliveryhero.io/image/talabat/Menuitems/mmw_637796604137094508?width=172&amp;height=172
Small Water,Stay hydrated and refreshed with our water. ,3.0,https://images.deliveryhero.io/image/talabat/Menuitems/mmw_637799033285179398?width=172&amp;height=172
Hot Latte,"Indulge in our Hot Latte! Freshly brewed espresso and steamed milk with a delicate frothy foam. A comforting, satisfying beverage that envelops your senses in a rich, creamy embrace with every soothing sip.",18.0,https://images.deliveryhero.io/image/talabat/Menuitems/mmw_637792244718390292?width=172&amp;height=172
Hot Spanish Latte,"A rich and creamy espresso, infused with a blend of warm and aromatic spices, topped with steamed milk and a sprinkle of cinnamon, delivering a delightful and energizing taste experience.",21.0,https://images.deliveryhero.io/image/talabat/Menuitems/mmw_638126527671015017?width=172&amp;height=172
Hot Vanilla Latte,"espresso, steamed milk, and vanilla syrup",21.0,https://images.deliveryhero.io/image/talabat/Menuitems/mmw_637792245221211768?width=172&amp;height=172
Hot Caramel Latte,A comforting and indulgent coffee beverage infused with sweet caramel syrup.,21.0,https://images.deliveryhero.io/image/talabat/Menuitems/mmw_637792245444226420?width=172&amp;height=172
Cappuccino,"Made with espresso and steamed milk creating rich, velvety taste.",18.0,https://images.deliveryhero.io/image/talabat/Menuitems/mmw_638126527222045704?width=172&amp;height=172
Hot Flat White,Espresso-based coffee drink with steamed milk.,18.0,https://images.deliveryhero.io/image/talabat/Menuitems/mmw_637792245845978896?width=172&amp;height=172
Americano,"Made with freshly brewed espresso and hot water, it's the perfect choice for coffee lovers who appreciate a strong and robust taste.",18.0,https://images.deliveryhero.io/image/talabat/Menuitems/mmw_637792246231871805?width=172&amp;height=172
Hot Piccolo," type of coffee drink that is made with espresso, steamed milk, and chocolate syrup",21.0,https://images.deliveryhero.io/image/talabat/Menuitems/mmw_637792246563647810?width=172&amp;height=172
Hot Mocha,"Experience pure indulgence with our Hot Mocha, a heavenly fusion of rich, velvety chocolate and robust espresso, perfectly crafted to warm your soul and awaken your senses.",18.0,https://images.deliveryhero.io/image/talabat/Menuitems/mmw_637792246759090901?width=172&amp;height=172
Hot Cortado,Espresso-based coffee drink with equal parts espresso and steamed milk.,21.0,https://images.deliveryhero.io/image/talabat/Menuitems/mmw_637792246916142202?width=172&amp;height=172
Hot Caramel Macchiato,coffee with caramel and milk.,21.0,https://images.deliveryhero.io/image/talabat/Menuitems/mmw_638126528522882261?width=172&amp;height=172
Hot Chocolate,"Made with rich cocoa powder, it's the perfect treat when you just want to indulge in something sweet.",18.0,https://images.deliveryhero.io/image/talabat/Menuitems/mmw_637792247228215072?width=172&amp;height=172
Espresso,Experience the bold and intense flavor of our freshly brewed espresso.,12.0,https://images.deliveryhero.io/image/talabat/Menuitems/mmw_637792247732275308?width=172&amp;height=172
English Breakfast Tea,"Sip on our full-bodied English Breakfast Tea, a robust blend of premium black teas, perfect for any time of day.",12.0,https://images.deliveryhero.io/image/talabat/Menuitems/mmw_637792253983251564?width=172&amp;height=172
Earl Grey Tea,"Sip on the exquisite essence of Earl Grey Tea, a harmonious blend of aromatic black tea and delicate bergamot, transporting you to a realm of timeless elegance and indulgence.",12.0,https://images.deliveryhero.io/image/talabat/Menuitems/mmw_637792254138078278?width=172&amp;height=172
Green Tea,"Savor the delicate aroma and taste of our premium green tea, expertly harvested and processed to preserve their natural antioxidants and health benefits.",12.0,https://images.deliveryhero.io/image/talabat/Menuitems/mmw_637792254290419785?width=172&amp;height=172
Camomile,,12.0,https://images.deliveryhero.io/image/talabat/Menuitems/mmw_637792254479019095?width=172&amp;height=172
Jasmine,,12.0,https://images.deliveryhero.io/image/talabat/Menuitems/mmw_637792254648181162?width=172&amp;height=172
Ginger,"Awaken your senses with the spicy and sweet flavors of our ginger, harvested and expertly prepared to enhance its natural taste and aroma",12.0,https://images.deliveryhero.io/image/talabat/Menuitems/mmw_637792254998554349?width=172&amp;height=172
Ginger  And Lemon,,12.0,https://images.deliveryhero.io/image/talabat/Menuitems/mmw_637792255160139255?width=172&amp;height=172
