item_name,item_description,item_price,item_image
Akkawi Cheese,Traditional akkawi cheese spread on dough and baked to perfection.,17.0,https://images.deliveryhero.io/image/talabat/Menuitems/CF6B80458152BC0969B5BB9FEEFB4D65?width=172&amp;height=172
Cheese & Zaatar,The perfect mix between our authentic thyme and akkawi cheese,19.0,https://images.deliveryhero.io/image/talabat/Menuitems/0335C94BE4829E2CB6B20670C6D59451?width=172&amp;height=172
Lahme Bi Ajeen,"Minced beef mixed with spices, diced onions and tomato sauce, spread and baked to perfection",19.0,https://images.deliveryhero.io/image/talabat/Menuitems/30E1A5010182F2617A6B9C5DAA07A62E?width=172&amp;height=172
Lahme Bi Ajeen Special,"Home made special ground beef mix with tomato, onion, spices and pine kernels served with drizzles of pomegranate molasses.",23.0,https://images.deliveryhero.io/image/talabat/Menuitems/408198CF10AA6F49E47E4C7B7E80BD22?width=172&amp;height=172
Lahme Cheese,Special meat mix topped with melted akkawi cheese.,23.0,https://images.deliveryhero.io/image/talabat/Menuitems/E6A2C84B9E36CF89D02B1146E66EB50F?width=172&amp;height=172
Mozzarella Cheese,Full cream mozzarella shredded cheese spread on dough and baked to perfection,17.0,https://images.deliveryhero.io/image/talabat/Menuitems/74653DBA29C809A0D434F521E26FF32A?width=172&amp;height=172
Cheese Sambusak,Oven baked mouthwatering dough pillows stuffed with cheese.,15.0,https://images.deliveryhero.io/image/talabat/Menuitems/AC3DBB450CCD852B68BE1C1410B581FA?width=172&amp;height=172
Mini Zaatar,"Mountain picked lebanese thyme mixed with sesame, sumac and extra virgin olive oil spread over mini circled shape dough baked to perfection.",10.0,https://images.deliveryhero.io/image/talabat/Menuitems/11985876C5BB4EEBA0552A7C4A0D9245?width=172&amp;height=172
Safiha,"Oven baked square dough stuffed with ground beef mixed with tomato, diced onion and spices topped with pine kernels",16.0,https://images.deliveryhero.io/image/talabat/Menuitems/A8AC7D382A3691D7F4EEE25536ACEF4C?width=172&amp;height=172
Halloumi,Oven baked melted fresh halloumi cheese over manoushe dough.,20.0,https://images.deliveryhero.io/image/talabat/Menuitems/AB33631A0650EAA26674FA01E005CE4B?width=172&amp;height=172
Kafta,"Minced lamb mixed with spices, diced onion and parsley, topped with melted cheese, tomato, pickles and mayo sauce",34.0,https://images.deliveryhero.io/image/talabat/Menuitems/895B499AA32F9E9BEE049B616271C4EA?width=172&amp;height=172
Kafta With Tahina,"Beirut style lamb kafta mix with diced parsley, onion and traditional Lebanese spices baked and served with fresh vegetables, pickles and homemade tahina sauce.",35.0,https://images.deliveryhero.io/image/talabat/Menuitems/62DF1AF4A3FF9C527A6F52573FBF5C65?width=172&amp;height=172
Omelette Cheese,Scrambled eggs mixed with cheese poured over dough and baked to perefection,20.0,https://images.deliveryhero.io/image/talabat/Menuitems/58A2445DBE61CD1C6827D1B1C877FCDF?width=172&amp;height=172
Sujuk & Cheese,Authentic lebanese - armenian spicy sausage and traditional,39.0,https://images.deliveryhero.io/image/talabat/Menuitems/5CA83E4C946279B3FD40438179C5DE51?width=172&amp;height=172
7Up,Soft Drink,9.5,https://images.deliveryhero.io/image/talabat/Menuitems/43A54D2A1190048D64A8CACB720753F1?width=172&amp;height=172
Ayran Light,  ,10.0,https://images.deliveryhero.io/image/talabat/Menuitems/33BEB0BC216E8B31BB7EE17F4FDCC164?width=172&amp;height=172
Ayran Mint,  ,10.0,https://images.deliveryhero.io/image/talabat/Menuitems/261914B6B0E1ACDFDD00B4963F688F84?width=172&amp;height=172
Ayran Regular,  ,10.0,https://images.deliveryhero.io/image/talabat/Menuitems/131C895F0E37FA5CE7DF19D9613D7806?width=172&amp;height=172
Diet 7Up,"Sip on the crisp and refreshing delight of Diet 7Up, a fizzy and guilt-free beverage that combines zesty citrus flavors with a hint of sweetness, providing a satisfying and refreshing experience.",9.5,https://images.deliveryhero.io/image/talabat/Menuitems/6993AD499A651D48AB60029BF89CD4E7?width=172&amp;height=172
Diet Pepsi,Soft Drink,9.5,https://images.deliveryhero.io/image/talabat/Menuitems/2B5AFCEEFABD966D6EF97222943D74D6?width=172&amp;height=172
Mirinda,Soft drink,9.5,https://images.deliveryhero.io/image/talabat/Menuitems/02B36DCFE8D3B61EBA0677EDB2C3923A?width=172&amp;height=172
Small Water,Mineral water.,10.0,https://images.deliveryhero.io/image/talabat/Menuitems/17B39005D4367F18188FE5305EE41408?width=172&amp;height=172
