item_name,item_description,item_price,item_image
Luxury 50 Red Rose,,390.0,https://images.deliveryhero.io/image/talabat/Menuitems/luxury_50_red_rose638182939442119104.jpg?width=172&amp;height=172
301 Tulips Flowers Mix Large Basket ,,2900.0,https://images.deliveryhero.io/image/talabat/Menuitems/301_tulips_…_large_basket638182939312053761.jpg?width=172&amp;height=172
101 Beautiful Tulips Flowers,,950.0,https://images.deliveryhero.io/image/talabat/Menuitems/101_beautiful_tulips638182939200587489.jpg?width=172&amp;height=172
Lovely Cloud Of Hydrangea And Gorgeous Roses,,1250.0,https://images.deliveryhero.io/image/talabat/Menuitems/lovely_cloud_of_hydrangea638182939267488472.jpg?width=172&amp;height=172
Basket Off Love,,750.0,https://images.deliveryhero.io/image/talabat/Menuitems/basket_off_love638182939359317508.jpg?width=172&amp;height=172
Your Day Start With Marina,,390.0,https://images.deliveryhero.io/image/talabat/Menuitems/your_day_start_with_marin638182938970453313.jpg?width=172&amp;height=172
Pink Full Half Moon in Round Box,,950.0,https://images.deliveryhero.io/image/talabat/Menuitems/PinkFull_Half_Moon_in_Rou638182939574097432.jpg?width=172&amp;height=172
100 Stems Dark Red Roses,,850.0,https://images.deliveryhero.io/image/talabat/Menuitems/100_Stems_Dark_Red_Roses638182939469636357.jpg?width=172&amp;height=172
Flowers Carry Bag Arrangement,,250.0,https://images.deliveryhero.io/image/talabat/Menuitems/Flowers_Carry_Bag_Arrange638182939467552396.jpg?width=172&amp;height=172
50 White Roses Bouquet,,390.0,https://images.deliveryhero.io/image/talabat/Menuitems/50_White_Roses_Bouquet638182938887939495.jpg?width=172&amp;height=172
Lovely Flowers Hatbox Half Moon,,1300.0,https://images.deliveryhero.io/image/talabat/Menuitems/Lovely_Flower_Hatbox_Half638182939497439756.jpg?width=172&amp;height=172
Mix Flowers Bouquet,Mix flower bouquet love comes with flowers,240.0,https://images.deliveryhero.io/image/talabat/Menuitems/Mix_Flower_Bouquet638182939478996996.jpg?width=172&amp;height=172
White Hedranja Flowers ,,200.0,https://images.deliveryhero.io/image/talabat/Menuitems/White_Hedranja638182944981506424.jpg?width=172&amp;height=172
