item_name,item_description,item_price,item_image
Big Breakfast,,19.0,https://images.deliveryhero.io/image/menu-import-gateway-prd/regions/ME/chains/mcd_uae/73f0d7f1b9f33f24cf67197bc053278c.png?width=172&amp;height=172
Big Breakfast Meal with Hash Browns,,24.0,https://images.deliveryhero.io/image/menu-import-gateway-prd/regions/ME/chains/mcd_uae/c40b9ca8dab2e320cc655487684df761.png?width=172&amp;height=172
Big Breakfast  Meal with Banana,,24.0,https://images.deliveryhero.io/image/menu-import-gateway-prd/regions/ME/chains/mcd_uae/b7c9ae6fc699f9f25a50af01535b7284.png?width=172&amp;height=172
Big Breakfast Meal with Pineapple Stick,,24.0,https://images.deliveryhero.io/image/menu-import-gateway-prd/regions/ME/chains/mcd_uae/a010478030ae3082b6b200bfffa815c7.png?width=172&amp;height=172
3 pcs HotCakes,,17.0,https://images.deliveryhero.io/image/menu-import-gateway-prd/regions/ME/chains/mcd_uae/6b0b1d9ed3385710be85181dad4cfb51.png?width=172&amp;height=172
3 pcs Hotcake Meal with Hash Brown,,22.0,https://images.deliveryhero.io/image/menu-import-gateway-prd/regions/ME/chains/mcd_uae/4476866aaf7f181a580e6c21d4fde5c2.png?width=172&amp;height=172
3 pcs Hotcake Meal with Banana,,22.0,https://images.deliveryhero.io/image/menu-import-gateway-prd/regions/ME/chains/mcd_uae/ce1861bdbeb1348a01d4104b3cac462f.png?width=172&amp;height=172
3 pcs Hotcake Meal with Pineapple Stick,,22.0,https://images.deliveryhero.io/image/menu-import-gateway-prd/regions/ME/chains/mcd_uae/478a3866c234f0bf1c1e13a5e5e999c7.png?width=172&amp;height=172
Egg N' Sausage Wrap,,17.0,https://images.deliveryhero.io/image/menu-import-gateway-prd/regions/ME/chains/mcd_uae/22a726e1c6e2bb93979955c00d2bc5d5.png?width=172&amp;height=172
Egg N' Sausage Wrap Meal with Hash Browns,,22.0,https://images.deliveryhero.io/image/menu-import-gateway-prd/regions/ME/chains/mcd_uae/af98d73e409ff279d7ac51105c4ac6da.png?width=172&amp;height=172
Egg N' Sausage Wrap Meal with Banana,,22.0,https://images.deliveryhero.io/image/menu-import-gateway-prd/regions/ME/chains/mcd_uae/0ea94bd9ba9ff7097489710ee8abddeb.png?width=172&amp;height=172
Egg N' Sausage Wrap Meal with Pineapple Stick,,22.0,https://images.deliveryhero.io/image/menu-import-gateway-prd/regions/ME/chains/mcd_uae/10e8c9fe1349e5de905a6de0b03f378a.png?width=172&amp;height=172
Egg N' Hash Browns Wrap,,16.0,https://images.deliveryhero.io/image/menu-import-gateway-prd/regions/ME/chains/mcd_uae/e30321d2953200f5b255b965c7f364d4.png?width=172&amp;height=172
Egg N' Hash Browns Wrap Meal with Hash Browns,,21.0,https://images.deliveryhero.io/image/menu-import-gateway-prd/regions/ME/chains/mcd_uae/2a9b07c851ce4c79fa9099f429d83c74.png?width=172&amp;height=172
Egg N' Hash Brown Wrap Meal with Banana,,21.0,https://images.deliveryhero.io/image/menu-import-gateway-prd/regions/ME/chains/mcd_uae/eb11ebfc0ba9a3822ebd89e66fbb4206.png?width=172&amp;height=172
Egg N' Hash Brown Wrap Meal with Pineapple Stick,,21.0,https://images.deliveryhero.io/image/menu-import-gateway-prd/regions/ME/chains/mcd_uae/4b900e8a9d344bbc5c3bdfccc8f99668.png?width=172&amp;height=172
Chicken Sausage McMuffin  with Egg,,17.0,https://images.deliveryhero.io/image/menu-import-gateway-prd/regions/ME/chains/mcd_uae/9a3f3f2d3ceb9af5597265244e983517.png?width=172&amp;height=172
Chicken Sausage McMuffin  with Egg Meal with Hash Browns,,22.0,https://images.deliveryhero.io/image/menu-import-gateway-prd/regions/ME/chains/mcd_uae/c20ad99b6098fcc7972c1c348e0686f5.png?width=172&amp;height=172
Chicken Sausage McMuffin  with Egg Meal with Banana,,22.0,https://images.deliveryhero.io/image/menu-import-gateway-prd/regions/ME/chains/mcd_uae/c07644749318741c93eca06f3af10ab2.png?width=172&amp;height=172
Chicken Sausage McMuffin with Egg Meal with Pineapple Stick,,22.0,https://images.deliveryhero.io/image/menu-import-gateway-prd/regions/ME/chains/mcd_uae/e45c77ca010a54a7fa0aca9d413cf7c1.png?width=172&amp;height=172
Egg McMuffin,,15.0,https://images.deliveryhero.io/image/menu-import-gateway-prd/regions/ME/chains/mcd_uae/2dac7d7954c96ebd3f378a791b1c4684.png?width=172&amp;height=172
Egg McMuffin Meal with Hash Browns,,20.0,https://images.deliveryhero.io/image/menu-import-gateway-prd/regions/ME/chains/mcd_uae/3f6b78a6a3e1488978e0dee7da8078eb.png?width=172&amp;height=172
Egg McMuffin Meal with Banana,,20.0,https://images.deliveryhero.io/image/menu-import-gateway-prd/regions/ME/chains/mcd_uae/8d080bf48faa75b598699113c307c756.png?width=172&amp;height=172
Egg McMuffin Meal with Pineapple Stick,,20.0,https://images.deliveryhero.io/image/menu-import-gateway-prd/regions/ME/chains/mcd_uae/2b4111df19da6444d91231b65fcee406.png?width=172&amp;height=172
Chicken Sausage McMuffin,,14.0,https://images.deliveryhero.io/image/menu-import-gateway-prd/regions/ME/chains/mcd_uae/8f1cfaec5b4cb85d9e1657578936da7a.png?width=172&amp;height=172
Chicken Sausage McMuffin Meal with Hash Browns,,19.0,https://images.deliveryhero.io/image/menu-import-gateway-prd/regions/ME/chains/mcd_uae/763b4d67e6ffd0ee38332a0ba76aea93.png?width=172&amp;height=172
Chicken Sausage McMuffin Meal with Banana,,19.0,https://images.deliveryhero.io/image/menu-import-gateway-prd/regions/ME/chains/mcd_uae/3f6285864fa6be4b05d2db09aede4043.png?width=172&amp;height=172
Chicken Sausage McMuffin Meal with Pineapple Stick,,19.0,https://images.deliveryhero.io/image/menu-import-gateway-prd/regions/ME/chains/mcd_uae/42e244b82324f346707f1acc41541633.png?width=172&amp;height=172
Chicken Muffin,,14.0,https://images.deliveryhero.io/image/menu-import-gateway-prd/regions/ME/chains/mcd_uae/f5a1fc862020467db4ed13419cd68a96.png?width=172&amp;height=172
Chicken Muffin Meal with Hash Browns,,19.0,https://images.deliveryhero.io/image/menu-import-gateway-prd/regions/ME/chains/mcd_uae/15758562e5b7e412bc169635508fa01b.png?width=172&amp;height=172
Chicken Muffin Meal with Banana,,19.0,https://images.deliveryhero.io/image/menu-import-gateway-prd/regions/ME/chains/mcd_uae/0b6ee12906876de905a9cb7c6f905454.png?width=172&amp;height=172
Chicken Muffin Meal with Pineapple Stick,,19.0,https://images.deliveryhero.io/image/menu-import-gateway-prd/regions/ME/chains/mcd_uae/acf74b12d6b79b4c12745971854a9d43.png?width=172&amp;height=172
Pineapple Stick,,4.0,https://images.deliveryhero.io/image/menu-import-gateway-prd/regions/ME/chains/mcd_uae/5aaf9008d754381dd2c3d944355fd88e.png?width=172&amp;height=172
Banana,,4.0,https://images.deliveryhero.io/image/menu-import-gateway-prd/regions/ME/chains/mcd_uae/dd5a496f083ce6b8a447b4233226cfc4.png?width=172&amp;height=172
Chicken Caesar Salad,,24.0,https://images.deliveryhero.io/image/menu-import-gateway-prd/regions/ME/chains/mcd_uae/ff70428082679f70db6bc7a1b2d46a89.png?width=172&amp;height=172
Crunchy Fattoush Salad,,23.0,https://images.deliveryhero.io/image/menu-import-gateway-prd/regions/ME/chains/mcd_uae/6981452ee3aeabb47fb73d1ea34f522f.png?width=172&amp;height=172
Hash Browns,,12.0,https://images.deliveryhero.io/image/menu-import-gateway-prd/regions/ME/chains/mcd_uae/d7a6ec282ff5deab2ae02917b56abaf9.png?width=172&amp;height=172
Strawberry Jam,,2.0,https://images.deliveryhero.io/image/menu-import-gateway-prd/regions/ME/chains/mcd_uae/5e7a0109ff8ad45c3fc6ce24b1f63937.png?width=172&amp;height=172
Apricot Jam,,2.0,https://images.deliveryhero.io/image/menu-import-gateway-prd/regions/ME/chains/mcd_uae/be0d31671e8c42e3ff67fdfea9815697.png?width=172&amp;height=172
Orange Jam,,2.0,https://images.deliveryhero.io/image/menu-import-gateway-prd/regions/ME/chains/mcd_uae/2d12f6541ffd87a102e0fa1f1847e413.png?width=172&amp;height=172
Milk Creamer,,1.0,https://images.deliveryhero.io/image/menu-import-gateway-prd/regions/ME/chains/mcd_uae/f50643fc561cfbe1bf0f9816c62e3320.png?width=172&amp;height=172
Hotcake Syrup,,2.0,https://images.deliveryhero.io/image/menu-import-gateway-prd/regions/ME/chains/mcd_uae/31890a3c9d76dc749179f651caf7ca26.png?width=172&amp;height=172
Butter,,1.0,https://images.deliveryhero.io/image/menu-import-gateway-prd/regions/ME/chains/mcd_uae/cba7a6fc4ad8068c70243a4021465b66.png?width=172&amp;height=172
Caesar Dressing,,2.0,https://images.deliveryhero.io/image/menu-import-gateway-prd/regions/ME/chains/mcd_uae/bf90600468f73b2cacc26600c22cf48f.png?width=172&amp;height=172
With Croutons,,2.0,https://images.deliveryhero.io/image/menu-import-gateway-prd/regions/ME/chains/mcd_uae/85638a7aab0aa73ef76fa7f8b89580ce.png?width=172&amp;height=172
Skinny Blueberry Muffin,,13.0,https://images.deliveryhero.io/image/menu-import-gateway-prd/regions/ME/chains/mcd_uae/64c3d7f097c32b9e48c18f4eb9e09153.png?width=172&amp;height=172
Brownie,,9.0,https://images.deliveryhero.io/image/menu-import-gateway-prd/regions/ME/chains/mcd_uae/350f1f9af3c3342b73ff3b3996baf12e.png?width=172&amp;height=172
Milk Chocolate Chunk Cookie,,8.0,https://images.deliveryhero.io/image/menu-import-gateway-prd/regions/ME/chains/mcd_uae/60b3c3617581db7ea85124830e4d36db.png?width=172&amp;height=172
Double Chocolate Cookie,,8.0,https://images.deliveryhero.io/image/menu-import-gateway-prd/regions/ME/chains/mcd_uae/b66ce82d9d3fa4dc4e0bbc8e54f6192a.png?width=172&amp;height=172
Chocolate Ball Donut,,8.0,https://images.deliveryhero.io/image/menu-import-gateway-prd/regions/ME/chains/mcd_uae/bb5d0f73264d9d5094e3189ca73288fb.png?width=172&amp;height=172
Sugar Coated Donut,,8.0,https://images.deliveryhero.io/image/menu-import-gateway-prd/regions/ME/chains/mcd_uae/5d0d5f0296084d5ff150c915bbc67eae.png?width=172&amp;height=172
Iced Americano,,12.0,https://images.deliveryhero.io/image/menu-import-gateway-prd/regions/ME/chains/mcd_uae/9324776c42c7bcfd11ce820f4d106ad7.png?width=172&amp;height=172
Vanilla Iced Latte,,13.0,https://images.deliveryhero.io/image/menu-import-gateway-prd/regions/ME/chains/mcd_uae/f174c28e24a3067c1eccb82c1bf79343.png?width=172&amp;height=172
Caramel Iced Latte,,13.0,https://images.deliveryhero.io/image/menu-import-gateway-prd/regions/ME/chains/mcd_uae/e0fdc058878098c467c932ae9dcb9c33.png?width=172&amp;height=172
Iced Latte,,13.0,https://images.deliveryhero.io/image/menu-import-gateway-prd/regions/ME/chains/mcd_uae/350881a02be0449a82ad48959b30d48a.png?width=172&amp;height=172
Tall Latte,,15.0,https://images.deliveryhero.io/image/menu-import-gateway-prd/regions/ME/chains/mcd_uae/df35b55538d194952892ef947442ba81.png?width=172&amp;height=172
Short Latte,,13.0,https://images.deliveryhero.io/image/menu-import-gateway-prd/regions/ME/chains/mcd_uae/2e211e3c20a2da3aa5622528e2d8f96f.png?width=172&amp;height=172
Tall Hot Chocolate,,15.0,https://images.deliveryhero.io/image/menu-import-gateway-prd/regions/ME/chains/mcd_uae/f426983b7061f932b055150f9d7168a1.png?width=172&amp;height=172
Short Hot Chocolate,,13.0,https://images.deliveryhero.io/image/menu-import-gateway-prd/regions/ME/chains/mcd_uae/5ca6de5a22d4c40734e705165998b8a6.png?width=172&amp;height=172
Tall Mochaccino,,15.0,https://images.deliveryhero.io/image/menu-import-gateway-prd/regions/ME/chains/mcd_uae/d2652fed98d627c1ec6f9bfed5522bfa.png?width=172&amp;height=172
Short Mochaccino,,13.0,https://images.deliveryhero.io/image/menu-import-gateway-prd/regions/ME/chains/mcd_uae/b9449cc5a1f2a19f0ffbf7097dc53e70.png?width=172&amp;height=172
Tall Americano,,13.0,https://images.deliveryhero.io/image/menu-import-gateway-prd/regions/ME/chains/mcd_uae/7dc3645fe85e146f306103039b29e362.png?width=172&amp;height=172
Short Americano,,11.0,https://images.deliveryhero.io/image/menu-import-gateway-prd/regions/ME/chains/mcd_uae/7dc3645fe85e146f306103039b29e362.png?width=172&amp;height=172
Tall Brewed Coffee,,10.0,https://images.deliveryhero.io/image/menu-import-gateway-prd/regions/ME/chains/mcd_uae/7dc3645fe85e146f306103039b29e362.png?width=172&amp;height=172
Short Brewed Coffee,,8.0,https://images.deliveryhero.io/image/menu-import-gateway-prd/regions/ME/chains/mcd_uae/7dc3645fe85e146f306103039b29e362.png?width=172&amp;height=172
English Breakfast Tea,,8.0,https://images.deliveryhero.io/image/menu-import-gateway-prd/regions/ME/chains/mcd_uae/c3ffeb75f8868294748ac4687459b191.png?width=172&amp;height=172
Pure Chamomile Flowers Tea,,8.0,https://images.deliveryhero.io/image/menu-import-gateway-prd/regions/ME/chains/mcd_uae/c3ffeb75f8868294748ac4687459b191.png?width=172&amp;height=172
Jasmine Green Tea,,8.0,https://images.deliveryhero.io/image/menu-import-gateway-prd/regions/ME/chains/mcd_uae/c3ffeb75f8868294748ac4687459b191.png?width=172&amp;height=172
Karak Chai,,6.0,https://images.deliveryhero.io/image/menu-import-gateway-prd/regions/ME/chains/mcd_uae/6c957bfeb196f4b81c8fb2c0c84496bc.png?width=172&amp;height=172
Large Coca-Cola Zero Calories,,13.0,https://images.deliveryhero.io/image/menu-import-gateway-prd/regions/ME/chains/mcd_uae/38200a7c853c921cf3b5c789a2c1b69c.png?width=172&amp;height=172
Medium Coca-Cola Zero Calories,,12.0,https://images.deliveryhero.io/image/menu-import-gateway-prd/regions/ME/chains/mcd_uae/7533d7380ef596627d9481508800b477.png?width=172&amp;height=172
Regular Coca-Cola Zero Calories,,10.0,https://images.deliveryhero.io/image/menu-import-gateway-prd/regions/ME/chains/mcd_uae/91665089b793d595e1887e0f845fcf4a.png?width=172&amp;height=172
Small Coca-Cola Zero Calories,,9.0,https://images.deliveryhero.io/image/menu-import-gateway-prd/regions/ME/chains/mcd_uae/581bba9647c505300f6f255c50034114.png?width=172&amp;height=172
Large Coca-Cola,,13.0,https://images.deliveryhero.io/image/menu-import-gateway-prd/regions/ME/chains/mcd_uae/44c5aeee3793f6bc84d935d447a7224f.png?width=172&amp;height=172
Medium Coca-Cola,,12.0,https://images.deliveryhero.io/image/menu-import-gateway-prd/regions/ME/chains/mcd_uae/bd6f0613784d18fa3a148e2f3fec7ba1.png?width=172&amp;height=172
Regular Coca-Cola,,10.0,https://images.deliveryhero.io/image/menu-import-gateway-prd/regions/ME/chains/mcd_uae/f17ee7ddd849b1d188e8726e1f779ab6.png?width=172&amp;height=172
Small Coca-Cola,,9.0,https://images.deliveryhero.io/image/menu-import-gateway-prd/regions/ME/chains/mcd_uae/0d450c3478916ffe960d3a569c852e2d.png?width=172&amp;height=172
Large Fanta,,13.0,https://images.deliveryhero.io/image/menu-import-gateway-prd/regions/ME/chains/mcd_uae/b8ba06c355cb81a6aca6d78b65264c59.png?width=172&amp;height=172
Medium Fanta,,12.0,https://images.deliveryhero.io/image/menu-import-gateway-prd/regions/ME/chains/mcd_uae/9b1f03492137ee92c72842b55c2c8183.png?width=172&amp;height=172
Regular Fanta,,10.0,https://images.deliveryhero.io/image/menu-import-gateway-prd/regions/ME/chains/mcd_uae/f2196b8b5c7ed0bdeccd9d751d24acd0.png?width=172&amp;height=172
Small Fanta,,9.0,https://images.deliveryhero.io/image/menu-import-gateway-prd/regions/ME/chains/mcd_uae/0d79c340bdfd12ae53a12df4579b1a47.png?width=172&amp;height=172
Large Sprite Zero Calories,,13.0,https://images.deliveryhero.io/image/menu-import-gateway-prd/regions/ME/chains/mcd_uae/e5197a07a58c3e16f7f51d5d5d21446f.png?width=172&amp;height=172
Medium Sprite Zero Calories,,12.0,https://images.deliveryhero.io/image/menu-import-gateway-prd/regions/ME/chains/mcd_uae/112fa2cf98c5bf3b8a326c259ff06618.png?width=172&amp;height=172
Regular Sprite Zero Calories,,10.0,https://images.deliveryhero.io/image/menu-import-gateway-prd/regions/ME/chains/mcd_uae/ae2fd39cc1ce319bc820013a10f8a4f7.png?width=172&amp;height=172
Small Sprite Zero Calories,,9.0,https://images.deliveryhero.io/image/menu-import-gateway-prd/regions/ME/chains/mcd_uae/dd70b23501216be8911e4e7142a87e8d.png?width=172&amp;height=172
Large Sprite,,13.0,https://images.deliveryhero.io/image/menu-import-gateway-prd/regions/ME/chains/mcd_uae/401d4610feb0abc0d14dd2de8f5f51ac.png?width=172&amp;height=172
Medium Sprite,,12.0,https://images.deliveryhero.io/image/menu-import-gateway-prd/regions/ME/chains/mcd_uae/36bbb68f50dd5e03808ddf5a49e2c2e4.png?width=172&amp;height=172
Regular Sprite,,10.0,https://images.deliveryhero.io/image/menu-import-gateway-prd/regions/ME/chains/mcd_uae/46193db72a7ce16a177775623a9c7c39.png?width=172&amp;height=172
Small Sprite,,9.0,https://images.deliveryhero.io/image/menu-import-gateway-prd/regions/ME/chains/mcd_uae/e85662af233162f5c16398f69a5767f5.png?width=172&amp;height=172
Apple Juice Medium,,10.0,https://images.deliveryhero.io/image/menu-import-gateway-prd/regions/ME/chains/mcd_uae/2e2a1f81376a7f710a93d3d6b779f5f9.png?width=172&amp;height=172
Apple Juice Regular,,9.0,https://images.deliveryhero.io/image/menu-import-gateway-prd/regions/ME/chains/mcd_uae/b43a0bb3479683d362328b24bc038fcd.png?width=172&amp;height=172
Apple Juice Small,,8.0,https://images.deliveryhero.io/image/menu-import-gateway-prd/regions/ME/chains/mcd_uae/c233da2e61df304680e5a7325bbb22e4.png?width=172&amp;height=172
Orange Juice Medium,,10.0,https://images.deliveryhero.io/image/menu-import-gateway-prd/regions/ME/chains/mcd_uae/4441e3c6aa997d60727c096cc6f2de21.png?width=172&amp;height=172
Orange Juice Regular,,9.0,https://images.deliveryhero.io/image/menu-import-gateway-prd/regions/ME/chains/mcd_uae/2756a2af43352953ae88234ba0751d44.png?width=172&amp;height=172
Orange Juice Small,,8.0,https://images.deliveryhero.io/image/menu-import-gateway-prd/regions/ME/chains/mcd_uae/684b81727345851990e3b4391c9c04ba.png?width=172&amp;height=172
Large Peach Ice Tea,,13.0,https://images.deliveryhero.io/image/menu-import-gateway-prd/regions/ME/chains/mcd_uae/52c203b4534efb36b43b8d95e45fb881.png?width=172&amp;height=172
Medium Peach Ice Tea,,12.0,https://images.deliveryhero.io/image/menu-import-gateway-prd/regions/ME/chains/mcd_uae/95a6187047227e195766fc2c275dd7e5.png?width=172&amp;height=172
Regular Peach Ice Tea,,10.0,https://images.deliveryhero.io/image/menu-import-gateway-prd/regions/ME/chains/mcd_uae/91271097d68cbaf612e2ad65bec21282.png?width=172&amp;height=172
Small Peach Ice Tea,,9.0,https://images.deliveryhero.io/image/menu-import-gateway-prd/regions/ME/chains/mcd_uae/4566b56c28f39aad7aa941f665dd059c.png?width=172&amp;height=172
Milk,,5.0,https://images.deliveryhero.io/image/menu-import-gateway-prd/regions/ME/chains/mcd_uae/2ad9f3cc086bf4358cbdca6338a5d5e6.png?width=172&amp;height=172
Chocolate Milk,,5.0,https://images.deliveryhero.io/image/menu-import-gateway-prd/regions/ME/chains/mcd_uae/8c8c7c6aad76d9105e6f7b4732891530.png?width=172&amp;height=172
Arwa Water,,5.0,https://images.deliveryhero.io/image/menu-import-gateway-prd/regions/ME/chains/mcd_uae/d5a117ada35d2c57ccb9c5b6e066d0e3.png?width=172&amp;height=172
