item_name,item_description,item_price,item_image
Chicken Pan Fried Momos,,23.0,https://images.deliveryhero.io/image/talabat/Menuitems/blob_637807759586595033?width=172&amp;height=172
Memsaab Special Chicken Thali,"Chicken tikka 2 pieces, dal tadka, chicken gravy, rice, 1 roti, raita, salad and sweet.",39.0,https://images.deliveryhero.io/image/talabat/Menuitems/blob_637589194520928254?width=172&amp;height=172
Memsaab Special Veg Thali,"2 pieces veg seekh kebab, dal makhani or dal tadka, veg gravy, rice, 1 roti, salad, raita, sweet.",36.0,https://images.deliveryhero.io/image/talabat/Menuitems/blob_637598613794488695?width=172&amp;height=172
Chicken Steamed Momos,,22.0,https://images.deliveryhero.io/image/talabat/Menuitems/blob_637807758983700722?width=172&amp;height=172
Memsaab Special Veg Thali,"2 pieces veg seekh kebab, dal makhani or dal tadka, veg gravy, rice, 1 roti, salad, raita, sweet.",36.0,https://images.deliveryhero.io/image/talabat/Menuitems/blob_637598613794488695?width=172&amp;height=172
Butter Chicken Combo,"Butter Chicken, Butter Naan, Rice, Salad,  and Raita",37.0,https://images.deliveryhero.io/image/talabat/Menuitems/blob_637589136575375478?width=172&amp;height=172
Memsaab Special Chicken Thali,"Chicken tikka 2 pieces, dal tadka, chicken gravy, rice, 1 roti, raita, salad and sweet.",39.0,https://images.deliveryhero.io/image/talabat/Menuitems/blob_637589194520928254?width=172&amp;height=172
Memsaab Special Mutton Thali,"Chicken tikka 2 pieces, dal tadka, mutton gravy, rice, 1 roti, raita, salad and sweet.",43.0,https://images.deliveryhero.io/image/talabat/Menuitems/blob_637625488654869792?width=172&amp;height=172
Executive Thali Veg,"Dal Tadka, Paneer Tikka Masala, Rice, Roti, Salad, Raita",33.0,
Executive Thali - Chicken,"Chicken curry, Dal Tadka, rice, roti, salad, raita.",36.0,
Executive Thali Mutton,"Mutton curry, Dal Tadka, rice, roti, salad, raita.",38.0,
Green Salad,Mixed vegetables Salad,14.0,https://images.deliveryhero.io/image/talabat/Menuitems/green_salad_636281205997620947.jpg?width=172&amp;height=172
Murgh Shorba,"Chicken soup with a twist of Indian  spices
",16.0,https://images.deliveryhero.io/image/talabat/Menuitems/Murgh_Shorba_637053405773805311.jpg?width=172&amp;height=172
Vegetable Steamed Momos,,21.0,https://images.deliveryhero.io/image/talabat/Menuitems/blob_637807757083948148?width=172&amp;height=172
Pan Fried Vegetable Momos,,22.0,https://images.deliveryhero.io/image/talabat/Menuitems/blob_637807757962015031?width=172&amp;height=172
Chicken Steamed Momos,,22.0,https://images.deliveryhero.io/image/talabat/Menuitems/blob_637807758983700722?width=172&amp;height=172
Chicken Pan Fried Momos,,23.0,https://images.deliveryhero.io/image/talabat/Menuitems/blob_637807759586595033?width=172&amp;height=172
Tandoori Tikka Momo Veg,,36.0,
Malai Afgani Veggie Momo,,40.0,
Malai Afgani Corn Chesse Momos,,40.0,
Chatpata Haryali Veggie Momos,,40.0,
Assorted Mix Veg Tandoori Veggie Momo,"2 pieces each tikka, hariyali and malai",41.5,
Tandoori Tikka Chicken Momos ,,42.0,
Chatpata Hariyali Chicken Momos,,43.0,
Paneer Tikka,Indian cottage cheese marinated with different spices and cooked in tandoor,29.0,https://images.deliveryhero.io/image/talabat/Menuitems/blob_637572814657301698?width=172&amp;height=172
Vegetable Platter,"3 Pieces spicy kebab with spices, 3 pieces vegetable kebab stick, 3 pieces paneer tikka and 3 pieces tandoori mushroom.",46.0,https://images.deliveryhero.io/image/talabat/Menuitems/blob_637597696804748750?width=172&amp;height=172
Tandoori Mushroom Tikka,Char cooked with pepper and yoghurt and spices marinade,31.0,https://images.deliveryhero.io/image/talabat/Menuitems/blob_637693678886266565?width=172&amp;height=172
Paneer Malai Tikka,Chunks of paneer in a creamy marinade and cooked in tandoor,32.0,https://images.deliveryhero.io/image/talabat/Menuitems/blob_637694691673884970?width=172&amp;height=172
Veg Seekh Kebab,Flavorful kebabs made with a medley of vegetables skewered in tandoor,30.0,https://images.deliveryhero.io/image/talabat/Menuitems/blob_637703300612211961?width=172&amp;height=172
Hara Bhara Kabab,"Snack made with spinach,potatoes and green peas marinated in a variety of Indian spices . ",30.0,
Tandoori Chicken,"Indulge in the tantalizing flavors of our Tandoori Chicken, marinated in aromatic spices and grilled to perfection, for irresistibly juicy and smoky chicken that will delight your taste buds.",0.0,https://images.deliveryhero.io/image/talabat/Menuitems/blob_637579728920775746?width=172&amp;height=172
Chicken Tikka,Boneless chicken pieces marinated in variety of spices and cooked in tandoor,35.0,https://images.deliveryhero.io/image/talabat/Menuitems/blob_637599457117665832?width=172&amp;height=172
Chef Special Non Veg Platter,"3 Pieces chicken tikka, 3 pieces Pahari chicken tikka, 3 Pieces chicken malai tikka and  3 pieces mutton kebab skewer",60.0,https://images.deliveryhero.io/image/talabat/Menuitems/blob_637607433374916837?width=172&amp;height=172
Chicken Pahadi Tikka,,36.0,https://images.deliveryhero.io/image/talabat/Menuitems/blob_637591664546083768?width=172&amp;height=172
Chicken Malai Tikka,Classic boneless tandoori delicacy marinated with mint and green chilli,36.0,https://images.deliveryhero.io/image/talabat/Menuitems/blob_637607432761391915?width=172&amp;height=172
Chicken Achari Tikka,"boneless chicken chunks marinated in Achari masala, yogurt, and other spices and grilled to juicy perfection",36.0,
Mutton Skewer Kebab,lucknowi style skewer kebab made with minced mutton and a variety of Indian spices.,41.0,https://images.deliveryhero.io/image/talabat/Menuitems/blob_637682425947207552?width=172&amp;height=172
Fish Tikka,"Indulge in the tantalizing flavors of our Fish Tikka, where tender fish fillets are marinated in a harmonious blend of aromatic spices, grilled to perfection, and garnished with a burst of zesty lemon, creating a delectable seafood delight.",38.0,https://images.deliveryhero.io/image/talabat/Menuitems/blob_637685876616417288?width=172&amp;height=172
Chicken Kebab Seekh,,36.0,https://images.deliveryhero.io/image/talabat/Menuitems/blob_637700709640566549?width=172&amp;height=172
Murgh Kalimirch Tikka,,36.0,https://images.deliveryhero.io/image/talabat/Menuitems/blob_637703984535440684?width=172&amp;height=172
Tandoori Prawns,Prawns marinated in a labneh paste and traditional Indian spices,45.0,https://images.deliveryhero.io/image/talabat/Menuitems/blob_637809603719369942?width=172&amp;height=172
Dal Makhani,Punjabi dish made with black lentils slow cooked in a tomato sauce and topped with cream.,35.0,https://images.deliveryhero.io/image/talabat/Menuitems/blob_637578960063646715?width=172&amp;height=172
Dal Tadka,Mouth watering dish prepared with different lentils & seasoned with different spices,29.0,https://images.deliveryhero.io/image/talabat/Menuitems/blob_637578961341402540?width=172&amp;height=172
Palak Paneer,Classic Indian dish made with cottage cheese chunks cooked in spinach and topped with cream.,28.0,https://images.deliveryhero.io/image/talabat/Menuitems/blob_637610735793232260?width=172&amp;height=172
Paneer Makhani,Yummy & creamy fresh tomato sauce with cottage cheese,35.0,https://images.deliveryhero.io/image/talabat/Menuitems/blob_637615195377534693?width=172&amp;height=172
Mix Vegetables,A medley of vegetables cooked in a thick creamy gravy,26.0,https://images.deliveryhero.io/image/talabat/Menuitems/blob_637625471009017622?width=172&amp;height=172
Paneer Tikka Masala,Marinated cottage cheese grilled to perfection and cooked in a spicy curry,32.0,https://images.deliveryhero.io/image/talabat/Menuitems/blob_637629844968277713?width=172&amp;height=172
Aloo Gobi,A vegetarian delight made with potatoes & cauliflower cooked in traditional Indian spices,24.0,https://images.deliveryhero.io/image/talabat/Menuitems/blob_637630739602086083?width=172&amp;height=172
Aloo Jeera,Jeera aloo is a popular Indian side dish made with potatoes & cumin seeds,24.0,
Paneer Butter Masala,"Made with succulent cubes of cottage cheese in a luscious tomato-based sauce, infused with aromatic spices and finished with a dollop of butter for an irresistibly decadent meal.",32.0,
Matar Paneer,A sandwich filled with labneh (strained yogurt) and various toppings or spreads.,33.0,
Dum Aloo Kashmiri,Potatoes slow cooked in tangy and rich tomato gravy,24.0,https://images.deliveryhero.io/image/talabat/Menuitems/blob_637699726635908197?width=172&amp;height=172
Mushroom Masala,Made with fresh mushrooms cooked in a rich tomato-based sauce and aromatic spices for a dish that's both comforting and satisfying.,25.0,
Chana Masala,Chana masala is a delicious & flavorful Indian curry made by cooking chickpeas in a spicy onion tomato masala gravy,27.0,https://images.deliveryhero.io/image/talabat/Menuitems/blob_637807846466002127?width=172&amp;height=172
Bhindi Do Pyaza,An Indian dish made with okra (bhindi) cooked in a spiced gravy with onions (do pyaza).,25.0,https://images.deliveryhero.io/image/talabat/Menuitems/blob_637809439080612828?width=172&amp;height=172
Chicken Tikka Masala,"Chunks of roasted chicken cooked in a creamy cashew nut curry sauce
",38.0,https://images.deliveryhero.io/image/talabat/Menuitems/20190309_Talabat_UAE_637044247256348830.jpg?width=172&amp;height=172
Mutton Rogan Josh,Slow braised boneless mutton curry cooked in kashmiri style,38.0,https://images.deliveryhero.io/image/talabat/Menuitems/blob_637580617666237319?width=172&amp;height=172
Chicken Jalfrezi,Indian dish made with boneless chicken & cooked in a creamy cashew nut curry,37.0,https://images.deliveryhero.io/image/talabat/Menuitems/blob_637599483079526953?width=172&amp;height=172
Chicken Balti,Boneless chicken curry cooked in a variety of fragrant Balti spices,34.0,https://images.deliveryhero.io/image/talabat/Menuitems/blob_637629588827005945?width=172&amp;height=172
Laal Maas,Rajasthani mutton curry cooked in traditional spices,39.0,https://images.deliveryhero.io/image/talabat/Menuitems/blob_637630514061802833?width=172&amp;height=172
Tawa Gosht,"Boneless chunks of marinated mutton chunks with onions, tomatoes, & fresh green chillies",38.0,https://images.deliveryhero.io/image/talabat/Menuitems/blob_637682427972630899?width=172&amp;height=172
Butter Chicken,"Indian curry originating from Delhi, made with boneless chicken, cooked in a mild curry and topped with butter.",39.0,https://images.deliveryhero.io/image/talabat/Menuitems/blob_637687713328082991?width=172&amp;height=172
Goan Fish Curry,Popular dish from goa prepared by cooking fish in a tangy sauce made with coconut milk,34.0,https://images.deliveryhero.io/image/talabat/Menuitems/blob_637699886913303037?width=172&amp;height=172
Mutton Saagwala,Mutton dish made with spinach in flavorful sauce.,39.0,https://images.deliveryhero.io/image/talabat/Menuitems/blob_637702470918240954?width=172&amp;height=172
Mutton Korma,Slow cooked boneless mutton in roasted cashewnut gravy.,37.0,https://images.deliveryhero.io/image/talabat/Menuitems/blob_637703257356561205?width=172&amp;height=172
Goan Prawn Masala,Famous seafood item from the coastal regions of India made by cooking prawns in a sour gravy,42.0,https://images.deliveryhero.io/image/talabat/Menuitems/blob_637703311487484545?width=172&amp;height=172
Mutton Kadai,"Slow cooked mutton with capsicum, onion, tomato, & gravy",39.0,https://images.deliveryhero.io/image/talabat/Menuitems/blob_637703312682175148?width=172&amp;height=172
Chicken Shahi Korma,,38.0,https://images.deliveryhero.io/image/talabat/Menuitems/blob_637807677907472201?width=172&amp;height=172
Bhuna Chicken,"skinless chicken thighs, vegetable oil, onion, garlic, gigner, cumin, coriander, turmeric, red chili powder, garam masala, salt, black pepper, yogurt and water",38.0,
Boiled Basmati Rice,Long grain boiled basmati rice.,13.0,https://images.deliveryhero.io/image/talabat/Menuitems/blob_637579730481665847?width=172&amp;height=172
Vegetable Biryani,A special biryani prepared by cooking mixed vegetables in yogurt and spices that are layered with rice,23.0,https://images.deliveryhero.io/image/talabat/Menuitems/blob_637579720994844763?width=172&amp;height=172
Jeera Rice,Basmati rice pan fried with cumin seeds.,15.0,https://images.deliveryhero.io/image/talabat/Menuitems/blob_637591710688084500?width=172&amp;height=172
Paneer Tikka Biryani,"Paneer tikka marinated in tandoori spices, cooked with rice & spices",30.0,
Dal Khichdi,"A comforting dish made with lentils and rice, often seasoned with spices.",22.0,https://images.deliveryhero.io/image/talabat/Menuitems/blob_637681714608197764?width=172&amp;height=172
Peas Pulao,Basmati rice cooked with green peas & whole spices,20.0,
Chicken Biryani,A boneless chicken biryani made with aromatic basmati rice cooked in Indian spices.,32.0,https://images.deliveryhero.io/image/talabat/Menuitems/blob_637582424362380298?width=172&amp;height=172
Mutton Meat Biryani,,36.0,https://images.deliveryhero.io/image/talabat/Menuitems/blob_637593378643189450?width=172&amp;height=172
Chicken Tikka Biryani,"Experience our chicken tikka biryani, made with tender pieces of marinated chicken, fluffy basmati rice, and a mouthwatering blend of spices that will tantalize your taste buds with every forkful.",37.0,https://images.deliveryhero.io/image/talabat/Menuitems/blob_637593452142802350?width=172&amp;height=172
Prawns Biryani,Prawn biryani made with aromatic pliaf basmati rice in special Memsaab spices,36.0,https://images.deliveryhero.io/image/talabat/Menuitems/blob_637640374960873425?width=172&amp;height=172
Butter Chicken Biryani,biryani dish made with tender butter chicken.,34.0,https://images.deliveryhero.io/image/talabat/Menuitems/blob_637713493350336085?width=172&amp;height=172
Plain Naan,"Plain tandoori naan made with fine flour
",5.0,https://images.deliveryhero.io/image/talabat/Menuitems/blob_637570234909735825?width=172&amp;height=172
Butter Naan,"Flatbread naan brushed with butter
",6.0,https://images.deliveryhero.io/image/talabat/Menuitems/blob_637570235217974264?width=172&amp;height=172
Garlic Naan,"Aromatic garlic-infused naan bread
",6.0,https://images.deliveryhero.io/image/talabat/Menuitems/blob_637570235527414040?width=172&amp;height=172
Plain Tandoori Roti,,4.0,https://images.deliveryhero.io/image/talabat/Menuitems/blob_637589148761971212?width=172&amp;height=172
Butter Roti,"Delight in the warm and buttery goodness of our Butter Roti, a delectable Indian bread that effortlessly complements any dish, adding a touch of comfort and satisfaction to your meal.",5.0,https://images.deliveryhero.io/image/talabat/Menuitems/blob_637589160315617731?width=172&amp;height=172
Cheese Naan,"Savor the irresistible delight of our Cheese Naan—warm, fluffy bread infused with melted cheese, perfect as a meal accompaniment or a delectable snack.",9.0,https://images.deliveryhero.io/image/talabat/Menuitems/blob_637590829886025234?width=172&amp;height=172
Laccha Paratha,A multilayered tandoori flatbread made with wheat and flour,6.0,https://images.deliveryhero.io/image/talabat/Menuitems/blob_637595313510340375?width=172&amp;height=172
Chilli Garlic Naan,,8.0,https://images.deliveryhero.io/image/talabat/Menuitems/blob_637711848271857938?width=172&amp;height=172
Tandoori Aloo Paratha,,10.0,https://images.deliveryhero.io/image/talabat/Menuitems/blob_637724762913520932?width=172&amp;height=172
Tandoori Paneer Paratha,,11.0,https://images.deliveryhero.io/image/talabat/Menuitems/blob_637807713958443804?width=172&amp;height=172
Dahi Papdi Chaat,"Indian street food item made with papad and sev topped with curd,chopped onions,tomatoes and  green chillies ",14.0,https://images.deliveryhero.io/image/talabat/Menuitems/blob_637630740878599133?width=172&amp;height=172
Poppadoms With Mango Chutney,"Famous south Indian crisps served with delicious mango chutney.
",10.0,https://images.deliveryhero.io/image/talabat/Menuitems/20190723_Talabat_UAE_636999335826388273.jpg?width=172&amp;height=172
Masala Papad,Crisp fried papads topped with masala filling. ,5.0,https://images.deliveryhero.io/image/talabat/Menuitems/Masala_Papad_637053405808612633.jpg?width=172&amp;height=172
Cucumber Dill Raita,Popular indian condiment made with yogurt and a variety of vegetables.,11.0,https://images.deliveryhero.io/image/talabat/Menuitems/Cucumber_Dill_Raita_637053405819871096.jpg?width=172&amp;height=172
Chicken Tikka Roll,Tandoori chicken chunks marinated in spicy sauce and vegetables wrapped in a roll,16.0,https://images.deliveryhero.io/image/talabat/Menuitems/blob_637593458815242317?width=172&amp;height=172
Mutton Kebab Skewer Roll,,17.0,
Punjabi Samosa 1 Piece,"Traditional fried Punjabi snack made of flour with a filling of green peas and potatoes, served with tamarind chutney.",5.0,https://images.deliveryhero.io/image/talabat/Menuitems/blob_637807730978664147?width=172&amp;height=172
Samosa Chana Chaat,"Delicious chaat made with samosa, topped with chickpeas & chutney",18.0,https://images.deliveryhero.io/image/talabat/Menuitems/blob_637807735117583439?width=172&amp;height=172
Dahi Papdi Chaat,"Indian street food item made with papad & sev topped with curd, chopped onions, tomatoes, & green chillies",14.0,https://images.deliveryhero.io/image/talabat/Menuitems/blob_637807735747070631?width=172&amp;height=172
Onion Pakoda,"Deep-fried fritters made with a batter of chickpea flour and sliced onions, popular in Indian cuisine.",18.0,https://images.deliveryhero.io/image/talabat/Menuitems/blob_637807736743049050?width=172&amp;height=172
Mixed Pakoda,,20.0,https://images.deliveryhero.io/image/talabat/Menuitems/blob_637807739294023825?width=172&amp;height=172
Gulab Jamun,A classic milk solid based sweet from Indian subcontinent.,10.0,https://images.deliveryhero.io/image/talabat/Menuitems/blob_637630741616977084?width=172&amp;height=172
Pepsi,Carbonated soft drink,7.0,https://images.deliveryhero.io/image/talabat/Menuitems/Pepsi_637053405980456756.jpg?width=172&amp;height=172
7 Up Diet,"Savor the crisp and refreshing fizz of our 7 Up Diet, a guilt-free delight bursting with zesty citrus flavors, all while keeping you light and refreshed.",5.0,https://images.deliveryhero.io/image/talabat/Menuitems/7_up_Diet_637053406003785147.jpg?width=172&amp;height=172
 Pepsi Diet,Soft Drink,7.0,https://images.deliveryhero.io/image/talabat/Menuitems/Diet_Pepsi_637526019075390512.jpg?width=172&amp;height=172
7 Up,Non-caffeinated soft drink,7.0,https://images.deliveryhero.io/image/talabat/Menuitems/7_Up_637053405990206106.jpg?width=172&amp;height=172
Mirinda,Carbonated soft drink,7.0,https://images.deliveryhero.io/image/talabat/Menuitems/Mirinda_637053406012118022.jpg?width=172&amp;height=172
Mountain Dew,"The original citrus-flavored soft drink with a bold and daring taste. With high caffeine content and a unique combination of flavors, it's the perfect choice for those who want to fuel their adrenaline and thirst in one shot.",7.0,https://images.deliveryhero.io/image/talabat/Menuitems/Mountain_Dew_637053406022370016.jpg?width=172&amp;height=172
Mango Lassi,"Satisfy your cravings with our creamy mango lassi, blended with fresh yogurt and luscious mangoes for the perfect sweet and tangy treat!",11.0,https://images.deliveryhero.io/image/talabat/Menuitems/blob_637606402689047264?width=172&amp;height=172
 Sweet Lassi,"Indulge in our heavenly sweet lassi made with thick and smooth yogurt, perfectly sweetened for a delightful and refreshing drink",10.0,https://images.deliveryhero.io/image/talabat/Menuitems/blob_637621919934921997?width=172&amp;height=172
Salted Lassi,"This traditional Indian yogurt-based drink, infused with a pinch of salt and aromatic spices",10.0,https://images.deliveryhero.io/image/talabat/Menuitems/blob_637621924716911026?width=172&amp;height=172
Fresh Lime Soda,Made with real lime juice and sparkling water,13.0,https://images.deliveryhero.io/image/talabat/Menuitems/blob_637809586705540816?width=172&amp;height=172
