item_name,item_description,item_price,item_image
Corn Dogs,2 pieces of corn dogs coated with spiced potatoes and with mini’s special sauce ,22.0,https://images.deliveryhero.io/image/talabat/Menuitems/blob_637677311138228249?width=172&amp;height=172
Chicken Burger,"Made with a juicy, tender, and flavorful chicken patty, topped with fresh vegetables, and sauce. it's a perfect meal for lunch or dinner.",33.0,https://images.deliveryhero.io/image/talabat/Menuitems/mmw_638224486153219896?width=172&amp;height=172
Spiced Fries,French fries topped with mixed spices,10.0,https://images.deliveryhero.io/image/talabat/Menuitems/blob_637677312003806771?width=172&amp;height=172
Korean Fried Chicken,Served with rice cakes and ranch sauce on side,0.0,https://images.deliveryhero.io/image/talabat/Menuitems/mmw_638222757330981027?width=172&amp;height=172
Beef Burger,"Made with a juicy, well-seasoned beef patty topped with fresh vegetables and sauce. It's a perfect meal for lunch or dinner.",33.0,https://images.deliveryhero.io/image/talabat/Menuitems/mmw_638224484553441068?width=172&amp;height=172
Corn Dogs,2 pieces of corn dogs coated with spiced potatoes and with mini’s special sauce ,22.0,https://images.deliveryhero.io/image/talabat/Menuitems/blob_637677311138228249?width=172&amp;height=172
Mini Indian Platter,"A sample size of our famous Indian platter contains of varieties of potato samosas, butter chicken pieces, chicken tikka sandwich, vegetarian spring rolls. contains nuts",45.0,
Shrimp Pops,Shrimp diatomite with crackers and sweet spicy sauce.,40.0,https://images.deliveryhero.io/image/talabat/Menuitems/mmw_638222752172075002?width=172&amp;height=172
Nepali Chicken Momos,With traditional nepali curry sauce,25.0,https://images.deliveryhero.io/image/talabat/Menuitems/mmw_638222750106784990?width=172&amp;height=172
Korean Fried Chicken,"Served with rice cakes and ranch sauce on side, spicy",35.0,https://images.deliveryhero.io/image/talabat/Menuitems/mmw_638222750135395639?width=172&amp;height=172
Mac N Cheese,"Macaroni with 3 cheese sauce, topped with spiced crust",22.0,https://images.deliveryhero.io/image/talabat/Menuitems/blob_637677312668554272?width=172&amp;height=172
Spiced Fries,French fries topped with mixed spices,10.0,https://images.deliveryhero.io/image/talabat/Menuitems/blob_637677312003806771?width=172&amp;height=172
Beef Burger,"Made with a juicy, well-seasoned beef patty topped with fresh vegetables and sauce. It's a perfect meal for lunch or dinner.",33.0,https://images.deliveryhero.io/image/talabat/Menuitems/mmw_638224484553441068?width=172&amp;height=172
Chicken Burger,"Made with a juicy, tender, and flavorful chicken patty, topped with fresh vegetables, and sauce. it's a perfect meal for lunch or dinner.",33.0,https://images.deliveryhero.io/image/talabat/Menuitems/mmw_638224486153219896?width=172&amp;height=172
Chicken Tikka Roll ,Contains nuts and Mint chutney on side,25.0,https://images.deliveryhero.io/image/talabat/Menuitems/blob_637687086559092207?width=172&amp;height=172
Mini Butter Chicken Tacos,"8 Pieces with mint chutney on side, contains nuts.",25.0,https://images.deliveryhero.io/image/talabat/Menuitems/mmw_638224487229938443?width=172&amp;height=172
Spicy Korean Ramen,"Spicy Korean ramen, tteokbokki
Topped with green onion and red chili ",32.0,https://images.deliveryhero.io/image/talabat/Menuitems/blob_637686729825033026?width=172&amp;height=172
Korean Fried Chicken,Served with rice cakes and ranch sauce on side,0.0,https://images.deliveryhero.io/image/talabat/Menuitems/mmw_638222757330981027?width=172&amp;height=172
Korean Meal,"Ramen noodles, 1 corn dog, lemonade juice",55.0,https://images.deliveryhero.io/image/talabat/Menuitems/mmw_638222755817685168?width=172&amp;height=172
