item_name,item_description,item_price,item_image
Dynamite Shrimp,Crispy shrimp served with our in house dynamite sauce,35.0,https://images.deliveryhero.io/image/talabat/Menuitems/7FD399135084F61BB0A52194F84F526F?width=172&amp;height=172
Dragon Mission Sushi,"Mission sushi rice, tempura shrimp, cucumber, avocado, mixed capsicums, mixed sesame white soya sheet topped with our in house sweet and spicy mango sauce",40.0,https://images.deliveryhero.io/image/talabat/Menuitems/24BFDAC4D1582E5DF6E5EA68ABC8FDC0?width=172&amp;height=172
Shrimp Katsu Sushi,"Mission sushi rice, tempura shrimp, cucumber, avocado, mixed sesame white soya sheet topped with our in house katsu sauce",40.0,https://images.deliveryhero.io/image/talabat/Menuitems/157332FA153F706A9CEE73D24D7E2E0F?width=172&amp;height=172
Chicken Katsu Curry,"Crispy chicken, spring onions, our in house curry sauce with your choice of rice",40.0,https://images.deliveryhero.io/image/talabat/Menuitems/006D856C3A85879BCB11819CD2683C93?width=172&amp;height=172
Dynamite Shrimp Sushi,"Mission sushi rice, tempura shrimp, avocado, cucumber, mixed sesame white soya sheet topped with our in house dynamite sauce",40.0,https://images.deliveryhero.io/image/talabat/Menuitems/F3AABD0135EE4762AD4255CC6AFAD622?width=172&amp;height=172
Dragon Mission Sushi,"Mission sushi rice, tempura shrimp, cucumber, avocado, mixed capsicums, mixed sesame white soya sheet topped with our in house sweet and spicy mango sauce",40.0,https://images.deliveryhero.io/image/talabat/Menuitems/24BFDAC4D1582E5DF6E5EA68ABC8FDC0?width=172&amp;height=172
Dynamite Shrimp Sushi,"Mission sushi rice, tempura shrimp, avocado, cucumber, mixed sesame white soya sheet topped with our in house dynamite sauce",40.0,https://images.deliveryhero.io/image/talabat/Menuitems/F3AABD0135EE4762AD4255CC6AFAD622?width=172&amp;height=172
Shiitake Teriyaki Sushi,"Mission sushi rice, Teriyaki shiitake mushrooms, white mushrooms, cucumber, avocado,mixed sesame white soya sheet topped with our in house teriyaki sauce",35.0,https://images.deliveryhero.io/image/talabat/Menuitems/2C67CCAEA1CC63C7FD202D3DFFA5151F?width=172&amp;height=172
Beef Teriyaki Sushi,"Mission sushi rice, Teriyaki beef, cucumber, avocado, mixed sesame white soya sheet topped our in house teriyaki sauce",40.0,https://images.deliveryhero.io/image/talabat/Menuitems/ACF9157EAACEEA7827A489984F6536AD?width=172&amp;height=172
Shrimp Katsu Sushi,"Mission sushi rice, tempura shrimp, cucumber, avocado, mixed sesame white soya sheet topped with our in house katsu sauce",40.0,https://images.deliveryhero.io/image/talabat/Menuitems/157332FA153F706A9CEE73D24D7E2E0F?width=172&amp;height=172
Chicken Katsu Sushi,"Mission sushi rice, crispy chicken cucumber, avocado, mixed sesame white soya sheet topped with our in house katsu sauce",35.0,https://images.deliveryhero.io/image/talabat/Menuitems/5D40F2866C533CD1DB69019041CAA192?width=172&amp;height=172
California Sushi,"Mission sushi rice, crabsticks, cucumber, avocado, mixed sesame white soya sheet, crispy crumbs",35.0,https://images.deliveryhero.io/image/talabat/Menuitems/A8ECA9794108C4D00A90392E84E6E19F?width=172&amp;height=172
Crispy Shrimp Sushi,"Mission sushi rice, crispy shrimp, cucumber, Carrot, avocado, crispy crumbs, mixed sesame white soya sheet topped with our in house sweet and spicy sauce",40.0,https://images.deliveryhero.io/image/talabat/Menuitems/1A66A59DBD6E00371449D4284CB28922?width=172&amp;height=172
Cucumber Avocado Sushi,"Mission sushi rice, cucumber, avocado, carrots, mixed sesame white soya sheet topped with our in house tempura sauce",30.0,https://images.deliveryhero.io/image/talabat/Menuitems/884F9B2C5775336FA98B4456183F309B?width=172&amp;height=172
Shrimp Crab Sushi,"Mission sushi rice, tempura shrimp, crabsticks, cucumber, avocado, crispy crumbs, white mixed sesame sheet topped with our in house terimayo sauce",40.0,https://images.deliveryhero.io/image/talabat/Menuitems/C6A27F9CF3473ACBE0C6E6D16E3A1AF2?width=172&amp;height=172
Chicken Katsu Curry,"Crispy chicken, spring onions, our in house curry sauce with your choice of rice",40.0,https://images.deliveryhero.io/image/talabat/Menuitems/006D856C3A85879BCB11819CD2683C93?width=172&amp;height=172
Cheese Chicken Katsu Curry,"Crispy chicken covered with cheese, spring onions, our in house curry sauce with your choice of rice",45.0,https://images.deliveryhero.io/image/talabat/Menuitems/5300DF349C20D3AC5B21E6370B339BF1?width=172&amp;height=172
Grilled Chicken Katsu Curry,"Grilled chicken covered with cheese, spring onions, our in house curry sauce with your choice of rice",40.0,https://images.deliveryhero.io/image/talabat/Menuitems/DAF22DE84B80854D9D0A9E41902826FE?width=172&amp;height=172
Cheese Grilled Chicken Katsu Curry,"Grilled chicken covered with cheese, spring onions, our in house curry sauce with your choice of rice",40.0,https://images.deliveryhero.io/image/talabat/Menuitems/6992C05470F1F12101F0576789135DEE?width=172&amp;height=172
Ebi Shrimp Katsu Curry,"Crispy shrimp, spring onions, our in house curry sauce with your choice of rice",45.0,https://images.deliveryhero.io/image/talabat/Menuitems/FE9DC005F7F9D3B47AF303335792A833?width=172&amp;height=172
Katsu Tofu Curry Vegetarian,"Crispy tofu, spring onions, our in house curry sauce with your choice of rice",40.0,https://images.deliveryhero.io/image/talabat/Menuitems/E6FD4E37F0C0265500829E98D77E6973?width=172&amp;height=172
Eggplant Katsu Curry Vegetarian,"Crispy eggplant, spring onions, our in house curry sauce with your choice of rice",35.0,https://images.deliveryhero.io/image/talabat/Menuitems/08476D676176A541D855230031795BCE?width=172&amp;height=172
Cauliflower Katsu Curry Vegetarian,"Crispy cauliflower, spring onions, our in house curry sauce with your choice of rice",30.0,https://images.deliveryhero.io/image/talabat/Menuitems/AACE068B3A1DE24DE3ABEC23D0D62895?width=172&amp;height=172
Build Your Own Katsu Curry,"Select your favourite rice, protein and favorite toppings",35.0,https://images.deliveryhero.io/image/talabat/Menuitems/4030F8E790FC7345119B6D2A3CBD9A31?width=172&amp;height=172
Dynamite Shrimp,Crispy shrimp served with our in house dynamite sauce,35.0,https://images.deliveryhero.io/image/talabat/Menuitems/7FD399135084F61BB0A52194F84F526F?width=172&amp;height=172
Edamame,Served with spicy mayo,25.0,https://images.deliveryhero.io/image/talabat/Menuitems/42DE9AB5762D5341D8404371D46273C0?width=172&amp;height=172
Spicy Edamame,Served with spicy mayo,25.0,https://images.deliveryhero.io/image/talabat/Menuitems/83EB056842228B503D5677DF18CE600F?width=172&amp;height=172
Garlic Edamame,Served with spicy mayo,25.0,https://images.deliveryhero.io/image/talabat/Menuitems/07DD2778FD54766F2BCE83CD947A1879?width=172&amp;height=172
Ebi Shrimp Tempura,Crispy shrimp served with shoyu sauce,35.0,https://images.deliveryhero.io/image/talabat/Menuitems/21B493EECC9BA011CF2B7E93BF0F78A3?width=172&amp;height=172
Vegetable Tempura,"Crispy sweet potatoes, cauliflower, eggplant, carrots, served with shoyu sauce",30.0,https://images.deliveryhero.io/image/talabat/Menuitems/6B552AD433036D3F6E942EB2DF12A27F?width=172&amp;height=172
Fries,Fries,16.0,https://images.deliveryhero.io/image/talabat/Menuitems/2C1170D01CA3F5B976084D8176A37744?width=172&amp;height=172
Katsu Curry Fries,"Fries, crispy chicken, spring onions, mixed cheese, served with our in house curry sauce",34.0,https://images.deliveryhero.io/image/talabat/Menuitems/32FEB3AA0D71BCBEC542592A3216840D?width=172&amp;height=172
Miso Asparagus,Asparagus tossed with miso dressing,18.0,https://images.deliveryhero.io/image/talabat/Menuitems/E80E21C3571C2305AD34D31E8B530198?width=172&amp;height=172
White Rice,White rice,18.0,https://images.deliveryhero.io/image/talabat/Menuitems/E6AE3CE5309DE997B18E85747EB5D91A?width=172&amp;height=172
Cauliflower rice,Cauliflower rice,20.0,https://images.deliveryhero.io/image/talabat/Menuitems/734DD1EBBC86E5ECE9EA1A67F2BB4935?width=172&amp;height=172
Caesar Salad,"Romaine lettuce, croutons, grated Parmesan cheese, served with our in house Caesar dressing",25.0,https://images.deliveryhero.io/image/talabat/Menuitems/42B0E53FFCCDB882676EE38D1C48D77E?width=172&amp;height=172
Japenese Coleslaw,Asian coleslaw with our in house sesame dressing,35.0,https://images.deliveryhero.io/image/talabat/Menuitems/4DBA080F2B08359525112AB5A0BC4657?width=172&amp;height=172
Beets Salad,"Beetroot, red quinoa, carrots, spinach, edamame, served with our in house lemon vinaigrette dressing",35.0,https://images.deliveryhero.io/image/talabat/Menuitems/A96F5D2A316AE6BA0FFA1B69DB5445B3?width=172&amp;height=172
Chicken Caesar Salad,"Romaine lettuce, grilled chicken, croutons, grated Parmesan cheese, served with our in house Caesar dressing",30.0,https://images.deliveryhero.io/image/talabat/Menuitems/8C68E2BED13BB5B801E5EEB830FB328C?width=172&amp;height=172
Ninja Shrimp Salad,"Mixed lettuce, edamame, cherry tomatoes, tempura shrimp, served with our in house Ninja dressing",35.0,https://images.deliveryhero.io/image/talabat/Menuitems/363DC31EE16DA1BFBF436ADDB9B391CA?width=172&amp;height=172
Green Crab Salad,"Mixed lettuce, edamame, avocado, crabsticks, served with our in house ranch dressing",35.0,https://images.deliveryhero.io/image/talabat/Menuitems/940BF56F6FDEF0851518C5AB4A308140?width=172&amp;height=172
Light Soy Sauce,Light Soy Sauce,5.0,https://images.deliveryhero.io/image/talabat/Menuitems/84B049D12FCDA7ADC2395DCAAF0A0651?width=172&amp;height=172
Soy Sauce,Soy Sauce,5.0,https://images.deliveryhero.io/image/talabat/Menuitems/5F81BFB56E83B013F065FBA8708049F8?width=172&amp;height=172
Teriyaki Sauce,Teriyaki Sauce,5.0,https://images.deliveryhero.io/image/talabat/Menuitems/EDA3C368B90122834B6759ADB6437415?width=172&amp;height=172
Dynamite Sauce,Dynamite Sauce,5.0,https://images.deliveryhero.io/image/talabat/Menuitems/B83568B2D93D02240F36EC2D3E61758C?width=172&amp;height=172
Sweet and Spicy Mango Sauce,Sweet and Spicy Mango Sauce,5.0,https://images.deliveryhero.io/image/talabat/Menuitems/C2B52668B0A7B4F948DEBBA09961777D?width=172&amp;height=172
Sweet and Spicy Sauce,Sweet and Spicy Sauce,5.0,https://images.deliveryhero.io/image/talabat/Menuitems/94C931C1FA1EDEC730BBDC77DFFF2C22?width=172&amp;height=172
Ponzu mayo,Ponzu mayo,5.0,https://images.deliveryhero.io/image/talabat/Menuitems/21FC5402850FA82FBF6BBDFA1E6685FD?width=172&amp;height=172
Tempura sauce,Tempura sauce,5.0,https://images.deliveryhero.io/image/talabat/Menuitems/3F965681CD6CE565236A38741D6B8110?width=172&amp;height=172
Terimayo sauce,Terimayo sauce,5.0,https://images.deliveryhero.io/image/talabat/Menuitems/7B299F06E27599516EED4ED927FFB1AA?width=172&amp;height=172
Mayo,Mayo,5.0,https://images.deliveryhero.io/image/talabat/Menuitems/85ADC86C80287753800063B567EBE4BB?width=172&amp;height=172
Spicy Mayo Sauce,Spicy Mayo Sauce,5.0,https://images.deliveryhero.io/image/talabat/Menuitems/D7E91026B53D062F9641A40E25CF43B6?width=172&amp;height=172
Spicy Garlic Sauce,Spicy Garlic Sauce,5.0,https://images.deliveryhero.io/image/talabat/Menuitems/AF2686236A5B4E31E386C93E45867E93?width=172&amp;height=172
Sweet Chili Sauce,Sweet Chili Sauce,5.0,https://images.deliveryhero.io/image/talabat/Menuitems/4F426F72FFB87CD131A0108AE2D90E1D?width=172&amp;height=172
Shoyu Sauce,Shoyu Sauce,5.0,https://images.deliveryhero.io/image/talabat/Menuitems/04C87DA6CF500E4897FBBF714CAA1F37?width=172&amp;height=172
Katsu Curry Sauce,Katsu Curry Sauce,5.0,https://images.deliveryhero.io/image/talabat/Menuitems/B5274400BF8F46CBD98A21976E15D334?width=172&amp;height=172
Lemon Vinaigrette Dressing,Lemon Vinaigrette Dressing,5.0,https://images.deliveryhero.io/image/talabat/Menuitems/D079C1F4FF2FC71E13E3BD83490EE05E?width=172&amp;height=172
Sesame Dressing,Sesame Dressing,5.0,https://images.deliveryhero.io/image/talabat/Menuitems/A795B5F5F192A98B133E55A617FD1B13?width=172&amp;height=172
Ninja Dressing,Ninja Dressing,5.0,https://images.deliveryhero.io/image/talabat/Menuitems/39F8523367AFAA73D5D80F878D605BED?width=172&amp;height=172
Miso Dressing,Miso Dressing,5.0,https://images.deliveryhero.io/image/talabat/Menuitems/CB3017A096B3251A0ABFDC604AF884BF?width=172&amp;height=172
Caesar Dressing,Caesar Dressing,5.0,https://images.deliveryhero.io/image/talabat/Menuitems/64F17320826C4ABF391FE731EEE4A236?width=172&amp;height=172
Asian Dressing,Asian Dressing,5.0,https://images.deliveryhero.io/image/talabat/Menuitems/366EEA1A2ADD551B6DC93E8BCC721D63?width=172&amp;height=172
Orange Juice,,15.0,https://images.deliveryhero.io/image/talabat/Menuitems/97D60765AD3CB0072103F70CA30E43E4?width=172&amp;height=172
Lemon Juice,,15.0,https://images.deliveryhero.io/image/talabat/Menuitems/A3E6C830E43039A0C4FB818A32743768?width=172&amp;height=172
Lemon Mint Juice,,15.0,https://images.deliveryhero.io/image/talabat/Menuitems/C546C5649AD5A7378552A44D3A2C3F57?width=172&amp;height=172
Green Apple Juice,,15.0,https://images.deliveryhero.io/image/talabat/Menuitems/50426F4E4B54B4974A4DE1ABF1C576EB?width=172&amp;height=172
Red Apple Juice,,15.0,https://images.deliveryhero.io/image/talabat/Menuitems/3B4C2E08D727D28135DB088D32A33E2E?width=172&amp;height=172
Still Water,,9.0,https://images.deliveryhero.io/image/talabat/Menuitems/82F4FF4345CCE3072E0515A47B15E306?width=172&amp;height=172
Sparkling Water,,9.0,https://images.deliveryhero.io/image/talabat/Menuitems/F8C5500D068978B5C2DEE3CF8146287C?width=172&amp;height=172
Coca Cola,,9.0,https://images.deliveryhero.io/image/talabat/Menuitems/25B556BD79BA73C900573353D59A528B?width=172&amp;height=172
Cola Light,,9.0,https://images.deliveryhero.io/image/talabat/Menuitems/73535D4F7CBBA65F15A3603C1AED810C?width=172&amp;height=172
Coke Zero,,9.0,https://images.deliveryhero.io/image/talabat/Menuitems/3518C6D4501A0710E6CB9C87A56A97E1?width=172&amp;height=172
Sprite,,9.0,https://images.deliveryhero.io/image/talabat/Menuitems/B688E78AEFE76BFE0B44780A2D7A6253?width=172&amp;height=172
Fanta Orange,,9.0,https://images.deliveryhero.io/image/talabat/Menuitems/427764096B4B50983913682640268BC8?width=172&amp;height=172
Fanta Strawberry,,9.0,https://images.deliveryhero.io/image/talabat/Menuitems/05348DB3ABB1BAB1EE9B2A3AC0B5FD18?width=172&amp;height=172
Jarrito,,15.0,https://images.deliveryhero.io/image/talabat/Menuitems/AD3DE6EE63F6FE499FB3CE562E580309?width=172&amp;height=172
