item_name,item_description,item_price,item_image
Pad Thai Noodles,"Rice stick noodles stir fried with eggs, carrot, beansprouts and cabbage. Tossed in our tangy pad Thai sauce. Garnished with cilantro, lime, crushed peanuts and fried shallots.",43.0,https://images.deliveryhero.io/image/talabat/Menuitems/F3290120D5D04CD92A60C796CC208EBF?width=172&amp;height=172
1 Starter with1 Main Bowl and a Drink,,65.0,
Garlic Chicken Bowl,"Sweet and Spicy Garlic Chicken tossed with Snow Peas and Chili Pods, Serve with Steamed Rice or Egg Noodles",44.0,https://images.deliveryhero.io/image/talabat/Menuitems/5B5B6B7AD9E7F847130F77DA8A1CAEFF?width=172&amp;height=172
Japanese Udon Noodles,"Thick udon noodles, carrots, cabbage, red and green peppers tossed in our rich, dark sauce garnished with spring onions.",38.0,https://images.deliveryhero.io/image/talabat/Menuitems/5C248071CCB65A35D2D9B6F62ECF9AEF?width=172&amp;height=172
Beef Broccoli Bowl,Served with rice.,54.0,https://images.deliveryhero.io/image/talabat/Menuitems/6634076FFBF12BFBB643E7862C975B3C?width=172&amp;height=172
Dynamite Shrimp,"Deep fried, crispy shrimps covered in creamy dynamite sauce and topped off with fresh scallions.",40.0,https://images.deliveryhero.io/image/talabat/Menuitems/4C092B8B0291ECEC4B411E7B6F66677F?width=172&amp;height=172
Dynamite Chicken,"Deep fried, crispy chicken covered in creamy dynamite sauce and topped off with fresh scallions.",38.0,https://images.deliveryhero.io/image/talabat/Menuitems/C42CB5A7DFCD3EE750770C9F18FB136F?width=172&amp;height=172
Vegetable Spring Roll,"Deep fried, crispy vegetable rolls. 4 pieces",25.0,https://images.deliveryhero.io/image/talabat/Menuitems/7AA39CAB72C84B2038144F4E937D2FE7?width=172&amp;height=172
Edamame Beans,Steamed and tossed with salt.,23.0,https://images.deliveryhero.io/image/talabat/Menuitems/B47CD73A455AFA527D6A8C2F0B61D9D1?width=172&amp;height=172
Spicy Edamame,Steamed and tossed with spicy sauce.,26.0,https://images.deliveryhero.io/image/talabat/Menuitems/B5941E8E3D18F036DAB8F01094A766E0?width=172&amp;height=172
Kung Pao Chicken,"Chicken, celery, and pepper strips wok stir-fried in our spicy kung pao sauce served with rice.",47.0,https://images.deliveryhero.io/image/talabat/Menuitems/9E882CA9B25A41447D4C166BB64AE8BD?width=172&amp;height=172
Kung Pao Shrimp,"Shrimp, celery, and pepper strips wok stir-fried in our spicy kung pao sauce served with rice.",48.0,https://images.deliveryhero.io/image/talabat/Menuitems/0279071272974E5DFFB48DAFF3878DCD?width=172&amp;height=172
Sweet And Sour Shrimp,"Shrimp stir-fried with red and green peppers, yellow onion, and our sweet and sour sauce. served with rice.",46.0,https://images.deliveryhero.io/image/talabat/Menuitems/46BA3C3F25654090AE761ADAEEE24A68?width=172&amp;height=172
Sweet And Sour Chicken,"Succulent chicken pieces wok-fried with red and green peppers, yellow onion and our sweet and sour sauce served with rice.",44.0,https://images.deliveryhero.io/image/talabat/Menuitems/D516E23A545DC706FFEF66AEF7BCEB1C?width=172&amp;height=172
Sesame Chicken Bowl,"Succulent slices of chicken wok stir-fried with onion, broccoli and our secret sweet pepper mix tossed in a creamy sesame sauce",45.0,https://images.deliveryhero.io/image/talabat/Menuitems/631FA753E17EFA49B999317DB3D38F73?width=172&amp;height=172
Spicy Prawns,"Prawns, red jalapeños, dried chili and peppers wok sir-fried in our fiery sauce served with rice.",48.0,https://images.deliveryhero.io/image/talabat/Menuitems/FAF52A1F8193D71AA195B3D4491EF787?width=172&amp;height=172
Mapo Tofu Broccoli,Diced tofu cooked in mapo tofu sauce served with steamed broccoli and rice.,38.0,https://images.deliveryhero.io/image/talabat/Menuitems/C541DC8F9B5ED51F1E5A40766DF8533E?width=172&amp;height=172
Garlic Chicken Bowl,"Sweet and Spicy Garlic Chicken tossed with Snow Peas and Chili Pods, Serve with Steamed Rice or Egg Noodles",44.0,https://images.deliveryhero.io/image/talabat/Menuitems/5B5B6B7AD9E7F847130F77DA8A1CAEFF?width=172&amp;height=172
Beef Broccoli Bowl,Served with rice.,54.0,https://images.deliveryhero.io/image/talabat/Menuitems/6634076FFBF12BFBB643E7862C975B3C?width=172&amp;height=172
Lo Mein Noodles,Fresh egg noodles stir-fried with vegetables and tossed in our special sauce.,39.0,https://images.deliveryhero.io/image/talabat/Menuitems/2DA61218A342E44A7C599E9168E25280?width=172&amp;height=172
Pad Thai Noodles,"Rice stick noodles stir fried with eggs, carrot, beansprouts and cabbage. Tossed in our tangy pad Thai sauce. Garnished with cilantro, lime, crushed peanuts and fried shallots.",43.0,https://images.deliveryhero.io/image/talabat/Menuitems/F3290120D5D04CD92A60C796CC208EBF?width=172&amp;height=172
Singapore Noodles,"Vermicelli noodles cooked with cabbage, carrots, cherry tomatoes and tossed in our tangy Singapore sauce Served with lime wedges, cilantro and fried shallots.",38.0,https://images.deliveryhero.io/image/talabat/Menuitems/46A3F10B618929AA15F34A2C1E45C1ED?width=172&amp;height=172
Japanese Udon Noodles,"Thick udon noodles, carrots, cabbage, red and green peppers tossed in our rich, dark sauce garnished with spring onions.",38.0,https://images.deliveryhero.io/image/talabat/Menuitems/5C248071CCB65A35D2D9B6F62ECF9AEF?width=172&amp;height=172
Stir Fried Rice,"Stir-fried rice, tossed with fresh egg, cabbage, carrots, & spring onion with our special savory sauce",35.0,https://images.deliveryhero.io/image/talabat/Menuitems/3A54F0830E072DA242DDD2A56DE16A95?width=172&amp;height=172
2 Starters,,46.0,
1 Starter with1 Main Bowl and a Drink,,65.0,
"1 Starter, 1 Noodle and a Drink",,63.0,
Broccoli,Steamed broccoli,12.0,https://images.deliveryhero.io/image/talabat/Menuitems/D50A7906C667F6D99D4C31A339C5F67E?width=172&amp;height=172
White Steamed Rice,White steamed rice,9.0,https://images.deliveryhero.io/image/talabat/Menuitems/DC78E536065429069F7C353F93BAE97E?width=172&amp;height=172
Coca Cola,,9.0,https://images.deliveryhero.io/image/talabat/Menuitems/52802D063768FAE07FC1B5F4EDD5EA00?width=172&amp;height=172
Coca Cola Light,,9.0,https://images.deliveryhero.io/image/talabat/Menuitems/437D6EBE8E0013A36CBB66314279C751?width=172&amp;height=172
Sprite,,9.0,https://images.deliveryhero.io/image/talabat/Menuitems/D4AF5EE187F71E84F02061210613A7B8?width=172&amp;height=172
