item_name,item_description,item_price,item_image
Pistachio Pancakes,,21.0,https://images.deliveryhero.io/image/talabat/Menuitems/Pancakes638002544161806720.jpg?width=172&amp;height=172
Pancakes And Maple Syrup,,15.0,https://images.deliveryhero.io/image/talabat/Menuitems/Pancakes638002544072960081.jpg?width=172&amp;height=172
Orange Juice,"Made capturing all the natural sweetness and tangy citrus flavor. Packed with Vitamin C, it's the perfect thirst quencher and a healthy addition to your daily diet.",14.0,https://images.deliveryhero.io/image/talabat/Menuitems/Smoothies638002545919341319.jpg?width=172&amp;height=172
Penne,,26.0,https://images.deliveryhero.io/image/talabat/Menuitems/Customizable_Pasta_1638002547389827609.jpg?width=172&amp;height=172
Chicken Shish Touk Sandwich,Served with fries and salad,25.0,https://images.deliveryhero.io/image/talabat/Menuitems/Shish_Touk_Sandwich_1638002542553826082.jpg?width=172&amp;height=172
English Breakfast,"Beef bacon, chicken sausage, sautéed tomato, mushrooms, baked beans, toasted bread, hashbrowns and salad",38.0,https://images.deliveryhero.io/image/talabat/Menuitems/English_Breakfast_1638002535994612588.jpg?width=172&amp;height=172
Signature Omelet,Omelet with feta cheese and avocado,18.0,https://images.deliveryhero.io/image/talabat/Menuitems/Signature_Omelet_2638002542541138652.jpg?width=172&amp;height=172
Avocado Toast,"1 piece of sliced bread, scrambled eggs and avocado",22.0,https://images.deliveryhero.io/image/talabat/Menuitems/Avocado_Toast1638002532693646575.jpg?width=172&amp;height=172
Arabic Breakfast,"Chicken sausage, haloumi cheese, Arabic bread, sautéed mushrooms, hashbrowns, sweet melon or watermelon with mint leaves and salad
",35.0,
2 Chicken Pieces Meal,"Fries, bun and dip
",17.0,https://images.deliveryhero.io/image/talabat/Menuitems/Fried_Chicken_2638002535992929908.jpg?width=172&amp;height=172
3 Chicken Pieces Meal,"Fries, bun, dip and coca cola",24.0,https://images.deliveryhero.io/image/talabat/Menuitems/Fried_Chicken_4638002538497754922.jpg?width=172&amp;height=172
4 Chicken Pieces Meal,"Fries, bun, dip and coca cola",30.0,https://images.deliveryhero.io/image/talabat/Menuitems/Fried_Chicken_6638002538601624348.jpg?width=172&amp;height=172
6 Chicken Pieces Meal,"Fries, 2 bun, dip and 2 coca cola",42.0,https://images.deliveryhero.io/image/talabat/Menuitems/Fried_Chicken_4638002538637590350.jpg?width=172&amp;height=172
Fried Wings,6 Pieces,26.0,
Penne,,26.0,https://images.deliveryhero.io/image/talabat/Menuitems/Customizable_Pasta_1638002547389827609.jpg?width=172&amp;height=172
Fettuccini Pasta,,32.0,https://images.deliveryhero.io/image/talabat/Menuitems/Customizable_Pasta_2638002547442452777.jpg?width=172&amp;height=172
Spaghetti,"A long, thin, cylindrical pasta that is a staple of Italian cuisine.",26.0,https://images.deliveryhero.io/image/talabat/Menuitems/Customizable_Pasta_5638002547417149610.jpg?width=172&amp;height=172
French Fries,"Fried to a golden crisp perfection and perfectly seasoned, perfect accompaniment to any meal.",12.0,https://images.deliveryhero.io/image/talabat/Menuitems/French_Fries_1638002535988138969.jpg?width=172&amp;height=172
Sweet Potato Fries,"Indulge in the perfect balance of crispy and tender with our Sweet Potato Fries, expertly seasoned and lightly golden, delivering a mouthwatering experience that will have you craving their delightful sweetness with every bite.",15.0,https://images.deliveryhero.io/image/talabat/Menuitems/Sweet_Potato_Fries_1638002542549043192.jpg?width=172&amp;height=172
Chicken Cheese Balls,,25.0,https://images.deliveryhero.io/image/talabat/Menuitems/Crispy_Chicken_Cheese_Sti638002535972100194.jpg?width=172&amp;height=172
Potato Cheese Balls,,18.0,https://images.deliveryhero.io/image/talabat/Menuitems/Potato_Cheese_Balls_1638002542534694249.jpg?width=172&amp;height=172
Shrimp Fries,,25.0,https://images.deliveryhero.io/image/talabat/Menuitems/Shrimp_Fries638002542553860400.jpg?width=172&amp;height=172
Mozarella Cheese Sticks,,22.0,https://images.deliveryhero.io/image/talabat/Menuitems/Mozzarella_Cheese_Sticks_638002542552308457.jpg?width=172&amp;height=172
Dynamite Shrimps,"Made with succulent shrimp tossed in a spicy sauce and served with a side of cool, creamy dipping sauce.",25.0,https://images.deliveryhero.io/image/talabat/Menuitems/Dynamite_Shrimps638002535984984070.jpg?width=172&amp;height=172
Falafel,"Made with deep-fried balls of ground chickpeas and spices, served with tahini sauce. It;s a perfect side dish for vegetarians.",20.0,https://images.deliveryhero.io/image/talabat/Menuitems/Falafel638002535921670657.jpg?width=172&amp;height=172
Loaded Fries Finger food,,18.0,
Signature Beef Burger,"Beef, beef bacon and fried egg served with fries and salad, prepared with hand made patties",32.0,https://images.deliveryhero.io/image/talabat/Menuitems/Signature_Beef_Burger_1638002542549254635.jpg?width=172&amp;height=172
Crispy Chicken Burger,"Served with fries and salad, prepared with hand made patties",24.0,https://images.deliveryhero.io/image/talabat/Menuitems/Crispy_Chicken_Burger_4638002535825194577.jpg?width=172&amp;height=172
Grilled Chicken Burger,"Served with fries and salad, prepared with hand made patties",24.0,https://images.deliveryhero.io/image/talabat/Menuitems/Grilled_BBQ_Chicken_Burge638002535984956343.jpg?width=172&amp;height=172
Mushroom Burger,"Served with fries and salad, prepared with hand made patties",25.0,https://images.deliveryhero.io/image/talabat/Menuitems/Assorted_Burgers_1638002532667521831.jpg?width=172&amp;height=172
Grilled Veg Burger,"Served with fries and salad, prepared with hand made patties",20.0,
MnC Club Sandwich,"Chicken, beef bacon and fried egg served with fries and salad
",25.0,https://images.deliveryhero.io/image/talabat/Menuitems/MnC_Club_Sandwich638002542545765731.jpg?width=172&amp;height=172
Chicken Shish Touk Sandwich,Served with fries and salad,25.0,https://images.deliveryhero.io/image/talabat/Menuitems/Shish_Touk_Sandwich_1638002542553826082.jpg?width=172&amp;height=172
Grilled Chicken Sandwich,Served with fries and salad,19.0,
Grilled Veg Sandwich,Served with fries and salad,20.0,https://images.deliveryhero.io/image/talabat/Menuitems/Grilled_Veg_Sandwich_4638002535992808314.jpg?width=172&amp;height=172
Tuna Sandwich,Served with fries and salad,21.0,https://images.deliveryhero.io/image/talabat/Menuitems/Tuna_Sandwich_2638002542553877140.jpg?width=172&amp;height=172
Fried Egg And Peanut Butter Sandwich,Served with fries and salad,15.0,https://images.deliveryhero.io/image/talabat/Menuitems/Fried_Egg_Peanut_Butter_S638002535987381520.jpg?width=172&amp;height=172
Chicken Quesadilla Wrap,"Spicy Mexican marinated chicken served with fries and salad
",18.0,https://images.deliveryhero.io/image/talabat/Menuitems/Chicken_Quesadilla_Wrap_1638002532695265241.jpg?width=172&amp;height=172
Falafel Wrap,Served with fries and salad,20.0,https://images.deliveryhero.io/image/talabat/Menuitems/Falafel_Wrap_1638002535991381200.jpg?width=172&amp;height=172
Chicken Avocado Wrap,Served with fries and salad,19.0,https://images.deliveryhero.io/image/talabat/Menuitems/Chicken_Avocado_Wrap_1638002532593852896.jpg?width=172&amp;height=172
Crispy Chicken Wrap,Served with fries and salad,18.0,https://images.deliveryhero.io/image/talabat/Menuitems/Crispy_Chicken_Wrap_2638002535947277745.jpg?width=172&amp;height=172
Spicy Beef Wrap,Served with fries and salad,22.0,https://images.deliveryhero.io/image/talabat/Menuitems/Beef_Steak_Wrap638002532683426974.jpg?width=172&amp;height=172
Pancakes And Maple Syrup,,15.0,https://images.deliveryhero.io/image/talabat/Menuitems/Pancakes638002544072960081.jpg?width=172&amp;height=172
Nutella Pancakes,,16.0,https://images.deliveryhero.io/image/talabat/Menuitems/Pancakes638002544108071985.jpg?width=172&amp;height=172
Nutella And Banana Pancakes,,18.0,https://images.deliveryhero.io/image/talabat/Menuitems/Pancakes638002544138506528.jpg?width=172&amp;height=172
Pistachio Pancakes,,21.0,https://images.deliveryhero.io/image/talabat/Menuitems/Pancakes638002544161806720.jpg?width=172&amp;height=172
Nutella Waffles,,16.0,https://images.deliveryhero.io/image/talabat/Menuitems/Waffles638002543619970850.jpg?width=172&amp;height=172
Pistachio Waffles,,21.0,https://images.deliveryhero.io/image/talabat/Menuitems/Waffles638002543674475531.jpg?width=172&amp;height=172
Chocolate Frappe,Brazilian coffee of cupping score 86,21.0,https://images.deliveryhero.io/image/talabat/Menuitems/Frappe638002539360928259.jpg?width=172&amp;height=172
Oreo Frappe,Brazilian coffee of cupping score 86,22.0,https://images.deliveryhero.io/image/talabat/Menuitems/Frappe638002535984926550.jpg?width=172&amp;height=172
Frappuccino,Brazilian coffee of cupping score 86,25.0,https://images.deliveryhero.io/image/talabat/Menuitems/Frappe638002539397756730.jpg?width=172&amp;height=172
Mango Frappe,Brazilian coffee of cupping score 86,26.0,https://images.deliveryhero.io/image/talabat/Menuitems/Frappe638002539477803573.jpg?width=172&amp;height=172
Caramel Frappe,Brazilian coffee of cupping score 86,22.0,https://images.deliveryhero.io/image/talabat/Menuitems/Frappe638002539512747374.jpg?width=172&amp;height=172
Pistachio Frappe,Brazilian coffee of cupping score 86,26.0,https://images.deliveryhero.io/image/talabat/Menuitems/Frappe638002539533630258.jpg?width=172&amp;height=172
White Mocha Frappe,Brazilian coffee of cupping score 86,23.0,https://images.deliveryhero.io/image/talabat/Menuitems/Frappe638002539569768790.jpg?width=172&amp;height=172
Dark Mocha Frappe,Brazilian coffee of cupping score 86,23.0,https://images.deliveryhero.io/image/talabat/Menuitems/Frappe638002539625575244.jpg?width=172&amp;height=172
Ceasar Salad,"Classic and creamy caesar salad, made with crisp romaine lettuce, crunchy croutons, and topped with freshly shaved parmesan cheese.",25.0,https://images.deliveryhero.io/image/talabat/Menuitems/Caesar_Salad_8638002532701647024.jpg?width=172&amp;height=172
Fatoush Salad,"Salad made with mixed greens, vegetables, and crispy pieces of toasted bread.",24.0,
Roasted Chicken Salad,,24.0,https://images.deliveryhero.io/image/talabat/Menuitems/Roasted_Chicken_Salad_2638002542549101873.jpg?width=172&amp;height=172
Tuna Salad,"Treat yourself to a delicious and healthy lunch with our fresh Tuna Salad, featuring tender tuna, veggies, and a tangy dressing.",20.0,
Keto Chicken Avocado Salad,,26.0,https://images.deliveryhero.io/image/talabat/Menuitems/Keto_Chicken_Avocado_Sala638002535994418243.jpg?width=172&amp;height=172
Greek Salad,"Made with a mix of fresh vegetables such as tomatoes, cucumbers, onions, and feta cheese, it's a healthy and delicious option for those looking for a light meal or a side dish.",18.0,https://images.deliveryhero.io/image/talabat/Menuitems/Greek_Salad_3638002535989579532.jpg?width=172&amp;height=172
Virgin Mojito,"Tangy lime, fresh mint, and a splash of soda",16.0,https://images.deliveryhero.io/image/talabat/Menuitems/Mojitos638002540743434625.jpg?width=172&amp;height=172
Mint Mojito,"Mint mojito, a vibrant blend of zesty lime, fresh mint leaves, and sparkling soda water",17.0,https://images.deliveryhero.io/image/talabat/Menuitems/Mint_Mojito_2638002542541256656.jpg?width=172&amp;height=172
Cherry Mojito,"This invigorating blend of fresh cherries, zesty lime, mint leaves, and a splash of soda",20.0,https://images.deliveryhero.io/image/talabat/Menuitems/Cherry_Mojito_1638002532637877939.jpg?width=172&amp;height=172
Strawberry Mojito,"Made with fresh strawberries, mint leaves, lime juice and a splash of soda. A perfect balance of sweet and tangy, it's a great way to quench your thirst.",22.0,https://images.deliveryhero.io/image/talabat/Menuitems/Strawberry_Mojito_4638002542550704037.jpg?width=172&amp;height=172
Blueberry Mojito,"Made with fresh blueberries, mint leaves, lime juice and a splash for soda. It's a great way to quench your thirst.",22.0,https://images.deliveryhero.io/image/talabat/Menuitems/Mojitos638002541067989147.jpg?width=172&amp;height=172
Blackberry Mojito,Experience the refreshing burst of our Blackberry Mojito—a tantalizing blend of juicy blackberries and invigorating flavors that transport you to a tropical paradise sip after sip.,22.0,https://images.deliveryhero.io/image/talabat/Menuitems/Mojitos638002541148816831.jpg?width=172&amp;height=172
Blue Lagoon Mojito,"Experience our Blue Lagoon Mojito, blending sweet and tart blueberries with zesty lime and refreshing mint, creating a visually stunning and deliciously refreshing cocktail.",17.0,https://images.deliveryhero.io/image/talabat/Menuitems/Blue_Lagoon_Mojito_1638002532698452260.jpg?width=172&amp;height=172
Passionate Orange Mojito,,23.0,https://images.deliveryhero.io/image/talabat/Menuitems/Mojitos638002541182545723.jpg?width=172&amp;height=172
Passionfruit Mojito,"A cocktail made with passionfruit juice, lime, mint and sugar",21.0,https://images.deliveryhero.io/image/talabat/Menuitems/Mojitos638002541216855867.jpg?width=172&amp;height=172
Pineapple Mojito,"Made with fresh pineapple, mint leaves, lime juice and a splash of soda. A perfect balance of sweet and tangy, it's a great way to quench your thirst.",20.0,https://images.deliveryhero.io/image/talabat/Menuitems/Pineapple_Mojito_5638002542554418907.jpg?width=172&amp;height=172
Mango Mojito,"Satisfy your thirst with the deliciously refreshing Mango Mojito, blending juicy mango, fresh mint, and zesty lime for a tropical and satisfying drink.",20.0,https://images.deliveryhero.io/image/talabat/Menuitems/Mango_Mojito_1638002542539439301.jpg?width=172&amp;height=172
Watermelon Mojito,"Made with watermelon, lime, mint and a splash of soda water and will transport you to a tropical paradise.",20.0,https://images.deliveryhero.io/image/talabat/Menuitems/Mojitos638002541824632042.jpg?width=172&amp;height=172
Raspberry Mojito,"Made with fresh rasberries, mint leaves, lime juice and a splash for soda. It's a great way to quench your thirst.",22.0,https://images.deliveryhero.io/image/talabat/Menuitems/Mojitos638002541951988556.jpg?width=172&amp;height=172
MnC Pride,"Avocado And Pistachio
",22.0,https://images.deliveryhero.io/image/talabat/Menuitems/Smoothies638002546116197371.jpg?width=172&amp;height=172
Avocado And Honey,,17.0,https://images.deliveryhero.io/image/talabat/Menuitems/Smoothies638002546355295471.jpg?width=172&amp;height=172
Strawberry,Indulge in the sweet and juicy burst of flavor with every bite of our plump and ripe strawberries,21.0,https://images.deliveryhero.io/image/talabat/Menuitems/Smoothies638002546294474580.jpg?width=172&amp;height=172
Pistachio Milkshake,Made with sweet mik and crushed pistachios for a creamy and delicious treat.,23.0,
Oreo Shake,"Satisfy your sweet tooth with our decadent Oreo Shake, a creamy concoction of velvety vanilla ice cream, rich chocolate syrup, and chunks of crumbly Oreo cookies blended to perfection!",18.0,https://images.deliveryhero.io/image/talabat/Menuitems/Oreo_Shake_1638002542547188923.jpg?width=172&amp;height=172
Lotus Shake,"A heavenly blend of smooth and creamy vanilla ice cream, drizzled with sweet caramel sauce and swirled with crushed Lotus Biscoff cookies for a crunchy and indulgent treat!",19.0,
Chocolate Milkshake,"Satisfy your sweet tooth with our rich and creamy Chocolate Milkshake, made with chocolate ice cream and milk.",17.0,
MnC Crystal,"Mango And Sweet Melon
",20.0,https://images.deliveryhero.io/image/talabat/Menuitems/Smoothies638002546272110895.jpg?width=172&amp;height=172
Watermelon Juice,Refreshing and hydrating beverage made from freshly squeezed watermelon. It is a natural source of vitamins and minerals,14.0,https://images.deliveryhero.io/image/talabat/Menuitems/Smoothies638002545847925970.jpg?width=172&amp;height=172
MnC Pinacolada,"Coconut And Pineapple
",20.0,https://images.deliveryhero.io/image/talabat/Menuitems/Smoothies638002546089018285.jpg?width=172&amp;height=172
Orange Juice,"Made capturing all the natural sweetness and tangy citrus flavor. Packed with Vitamin C, it's the perfect thirst quencher and a healthy addition to your daily diet.",14.0,https://images.deliveryhero.io/image/talabat/Menuitems/Smoothies638002545919341319.jpg?width=172&amp;height=172
MnC Heartbeat,"Mango, Banana And Strawberry
",21.0,https://images.deliveryhero.io/image/talabat/Menuitems/Smoothies638002546044849910.jpg?width=172&amp;height=172
MnC Zaeem,"Mango And Avocado
",22.0,https://images.deliveryhero.io/image/talabat/Menuitems/Smoothies638002546148928938.jpg?width=172&amp;height=172
MnC Malaki,"Mango, Sweet Melon Ans Strawberry
",22.0,https://images.deliveryhero.io/image/talabat/Menuitems/Smoothies638002546221693116.jpg?width=172&amp;height=172
Lemon Juice,"Made with real lemons and a hint of sweetness. Perfectly balanced, it's a great way to quench your thirst and enjoy the taste of fresh lemons any time of the day.",10.0,https://images.deliveryhero.io/image/talabat/Menuitems/Smoothies638002545936914581.jpg?width=172&amp;height=172
Banana,"Savor the sweet and creamy goodness of our fresh, ripe bananas that are perfect for a healthy drink",17.0,https://images.deliveryhero.io/image/talabat/Menuitems/Smoothies638002546328825116.jpg?width=172&amp;height=172
Mix Berries,"Mix of fresh and seasonal berry, healthy option filled of dose of vitamins and nutrients.",22.0,https://images.deliveryhero.io/image/talabat/Menuitems/Smoothies638002546419254157.jpg?width=172&amp;height=172
Mango Slush,Mango And Strawberry ,0.0,https://images.deliveryhero.io/image/talabat/Menuitems/Smoothies638002546444181956.jpg?width=172&amp;height=172
Mango,"Savor the sweet and juicy burst of tropical flavor in every bite of our perfectly ripe Mangoes, the ultimate snack for satisfying your fruit cravings.",18.0,https://images.deliveryhero.io/image/talabat/Menuitems/Smoothies638002546463983144.jpg?width=172&amp;height=172
Cocktail Fruit ,"Choice of 3 Fruits
",20.0,https://images.deliveryhero.io/image/talabat/Menuitems/Smoothies638002546495187809.jpg?width=172&amp;height=172
Espresso,Brazilian coffee of cupping score 86,14.0,https://images.deliveryhero.io/image/talabat/Menuitems/Coffee_18638002539754710889.jpg?width=172&amp;height=172
Americano,Brazilian coffee of cupping score 86,15.0,https://images.deliveryhero.io/image/talabat/Menuitems/Coffee_6638002539822655390.jpg?width=172&amp;height=172
Flat White,Brazilian coffee of cupping score 86,16.0,https://images.deliveryhero.io/image/talabat/Menuitems/Coffee_6638002539896135121.jpg?width=172&amp;height=172
Latte,Brazilian coffee of cupping score 86,16.0,https://images.deliveryhero.io/image/talabat/Menuitems/Coffee_6638002540040047573.jpg?width=172&amp;height=172
Cappuccino,Brazilian coffee of cupping score 86,16.0,https://images.deliveryhero.io/image/talabat/Menuitems/Coffee_6638002540074465042.jpg?width=172&amp;height=172
Spanish Latte,Brazilian coffee of cupping score 86,18.0,https://images.deliveryhero.io/image/talabat/Menuitems/Coffee_6638002540107224877.jpg?width=172&amp;height=172
Peppermint Latte,Brazilian coffee of cupping score 86,21.0,https://images.deliveryhero.io/image/talabat/Menuitems/Coffee_6638002540139480122.jpg?width=172&amp;height=172
Macchiato,Brazilian coffee of cupping score 86,18.0,https://images.deliveryhero.io/image/talabat/Menuitems/Coffee_6638002540176920009.jpg?width=172&amp;height=172
Caramel Macchiato,Brazilian coffee of cupping score 86,19.0,https://images.deliveryhero.io/image/talabat/Menuitems/Coffee_6638002540208218420.jpg?width=172&amp;height=172
Mocha,Brazilian coffee of cupping score 86,18.0,https://images.deliveryhero.io/image/talabat/Menuitems/Coffee_6638002540261444818.jpg?width=172&amp;height=172
Caramel Mocha,Brazilian coffee of cupping score 86,19.0,https://images.deliveryhero.io/image/talabat/Menuitems/Coffee_6638002540272565435.jpg?width=172&amp;height=172
Vanilla Latte,Brazilian coffee of cupping score 86,18.0,https://images.deliveryhero.io/image/talabat/Menuitems/Coffee_6638002540293579682.jpg?width=172&amp;height=172
White Mocha,Brazilian coffee of cupping score 86,20.0,https://images.deliveryhero.io/image/talabat/Menuitems/Coffee_6638002540348022179.jpg?width=172&amp;height=172
Matcha Latte,Brazilian coffee of cupping score 86,21.0,https://images.deliveryhero.io/image/talabat/Menuitems/Coffee_6638002540381759501.jpg?width=172&amp;height=172
Hot Chocolate,"Made with rich cocoa powder, it's the perfect treat when you just want to indulge in something sweet.",16.0,https://images.deliveryhero.io/image/talabat/Menuitems/Coffee_6638002540503265580.jpg?width=172&amp;height=172
Iced Spanish Latte,Brazilian coffee of cupping score 86,20.0,https://images.deliveryhero.io/image/talabat/Menuitems/Iced_Coffee638002538800225322.jpg?width=172&amp;height=172
Iced Latte,Brazilian coffee of cupping score 86,19.0,https://images.deliveryhero.io/image/talabat/Menuitems/Iced_Coffee638002535994576093.jpg?width=172&amp;height=172
Iced Americano,Brazilian coffee of cupping score 86,16.0,https://images.deliveryhero.io/image/talabat/Menuitems/Iced_Coffee638002538873007264.jpg?width=172&amp;height=172
Iced Macchiato,Brazilian coffee of cupping score 86,18.0,https://images.deliveryhero.io/image/talabat/Menuitems/Iced_Coffee638002538910527697.jpg?width=172&amp;height=172
Iced Caramel Macchiato,Brazilian coffee of cupping score 86,20.0,https://images.deliveryhero.io/image/talabat/Menuitems/Iced_Coffee638002538940368583.jpg?width=172&amp;height=172
Iced Mocha,Brazilian coffee of cupping score 86,20.0,https://images.deliveryhero.io/image/talabat/Menuitems/Iced_Coffee638002538967324925.jpg?width=172&amp;height=172
Iced Strawberry Latte,Brazilian coffee of cupping score 86,20.0,
Iced White Mocha,Brazilian coffee of cupping score 86,22.0,https://images.deliveryhero.io/image/talabat/Menuitems/Iced_Coffee638002539216268975.jpg?width=172&amp;height=172
Iced Pistachio Latte,Brazilian coffee of cupping score 86,23.0,
Iced Chocolate Latte,Brazilian coffee of cupping score 86,20.0,https://images.deliveryhero.io/image/talabat/Menuitems/Iced_Coffee638002539108492953.jpg?width=172&amp;height=172
Grilled Chicken Breast,"150 g protein with choice of Carbohydrates 




",28.0,https://images.deliveryhero.io/image/talabat/Menuitems/Diet_Food_1638002543137587917.jpg?width=172&amp;height=172
Grilled Beef Cuts,"150 g protein with choice of Carbohydrates 




",35.0,https://images.deliveryhero.io/image/talabat/Menuitems/Diet_Food_1638002543162521558.jpg?width=172&amp;height=172
Grilled White Fish Fillet,"150 g protein with choice of Carbohydrates 




",28.0,https://images.deliveryhero.io/image/talabat/Menuitems/Diet_Food_1638002543233366382.jpg?width=172&amp;height=172
Grilled Paneer Tofu,"150 g protein with choice of Carbohydrates 




",30.0,https://images.deliveryhero.io/image/talabat/Menuitems/Diet_Food_4638002543274102682.jpg?width=172&amp;height=172
Egg Whites 5 pcs,"150 g protein with choice of Carbohydrates 




",20.0,https://images.deliveryhero.io/image/talabat/Menuitems/Diet_Food_4638002543300879356.jpg?width=172&amp;height=172
Soft Drinks,Carbonated soft drink,5.0,
Water,500ml,2.0,
Coca-Cola,330ml,5.0,
Coca-Cola Zero,330ml,5.0,
Sprite,330ml,5.0,
