item_name,item_description,item_price,item_image
Chesse Manoucheh,,10.0,https://images.deliveryhero.io/image/talabat/Menuitems/JAN_TALABAT_UAE_NAJMAT_KI637793195365687294.jpg?width=172&amp;height=172
Fataer Mix Plate,A mix of medium sized pies.,0.0,https://images.deliveryhero.io/image/talabat/Menuitems/mmw_637800940553405608?width=172&amp;height=172
Chesse Zaatar Manoucheh,,10.0,https://images.deliveryhero.io/image/talabat/Menuitems/JAN_TALABAT_UAE_NAJMAT_KI637793195456706612.jpg?width=172&amp;height=172
Spcial Manakish With Meat,,13.0,https://images.deliveryhero.io/image/talabat/Menuitems/mmw_637996831041324879?width=172&amp;height=172
Chesse With Meat Manoucheh,,10.0,https://images.deliveryhero.io/image/talabat/Menuitems/JAN_TALABAT_UAE_NAJMAT_KI637793196547080544.jpg?width=172&amp;height=172
Labneh Vegetable Sandwich,,8.0,
Falafel Sandwich,"Made with deep-fried balls of ground chickpeas and spices, served in a bread with various toppings such as tahini, tomatoes, and parsley, it's a perfect meal for vegetarians.",8.0,
Sandwich Fahita,,14.0,https://images.deliveryhero.io/image/talabat/Menuitems/mmw_637795672634727375?width=172&amp;height=172
Hawawshi Sandwiches,,15.0,https://images.deliveryhero.io/image/talabat/Menuitems/mmw_637780134265909053?width=172&amp;height=172
Spicial Oven Sandwitch,"Sandwitch have margherita sauce, chicken,hot dog, pepproni, mozarila, and vegtables.",15.0,https://images.deliveryhero.io/image/talabat/Menuitems/mmw_637967884598552830?width=172&amp;height=172
Pepproni Sandwich Kraft Spcial Sandwich,Pepproni and Kraft sandwich,15.0,https://images.deliveryhero.io/image/talabat/Menuitems/mmw_637996123250092898?width=172&amp;height=172
Chesse Manoucheh,,10.0,https://images.deliveryhero.io/image/talabat/Menuitems/JAN_TALABAT_UAE_NAJMAT_KI637793195365687294.jpg?width=172&amp;height=172
Spcial Manakish With Meat,,13.0,https://images.deliveryhero.io/image/talabat/Menuitems/mmw_637996831041324879?width=172&amp;height=172
Spcial Manakish With Chiken,,13.0,https://images.deliveryhero.io/image/talabat/Menuitems/mmw_637996835337395346?width=172&amp;height=172
Chesse Zaatar Manoucheh,,10.0,https://images.deliveryhero.io/image/talabat/Menuitems/JAN_TALABAT_UAE_NAJMAT_KI637793195456706612.jpg?width=172&amp;height=172
Egg Chesse Manoucheh,,10.0,https://images.deliveryhero.io/image/talabat/Menuitems/mmw_637952891268396400?width=172&amp;height=172
Chesse Olives Manoucheh,,10.0,https://images.deliveryhero.io/image/talabat/Menuitems/JAN_TALABAT_UAE_NAJMAT_KI637793188603268534.jpg?width=172&amp;height=172
Chesse Mortadella W Egg Manoucheh,,10.0,https://images.deliveryhero.io/image/talabat/Menuitems/mmw_637968473370427909?width=172&amp;height=172
Chesse Zaatar Olives Manoucheh,,10.0,https://images.deliveryhero.io/image/talabat/Menuitems/JAN_TALABAT_UAE_NAJMAT_KI637793195578343770.jpg?width=172&amp;height=172
Chesse With Meat Manoucheh,,10.0,https://images.deliveryhero.io/image/talabat/Menuitems/JAN_TALABAT_UAE_NAJMAT_KI637793196547080544.jpg?width=172&amp;height=172
Chicken With Chesse Manoucheh,,10.0,https://images.deliveryhero.io/image/talabat/Menuitems/JAN_TALABAT_UAE_NAJMAT_KI637793195195073480.jpg?width=172&amp;height=172
Chesse With Vegetable Manoucheh,,10.0,https://images.deliveryhero.io/image/talabat/Menuitems/mmw_637968473986444845?width=172&amp;height=172
Spicy Chesse Manoucheh,,10.0,https://images.deliveryhero.io/image/talabat/Menuitems/mmw_637968474553525392?width=172&amp;height=172
Chesse Habat Suda Manoucheh,,10.0,
Chamiat Chicken Manoucheh,,10.0,https://images.deliveryhero.io/image/talabat/Menuitems/JAN_TALABAT_UAE_NAJMAT_KI637793186290558714.jpg?width=172&amp;height=172
Pizza Vegetable Manoucheh,,10.0,https://images.deliveryhero.io/image/talabat/Menuitems/JAN_TALABAT_UAE_NAJMAT_KI637793191126042654.jpg?width=172&amp;height=172
Pizza Margarita Manoucheh,,10.0,https://images.deliveryhero.io/image/talabat/Menuitems/JAN_TALABAT_UAE_NAJMAT_KI637793191260442826.jpg?width=172&amp;height=172
Meat Manoucheh,"Thin flatbread topped with a savory blend of seasoned meat, aromatic herbs, and melted cheese",10.0,https://images.deliveryhero.io/image/talabat/Menuitems/mmw_637968474994378771?width=172&amp;height=172
Labneh Zaatar Manoucheh,,10.0,
Potato With Egg Manoucheh,,10.0,
Labneh Olives Manoucheh,,10.0,https://images.deliveryhero.io/image/talabat/Menuitems/mmw_637968475366699383?width=172&amp;height=172
Labneh Vegetable Manoucheh,,10.0,https://images.deliveryhero.io/image/talabat/Menuitems/JAN_TALABAT_UAE_NAJMAT_KI637793195833583841.jpg?width=172&amp;height=172
Chesse Pie,,0.0,https://images.deliveryhero.io/image/talabat/Menuitems/mmw_637968476131869954?width=172&amp;height=172
Chesse With Zaatar Pie,,0.0,https://images.deliveryhero.io/image/talabat/Menuitems/JAN_TALABAT_UAE_NAJMAT_KI637793192166496163.jpg?width=172&amp;height=172
Mortadella With Chesse Pie,,0.0,https://images.deliveryhero.io/image/talabat/Menuitems/JAN_TALABAT_UAE_NAJMAT_KI637793186493657880.jpg?width=172&amp;height=172
Chesse With Vegatable Pie,,0.0,
Hotdog Chesse Pie,,0.0,https://images.deliveryhero.io/image/talabat/Menuitems/mmw_637968476528373158?width=172&amp;height=172
Olives Zaatar Chesse Pie,,0.0,https://images.deliveryhero.io/image/talabat/Menuitems/mmw_637968476834168624?width=172&amp;height=172
Labneh Chesse Pie,,0.0,https://images.deliveryhero.io/image/talabat/Menuitems/mmw_637968479523627899?width=172&amp;height=172
Potato Chesse Pie,,0.0,
Spicy Chesse Pie,,0.0,
Chicken W Chesse Pie,,0.0,https://images.deliveryhero.io/image/talabat/Menuitems/mmw_637968477200802756?width=172&amp;height=172
Meat With Chesse Pie,,0.0,https://images.deliveryhero.io/image/talabat/Menuitems/mmw_637968477769163932?width=172&amp;height=172
Kraft With Tomato Pie,,0.0,https://images.deliveryhero.io/image/talabat/Menuitems/mmw_637968478075963452?width=172&amp;height=172
Kraft Honey Pie,Pie made with Kraft cheese and honey essence.,0.0,https://images.deliveryhero.io/image/talabat/Menuitems/JAN_TALABAT_UAE_NAJMAT_KI637793191840502134.jpg?width=172&amp;height=172
Kraft With Hotdog Pie,,0.0,https://images.deliveryhero.io/image/talabat/Menuitems/JAN_TALABAT_UAE_NAJMAT_KI637793187614109093.jpg?width=172&amp;height=172
Kraft Falafel Pie,,0.0,https://images.deliveryhero.io/image/talabat/Menuitems/mmw_637968478330534665?width=172&amp;height=172
Kraft Chicken Pie,,0.0,https://images.deliveryhero.io/image/talabat/Menuitems/JAN_TALABAT_UAE_NAJMAT_KI637793186877050871.jpg?width=172&amp;height=172
Kraft Zaatar Pie,,0.0,https://images.deliveryhero.io/image/talabat/Menuitems/mmw_637968479897337131?width=172&amp;height=172
Labneh With Falafel Pie,Savory pie with labneh and falafel filling.,0.0,https://images.deliveryhero.io/image/talabat/Menuitems/JAN_TALABAT_UAE_NAJMAT_KI637793192464790705.jpg?width=172&amp;height=172
Chicken Pie,"Made with blend of tender chicken, vegetables and creamy sauce, golden crust , It's perfect dish for any occasion ",0.0,
Chicken W Mayonnaise Pie,,0.0,https://images.deliveryhero.io/image/talabat/Menuitems/mmw_637968480831878769?width=172&amp;height=172
Chicken W Vegatable Pie,,0.0,
Zaatar Pie,"Crispy pastry filled with a fragrant blend of herbs, spices, olive oil and zataar",0.0,https://images.deliveryhero.io/image/talabat/Menuitems/JAN_TALABAT_UAE_NAJMAT_KI637793190188636780.jpg?width=172&amp;height=172
Foul Pie,,0.0,https://images.deliveryhero.io/image/talabat/Menuitems/JAN_TALABAT_UAE_NAJMAT_KI637793189059883856.jpg?width=172&amp;height=172
Falafel Pie,"A savory pie filled with falafel, a Middle Eastern chickpea based fritter.",0.0,https://images.deliveryhero.io/image/talabat/Menuitems/mmw_637968481816236042?width=172&amp;height=172
Foul Falafel Tahinah Pie,,0.0,
Falafel With Tomato Pie,,0.0,
Falafel Tahinah Pie,,0.0,
Potato With Egg Pie,,0.0,
Spinach Pie,"Delight in the savory harmony of our delectable Spinach Pie, a flaky pastry filled with a tantalizing blend of fresh spinach, herbs, and a medley of flavors that will transport your taste buds to culinary bliss.",0.0,https://images.deliveryhero.io/image/talabat/Menuitems/JAN_TALABAT_UAE_NAJMAT_KI637793188946492859.jpg?width=172&amp;height=172
Spinach With Labneh Pie,Savory pie filled with spinach and labneh.,0.0,https://images.deliveryhero.io/image/talabat/Menuitems/mmw_637968482928499757?width=172&amp;height=172
Spinach Meat Pie,,0.0,https://images.deliveryhero.io/image/talabat/Menuitems/mmw_637968483167820112?width=172&amp;height=172
Meat Pie,"Experience the savory and hearty flavors of our Meat Pie, filled with tender chunks of meat, vegetables, and aromatic spices, all encased in a flaky and buttery crust.",0.0,https://images.deliveryhero.io/image/talabat/Menuitems/JAN_TALABAT_UAE_NAJMAT_KI637793186679347566.jpg?width=172&amp;height=172
Meat With Vegatable Pie,,0.0,https://images.deliveryhero.io/image/talabat/Menuitems/mmw_637968483442634886?width=172&amp;height=172
Labneh With Zaatar Pie,Pie filled with labneh and zaatar.,0.0,
Labneh With Honey Pie,Pie made with creamy labneh (strained yogurt) and sweet honey.,0.0,
Labneh With Meat Pie,,0.0,
Cream Pie,"Delight in the velvety smoothness of our cream pie, a heavenly creation that combines a flaky crust with a luscious, creamy filling. Topped with a dollop of whipped cream, it's pure dessert bliss.",0.0,https://images.deliveryhero.io/image/talabat/Menuitems/mmw_637968485092604779?width=172&amp;height=172
Mohammarah Pie,,0.0,https://images.deliveryhero.io/image/talabat/Menuitems/JAN_TALABAT_UAE_NAJMAT_KI637793191395093138.jpg?width=172&amp;height=172
Pizza Pie,,0.0,https://images.deliveryhero.io/image/talabat/Menuitems/mmw_637968485373043389?width=172&amp;height=172
Fataer Mix Plate,A mix of medium sized pies.,0.0,https://images.deliveryhero.io/image/talabat/Menuitems/mmw_637800940553405608?width=172&amp;height=172
Mexican Pizza,"A pizza topped with Mexican-style ingredients such as salsa, jalapenos, and Mexican cheese.",0.0,https://images.deliveryhero.io/image/talabat/Menuitems/JAN_TALABAT_UAE_NAJMAT_KI637793194404826262.jpg?width=172&amp;height=172
Vegatable Pizza,,0.0,https://images.deliveryhero.io/image/talabat/Menuitems/mmw_637796754581818844?width=172&amp;height=172
Chicken Pizza,Perfect meal for pizza lovers who loves the taste of chicken and want a little more protein in their pizza.,0.0,https://images.deliveryhero.io/image/talabat/Menuitems/mmw_637796755532948378?width=172&amp;height=172
Sukaria Pizza,,0.0,
Meat Pizza,"Satisfy your carnivorous cravings with the savory combination of juicy meats, melted cheese, tangy tomato sauce, and crispy crust on our delectable Meat Pizza, perfect for sharing or indulging all on your own.",0.0,
Margarita Pizza,"Delight in the classic perfection of our Margarita Pizza, with its thin, crispy crust, tangy tomato sauce, melted mozzarella cheese, delivering a mouthwatering Italian masterpiece.",0.0,https://images.deliveryhero.io/image/talabat/Menuitems/JAN_TALABAT_UAE_NAJMAT_KI637793194291667743.jpg?width=172&amp;height=172
Sausage Pizza,"Made with a classic tomato sauce, mozzarella cheese, and sliced sausages, it's a perfect meal for pizza lovers who want a classic and delicious pizza.",0.0,
Tuna Pizza,Perfect meal for those who want a classic pizza with a twist of tuna flavor.,0.0,
Pepproni Pizza,,0.0,https://images.deliveryhero.io/image/talabat/Menuitems/JAN_TALABAT_UAE_NAJMAT_KI637793194095266896.jpg?width=172&amp;height=172
Kraft Chicken Pizza,,0.0,https://images.deliveryhero.io/image/talabat/Menuitems/mmw_637795769796839495?width=172&amp;height=172
Spicy Kraft Meat Pizza,,0.0,https://images.deliveryhero.io/image/talabat/Menuitems/mmw_637795771664061156?width=172&amp;height=172
Labneh Vegetable Pizza,,0.0,
Kraft With Honey Feteer Mushaltat,,0.0,https://images.deliveryhero.io/image/talabat/Menuitems/JAN_TALABAT_UAE_NAJMAT_KI637793191668150990.jpg?width=172&amp;height=172
Kraft With Egg Feteer Mushaltat,,0.0,https://images.deliveryhero.io/image/talabat/Menuitems/mmw_637795768849711051?width=172&amp;height=172
Cream With Honey Feteer Mushaltat,,0.0,https://images.deliveryhero.io/image/talabat/Menuitems/JAN_TALABAT_UAE_NAJMAT_KI637793189827439857.jpg?width=172&amp;height=172
Meat With Vegetable Feteer Mushaltat,,0.0,https://images.deliveryhero.io/image/talabat/Menuitems/mmw_637795769365813018?width=172&amp;height=172
Meat With Cheese Feteer Mushaltat,,0.0,https://images.deliveryhero.io/image/talabat/Menuitems/JAN_TALABAT_UAE_NAJMAT_KI637793193026813549.jpg?width=172&amp;height=172
Chicken With Vegetable Feteer Mushaltat,,0.0,
Pizza Mushaltat,,0.0,https://images.deliveryhero.io/image/talabat/Menuitems/JAN_TALABAT_UAE_NAJMAT_KI637793193303658657.jpg?width=172&amp;height=172
 Mshaltat With Nutella And Fruits,,50.0,
Mushaltat With Nutella And Fruits,,50.0,
Grape Leaves,"Experience our  Grape Leaves, stuffed with a delectable mixture of fragrant herbs, seasoned rice, and juicy tomatoes, all rolled up into a tender and flavorful package ",3.0,https://images.deliveryhero.io/image/talabat/Menuitems/mmw_637795676761009037?width=172&amp;height=172
Grilled Chicken Potato,,20.0,https://images.deliveryhero.io/image/talabat/Menuitems/mmw_637797594193212099?width=172&amp;height=172
Grill Potato Meat,,20.0,https://images.deliveryhero.io/image/talabat/Menuitems/mmw_637797593852049935?width=172&amp;height=172
Faloodeh,,16.0,https://images.deliveryhero.io/image/talabat/Menuitems/mmw_637795767513790151?width=172&amp;height=172
Kanafeh With Cream,,20.0,https://images.deliveryhero.io/image/talabat/Menuitems/mmw_637795677275500811?width=172&amp;height=172
Kanafeh With Cheese,,20.0,https://images.deliveryhero.io/image/talabat/Menuitems/mmw_637777603378364393?width=172&amp;height=172
Water,Stay hydrated and refreshed with our water.,0.0,https://images.deliveryhero.io/image/talabat/Menuitems/Mineral_Water637774265486254441.jpg?width=172&amp;height=172
Laban With Mint,"refreshing drink that is made with yogurt, water, and mint leaves",5.0,https://images.deliveryhero.io/image/talabat/Menuitems/JAN_TALABAT_UAE_NAJMAT_KI637793193978106265.jpg?width=172&amp;height=172
Lemon With Mint Juice,"Made with a blend of fresh lemons, mint leaves, and a touch of sweetness, it's a perfect thirst quencher that will refresh your taste buds and invigorate your senses.",15.0,
