item_name,item_description,item_price,item_image
 Ultimate Combo Regular,"Fresh Potato Fries with choice of 1 toping, 1 hotdog or chicken strips and drink",55.0,https://images.deliveryhero.io/image/talabat/Menuitems/mmw_638187004836048361?width=172&amp;height=172
Ultimate Combo Large,"Fresh Potato Fries with choice of 1 toping, 1 hotdog or chicken strips and drink",60.0,https://images.deliveryhero.io/image/talabat/Menuitems/mmw_638187005557272393?width=172&amp;height=172
Nacho Fries Meal,"Fresh Potato Fries topped with Mexican Salsa, Creamy Molten Cheese, Labneh and Veggies, Vegetarian",0.0,https://images.deliveryhero.io/image/talabat/Menuitems/mmw_638187005829057450?width=172&amp;height=172
Nacho Loaded Hotdog,"Super juicy hotdog topped with tangy fresh salsa sauce, creamy labnah, molten cheese and sprinkled with spring onion",25.0,https://images.deliveryhero.io/image/talabat/Menuitems/NACHO638158553526088091.jpg?width=172&amp;height=172
 Beef Hot Dog,Classic yummy beef hotdog with choice of condiments and veggies.,19.0,https://images.deliveryhero.io/image/talabat/Menuitems/premium_hotdog-_both_637162562732591924.jpg?width=172&amp;height=172
Chick'n Duo ,"Select any 2 mouth-watering crispy chicken sliders from the 3 irresistible options plain chicken slider with mayo, slider with our buffalo sauce and the third option in our tangy spicy sauce, all of them sandwiched between fresh potato bun, pickles and romaine lettuce. ",33.0,https://images.deliveryhero.io/image/talabat/Menuitems/Pic__Chickn_Duo638261453367627966.jpg?width=172&amp;height=172
Chick'n Duo Combo ,Select any 2 mouth-watering crispy chicken sliders from the 3 irresistible options Comes with one small plain fries and drink of your choice,46.0,https://images.deliveryhero.io/image/talabat/Menuitems/Pic__Chickn_Duo_Combo_1638261453531488571.jpg?width=172&amp;height=172
Chick'n Duo Combo With Regular Loaded Fries For 1 Person,"2 Chicken Sliders, 1 Regular Size Fries With Topping, 1 Drink",65.0,https://images.deliveryhero.io/image/talabat/Menuitems/mmw_638302750555659636?width=172&amp;height=172
Chick'n Duo Combo With Regular Loaded Fries For 2 Persons,"4 chicken sliders, 2 regular size fries with toppings, 2 drinks",85.0,https://images.deliveryhero.io/image/talabat/Menuitems/mmw_638302750529210188?width=172&amp;height=172
Nacho Loaded Hotdog,"Super juicy hotdog topped with tangy fresh salsa sauce, creamy labnah, molten cheese and sprinkled with spring onion",25.0,https://images.deliveryhero.io/image/talabat/Menuitems/NACHO638158553526088091.jpg?width=172&amp;height=172
Chili Chicken Loaded Hotdog,"Your choice of Hotdog topped with very mildly spiced Chili Chicken sauce, yummy molten cheese and fresh spring onion",25.0,https://images.deliveryhero.io/image/talabat/Menuitems/CHILI_Chiken_and_Beef638158552070392448.jpg?width=172&amp;height=172
Chili Beef Loaded Hotdog,"Your choice of Hotdog topped with very mildly spiced Chili Beef sauce, yummy molten cheese and fresh spring onion",25.0,https://images.deliveryhero.io/image/talabat/Menuitems/CHILI_Chiken_and_Beef638158552468134607.jpg?width=172&amp;height=172
Flamin' Bacon Loaded Hotdog,"Specially crafted for spice lovers, this hotdog is topped with Chipotle mayo, sliced jalapenos, a drizzle of tabasco and sprinkled with bits of beef bacon",25.0,https://images.deliveryhero.io/image/talabat/Menuitems/FLAMIN_BACON638158552717171297.jpg?width=172&amp;height=172
Bacon & Double Cheese Loaded Hotdog,"Ultimate choice for cheese lovers, this hotdog is topped with molten cheddar cheese, mozarella cheese, beef bacon bits and flavourful fresh spring onion",25.0,https://images.deliveryhero.io/image/talabat/Menuitems/BACON_DOUBLE_CHEESE638158553045874469.jpg?width=172&amp;height=172
 Ultimate Combo Regular,"Fresh Potato Fries with choice of 1 toping, 1 hotdog or chicken strips and drink",55.0,https://images.deliveryhero.io/image/talabat/Menuitems/mmw_638187004836048361?width=172&amp;height=172
Ultimate Combo Large,"Fresh Potato Fries with choice of 1 toping, 1 hotdog or chicken strips and drink",60.0,https://images.deliveryhero.io/image/talabat/Menuitems/mmw_638187005557272393?width=172&amp;height=172
 Perfect Combo,Classic plain fresh fries served with 1 hot dog and drink,42.0,https://images.deliveryhero.io/image/talabat/Menuitems/mmw_638187004473395948?width=172&amp;height=172
 New Value Meal 1,"Suitable for 2 and vegetarian friendly, this Value Meal comes with 2 Regular size fries with choice of 2 vegetarian toppings and 2 soft drinks",85.0,https://images.deliveryhero.io/image/talabat/Menuitems/mmw_638187006100207027?width=172&amp;height=172
New Value Meal 2,"Suitable for two, this meal includes 1 regular size fries with choice of topping, 2 hot dogs and 2 drinks",77.0,https://images.deliveryhero.io/image/talabat/Menuitems/mmw_638187005936453507?width=172&amp;height=172
New Value Meal 3,"Suitable for two, this Value Meal comes with 1 large plain fries, 2 hot dogs or chicken strips and 2 drinks",63.0,https://images.deliveryhero.io/image/talabat/Menuitems/mmw_638187005026534402?width=172&amp;height=172
Nacho Fries Meal,"Fresh Potato Fries topped with Mexican Salsa, Creamy Molten Cheese, Labneh and Veggies, Vegetarian",0.0,https://images.deliveryhero.io/image/talabat/Menuitems/mmw_638187005829057450?width=172&amp;height=172
Poutine Fries Meal,"Fresh Potato Fries topped with Mozzarella Cheese and yummy Veg Gravy, Vegetarian",0.0,https://images.deliveryhero.io/image/talabat/Menuitems/mmw_638187009283952700?width=172&amp;height=172
Imli Fries Meal,"Fresh Potato Fries topped with Veggies and Sweet, Sour and Spicy Tamarind Sauce, Vegetarian",0.0,https://images.deliveryhero.io/image/talabat/Menuitems/mmw_638187008560028886?width=172&amp;height=172
Cheese Fries Meal,Fresh Potato Fries topped with Hot Molten Cheddar Cheese Sauce,0.0,https://images.deliveryhero.io/image/talabat/Menuitems/mmw_638187005857491417?width=172&amp;height=172
Cheese And Labneh Fries Meal,Fresh Potato Fries topped with Molten Cheddar Cheese and Labneh,0.0,https://images.deliveryhero.io/image/talabat/Menuitems/mmw_638187006649406401?width=172&amp;height=172
Chili Chicken Fries Meal,"Fresh Potato Fries topped with Zesty but Not too Hot Chili Chicken Gravy made with a mix of Kidney Beans, Tomato Sauce ",0.0,https://images.deliveryhero.io/image/talabat/Menuitems/mmw_638187840302037978?width=172&amp;height=172
Chili Beef Fries Meal,"Fresh Potato Fries topped with Zesty but Not too Hot Chili Beef Gravy made with a mix of Kidney Beans, Tomato Sauce ",0.0,https://images.deliveryhero.io/image/talabat/Menuitems/mmw_638187840217877681?width=172&amp;height=172
Butter Chicken Fries Meal,Fresh Potato Fries topped with Creamy and Flavourful Butter Chicken Gravy,0.0,https://images.deliveryhero.io/image/talabat/Menuitems/mmw_638187007014892583?width=172&amp;height=172
Beef Bacon Double Cheese Fries Meal,Fresh Potato Fries topped with Mozzarella Cheese covered with Cheddar Cheese and Sprinkled with Beef Bacon Bits and Spring Onion,0.0,https://images.deliveryhero.io/image/talabat/Menuitems/mmw_638187008503066220?width=172&amp;height=172
Regular Spicy Lov'A Meal With Peri-Peri Sauce,Spicy red hot Peri-Peri sauce coated on tender chicken strips served with creamy cheddar cheese on our signature fries,47.0,https://images.deliveryhero.io/image/talabat/Menuitems/mmw_638187007592714546?width=172&amp;height=172
Regular Spicy Lov'A With Buffalo Sauce,Spicy buffalo sauce coated on tender chicken strips served with creamy cheddar cheese on our signature fries.,47.0,https://images.deliveryhero.io/image/talabat/Menuitems/mmw_638187008338719206?width=172&amp;height=172
 Chicken Strips Combo,"4 pieces of fresh chicken strips with value fries, dips, bun and regular drinks.",40.0,https://images.deliveryhero.io/image/talabat/Menuitems/mmw_637971199240583914?width=172&amp;height=172
 Chicken Strips With Value Fries,3 Chicken strips pieces and value fries and a dip,24.0,https://images.deliveryhero.io/image/talabat/Menuitems/mmw_637971212317202042?width=172&amp;height=172
 Chic Strips And French Fries Combo,"5 pieces of chicken strips, small premium French fries, dip, bun, and choice of drinks.",44.0,https://images.deliveryhero.io/image/talabat/Menuitems/mmw_637971199521437279?width=172&amp;height=172
 Regular Premium French Fries," Freshly hand cut potatoes, crispy and golden brown fries.",23.0,https://images.deliveryhero.io/image/talabat/Menuitems/all_premium_fries_si_637159998309775741.jpg?width=172&amp;height=172
 Large Premium French Fries," Freshly hand cut potatoes, crispy and golden brown fries.",25.0,https://images.deliveryhero.io/image/talabat/Menuitems/all_premium_fries_si_637159998321116627.jpg?width=172&amp;height=172
 Jumbo Premium French Fries," Freshly hand cut potatoes, crispy and golden brown fries.",27.0,https://images.deliveryhero.io/image/talabat/Menuitems/all_premium_fries_si_637159998334894585.jpg?width=172&amp;height=172
 Beef Hot Dog,Classic yummy beef hotdog with choice of condiments and veggies.,19.0,https://images.deliveryhero.io/image/talabat/Menuitems/premium_hotdog-_both_637162562732591924.jpg?width=172&amp;height=172
 Chicken Hot Dog,Classic yummy chicken hot dog with choice of condiments and veggies.,19.0,https://images.deliveryhero.io/image/talabat/Menuitems/mmw_637799171743363234?width=172&amp;height=172
Cheese Dip,,3.0,https://images.deliveryhero.io/image/talabat/Menuitems/mmw_637971201026503529?width=172&amp;height=172
Chili Beef Dip,,3.0,https://images.deliveryhero.io/image/talabat/Menuitems/mmw_637971201458943214?width=172&amp;height=172
Imli Dip,,3.0,https://images.deliveryhero.io/image/talabat/Menuitems/nyf_sauce_imli_637052077453674489.jpg?width=172&amp;height=172
Gravy Dip,,3.0,https://images.deliveryhero.io/image/talabat/Menuitems/mmw_637971201583961527?width=172&amp;height=172
Labneh Dip,,3.0,https://images.deliveryhero.io/image/talabat/Menuitems/nyf_sauce_labneh_637052077462563022.jpg?width=172&amp;height=172
Chili Chicken Dip,,3.0,https://images.deliveryhero.io/image/talabat/Menuitems/mmw_637971201829027891?width=172&amp;height=172
Mozzarella Cheese Dip,,3.0,
Salsa Dip,,3.0,https://images.deliveryhero.io/image/talabat/Menuitems/mmw_637971202072223520?width=172&amp;height=172
Beef Bacon Dip,,3.0,https://images.deliveryhero.io/image/talabat/Menuitems/mmw_637971202184192179?width=172&amp;height=172
Butter Chicken Dip,,3.0,https://images.deliveryhero.io/image/talabat/Menuitems/mmw_637971202348437904?width=172&amp;height=172
 Pepsi,Soft drink,8.0,https://images.deliveryhero.io/image/talabat/Menuitems/pepsi-Can_637184102940080106.jpg?width=172&amp;height=172
 Diet Pepsi,Soft Drink,8.0,https://images.deliveryhero.io/image/talabat/Menuitems/Pepsi_4_637024842193358436.jpg?width=172&amp;height=172
 7 Up,Soft Drink,8.0,https://images.deliveryhero.io/image/talabat/Menuitems/mmw_637971202499252798?width=172&amp;height=172
 Mirinda,Soft drink,8.0,https://images.deliveryhero.io/image/talabat/Menuitems/Mirinda_637024842225118892.jpg?width=172&amp;height=172
 Mountain Dew,Soft Drink,8.0,https://images.deliveryhero.io/image/talabat/Menuitems/Moutain_Dew-Can_637024842241975043.jpg?width=172&amp;height=172
 Iced Tea,Brewed and sweetened cold drink.,9.0,https://images.deliveryhero.io/image/talabat/Menuitems/mmw_637971202676893731?width=172&amp;height=172
Water,Stay hydrated and refreshed with our water.,5.0,https://images.deliveryhero.io/image/talabat/Menuitems/mmw_637971202822975429?width=172&amp;height=172
