item_name,item_description,item_price,item_image
C- Burger,Fried Golden Crispy Chicken Burger,49.0,https://images.deliveryhero.io/image/talabat/Menuitems/5BABC69A187F91FFBC04467B3D69C559?width=172&amp;height=172
B- Burger,Smashed Burger with Cheese and Lettuce,49.0,https://images.deliveryhero.io/image/talabat/Menuitems/708463794AADA5601A25D31999ABEE73?width=172&amp;height=172
Fries,Our signature Fries are golden and crispy on the outside and fluffy on the inside.,18.0,https://images.deliveryhero.io/image/talabat/Menuitems/F8D216139E6C236B144AA366EC19AD0C?width=172&amp;height=172
Pepsi,"Perfect with any meal, enjoy the genuine taste of Pepsi.",15.0,https://images.deliveryhero.io/image/talabat/Menuitems/AE3A84461E8CCF1E94DEE783839AB0F2?width=172&amp;height=172
Pepsi Diet,"Perfect with any meal, enjoy the genuine taste of Pepsi Diet.",15.0,https://images.deliveryhero.io/image/talabat/Menuitems/C2E6CD5313C804E30A96DFCAA837B47A?width=172&amp;height=172
7UP,"Perfect with any meal, enjoy the genuine taste of 7 UP.",15.0,https://images.deliveryhero.io/image/talabat/Menuitems/28341B01361A2A428ED075425F68CDDD?width=172&amp;height=172
7UP Diet,"Perfect with any meal, enjoy the genuine taste of 7 UP Diet.",15.0,https://images.deliveryhero.io/image/talabat/Menuitems/AD5E258EB755392411E3154F612BFFC9?width=172&amp;height=172
Mirinda,"Perfect with any meal, enjoy the genuine taste of Mirinda.",15.0,https://images.deliveryhero.io/image/talabat/Menuitems/124C01E93085C750BA4B8644CECB232A?width=172&amp;height=172
Mountain Dew,"Perfect with any meal, enjoy the genuine taste of Mountain Dew.",15.0,https://images.deliveryhero.io/image/talabat/Menuitems/E9BF4FC8E179015F63BBB9DDAD2733F1?width=172&amp;height=172
Strawberry Mojito,Refreshing drink with strawberry and mint flavor.,30.0,https://images.deliveryhero.io/image/talabat/Menuitems/71E34AB17C63780411D37972F9AC7CB2?width=172&amp;height=172
Lemon Mojito,Refreshing drink with lemon and mint flavor.,30.0,https://images.deliveryhero.io/image/talabat/Menuitems/62D9A6AEE686BC57005C5AC408985650?width=172&amp;height=172
Blue Mojito,Refresh your day with great taste of Blue mojito.,30.0,https://images.deliveryhero.io/image/talabat/Menuitems/EB18E2838077CDAC46B1AC5C625CB171?width=172&amp;height=172
Crispy Chicken,"Perfectly fied chicken white meat , crunchy on outside juicy on inside.",40.0,https://images.deliveryhero.io/image/talabat/Menuitems/9EF612273C67902741384480D59892A6?width=172&amp;height=172
Dynamite Chicken,Crispy chicken pieces with special sweet sauce.,48.0,
Morning Sandwish,"Cooked on grill egg with hash brown potato, mozzarella cheese, pickles and lettuce",29.0,https://images.deliveryhero.io/image/talabat/Menuitems/3AB12E2A3F4D736E4EF6CE1554F222C5?width=172&amp;height=172
Lipton Ice Tea,"Lipton Ice tea is incredible composition of rich black tea flavor and fresh, fruity notes.",20.0,https://images.deliveryhero.io/image/talabat/Menuitems/162BF47AE6D0174400059FA20D92F8EA?width=172&amp;height=172
Masafi Water,Masafi Water,4.0,https://images.deliveryhero.io/image/talabat/Menuitems/A2EA3E3BFF23065E451D9C6B0A1EBA93?width=172&amp;height=172
Passion Mojito,Refresh your day with great taste of Passion mojito.,30.0,
San Sebastian,Unique cheesecake dessert with creaminess and caramelized flavor combined in adorable appearance.,35.0,https://images.deliveryhero.io/image/talabat/Menuitems/5AC7D0838F00AE62EED847314E2D9D71?width=172&amp;height=172
