item_name,item_description,item_price,item_image
Cheese,Premium akawi melted cheese,18.0,https://images.deliveryhero.io/image/talabat/Menuitems/blob_637360993628828233?width=172&amp;height=172
Cheese And Zaatar,Cheese and zaatar manoushe,18.0,https://images.deliveryhero.io/image/talabat/Menuitems/blob_637360992106059008?width=172&amp;height=172
Vine Leaves,"Vine leaves, parsley, onions, tomatoes, rice, lemon juice and pomegranate seeds.",0.0,https://images.deliveryhero.io/image/talabat/Menuitems/blob_637360960706778406?width=172&amp;height=172
Lahm Bi Ajin With Cheese,Meat with akkawi cheese.,19.0,https://images.deliveryhero.io/image/talabat/Menuitems/blob_637360992919472694?width=172&amp;height=172
 French Fries Box,Side dish made from strips of potatoes that are deep-fried served in a box.,14.0,https://images.deliveryhero.io/image/talabat/Menuitems/blob_637361010423548166?width=172&amp;height=172
Manoushe Box 6 Pcs,"Lahem bel ajeen, labneh,  zaatar, spinach, zaatar, 2 cheese manakish.",79.0,https://images.deliveryhero.io/image/talabat/Menuitems/mmw_638300131660136236?width=172&amp;height=172
Manoushe Box 4 Pcs,"4 manakish cut into half lahem bel ajeen, labneh w zaatar, spinach and cheese.",59.0,https://images.deliveryhero.io/image/talabat/Menuitems/mmw_638300251704464420?width=172&amp;height=172
Chicken Sub,"Fresh French baguette, charcoal grilled chicken breast, mozzarella cheese, garlic cream, soy sauce, sweet corn, mayo, cucumber pickles and lettuce.
",32.0,https://images.deliveryhero.io/image/talabat/Menuitems/Chicken_Sub_1638092216806508227.jpg?width=172&amp;height=172
Grilled Halloumi Sandwich,"Fresh French baguette, grilled halloumi, olive oil, black olives paste, Rocca leaves and tomato
",27.0,https://images.deliveryhero.io/image/talabat/Menuitems/Grilled_Halloumi_Sandwich638092216854917914.jpg?width=172&amp;height=172
Soujouk Sandwich,"Fresh French baguette, grilled beef soujouk, mayonnaise, cucumber pickles and tomato
",32.0,https://images.deliveryhero.io/image/talabat/Menuitems/mmw_638088688199350870?width=172&amp;height=172
Fajita Sandwich,"Fresh French baguette, grilled chicken breast, Mexican spices, 
bell peppers, onion, cheese mozzarella, chef’s sauce
",34.0,https://images.deliveryhero.io/image/talabat/Menuitems/Fajita_Sandwich_1638092216909221463.jpg?width=172&amp;height=172
Lemon Pineapple Kiwi,"Kiwi, pineapple, honey and lime juice ",20.0,https://images.deliveryhero.io/image/talabat/Menuitems/mmw_638032252021860643?width=172&amp;height=172
Mojito Passion Fruits,"Fresh passion fruits, juice, sugar syrup, lime and mint leaves",22.0,https://images.deliveryhero.io/image/talabat/Menuitems/mmw_638032252389108610?width=172&amp;height=172
Mojito Mango Passion Fruits,"Mango pure, fresh passion fruits and lemon juice",22.0,https://images.deliveryhero.io/image/talabat/Menuitems/mmw_638032252644897104?width=172&amp;height=172
Honey Berries,"Mix wild berries, strawberry, mint leaves, ginger ale and honey ",28.0,https://images.deliveryhero.io/image/talabat/Menuitems/mmw_638032252883612612?width=172&amp;height=172
Labneh Plate,"Fresh labneh, mint leaves and olive oil",24.0,https://images.deliveryhero.io/image/talabat/Menuitems/blob_637745461192257190?width=172&amp;height=172
Labneh Beiruty,"Fresh labneh, mint leaves, tomato, olives, olive oil, cucumber, spring onions and zaatar",31.0,https://images.deliveryhero.io/image/talabat/Menuitems/blob_637737807193488745?width=172&amp;height=172
Omlette,Served with bread and vegetable plate,0.0,https://images.deliveryhero.io/image/talabat/Menuitems/blob_637737805994089233?width=172&amp;height=172
Small Zaatar,Preparation time 50 minutes.,12.0,https://images.deliveryhero.io/image/talabat/Menuitems/blob_637361002852077250?width=172&amp;height=172
Small Spinach,Preparation time 50 minutes.,12.0,https://images.deliveryhero.io/image/talabat/Menuitems/blob_637361003025580506?width=172&amp;height=172
Cheese Sambousek,Preparation time 50 minutes.,15.0,https://images.deliveryhero.io/image/talabat/Menuitems/blob_637361003907526155?width=172&amp;height=172
Meat Sambousek,Preparation time 50 minutes.,15.0,https://images.deliveryhero.io/image/talabat/Menuitems/blob_637361004126844293?width=172&amp;height=172
Mini Kibbeh With Spinach, 3 Pieces,15.0,https://images.deliveryhero.io/image/talabat/Menuitems/blob_637362912881819793?width=172&amp;height=172
Mini Meat Kibbeh, 3 Pieces,20.0,https://images.deliveryhero.io/image/talabat/Menuitems/blob_637362912715570007?width=172&amp;height=172
Small Pizza,Small 3 pieces preparing time 50 minutes,20.0,https://images.deliveryhero.io/image/talabat/Menuitems/blob_637361005177656141?width=172&amp;height=172
 Labneh Bites,Small 3 pieces,20.0,https://images.deliveryhero.io/image/talabat/Menuitems/blob_637361005837842241?width=172&amp;height=172
 Halloumi Bites,Small 3 pieces,25.0,https://images.deliveryhero.io/image/talabat/Menuitems/blob_637361006054985260?width=172&amp;height=172
Zaatar,Zaatar manoushe,10.0,https://images.deliveryhero.io/image/talabat/Menuitems/blob_637363595561432007?width=172&amp;height=172
Labneh,Labneh Manoushe,17.0,https://images.deliveryhero.io/image/talabat/Menuitems/blob_637363595828017074?width=172&amp;height=172
Labneh And Zaatar,Labneh and zaatar manoushe,15.0,https://images.deliveryhero.io/image/talabat/Menuitems/blob_637360977263560372?width=172&amp;height=172
Cheese And Zaatar,Cheese and zaatar manoushe,18.0,https://images.deliveryhero.io/image/talabat/Menuitems/blob_637360992106059008?width=172&amp;height=172
 Mankoushte,"Zaatar, labneh, baked white onions and rocca leaves.",18.0,https://images.deliveryhero.io/image/talabat/Menuitems/blob_637360992361084825?width=172&amp;height=172
Lahm Bi Ajin,Meat in Dough,18.0,https://images.deliveryhero.io/image/talabat/Menuitems/blob_637360992580302188?width=172&amp;height=172
Lahm Bi Ajin With Cheese,Meat with akkawi cheese.,19.0,https://images.deliveryhero.io/image/talabat/Menuitems/blob_637360992919472694?width=172&amp;height=172
Spinach,"Fresh spinach, sumac, onions and lemon juice.",18.0,https://images.deliveryhero.io/image/talabat/Menuitems/blob_637360993372709027?width=172&amp;height=172
Cheese,Premium akawi melted cheese,18.0,https://images.deliveryhero.io/image/talabat/Menuitems/blob_637360993628828233?width=172&amp;height=172
Labneh Pesto,"Labneh, pesto sauce, tomato and rocca leaves",21.0,https://images.deliveryhero.io/image/talabat/Menuitems/blob_637360993942585945?width=172&amp;height=172
Spinach And Akkawi Cheese Manoushe,Spinach and cheese manoushe,21.0,https://images.deliveryhero.io/image/talabat/Menuitems/blob_637360994815397734?width=172&amp;height=172
Baker's Pie,"Cereal dough, zaatar, labneh, onions, rocca leaves and tomatoes.",22.0,https://images.deliveryhero.io/image/talabat/Menuitems/blob_637360991593506234?width=172&amp;height=172
Savory,"Akkawi cheese, shredded mozzarella cheese, zaatar and pizza sauce.",22.0,https://images.deliveryhero.io/image/talabat/Menuitems/blob_637360994241724170?width=172&amp;height=172
Mix Cheese,"Cheese, cheese and cheesy",23.0,https://images.deliveryhero.io/image/talabat/Menuitems/blob_637360997057810406?width=172&amp;height=172
Kafta And Akawi,Kafta and akkawi manoushe,24.0,https://images.deliveryhero.io/image/talabat/Menuitems/blob_637360997815605244?width=172&amp;height=172
Cheesy Mortadella,"Beef mortadella, kashkaval cheese, lettuce, tomatoes, pickles and mustard sauce.",24.0,https://images.deliveryhero.io/image/talabat/Menuitems/blob_637360997434825862?width=172&amp;height=172
Spicy Kashkaval Cheese,Muhammara cheese manoushe,28.0,https://images.deliveryhero.io/image/talabat/Menuitems/blob_637360994489581958?width=172&amp;height=172
Ranchero Chicken,"Marinated chicken, black olives, fajita pepper, garlic oil, jalapeno, mix cheese, spring onions, parsley, mushrooms, arrabiata sauce and avocado sauce",41.0,https://images.deliveryhero.io/image/talabat/Menuitems/blob_637360998113143498?width=172&amp;height=172
Mexicana Chicken,"Marinated chicken, tortilla chips, mix cheese, avocado sauce and On The Wood sauce.",41.0,https://images.deliveryhero.io/image/talabat/Menuitems/blob_637361001251465651?width=172&amp;height=172
Mix Cheesy And Pepperoni,"Cheese, cheese and cheesy with pepperoni",29.0,https://images.deliveryhero.io/image/talabat/Menuitems/blob_637361001498112266?width=172&amp;height=172
Mix Cheesy And Turkey,"Cheese, cheese and cheesy with turkey",32.0,https://images.deliveryhero.io/image/talabat/Menuitems/blob_637361002128459392?width=172&amp;height=172
Zaatar Sanoushe,"Zaatar, tomatoes, onion and mint leaves",14.0,https://images.deliveryhero.io/image/talabat/Menuitems/mmw_638008310711182521?width=172&amp;height=172
Labneh And Zaatar Sanoushe,"Labneh, zaatar, tomatoes, rocca leaves and spring onions",19.0,https://images.deliveryhero.io/image/talabat/Menuitems/mmw_638008310929062310?width=172&amp;height=172
 Sandwichti,"Zaatar, labneh, tomato, turnip pickles, rocca leaves, mint leaves and olive oil",20.0,https://images.deliveryhero.io/image/talabat/Menuitems/blob_637360971801309675?width=172&amp;height=172
Labneh Sanoushe,"Labneh, tomatoes, rocca leaves and green thyme",18.0,https://images.deliveryhero.io/image/talabat/Menuitems/mmw_638008311078426835?width=172&amp;height=172
Mix Cheesy And Pepperoni Sanoushe,Lots of cheese and pepperoni,32.0,https://images.deliveryhero.io/image/talabat/Menuitems/mmw_638008311218000245?width=172&amp;height=172
Chipotle Hummus Falafel,"Baked falafel, hummus, lettuce, tomato, mint, jalapeno and muhamara sauce",22.0,https://images.deliveryhero.io/image/talabat/Menuitems/blob_637361006627368115?width=172&amp;height=172
Chicken Shawarma Sanoushe,"Minced chicken shawarma, fries, pickles and chicken shawarma sauce",25.0,https://images.deliveryhero.io/image/talabat/Menuitems/blob_637360972200068110?width=172&amp;height=172
Cheese And Zaatar Sanoushe,"Zaatar, cheese, tomatoes and mint leaves",22.0,https://images.deliveryhero.io/image/talabat/Menuitems/blob_637745620322765287?width=172&amp;height=172
Falafel Sanoushe,"Baked falafel, hummus, lettuce, tomato, mint, turnip pickles and tahina sauce",21.0,https://images.deliveryhero.io/image/talabat/Menuitems/blob_637361006878035269?width=172&amp;height=172
Turkey And Cheese Sanoushe,"Smoked turkey, kashkaval cheese, lettuce, tomato, pickles and mustard mayo sauce",33.0,https://images.deliveryhero.io/image/talabat/Menuitems/blob_637360972853369205?width=172&amp;height=172
Chili Kabab,"Minced Kabab, lettuce, tomato, jalapeno and Mexican sauce",32.0,https://images.deliveryhero.io/image/talabat/Menuitems/blob_637360973315124677?width=172&amp;height=172
Beef Shawarma Sanoushe,"Marinated beef shawarma, onions, parsley, sumac, pickles, grilled tomatoes and tahini sauce.",28.0,https://images.deliveryhero.io/image/talabat/Menuitems/blob_637360972007071948?width=172&amp;height=172
Tawook Sanoushe,"Minced chicken tawook, fries, pickles and garlic sauce",25.0,https://images.deliveryhero.io/image/talabat/Menuitems/blob_637360972399138472?width=172&amp;height=172
Meat And Cheese Sanoushe,"Meat, akawi cheese and mint leaves",25.0,https://images.deliveryhero.io/image/talabat/Menuitems/mmw_638008311460700547?width=172&amp;height=172
Cheesy Mortadelle Sanoushe,"Kashkaval cheese, mortadelle, tomatoes, pickles, lettuce and mustard sauce",29.0,https://images.deliveryhero.io/image/talabat/Menuitems/blob_637737012706466278?width=172&amp;height=172
Rocca Halloumi,"Halloumi, pesto, parmesan cheese, zaatar, tomato, rocca, mint leaves and olive oil",26.0,https://images.deliveryhero.io/image/talabat/Menuitems/blob_637360974694992124?width=172&amp;height=172
Lebanese Tawook Sanoushe,"Minced chicken tawook, fries, coleslaw, pickles, ketchup and garlic sauce",25.0,https://images.deliveryhero.io/image/talabat/Menuitems/blob_637360972655344850?width=172&amp;height=172
Roma Roll,"Grilled pesto chicken, mozzarella cheese, sundried tomato, rocca leaves and tawook garlic sauce",36.0,https://images.deliveryhero.io/image/talabat/Menuitems/blob_637360974400361073?width=172&amp;height=172
Meat Sanoushe,"Meat, pickles and mint leaves",24.0,https://images.deliveryhero.io/image/talabat/Menuitems/blob_637737009721694525?width=172&amp;height=172
Kafta Sanoushe,"Kafta, hummus, tomato, onions, parsley, sumac, turnip pickles and tahini sauce",32.0,https://images.deliveryhero.io/image/talabat/Menuitems/blob_637360973547438747?width=172&amp;height=172
Muttabal Exotic,"Cucumber, lemon juice, muttabal, olive oil, onions, spring onions, parsley, pomegranate molasses, pomegranate seeds, salt, tabbouleh, pepper, tomatoes and white bulgur. Served with 6 pieces bread.",32.0,https://images.deliveryhero.io/image/talabat/Menuitems/blob_637360960982666000?width=172&amp;height=172
Hummus, Served with vegetable plate and fresh bread.,24.0,https://images.deliveryhero.io/image/talabat/Menuitems/blob_637360958352220136?width=172&amp;height=172
 Hummus Spicy," Hummus, muhammara sauce, served with 6 pieces bread and vegetable plate.",26.0,https://images.deliveryhero.io/image/talabat/Menuitems/blob_637360959804333331?width=172&amp;height=172
Hummus With Spicy Sausage,"Hummus with sausage, muhammara sauce, spicy sauce and oregano. Served with 6 pieces bread.",41.0,https://images.deliveryhero.io/image/talabat/Menuitems/blob_637745429299435404?width=172&amp;height=172
 Maharaja Hummus,"On The Wood sauce, muhammara sauce and served with 6 pieces bread.",32.0,https://images.deliveryhero.io/image/talabat/Menuitems/blob_637745429883532426?width=172&amp;height=172
 Maharaja Hummus With Chicken,"Baked chicken, On The Wood sauce and muhammara sauce. Served with 6 pieces bread.",39.0,https://images.deliveryhero.io/image/talabat/Menuitems/blob_637360961640487652?width=172&amp;height=172
Hummus With Beef,"Hummus with beef, pomegranate molasses and pine seeds.",41.0,https://images.deliveryhero.io/image/talabat/Menuitems/blob_637360963507933274?width=172&amp;height=172
Hummus With Spicy Beef,"Hummus with beef, pomegranate molasses, pine seeds and muhammara sauce.",43.0,https://images.deliveryhero.io/image/talabat/Menuitems/blob_637745431172378126?width=172&amp;height=172
Hummus With Tabbouleh,Mix with tabbouleh served with lettuce and bread.,25.0,https://images.deliveryhero.io/image/talabat/Menuitems/blob_637360960481238060?width=172&amp;height=172
Muttabal,"Grilled eggplant, tahini, lemon juice and pomegranate seeds. Served with 6 pieces bread.",25.0,https://images.deliveryhero.io/image/talabat/Menuitems/blob_637360959994029958?width=172&amp;height=172
Vine Leaves,"Vine leaves, parsley, onions, tomatoes, rice, lemon juice and pomegranate seeds.",0.0,https://images.deliveryhero.io/image/talabat/Menuitems/blob_637360960706778406?width=172&amp;height=172
Lentil Soup,"Made with a blend of lentils, vegetables, and spices, it's a healthy and satisfying option.",17.0,https://images.deliveryhero.io/image/talabat/Menuitems/blob_637360964168132030?width=172&amp;height=172
Broccoli Soup,Broccoli soup is a creamy and comforting soup that is made from fresh broccoli,15.0,https://images.deliveryhero.io/image/talabat/Menuitems/blob_637737022373598233?width=172&amp;height=172
 Creamy Chicken Mushroom Soup,"boneless chicken breasts, chopped onion, chopped carrots, mushrooms and heavy cream",34.0,https://images.deliveryhero.io/image/talabat/Menuitems/blob_637360964448083782?width=172&amp;height=172
Fattoush,"Lettuce, rocca leaves, tomatoes, cucumber, zaatar, bakleh, radish, bell peppers, mint, parsley, pomegranate seeds, spring onions, toasted bread, sumac and pomegranate dressing.",24.0,https://images.deliveryhero.io/image/talabat/Menuitems/blob_637745421383249999?width=172&amp;height=172
Tabbouleh,"Lots of parsley, tomatoes, spring onions, onions, burgul, lemon juice and olive oil.",25.0,https://images.deliveryhero.io/image/talabat/Menuitems/blob_637361007817438898?width=172&amp;height=172
Fatteh Salad 352 Cal,"Grilled eggplant, baked bread, bakleh, chickpeas, pomegranate seeds and fatteh sauce.",25.0,https://images.deliveryhero.io/image/talabat/Menuitems/blob_637361009879083616?width=172&amp;height=172
Grilled Halloumi Salad,"Grilled halloumi cheese, romaine lettuce, rocca leaves, parmesan cheese, tomato, onion and fresh mushroom with balsamic pomegranate dressing
",29.0,https://images.deliveryhero.io/image/talabat/Menuitems/blob_637753458397972239?width=172&amp;height=172
 Chicken Caesar Salad,"Grilled chicken breast, Romaine lettuce, parmesan cheese, garlic croutons and Caesar dressing.",35.0,https://images.deliveryhero.io/image/talabat/Menuitems/blob_637361009143567359?width=172&amp;height=172
 Taco Salad,"Iceberg lettuce, cherry tomatoes, sweet corn, cucumber, carrots, mix cheese, red kidney beans, tortilla chips, grilled chicken, avocado dip and chef's dressing.",43.0,https://images.deliveryhero.io/image/talabat/Menuitems/blob_637361009397990517?width=172&amp;height=172
Green Salad,"Crunchy green leaves, cherry tomatoes, cucumber, bell peppers and sumac dressing",25.0,https://images.deliveryhero.io/image/talabat/Menuitems/blob_637737026426781389?width=172&amp;height=172
 Quinoa Salad,"White quinoa, iceberg lettuce, rocca leaves, beetroot, carrot, feta cheese, cherry tomato and quinoa sauce with pomegranate
",43.0,https://images.deliveryhero.io/image/talabat/Menuitems/blob_637753483955134376?width=172&amp;height=172
Tabbouleh Pomegranate,"Romaine lettuce, olive oil, onions, spring onions, parsley, pomegranate seeds, tabbouleh, pepper, tomatoes, bulgur and lemon juice.",35.0,https://images.deliveryhero.io/image/talabat/Menuitems/blob_637745424522510237?width=172&amp;height=172
Pasta Salad,"Fusilli pasta, peppers, smoked turkey, mozzarella, olives, oregano, young tomato, rocca and pesto dressing.",34.0,https://images.deliveryhero.io/image/talabat/Menuitems/mmw_638030670477945099?width=172&amp;height=172
Biryani Pasta,"Manakish dough, penne, chicken breast, parmesan cheese, spring onions, bell pepper, sesame seeds, biryani sauce and creamy sauce",52.0,https://images.deliveryhero.io/image/talabat/Menuitems/blob_637695403610582848?width=172&amp;height=172
Arrabbiata,"Penne, tomato sauce, fresh basil, oregano, chilli flakes, olive oil and parmesan cheese",40.0,https://images.deliveryhero.io/image/talabat/Menuitems/blob_637745438081818592?width=172&amp;height=172
Four Cheesy,"Penne pasta, four cheese and fresh mixed cream sauce.",52.0,https://images.deliveryhero.io/image/talabat/Menuitems/blob_637695405275299673?width=172&amp;height=172
Pollo Alfredo,"Penne, chicken breast, mushrooms, broccoli, four cheese and creamy sauce",64.0,https://images.deliveryhero.io/image/talabat/Menuitems/blob_637745438882995074?width=172&amp;height=172
Penne Creamy Pesto,"Creamy sauce, homemade pesto and parmesan cheese.",30.0,https://images.deliveryhero.io/image/talabat/Menuitems/mmw_638030672536165980?width=172&amp;height=172
Kafta And Tomato Spaghetti ,"Grilled kafta, pomodoro sauce, spaghetti and parmesan cheese.",34.0,https://images.deliveryhero.io/image/talabat/Menuitems/mmw_638030673438004979?width=172&amp;height=172
Truffle Mushroom Penne,Creamy truffle mushrooms sauce and parmesan cheese,39.0,https://images.deliveryhero.io/image/talabat/Menuitems/mmw_638032251425667965?width=172&amp;height=172
Calzone Chicken Quesadilla,"Arrabiata sauce, chicken, black olives, mushrooms, spring onions, parsley, jalapeno, mix cheese and guacamole sauce",57.0,https://images.deliveryhero.io/image/talabat/Menuitems/blob_637360969409451286?width=172&amp;height=172
Vegetarian Pizza,"Pizza sauce, broccoli, mushrooms, black olives, onion, bell pepper, mozzarella cheese, baby corn and garlic oil",45.0,https://images.deliveryhero.io/image/talabat/Menuitems/blob_637360968456320964?width=172&amp;height=172
 Margherita Pizza,"Pizza sauce, mozzarella cheese and fresh basil",39.0,https://images.deliveryhero.io/image/talabat/Menuitems/blob_637360968228806167?width=172&amp;height=172
 Chicken Pizza,"Pizza sauce, chicken, mushrooms, mozzarella cheese, bell peppers and garlic oil",57.0,https://images.deliveryhero.io/image/talabat/Menuitems/blob_637360969692405877?width=172&amp;height=172
Beiruty Pizza,"Pizza sauce, akawi cheese, red capsicum, mushrooms, black olives and zaatar",35.0,https://images.deliveryhero.io/image/talabat/Menuitems/blob_637360968011191984?width=172&amp;height=172
 Chicken Taco Pizza,"OTW sauce, marinated chicken, tortilla chips, mixed cheese and avocado sauce",65.0,https://images.deliveryhero.io/image/talabat/Menuitems/blob_637360969936818611?width=172&amp;height=172
 Pepperoni Pizza,"Pizza sauce, beef pepperoni and mozzarella cheese",53.0,https://images.deliveryhero.io/image/talabat/Menuitems/blob_637360968715161610?width=172&amp;height=172
Four Cheesy Pizza,"Pizza sauce, akawi cheese, parmesan cheese, mozzarella cheese and cheddar cheese",54.0,https://images.deliveryhero.io/image/talabat/Menuitems/blob_637360968915269133?width=172&amp;height=172
Meat Lovers Pizza,"Pizza sauce, spicy sausage, pepperoni, beef bacon, kafta and akkawi cheese",59.0,https://images.deliveryhero.io/image/talabat/Menuitems/blob_637737039031258641?width=172&amp;height=172
Grilled Kibbeh Meal,"White Burgul, stuffed with grounded premium beef,  served with hummus dip, pomegranate molasses, house Salad and fresh bread",40.0,https://images.deliveryhero.io/image/talabat/Menuitems/Grilled_Kibbeh_Meal_637182219857573801.jpg?width=172&amp;height=172
Baker's Vine Leaves With Lamb,"Vine leaves, slow cooked young lamb shank, baked in light dough, baked potato served with salona sauce and yogurt",87.0,https://images.deliveryhero.io/image/talabat/Menuitems/blob_637745440483496237?width=172&amp;height=172
Baker's Chicken Biryani,"Rice, marinated chicken breast, bell peppers, onions, salona sauce and biryani sauce",48.0,https://images.deliveryhero.io/image/talabat/Menuitems/blob_637745440851116841?width=172&amp;height=172
Baker's Lamb And Rice,"Rice, slow cooked young lamb shank, roasted almond flakes, baked in light dough, yogurt and cucumber dip",69.0,https://images.deliveryhero.io/image/talabat/Menuitems/blob_637745439963676346?width=172&amp;height=172
Grilled Chicken Breast,"Grilled chicken breast, baby corn, broccoli, carrot and garlic fried potato .",55.0,https://images.deliveryhero.io/image/talabat/Menuitems/blob_637737043763724820?width=172&amp;height=172
Keto Platter (511 Cal),"Grilled chicken breast, young spinach leaves, broccoli, green beans, cherry tomatos, pomegranates seeds, sumac, zaatar, oregano, spicy hummus, olive oil, chia seeds, tahina sauce, lemon juice and olive oil",41.0,https://images.deliveryhero.io/image/talabat/Menuitems/blob_637745442223371929?width=172&amp;height=172
Kibbeh And Shish Barak Bl Laban,"Oven baked Kibbeh, shish barak, cooked yogurt, vermicelli rice, coriander and garlic sauce",52.0,https://images.deliveryhero.io/image/talabat/Menuitems/blob_637737045648347766?width=172&amp;height=172
 Tabbouleh Dip,A delicious dip made from tabbouleh salad.,9.0,https://images.deliveryhero.io/image/talabat/Menuitems/blob_637361013374600558?width=172&amp;height=172
 French Fries Box,Side dish made from strips of potatoes that are deep-fried served in a box.,14.0,https://images.deliveryhero.io/image/talabat/Menuitems/blob_637361010423548166?width=172&amp;height=172
 Black Olive Box,"Black Olive Box, a box of black olives.",4.0,https://images.deliveryhero.io/image/talabat/Menuitems/blob_637361014579663065?width=172&amp;height=172
 Regular Bread, 3 pieces.,3.0,https://images.deliveryhero.io/image/talabat/Menuitems/blob_637361013623373514?width=172&amp;height=172
 Mashed Potato,"smooth and fluffy potatoes, whipped with creamy butter and rich milk",13.0,https://images.deliveryhero.io/image/talabat/Menuitems/blob_637361012764911075?width=172&amp;height=172
 Tahini Sauce,"Made from roasted sesame seeds, this versatile condiment adds a nutty, savory flavor to salads, sandwiches, and more.",2.0,https://images.deliveryhero.io/image/talabat/Menuitems/blob_637402768105778700?width=172&amp;height=172
 Garlic Sauce,"A creamy blend of fresh garlic, tangy lemon juice and smooth mayonnaise.",4.0,https://images.deliveryhero.io/image/talabat/Menuitems/blob_637402765946313222?width=172&amp;height=172
 Hummus Dip,A classic and flavorful chickpea dip.,9.0,https://images.deliveryhero.io/image/talabat/Menuitems/blob_637361012986847238?width=172&amp;height=172
 Tapenadi Box,"Tapenade Box, a box of tapenade, a flavorful olive based spread.",6.0,https://images.deliveryhero.io/image/talabat/Menuitems/blob_637361014071329445?width=172&amp;height=172
 Mexican Sauce,Spicy sauce with Mexican flavors.,3.0,https://images.deliveryhero.io/image/talabat/Menuitems/blob_637402766818333987?width=172&amp;height=172
 Zaatar Bread, 3 pieces.,4.0,https://images.deliveryhero.io/image/talabat/Menuitems/blob_637361014370017321?width=172&amp;height=172
Latayef 1 Piece,"Baked qatayef dough, sweet cheese, mixed walnuts, mixed with brown sugar, blossom water and served with honey dip.",13.0,https://images.deliveryhero.io/image/talabat/Menuitems/blob_637361015032564509?width=172&amp;height=172
Mouhalabia Chocolate Kit Kat,Slow cooked Kit Kat Chocolate mouhalabia topped with marshmallow,20.0,https://images.deliveryhero.io/image/talabat/Menuitems/blob_637745449929743659?width=172&amp;height=172
 Kunafa," Kunafa dough, cheese, kunafa crumbs and sugar syrup.",33.0,https://images.deliveryhero.io/image/talabat/Menuitems/blob_637361014855713996?width=172&amp;height=172
Mouhalabia Pistachio,Slow cooked pistachio mouhalabia topped with pistachio powder,20.0,https://images.deliveryhero.io/image/talabat/Menuitems/blob_637737049272655770?width=172&amp;height=172
 Yogurt,"Made with the freshest and highest quality ingredients, packed with probiotics and nutrients",10.0,https://images.deliveryhero.io/image/talabat/Menuitems/blob_637361016365928717?width=172&amp;height=172
 Pepsi,Soft drink,8.0,https://images.deliveryhero.io/image/talabat/Menuitems/blob_637361016921397015?width=172&amp;height=172
 Mirinda,Soft drink,8.0,https://images.deliveryhero.io/image/talabat/Menuitems/blob_637361018387409721?width=172&amp;height=172
 Mountain Dew,Soft Drink,8.0,https://images.deliveryhero.io/image/talabat/Menuitems/blob_637361018207514191?width=172&amp;height=172
 Sparkling Water,Carbonated water,12.0,
 7 Up,Soft Drink,8.0,https://images.deliveryhero.io/image/talabat/Menuitems/blob_637361017271811671?width=172&amp;height=172
 Water, Small.,6.0,https://images.deliveryhero.io/image/talabat/Menuitems/blob_637361016737046985?width=172&amp;height=172
 Apple Juice,A sweet and refreshing juice made from fresh apples.,20.0,https://images.deliveryhero.io/image/talabat/Menuitems/blob_637361019275404279?width=172&amp;height=172
 Ginger With Carrot Juice,"chopped carrots, grated ginger and water",22.0,https://images.deliveryhero.io/image/talabat/Menuitems/blob_637361020672627232?width=172&amp;height=172
 Watermelon Juice,A refreshing and hydrating beverage made from ripe watermelons.,18.0,https://images.deliveryhero.io/image/talabat/Menuitems/blob_637361018925399577?width=172&amp;height=172
 Carrot Juice,"Made with freshly squeezed carrots, it's a rich source of Vitamin A and other essential nutrients.",20.0,https://images.deliveryhero.io/image/talabat/Menuitems/blob_637361019103691799?width=172&amp;height=172
 Lemon Mint Juice,A refreshing and flavorful drink made by combining freshly squeezed lemon juice with mint.,18.0,https://images.deliveryhero.io/image/talabat/Menuitems/blob_637361018709365701?width=172&amp;height=172
 Ginger With Orange Juice,grated ginger and Squeezed orange,22.0,https://images.deliveryhero.io/image/talabat/Menuitems/blob_637361020882082744?width=172&amp;height=172
 Strawberry Juice,A sweet and refreshing beverage made from ripe strawberries.,21.0,https://images.deliveryhero.io/image/talabat/Menuitems/blob_637361020208072903?width=172&amp;height=172
 Fresh Avocado Juice,"Made from freshly pressed avocados, it's packed with healthy fats, vitamins and minerals.",25.0,https://images.deliveryhero.io/image/talabat/Menuitems/blob_637361022161160286?width=172&amp;height=172
 Pineapple Juice,A sweet and tangy beverage made from fresh pineapples.,21.0,https://images.deliveryhero.io/image/talabat/Menuitems/blob_637361020377989157?width=172&amp;height=172
 Orange Juice,"Made with freshly squeezed oranges, it's a great source of Vitamin C.",21.0,https://images.deliveryhero.io/image/talabat/Menuitems/blob_637361019990593252?width=172&amp;height=172
Mojito Passion Fruits ,"Fresh passion fruits and juice, sugar syrup, lime with mint leaves.",22.0,https://images.deliveryhero.io/image/talabat/Menuitems/mmw_638030676200433464?width=172&amp;height=172
Lime And Pineapple With Kiwi ,"Kiwi, pineapple, honey and lime juice.",20.0,https://images.deliveryhero.io/image/talabat/Menuitems/mmw_638030679058569299?width=172&amp;height=172
Mojito Mango Passion Fruits,"Mango pure, fresh passion fruits and lemon juice.",22.0,https://images.deliveryhero.io/image/talabat/Menuitems/mmw_638030679766322394?width=172&amp;height=172
Honey Berries,"Mix wild berries, strawberry, mint leaves, ginger ale, and honey.
",28.0,https://images.deliveryhero.io/image/talabat/Menuitems/mmw_638031589827093259?width=172&amp;height=172
Strawberry With Banana Smoothie,"Strawberries, banana and milk",21.0,https://images.deliveryhero.io/image/talabat/Menuitems/blob_637695439249560191?width=172&amp;height=172
