item_name,item_description,item_price,item_image
Street Style Maggi,"Maggi done the Street-Style way with the chef's secret twist, garnished generously",13.0,https://images.deliveryhero.io/image/talabat/Menuitems/A5D4AF6756ACA607FF84E2CC086B8348?width=172&amp;height=172
Paneer Roll,"Succulently-marinated Fresh Paneer slices on an Onion bed, rolled in a Whole-Wheat Wrap, served with Green Chutney",23.0,https://images.deliveryhero.io/image/talabat/Menuitems/EBF038857AA4E8E2E4F1D9FD420205D7?width=172&amp;height=172
Old Delhi Chicken Curry Combo,"Flavorful Chicken Curry, reminiscent of the taste of bylanes of Old Delhi, served with Whole-Wheat Parantha & Jeera Rice",41.0,https://images.deliveryhero.io/image/talabat/Menuitems/FC8E43DB07EA64A548D162D608037A90?width=172&amp;height=172
Chicken Sausage Maggi,"Street Style Maggi, Topped with Chicken Sausage",16.0,https://images.deliveryhero.io/image/talabat/Menuitems/C9259D4C6FBF93F1985751E21EE3481C?width=172&amp;height=172
Masala Fries,Crispy Golden Fries sprinkled with chefs Magic-Masala and Green Coriander,17.0,https://images.deliveryhero.io/image/talabat/Menuitems/F14FABE1C814FAB69B9881930A644A7F?width=172&amp;height=172
Old Delhi Chicken Curry Combo,"Flavorful Chicken Curry, reminiscent of the taste of bylanes of Old Delhi, served with Whole-Wheat Parantha & Jeera Rice",41.0,https://images.deliveryhero.io/image/talabat/Menuitems/FC8E43DB07EA64A548D162D608037A90?width=172&amp;height=172
Homestyle Kadhai Chicken Combo,"Homestyle mild spicy Kadhai Chicken recipe, served with Whole-Wheat Parantha & Jeera Rice",41.0,https://images.deliveryhero.io/image/talabat/Menuitems/7AE18172385E98E82EE7C3AE76451616?width=172&amp;height=172
Paneer Dhabawala Combo,"Indian Street-Side Dhaba inspired mouth watering Paneer recipe, served with Whole-Wheat Parantha & Jeera Rice",41.0,https://images.deliveryhero.io/image/talabat/Menuitems/16845E0B2A848A0862B165059681B13E?width=172&amp;height=172
Chili Chicken Combo,"The eternal crowd favourite, Chili Chicken served with choice of Fried Rice or Noodles",44.0,https://images.deliveryhero.io/image/talabat/Menuitems/4D920E3DE7B4D2154057CBB828EEF327?width=172&amp;height=172
Chicken Manchurian Combo,Crispy Batter Fried Chicken cooked in a flavorful manchurian sauce served with choice of Fried Rice or Noodles,44.0,https://images.deliveryhero.io/image/talabat/Menuitems/F7136A2487A305433723C32BF72A89B6?width=172&amp;height=172
Chili Paneer Combo,Fresh Paneer cubes cooked in chef's tangy chili sauce served with choice of Fried Rice or Noodles,44.0,https://images.deliveryhero.io/image/talabat/Menuitems/08738A4CE62F4F94874A66E80566C45B?width=172&amp;height=172
Veg. Manchurian Combo,Crispy Batter Fried Mix veg balls cooked in a flavorful manchurian sauce served with choice of Fried Rice or Noodles,39.0,https://images.deliveryhero.io/image/talabat/Menuitems/D3121298DD79FD2F4604EA8CA9FD7B71?width=172&amp;height=172
Old Delhi Chicken Curry,"Full Portion of Flavorful Chicken Curry, reminiscent of the taste of bylanes of Old Delhi",43.0,https://images.deliveryhero.io/image/talabat/Menuitems/0F1437B21968ED619281B48025003397?width=172&amp;height=172
Homestyle Kadhai Chicken,Full portion of Homestyle mild spicy Kadhai Chicken cooked in freshly ground whole spices,43.0,https://images.deliveryhero.io/image/talabat/Menuitems/049F5D853DD3A47ED734CA3E845B9FD3?width=172&amp;height=172
Amritsari Pindi Chhole,Full Portion of Well Spiced Pindi Chhole from Grandma's kitchen. A classic Amritsari delicacy,38.0,https://images.deliveryhero.io/image/talabat/Menuitems/091106786373EC4C4A535D07B5C73455?width=172&amp;height=172
Paneer Dhabawala,Full Portion of Indian Street-Side Dhaba inspired mouth watering Paneer Preparation,43.0,https://images.deliveryhero.io/image/talabat/Menuitems/C3CECA7E76C56AD12EC3726933ED0746?width=172&amp;height=172
Soya Handi,Full portion of Soft and succulent soya chunks in a creamy and flavorful handi curry,39.0,https://images.deliveryhero.io/image/talabat/Menuitems/68A45A3BA15F9C5A501AE538921E4A84?width=172&amp;height=172
Punjabi Rajma Masala,Full Portion of Mouthwatering Homely Rajma remnisicent of lazy Sunday afternoons growing up,37.0,https://images.deliveryhero.io/image/talabat/Menuitems/1763C7483719B56A13229C8257785A6F?width=172&amp;height=172
Jeera Rice,"Long-Grain Basmati Rice, Seasoned with Cumin",18.0,https://images.deliveryhero.io/image/talabat/Menuitems/D6DFF10F28E814B0F0FC3D46409F252E?width=172&amp;height=172
Plain Rice,Long-Grain Basmati Rice,14.0,https://images.deliveryhero.io/image/talabat/Menuitems/B37BEA0414157FF1A281779BEB005B16?width=172&amp;height=172
Plain Parantha,"Whole-Wheat, Plain Paratha",6.0,https://images.deliveryhero.io/image/talabat/Menuitems/2F4CE413A7B00F59F29801D9454722AE?width=172&amp;height=172
Lachha Parantha,"Whole-Wheat, Layered Parantha reminiscent of mom's kitchen",7.0,https://images.deliveryhero.io/image/talabat/Menuitems/EBEFD1A6F201BB67ED81992906E8AC64?width=172&amp;height=172
American Chopsuey,"Special Indo-Chinese sauce made with garlic, ginger, celery, chili sauce and tomato sauce, topped with deep fried noodles",30.0,https://images.deliveryhero.io/image/talabat/Menuitems/E475C7B4FE3B741A05105E2807B98CE9?width=172&amp;height=172
Chili Chicken,"Chili Chicken cooked in Soya sauce, Chili Sauce & Pepper",44.0,https://images.deliveryhero.io/image/talabat/Menuitems/7E498647C4D1C138ECC7047069A57BFD?width=172&amp;height=172
Chicken Manchurian,Crispy Batter Fried Chicken cooked in a flavorful sauce,44.0,https://images.deliveryhero.io/image/talabat/Menuitems/2D4EA27F70CD7A59C7E58947A5D9F786?width=172&amp;height=172
Schezwan Chicken,"Fresh Chicken Cubes cooked in flavorful, spicy Schezwan Sauce",44.0,https://images.deliveryhero.io/image/talabat/Menuitems/C99CA255EE28D8DF3434E94094D16F9B?width=172&amp;height=172
Gobhi Manchurian,Crispy batter fried cauliflower florets cooked in a flavorful manchurian sauce.,39.0,https://images.deliveryhero.io/image/talabat/Menuitems/514E1E398971060DFCD72A9927679FFD?width=172&amp;height=172
Chili Paneer,"Fresh Malai Paneer Cubes cooked in tangy, sweet & spicy chili sauce",44.0,https://images.deliveryhero.io/image/talabat/Menuitems/65573D2EF4A57D7AE7972D1A7C9BBCAA?width=172&amp;height=172
Veg. Manchurian,Crispy Batter Fried Mix veg balls cooked in a flavorful manchurian sauce,39.0,https://images.deliveryhero.io/image/talabat/Menuitems/6BAD3C952F9E33207B390D78D557984F?width=172&amp;height=172
Chili Garlic Noodles,Noodles cooked in Calcutta's very own crushed red chili and garlic sauce.,36.0,https://images.deliveryhero.io/image/talabat/Menuitems/95A720254590A22CA7DCD464C753E611?width=172&amp;height=172
Hakka Noodles,"Nostalgic, Street Style noodles tossed with Garlic, Ginger, Chopped Veggies, Soy Sauce, Chili Sauce & chef's spices.",34.0,https://images.deliveryhero.io/image/talabat/Menuitems/26EAFE81ACBD5B635F068556D6B88D6F?width=172&amp;height=172
WOK Fried Rice,"Street Style Fried Rice tossed with Garlic, Ginger, Chopped Veggies, Soy Sauce, Chili Sauce & chef's spices.",32.0,https://images.deliveryhero.io/image/talabat/Menuitems/5816CAAE7624ACEF8592195944C10835?width=172&amp;height=172
Chili Garlic Noodles,Noodles cooked in Calcutta's very own crushed red chili and garlic sauce.,36.0,https://images.deliveryhero.io/image/talabat/Menuitems/24427F3BD5A3A2653D76200D1C94E7A4?width=172&amp;height=172
Hakka Noodles,"Nostalgic, Street Style noodles tossed with Garlic, Ginger, Chopped Veggies, Soy Sauce, Chili Sauce & chef's spices.",34.0,https://images.deliveryhero.io/image/talabat/Menuitems/D5D3B4864372A73838848E1352712B70?width=172&amp;height=172
WOK Fried Rice,"Street Style Fried Rice tossed with Garlic, Ginger, Chopped Veggies, Soy Sauce, Chili Sauce & chef's spices.",32.0,https://images.deliveryhero.io/image/talabat/Menuitems/2C0129EE659D651901D4395CC746024B?width=172&amp;height=172
Penne Pasta with Pink Sauce,Italian Penne-Pasta cooked in Fresh Creamy Tomato sauce,37.0,https://images.deliveryhero.io/image/talabat/Menuitems/E64F35AA58F807F22EDB5AABCA0C5076?width=172&amp;height=172
Penne Pasta with White Sauce,Italian Penne-Pasta cooked in Fresh Creamy Cheesy sauce,37.0,https://images.deliveryhero.io/image/talabat/Menuitems/583B416555CD71FF57721A251831D697?width=172&amp;height=172
Penne Pasta with Arabiatta Sauce,Italian Penne-Pasta cooked in Fresh Home-made Arabiatta sauce,37.0,https://images.deliveryhero.io/image/talabat/Menuitems/A1445221E141EF4052FD8B86F817D26C?width=172&amp;height=172
Fusili Pasta with Pink Sauce,Italian Fusilli-Pasta cooked in Fresh Creamy Tomato sauce,37.0,https://images.deliveryhero.io/image/talabat/Menuitems/81C98D00348A99D2CF2C47B2D46CE558?width=172&amp;height=172
Fusili Pasta with White Sauce,Italian Fusilli-Pasta cooked in Fresh Creamy Cheesy sauce,30.0,https://images.deliveryhero.io/image/talabat/Menuitems/7EBB73EAA995D4EA7C630891357B3F3F?width=172&amp;height=172
Fusili Pasta with Arabiatta Sauce,Italian Fusilli-Pasta cooked in Fresh Home-made Arabiatta sauce,37.0,https://images.deliveryhero.io/image/talabat/Menuitems/EB639EEB32042B5A1DDF32060D08F29C?width=172&amp;height=172
Chicken Roll,"Truly street-style, Chicken chunks on a bed of Onion, in a Fresh Whole-Wheat roll topped with Egg, served with Green Chutney",24.0,https://images.deliveryhero.io/image/talabat/Menuitems/252C8E507BC7249B4C5897FF98BED084?width=172&amp;height=172
Chili Chicken Roll,"Indo-Chinese fusion Roll loaded with Chili Chicken Filling in a Fresh Whole-Wheat Bread, served with Green Chutney.",24.0,https://images.deliveryhero.io/image/talabat/Menuitems/FC0A2ED53F09979C86CC1E80053B99C7?width=172&amp;height=172
Paneer Roll,"Succulently-marinated Fresh Paneer slices on an Onion bed, rolled in a Whole-Wheat Wrap, served with Green Chutney",23.0,https://images.deliveryhero.io/image/talabat/Menuitems/EBF038857AA4E8E2E4F1D9FD420205D7?width=172&amp;height=172
Soya Roll,"Marinated Soya-slivers on a bed of Onion, wrapped in Fresh Whole-Wheat roll, served with Green Chutney",23.0,https://images.deliveryhero.io/image/talabat/Menuitems/72A391ED476BE299C3591576FE922479?width=172&amp;height=172
Chili Paneer Roll,"Indo-Chinese fusion Roll loaded with Chili Paneer Filling in a Fresh Whole-Wheat Bread, served with Green Chutney.",24.0,https://images.deliveryhero.io/image/talabat/Menuitems/2A4704AF9FBA3DE8E3B8F78399204FF1?width=172&amp;height=172
Street Style Maggi,"Maggi done the Street-Style way with the chef's secret twist, garnished generously",13.0,https://images.deliveryhero.io/image/talabat/Menuitems/A5D4AF6756ACA607FF84E2CC086B8348?width=172&amp;height=172
Chicken Sausage Maggi,"Street Style Maggi, Topped with Chicken Sausage",16.0,https://images.deliveryhero.io/image/talabat/Menuitems/C9259D4C6FBF93F1985751E21EE3481C?width=172&amp;height=172
Egg Bhurji Maggi,"The taste of Street Style Maggi taken a notch above, Topped with Egg Bhurji",16.0,https://images.deliveryhero.io/image/talabat/Menuitems/1510C827438619751C14248C31668E68?width=172&amp;height=172
Cheese Burst Maggi,"The secret of Street-Style Maggi, generously topped with a burst of Shredded Cheese",16.0,https://images.deliveryhero.io/image/talabat/Menuitems/13D28FFC166719E552D5DEC69ABEAB9D?width=172&amp;height=172
Mozzarella Sticks,"Sinfully delicious, Deep-Fried Cheese Sticks coated with Bread-Crumbs",20.0,https://images.deliveryhero.io/image/talabat/Menuitems/EEC8D5294D518413E28B1F1DC1DB6B29?width=172&amp;height=172
Punjabi Chili Sausage,Full portion of Dry prepration of Chicken Sausages cooked in aromatic and spicy Punjabi Masala,24.0,https://images.deliveryhero.io/image/talabat/Menuitems/7FB301C2CCEB17364C22B88F5B80C633?width=172&amp;height=172
Masala Fries,Crispy Golden Fries sprinkled with chefs Magic-Masala and Green Coriander,17.0,https://images.deliveryhero.io/image/talabat/Menuitems/F14FABE1C814FAB69B9881930A644A7F?width=172&amp;height=172
Spiced Orange Juice,Freshly-squeezed Orange Juice enhanced with chef's special seasoning mix,15.0,https://images.deliveryhero.io/image/talabat/Menuitems/08BD82AE35AB120D4A13B2BD02464916?width=172&amp;height=172
Mint Lemonade,Indian style lemonade with chef's secret Masala,13.0,https://images.deliveryhero.io/image/talabat/Menuitems/E96F41F69A8F28D5251C558EB5AEA895?width=172&amp;height=172
Mango Lassi,Cool and Rejuveanting Punjabi Lassi made with Fresh Yogurt and Mango Pulp,15.0,https://images.deliveryhero.io/image/talabat/Menuitems/0FA9F9EFA5F7F0EC3495369E09871B70?width=172&amp;height=172
Sweet Lassi,Cool and Rejuveanting Punjabi Lassi made with Fresh Yogurt,15.0,https://images.deliveryhero.io/image/talabat/Menuitems/684AE467BB357B62A065E5158DCBC812?width=172&amp;height=172
Tadka Chaas,Gut friendly Buttermilk tempered with the freshness of Curry Flavor,12.0,https://images.deliveryhero.io/image/talabat/Menuitems/D027242EFDC3FC654A5E346B562E7B1E?width=172&amp;height=172
Coca Cola,300ml Can,8.0,https://images.deliveryhero.io/image/talabat/Menuitems/7F0553EFEA3E9D7D287A07DFBE6F0F7F?width=172&amp;height=172
Coca Cola Light,300ml Can,8.0,https://images.deliveryhero.io/image/talabat/Menuitems/6A3010079E789A3A7510B5C76724E98E?width=172&amp;height=172
Sprite,300ml Can,8.0,https://images.deliveryhero.io/image/talabat/Menuitems/D639802009982CACF7A210985C8E5D3D?width=172&amp;height=172
Thums Up,250ml Can,8.0,https://images.deliveryhero.io/image/talabat/Menuitems/82E9880C1CCD4A95F2233B21AEB9698A?width=172&amp;height=172
Molten Chocolate Lava,Luscious and Indulgent oozing Molten Chocolate Lava Cake,24.0,https://images.deliveryhero.io/image/talabat/Menuitems/00860BE4E4779719C976B2B7B8401815?width=172&amp;height=172
Brownie Choco Bliss,Melt-In-Your-Mouth Brownie Chunks Topped with Chocolate Sauce,22.0,https://images.deliveryhero.io/image/talabat/Menuitems/4A66EC5B6C7D38B38F4D33691E6CAB2B?width=172&amp;height=172
