item_name,item_description,item_price,item_image
William Steak,"Signature homemade bread filled with grill beef tenderloin, roasted capsicum, caramelized onion and cheddar cheese. served with french fries",42.0,https://images.deliveryhero.io/image/talabat/Menuitems/blob_637462839854248820?width=172&amp;height=172
Penne Chicken And Mushrooms,De Cecco penne pasta served in a white sauce prepared using chicken and mushrooms as its primary ingredient and parmigiano,48.0,https://images.deliveryhero.io/image/talabat/Menuitems/blob_637665704820113965?width=172&amp;height=172
Grilled Chicken Breast,"Free range grilled chicken breast,  served with organic Caesar salad",45.0,https://images.deliveryhero.io/image/talabat/Menuitems/blob_637610806850833696?width=172&amp;height=172
Shakshuka,"Combination of simmered tomatoes, onion, garlic and mix bell pepper. Topped with two eggs and feta crumble with a sprinkle of parsley",35.0,
Chef Toast,"Brown bread filled with banana cooked french toast style, topped with banana, organic maple syrup and icing sugar",35.0,
Turkey And Cheese Omelet,"Two eggs omelet filled with spinach, turkey and cheese served with toasted brown bread on the side",30.0,
Shakshuka,"Combination of simmered tomatoes, onion, garlic and mix bell pepper. Topped with two eggs and feta crumble with a sprinkle of parsley",35.0,
Bazilian Acai,"Organic acai berry, blueberry and mango mix topped with banana, strawberry and granola",30.0,
Caesar Salad,"Caesar salad is a green salad of romaine lettuce and croutons dressed with lemon juice, olive oil, Worcestershire sauce, garlic, Dijon mustard dressing, Parmesan cheese, and black pepper.",30.0,https://images.deliveryhero.io/image/talabat/Menuitems/blob_637462846379575827?width=172&amp;height=172
Avocado,"South western Mexican Avocado, lettuce, sweet corn, cherry tomatoes, feta cheese and origano served with a drizzle 0f balsamic vinaigrette.",38.0,https://images.deliveryhero.io/image/talabat/Menuitems/blob_637474024275060934?width=172&amp;height=172
Mozzarella Fritta,Golden crispy deep fried breaded mozzarella served with homemade chili sauce,25.0,https://images.deliveryhero.io/image/talabat/Menuitems/mmw_637809591131109496?width=172&amp;height=172
Bresaola Carpaccio,"Dry air cured beef dop topped with fresh rocket leaves, shaved parmigiano with a drizzle of balsamic vinaigrette and extra virgin olive oil",40.0,https://images.deliveryhero.io/image/talabat/Menuitems/mmw_637809592591356354?width=172&amp;height=172
Greca,"Lettuce, cherry tomatoes, cucumbers, black olives, feta cheese, origano dressed with extra virgin olive oil and balsamic vinegar",35.0,
Grilled Chicken Breast,"Free range grilled chicken breast,  served with organic Caesar salad",45.0,https://images.deliveryhero.io/image/talabat/Menuitems/blob_637610806850833696?width=172&amp;height=172
Chicken Fajita,"Grill chicken served with sautéed roasted mix bell peppers, sliced onion and served with cesar salad on the side",50.0,
Chicken Milanese,"American version of the Famous Milanese dish baked with a twist of rocca leaves, shaved grana cheese, cherry tomatoes and roasted rosemary potatoes on the side",50.0,https://images.deliveryhero.io/image/talabat/Menuitems/blob_637610810810034467?width=172&amp;height=172
Tagliata Milanese,"Traditional dish in Milano using style of cutting grilling beef, served with rocca leaves, shredded grana cheese and cherry tomatoes",60.0,https://images.deliveryhero.io/image/talabat/Menuitems/blob_637610805957722386?width=172&amp;height=172
Argentinian Beef Steak,"Argentinian beef tenderloin grilled, served with chimichurri sauce, sauteed garlic spinach and mashed potatoes",60.0,https://images.deliveryhero.io/image/talabat/Menuitems/blob_637610809717737950?width=172&amp;height=172
Steak Porcini Mushroom,"Grill south African tenderloin beef served with porcini mushroom sauce, low in fat and digestible carbohydrates, and highin protein, vitamins, minerals and dietary fibre. Served with fries and sautéed broccoli",75.0,https://images.deliveryhero.io/image/talabat/Menuitems/blob_637462849635287960?width=172&amp;height=172
Grilled Salmon,"Norwegian grill salmon, rich in omega 3 and vitamin served with sautéed garlic spinach, steam broccoli and carrots",65.0,https://images.deliveryhero.io/image/talabat/Menuitems/blob_637462848929645431?width=172&amp;height=172
Spanish Shrimp Platter,"Grill shrimp sautéed in chimichurri sauce, sautéed spinach, steam broccoli and carrots",58.0,https://images.deliveryhero.io/image/talabat/Menuitems/blob_637462848571018412?width=172&amp;height=172
Tempura Fish And Chips,Tempura coated cod fish fillet served with oven roasted potatoes,55.0,https://images.deliveryhero.io/image/talabat/Menuitems/mmw_637809596530911825?width=172&amp;height=172
Vegan Platter,"The vegan platter is low in calories, while containing a relatively large amount of protein, high in iron calcium or magnesium. Is served with sautéed turmeric tofu, scrambled avocado, roasted potatoes",45.0,https://images.deliveryhero.io/image/talabat/Menuitems/blob_637462847879757682?width=172&amp;height=172
Spaghetti Pomodoro,De cecco spaghetti served in fresh express cherry tomato sauce,32.0,https://images.deliveryhero.io/image/talabat/Menuitems/blob_637610835055773284?width=172&amp;height=172
Spaghetti Carbonara,De Cecco spaghetti served in crispy beef bresaola and creamy egg parmigiano sauce.,40.0,
Spaghetti Scarlet,Spaghetti served in fresh chili and garlic sauce with a twist of lemon parsley sautéed,35.0,https://images.deliveryhero.io/image/talabat/Menuitems/mmw_637944950749949449?width=172&amp;height=172
Spaghetti al Pesto,De cecco spaghetti served in homemade basil pesto sauce with sauteed cherry tomatoes and parmigiano,35.0,https://images.deliveryhero.io/image/talabat/Menuitems/mmw_637809598729607371?width=172&amp;height=172
Penne Arrabbiata,"De Cecco penne pasta served in spicy sauce made from garlic, tomatoes, and dried red chili peppers cooked in olive oil",36.0,https://images.deliveryhero.io/image/talabat/Menuitems/blob_637665704223798074?width=172&amp;height=172
Penne Chicken And Mushrooms,De Cecco penne pasta served in a white sauce prepared using chicken and mushrooms as its primary ingredient and parmigiano,48.0,https://images.deliveryhero.io/image/talabat/Menuitems/blob_637665704820113965?width=172&amp;height=172
Spaghetti Shrimp Scarlet,"De Cecco spaghetti served with sautéed shrimp in chili, garlic and lemon sauce with a drizzle of parsley",45.0,https://images.deliveryhero.io/image/talabat/Menuitems/blob_637665709696715827?width=172&amp;height=172
Tortellini Al Pesto,Homemade tortellini pasta filled with ricotta cheese and spinach served in homemade green pesto sauceز,40.0,
Tortellini Pomodoro,"Chef Specialty homemade pasta filled with ricotta, spinach served in fresh cherry tomatoes sauce",40.0,https://images.deliveryhero.io/image/talabat/Menuitems/mmw_637809600134618229?width=172&amp;height=172
Margherita Pizza,"Neapolitan pizza, made with san marzano tomatoes,  mozzarella cheese, fresh basil,  salt, and extra-virgin olive oil",40.0,https://images.deliveryhero.io/image/talabat/Menuitems/blob_637665700380703806?width=172&amp;height=172
Pesto Genovese,"Basil pesto sauce, fresh mozzarella and cherry tomatoes",35.0,https://images.deliveryhero.io/image/talabat/Menuitems/mmw_637809604224975171?width=172&amp;height=172
Beef Pepperoni Pizza,"San Marzano tomatoes, mozzarella cheese, fresh basil, salt, and extra-virgin olive oil adding on top halal beef pepperoni",45.0,https://images.deliveryhero.io/image/talabat/Menuitems/blob_637665699478687404?width=172&amp;height=172
Tuna,"San Marzano tomatoes, mozzarella cheese, fresh basil, salt, and extra-virgin olive oil adding on top fresh tuna and onion",45.0,https://images.deliveryhero.io/image/talabat/Menuitems/blob_637575961638172521?width=172&amp;height=172
Chicken BBQ Pizza,"San Marzano tomatoes, mozzarella cheese, fresh basil, salt, and extra-virgin olive oil adding on top bbq chicken",45.0,https://images.deliveryhero.io/image/talabat/Menuitems/chicken_bbq_pizza637775872115119416.jpg?width=172&amp;height=172
Turkey And Porcini Mushrooms Pizza,"San Marzano tomatoes, mozzarella cheese, fresh basil, salt, and extra-virgin olive oil adding on top smoked turkey, sautéed spinach and porcini mushrooms",50.0,https://images.deliveryhero.io/image/talabat/Menuitems/blob_637533671979091450?width=172&amp;height=172
Quattro Formaggi,"Fresh mozzarella cheese, cheddar, feta and parmigiano cheese",45.0,https://images.deliveryhero.io/image/talabat/Menuitems/blob_637665703207171413?width=172&amp;height=172
Capricciosa ,"Tomato sauce, mozzarella, turkey, pepperoni, mushrooms, sundried tomatoes and black olives",50.0,https://images.deliveryhero.io/image/talabat/Menuitems/mmw_637809607461928722?width=172&amp;height=172
Bresaola Doc,"Signature homemade bread filled with dry air cured beef bresaola, sliced tomato, rocca leaves and balsamic glaze. Served with fries",45.0,https://images.deliveryhero.io/image/talabat/Menuitems/blob_637462837845464885?width=172&amp;height=172
Mexican Barbacoa,"Signature homemade bread filled with slow cook beef barbacoa, avocado, sour cream and shredded lettuce served with Caesar salad",40.0,https://images.deliveryhero.io/image/talabat/Menuitems/blob_637490087422771794?width=172&amp;height=172
William Steak,"Signature homemade bread filled with grill beef tenderloin, roasted capsicum, caramelized onion and cheddar cheese. served with french fries",42.0,https://images.deliveryhero.io/image/talabat/Menuitems/blob_637462839854248820?width=172&amp;height=172
The King Burger,"The King is a perfect burger with black angus beef, lettuce, tomato, slice of cheddar and mustard bbq sauce. Served with fries",45.0,https://images.deliveryhero.io/image/talabat/Menuitems/blob_637610837817481484?width=172&amp;height=172
Chicken Sundried,"Signature homemade bread filled with grill chicken breast, lettuce, sundried tomato pesto and roasted rosemary potatoes",40.0,https://images.deliveryhero.io/image/talabat/Menuitems/blob_637462841356899795?width=172&amp;height=172
French Fries,Classic american style french fries.,12.0,https://images.deliveryhero.io/image/talabat/Menuitems/blob_637575963729577395?width=172&amp;height=172
Sauteed Spinach,,15.0,https://images.deliveryhero.io/image/talabat/Menuitems/sauteed_spinach637775873473882293.jpg?width=172&amp;height=172
Steam Broccoli And Carrots,,15.0,https://images.deliveryhero.io/image/talabat/Menuitems/blob_637639028390091451?width=172&amp;height=172
Eye Opener,"Freshly made vitamin drink with orange, carrots and apple",22.0,https://images.deliveryhero.io/image/talabat/Menuitems/Eye_Opener637813916800056403.jpg?width=172&amp;height=172
Ginger Rogers,"Super healthy drink made with oranges, fresh ginger, lemon, turmeric, carrots and organic honey",24.0,https://images.deliveryhero.io/image/talabat/Menuitems/Ginger_Rogers637813916800056418.jpg?width=172&amp;height=172
Virgin Mojito,Refreshing drink made with squeezed lemon in brown sugar and mint topped with sprite,20.0,https://images.deliveryhero.io/image/talabat/Menuitems/Virgin_Mojito637813916800055890.jpg?width=172&amp;height=172
Acai Berry,"Acai berry, banana and coconut milk loaded of vitamin, protein and anti agin property",26.0,https://images.deliveryhero.io/image/talabat/Menuitems/Acai_Berry637813916800055974.jpg?width=172&amp;height=172
Italian Sundried Tomato 2.9 Kg ,Imported sun dried tomatoes from south Italy 3.5kg,140.0,https://images.deliveryhero.io/image/talabat/Menuitems/italian_sundried_tomatoes637775873118503457.jpg?width=172&amp;height=172
Homemade Spinach Rocket Pesto 200 Gm,"Homemade pesto mix with spinach, rocca leaves, parmigiano, garlic, salt and pepper",30.0,https://images.deliveryhero.io/image/talabat/Menuitems/House_Rocket_Pesto637813916800055693.jpg?width=172&amp;height=172
Water,Stay hydrated and refreshed with our water.,5.0,https://images.deliveryhero.io/image/talabat/Menuitems/Water637813916800055949.jpg?width=172&amp;height=172
Coca-Cola,Carbonated soft drink,7.0,https://images.deliveryhero.io/image/talabat/Menuitems/Coca_Cola637775872343326100.jpg?width=172&amp;height=172
Diet Coke,Carbonated soft drink with zero sugar & zero calories,7.0,https://images.deliveryhero.io/image/talabat/Menuitems/coca_cola_light637775872393340765.jpg?width=172&amp;height=172
Fanta,Carbonated soft drink,7.0,https://images.deliveryhero.io/image/talabat/Menuitems/Fanta_Can637775872524310736.jpg?width=172&amp;height=172
Sprite,Non-caffeinated soft drink,7.0,https://images.deliveryhero.io/image/talabat/Menuitems/Sprite637775872672112212.jpg?width=172&amp;height=172
Lemon Ice Tea,Lemon ice tea is a refreshing beverage made by brewing tea and adding lemon flavor.,10.0,https://images.deliveryhero.io/image/talabat/Menuitems/Lemon_Iced_Tea637813916800055814.jpg?width=172&amp;height=172
Peach Ice Tea,Freshly brewed and sweetened to perfection for the ultimate drink for hot summer days,10.0,https://images.deliveryhero.io/image/talabat/Menuitems/Peach_Iced_Tea637775873374750985.jpg?width=172&amp;height=172
San Pellegrino Water,Refreshing carbonated water,15.0,https://images.deliveryhero.io/image/talabat/Menuitems/san_pellegrino637775872610265647.jpg?width=172&amp;height=172
Acqua Panna,Mineral Water.,14.0,https://images.deliveryhero.io/image/talabat/Menuitems/Acqua_Panna637775871919148610.jpg?width=172&amp;height=172
Orange Juice,"Made capturing all the natural sweetness and tangy citrus flavor. Packed with Vitamin C, it's the perfect thirst quencher and a healthy addition to your daily diet.",16.0,https://images.deliveryhero.io/image/talabat/Menuitems/Orange_Juice637775873274234403.jpg?width=172&amp;height=172
Carrot Juice,"Made with freshly squeezed carrots, it's a rich source of Vitamin A and other essential nutrients, perfect for those looking for a healthy and delicious drink.",16.0,https://images.deliveryhero.io/image/talabat/Menuitems/Carrot_Juice637813916800056063.jpg?width=172&amp;height=172
Apple Juice,Made with a blend of juicy apples,16.0,https://images.deliveryhero.io/image/talabat/Menuitems/Apple_Juice637813916800056019.jpg?width=172&amp;height=172
Mocha,"Made with espresso, steamed milk, and chocolate, it's a perfect blend of flavors that will satisfy your sweet tooth and pick you up any time of the day.",0.0,https://images.deliveryhero.io/image/talabat/Menuitems/Mocha637813916800055842.jpg?width=172&amp;height=172
Hot Chocolate,"Made with rich cocoa powder, it's the perfect treat when you just want to indulge in something sweet.",0.0,https://images.deliveryhero.io/image/talabat/Menuitems/Hot_Chocolate637775872955096353.jpg?width=172&amp;height=172
Soy Latte,,0.0,https://images.deliveryhero.io/image/talabat/Menuitems/soy_latte637775873536442253.jpg?width=172&amp;height=172
Almond Latte,,0.0,https://images.deliveryhero.io/image/talabat/Menuitems/almond_latte637775871990642131.jpg?width=172&amp;height=172
Espresso Double,"Indulge in the rich and invigorating experience of our Espresso Double, a harmonious blend of two shots of robust espresso, delivering a bold caffeine kick that will awaken your senses and leave you craving for more.",14.0,https://images.deliveryhero.io/image/talabat/Menuitems/Double_Espresso637813916800056351.jpg?width=172&amp;height=172
Espresso Macchiato,"Made with freshly brewed espresso and frothed milk, it's the perfect choice for coffee lovers who appreciate a strong and robust taste.",12.0,https://images.deliveryhero.io/image/talabat/Menuitems/Espresso_macchiato637775872772917528.jpg?width=172&amp;height=172
Americano,"Made with freshly brewed espresso and hot water, it's the perfect choice for coffee lovers who appreciate a strong and robust taste.",0.0,https://images.deliveryhero.io/image/talabat/Menuitems/Americano637813916800055997.jpg?width=172&amp;height=172
Ice Coffee,"Indulge in the invigorating harmony of our Ice Coffee—a luscious fusion of rich espresso, creamy milk, caramel drizzle, and aromatic cocoa—for a blissful sensory awakening with every sip.",18.0,https://images.deliveryhero.io/image/talabat/Menuitems/Iced_coffee637813916800055781.jpg?width=172&amp;height=172
Cafe Latte,"Made with espresso and steamed milk, it's the perfect way to start your day or take a break during the day.",0.0,https://images.deliveryhero.io/image/talabat/Menuitems/Cafe_Latte637813916800056041.jpg?width=172&amp;height=172
Ice Latte,"Made with rich espresso, milk, and ice, it's the perfect way to cool down and refresh yourself during the hot summer days, or any time you crave a refreshing coffee.",18.0,https://images.deliveryhero.io/image/talabat/Menuitems/Ice_Latte637813916800055756.jpg?width=172&amp;height=172
Cappuccino,"Made with espresso and steamed milk creating rich, velvety taste.",0.0,https://images.deliveryhero.io/image/talabat/Menuitems/Cappuccino637775872050595215.jpg?width=172&amp;height=172
