item_name,item_description,item_price,item_image
Thai Combo Meal D,"Thai fried rice chicken, chicken cashew nut, fish cake and soft drink or water",35.0,https://images.deliveryhero.io/image/talabat/Menuitems/mmw_638137139217135761?width=172&amp;height=172
Vietnamese Pho Soup,"250 ml, vietnamese soup, beef or chicken, rice noodles and fresh herbs",0.0,https://images.deliveryhero.io/image/talabat/Menuitems/mmw_638282156629169014?width=172&amp;height=172
Hot And Sour Prawns Soup,"250 ml, served spicy and tangi, bamboo shoot, carrot, tofu and chopped prawns",36.0,https://images.deliveryhero.io/image/talabat/Menuitems/mmw_638282153156914407?width=172&amp;height=172
Mango Sticky Rice,"""Sweet, Creamy, And Tropical - Mango Sticky Rice Is The Perfect Dessert To Transport Your Taste Buds To Thailand.""",34.0,https://images.deliveryhero.io/image/talabat/Menuitems/Oriental_Flavors_of_Asia_638145578863003390.jpg?width=172&amp;height=172
Mongolian Beef Large Plate,Tender beef wok tossed and grilled with mix veggies,48.0,https://images.deliveryhero.io/image/talabat/Menuitems/mmw_638282157212141842?width=172&amp;height=172
Hot And Sour Prawns Soup,"250 ml, served spicy and tangi, bamboo shoot, carrot, tofu and chopped prawns",36.0,https://images.deliveryhero.io/image/talabat/Menuitems/mmw_638282153156914407?width=172&amp;height=172
Hot And Sour Chicken Or Veg Soup,,0.0,https://images.deliveryhero.io/image/talabat/Menuitems/mmw_638282154532618652?width=172&amp;height=172
Sweet Corn Soup,"250 ml, corn cream with egg",0.0,https://images.deliveryhero.io/image/talabat/Menuitems/mmw_638282217572484699?width=172&amp;height=172
Spicy Crab Stick With Coriander Soup,"250 ml, crab stick, coriander, chili and served with chicken broth with egg drop on it",32.0,https://images.deliveryhero.io/image/talabat/Menuitems/mmw_638282153970045179?width=172&amp;height=172
Laksa Soup,"450 ml Malaysian soup with coconut milk, egg, fish balls, coriander, chilli, beans sprout and spices with noodle",45.0,https://images.deliveryhero.io/image/talabat/Menuitems/mmw_638282211186421816?width=172&amp;height=172
Vietnamese Pho Soup,"250 ml, vietnamese soup, beef or chicken, rice noodles and fresh herbs",0.0,https://images.deliveryhero.io/image/talabat/Menuitems/mmw_638282156629169014?width=172&amp;height=172
Chinese Combo Meal A,"Chili chicken, chicken schezwan fried rice, chicken momo and soft drink or water",35.0,https://images.deliveryhero.io/image/talabat/Menuitems/mmw_638137138736485399?width=172&amp;height=172
Thai Combo Meal B,"Red curry chicken or beef, jasmine rice, papaya salad and soft drink or water",35.0,https://images.deliveryhero.io/image/talabat/Menuitems/mmw_638137138885287507?width=172&amp;height=172
Thai Combo Meal C,"Green curry chicken or beef, jasmine rice, spring roll veg and soft drink or water",35.0,https://images.deliveryhero.io/image/talabat/Menuitems/mmw_638137139062705648?width=172&amp;height=172
Thai Combo Meal D,"Thai fried rice chicken, chicken cashew nut, fish cake and soft drink or water",35.0,https://images.deliveryhero.io/image/talabat/Menuitems/mmw_638137139217135761?width=172&amp;height=172
Chinese Combo Meal E,"Hakka noodles chicken, hot garlic chicken, tempura prawns and soft drink or water",35.0,https://images.deliveryhero.io/image/talabat/Menuitems/mmw_638137139343101028?width=172&amp;height=172
Stir Fries Chilli And Basil Plate,"Your choice of freshly wok tossed stir fries, spicy thai basil, chili, basil, garlic, bamboo shoots and served with steamed jasmine rice",0.0,https://images.deliveryhero.io/image/talabat/Menuitems/mmw_638282155741215694?width=172&amp;height=172
Thai Style Chicken Cashew Nuts Large Plate,"Chicken wok tossed with cashew nut, dry chili and bell peppers",42.0,https://images.deliveryhero.io/image/talabat/Menuitems/mmw_638282155815119421?width=172&amp;height=172
Mongolian Beef Large Plate,Tender beef wok tossed and grilled with mix veggies,48.0,https://images.deliveryhero.io/image/talabat/Menuitems/mmw_638282157212141842?width=172&amp;height=172
Stir Fries Kang Kung Large Plate,,36.0,https://images.deliveryhero.io/image/talabat/Menuitems/mmw_638282159574019984?width=172&amp;height=172
Singapore Chili Prawns Large Plate,Prawns with tail tossed with singapore chili sauce and egg,48.0,https://images.deliveryhero.io/image/talabat/Menuitems/mmw_638282157167292634?width=172&amp;height=172
Classic Chili Chicken Large Plate,"Chicken tossed with capsicum, onions, garlic and green chili with szechuan chili sauce",36.0,https://images.deliveryhero.io/image/talabat/Menuitems/mmw_638282156961376018?width=172&amp;height=172
Sweet N Saur Chicken Large Plate,Juicy chicken tossed in sweet sour sauce,42.0,https://images.deliveryhero.io/image/talabat/Menuitems/mmw_638149197001407482?width=172&amp;height=172
Exotic Veggie Large Plate,Seasonal greens wok tossed in white garlic sauce,38.0,https://images.deliveryhero.io/image/talabat/Menuitems/mmw_638282157973376832?width=172&amp;height=172
Asian Style Chili Fish Large Plate,Crispy fish tossed with tangi thai basil sauce,40.0,https://images.deliveryhero.io/image/talabat/Menuitems/mmw_638282158176003036?width=172&amp;height=172
Som Tom Prawns Or Seafood Salad,,38.0,https://images.deliveryhero.io/image/talabat/Menuitems/mmw_638137136175638285?width=172&amp;height=172
Somtom Veg Salad,,32.0,https://images.deliveryhero.io/image/talabat/Menuitems/mmw_638282159046367522?width=172&amp;height=172
Yum Talay Salad,Thai seafood,38.0,https://images.deliveryhero.io/image/talabat/Menuitems/mmw_638137102597617093?width=172&amp;height=172
Prawns Momos 6 Pieces,Momos 6 pieces served with momos sauce,32.0,https://images.deliveryhero.io/image/talabat/Menuitems/mmw_638282158780417144?width=172&amp;height=172
Chicken Momos 6 Pieces,Momos 6 pieces served with momos sauce,28.0,https://images.deliveryhero.io/image/talabat/Menuitems/mmw_638282158808750476?width=172&amp;height=172
Soupy Momos 6 Pieces,Soupy momos 6 pieces served with momos sauce,0.0,https://images.deliveryhero.io/image/talabat/Menuitems/mmw_638282160103448617?width=172&amp;height=172
Veg Spring Rolls,5 pieces rolls served with sweet chili sauce,28.0,https://images.deliveryhero.io/image/talabat/Menuitems/mmw_638282160397269440?width=172&amp;height=172
Steamed Edamame,Steamed edamame 200 to 250 grams plate,28.0,https://images.deliveryhero.io/image/talabat/Menuitems/mmw_638282159810595277?width=172&amp;height=172
Thai Fish Cake,5 pieces fish approximately 300 grams served with sweet chili sauce,27.0,https://images.deliveryhero.io/image/talabat/Menuitems/mmw_638282160216846824?width=172&amp;height=172
Chicken Satay,5 pieces served with satay sauce,32.0,https://images.deliveryhero.io/image/talabat/Menuitems/mmw_638282161909637049?width=172&amp;height=172
Prawns Tempura,5 pieces of prawn tempura are served with tempura sauce,38.0,https://images.deliveryhero.io/image/talabat/Menuitems/mmw_638282162374836622?width=172&amp;height=172
Street Style Crispy Tofu,Crispy fried tofu with garlic and chili sauce,25.0,https://images.deliveryhero.io/image/talabat/Menuitems/mmw_638282161737293807?width=172&amp;height=172
Salt And Pepper Prawns,"Crispy prawns tossed with salt, bell pepper and garlic",38.0,https://images.deliveryhero.io/image/talabat/Menuitems/mmw_638282162888425553?width=172&amp;height=172
Thai Green Curry ,,0.0,https://images.deliveryhero.io/image/talabat/Menuitems/mmw_638282164986668399?width=172&amp;height=172
Thai Red Curry,,0.0,https://images.deliveryhero.io/image/talabat/Menuitems/mmw_638282164505901665?width=172&amp;height=172
Garlic Fried Rice,"Fragrant jasmine rice stir-fried with aromatic garlic, perfectly seasoned and garnished with fresh herbs,",0.0,https://images.deliveryhero.io/image/talabat/Menuitems/mmw_638282164113143773?width=172&amp;height=172
Thai Fried Rice,,0.0,https://images.deliveryhero.io/image/talabat/Menuitems/mmw_638282164495677032?width=172&amp;height=172
Steam Rice Jasmine,,18.0,https://images.deliveryhero.io/image/talabat/Menuitems/Oriental_Flavors_of_Asia_638145578929970864.jpg?width=172&amp;height=172
Nasi Goreng Prawns,,38.0,https://images.deliveryhero.io/image/talabat/Menuitems/mmw_638282176645862319?width=172&amp;height=172
Pad Thai Noodles,,0.0,https://images.deliveryhero.io/image/talabat/Menuitems/mmw_638282177623357657?width=172&amp;height=172
Hakka Noodles,Stir fried noodles tossed with a variety of vegetables and aromatic sauces with choice of chicken or prawns,0.0,https://images.deliveryhero.io/image/talabat/Menuitems/mmw_638282214886888276?width=172&amp;height=172
Soba Noodles,"Thin, nutty-flavored japanese noodles crafted from buckwheat, versatile and satisfying in a variety of dishes with choice of chicken, prawns or seafood",0.0,https://images.deliveryhero.io/image/talabat/Menuitems/mmw_638137115625238583?width=172&amp;height=172
Schezwan Noodles,"Experience our Schezwan noodles, featuring stir-fried veggies and tender protein tossed in a bold and zesty sauce that will leave your taste buds begging for more!",0.0,https://images.deliveryhero.io/image/talabat/Menuitems/mmw_638282215100708227?width=172&amp;height=172
Thai Pad See Ew Noodles,,0.0,https://images.deliveryhero.io/image/talabat/Menuitems/mmw_638282215614790164?width=172&amp;height=172
Mango Sticky Rice,"""Sweet, Creamy, And Tropical - Mango Sticky Rice Is The Perfect Dessert To Transport Your Taste Buds To Thailand.""",34.0,https://images.deliveryhero.io/image/talabat/Menuitems/Oriental_Flavors_of_Asia_638145578863003390.jpg?width=172&amp;height=172
Thai Iced Tea,,15.0,https://images.deliveryhero.io/image/talabat/Menuitems/mmw_638217318833889828?width=172&amp;height=172
Pepsi,Soft drink,6.0,https://images.deliveryhero.io/image/talabat/Menuitems/mmw_638137118607903485?width=172&amp;height=172
Diet Pepsi,Soft Drink,6.0,https://images.deliveryhero.io/image/talabat/Menuitems/mmw_638137119033200179?width=172&amp;height=172
Mirinda Orange,Soft drink,6.0,https://images.deliveryhero.io/image/talabat/Menuitems/mmw_638137119614196171?width=172&amp;height=172
Mountain Dew,Soft Drink,6.0,https://images.deliveryhero.io/image/talabat/Menuitems/mmw_638137120201395988?width=172&amp;height=172
Water Small,Stay hydrated and refreshed with our water.,4.0,https://images.deliveryhero.io/image/talabat/Menuitems/mmw_638137120666941623?width=172&amp;height=172
