item_name,item_description,item_price,item_image
Party Setup Items,"Helium Balloons - 6 pcs - matching with the cake or you can choose the colors you want
Party Poppers - Confetti - 2 pcs 
Happy Birthday Foil Helium Balloons -3 pcs
sparkling Candles - packet of 6 pcs of candles",200.0,https://images.deliveryhero.io/image/talabat/Menuitems/blob_638194137390265881?width=172&amp;height=172
Honey Cake,"Experience the sweet, warm flavors of home with our Honey Cake, crafted with layers of tender sponge cake infused with the aromatic richness of honey and spices, for a comforting indulgence that will transport you to a cozy autumn day.",185.0,https://images.deliveryhero.io/image/talabat/Menuitems/blob_637503692298722570?width=172&amp;height=172
Light Gray Marble Cake 1 Kg,"Size: 1 kg,
Flavors: Mix vanilla and chocolate, Pistachio, Vanilla raspberry, Chocolate Nuts, Red Velvet, Vanilla",296.0,https://images.deliveryhero.io/image/talabat/Menuitems/blob_638121516236685114?width=172&amp;height=172
Pink Marble Cake 1 Kg,"Size: 1 kg,
Flavors: Mix vanilla and chocolate, Pistachio, Vanilla raspberry, Chocolate Nuts, Red Velvet, Vanilla",296.0,https://images.deliveryhero.io/image/talabat/Menuitems/blob_638121523302404593?width=172&amp;height=172
Marble Cake With White Orchid 2 Kg,"Size: 2 kg
Flavors: Mix vanilla and chocolate, Pistachio, Vanilla raspberry, Chocolate Nuts, Red Velvet, Vanilla ,",420.0,https://images.deliveryhero.io/image/talabat/Menuitems/blob_638121557711508855?width=172&amp;height=172
White Gold Cake 1 Kg,"Size: 1 kg,
Flavors: Mix vanilla and chocolate, Pistachio, Vanilla raspberry, Chocolate Nuts, Red Velvet",296.0,https://images.deliveryhero.io/image/talabat/Menuitems/blob_638121582793790844?width=172&amp;height=172
Flowers Frame Cake 2 Kg,"Size: 2 kg, 
Flavors: Mix vanilla and chocolate, Pistachio, Vanilla raspberry, Chocolate Nuts, Red Velvet, Vanilla",420.0,https://images.deliveryhero.io/image/talabat/Menuitems/blob_638124367345462125?width=172&amp;height=172
Light Blue White Comic Cake 1 Kg,,360.0,https://images.deliveryhero.io/image/talabat/Menuitems/blob_638151882691419360?width=172&amp;height=172
Pink Lollipop Donut Butter Cake 1 Kilo Grams,"Size: 1 kg,
Flavors: Mix vanilla and chocolate, Pistachio, Vanilla raspberry, Chocolate Nuts, Red Velvet , Vanilla",336.0,https://images.deliveryhero.io/image/talabat/Menuitems/blob_638121649160284112?width=172&amp;height=172
White Orchid Baby Blue Cake 1 Kg,,256.0,https://images.deliveryhero.io/image/talabat/Menuitems/blob_638128625538773358?width=172&amp;height=172
Brown White Butter Cake - 2.5 Kg,With your choice of flavor,462.0,https://images.deliveryhero.io/image/talabat/Menuitems/blob_637416396961674142?width=172&amp;height=172
Light Green Cake With Pearls And Butterflies 2 Kg,"Size: 2 kg, flavors, mix vanilla and chocolate, pistachio, vanilla raspberry, chocolate nuts, red velvet, and vanilla",420.0,https://images.deliveryhero.io/image/talabat/Menuitems/blob_638128650801622605?width=172&amp;height=172
Light Pink Butterflies Cake 2 Kg,"Size: 2 kg, Flavors Mix vanilla and chocolate, Pistachio, Vanilla raspberry, Chocolate Nuts, Red Velvet and Vanilla",420.0,https://images.deliveryhero.io/image/talabat/Menuitems/blob_638128655012077806?width=172&amp;height=172
Rustic Pink Cake,"Size: 1 kg, Flavors, Mix vanilla and chocolate, Pistachio, Vanilla raspberry, Chocolate Nuts, Red Velvet, and Vanilla",256.0,https://images.deliveryhero.io/image/talabat/Menuitems/blob_638128675609159409?width=172&amp;height=172
Peach Butter Cake With Ferrero Chocolate 1 Kg,"Flavors : Mix, Chocolate Nuts, Vanilla Raspberry,
 Pistachio, Red Velvet.",336.0,https://images.deliveryhero.io/image/talabat/Menuitems/blob_637339611865336221?width=172&amp;height=172
Purple Butter Cake With Ferrero Chocolate 1 Kg,  ,336.0,https://images.deliveryhero.io/image/talabat/Menuitems/blob_637339613598211855?width=172&amp;height=172
Tiffany Butter Cake With Ferrero Chocolate 1 Kg,"Flavors : Mix, Chocolate Nuts, Vanilla Raspberry,
 Pistachio, Red Velvet.",336.0,https://images.deliveryhero.io/image/talabat/Menuitems/blob_637339614101202022?width=172&amp;height=172
Chocolate Cup Cake,,0.0,https://images.deliveryhero.io/image/talabat/Menuitems/blob_637339707470048979?width=172&amp;height=172
Vanilla Cup Cake,Vanilla.,0.0,https://images.deliveryhero.io/image/talabat/Menuitems/blob_637339708673251441?width=172&amp;height=172
Red Velvet Cup Cake,,0.0,https://images.deliveryhero.io/image/talabat/Menuitems/blob_637339709027769239?width=172&amp;height=172
Brown White Flavored Donuts 12 Pieces,Signature flavors custard and chocolate. Choose from white or brown.,252.0,https://images.deliveryhero.io/image/talabat/Menuitems/blob_637339643556765697?width=172&amp;height=172
Cake Pops 12 Pieces,Chocolate or pistachio. ,126.0,https://images.deliveryhero.io/image/talabat/Menuitems/blob_637339717160977830?width=172&amp;height=172
Happy Birthday Macaroons,"12 pcs rose water, pistachio. ",147.0,https://images.deliveryhero.io/image/talabat/Menuitems/blob_637339646306165678?width=172&amp;height=172
Macaroons Box 18pc,"18 Pcs Rose Water, Pistachio.",180.0,https://images.deliveryhero.io/image/talabat/Menuitems/blob_637386045961501273?width=172&amp;height=172
Happy Birthday,,50.0,https://images.deliveryhero.io/image/talabat/Menuitems/blob_637347298969153478?width=172&amp;height=172
Congratulations,Gold. ,50.0,https://images.deliveryhero.io/image/talabat/Menuitems/blob_637347299231514095?width=172&amp;height=172
Engagement Tag,,50.0,https://images.deliveryhero.io/image/talabat/Menuitems/blob_637347299450023348?width=172&amp;height=172
Gender Reveal Tag,He or She,50.0,https://images.deliveryhero.io/image/talabat/Menuitems/blob_637347299995634775?width=172&amp;height=172
Graduation Tag,,50.0,https://images.deliveryhero.io/image/talabat/Menuitems/blob_637347300252046273?width=172&amp;height=172
Bride To Be Tag,Gold. ,50.0,https://images.deliveryhero.io/image/talabat/Menuitems/blob_637347302024900493?width=172&amp;height=172
