item_name,item_description,item_price,item_image
The Original Dynamite Shrimp Regular,"Often imitated, never duplicated. Enough said.",61.0,https://images.deliveryhero.io/image/talabat/Menuitems/CBBCDFD01D2E3CCD4E54F66F7D800554?width=172&amp;height=172
Mongolian Beef,This traditional recipe from the Mongolian region of China is prepared with thin slices of caramelized beef in a very balanced sauce and tossed with green onions.,83.0,https://images.deliveryhero.io/image/talabat/Menuitems/73908F206F3FA66DB514F93750E93701?width=172&amp;height=172
P. F. Changs Fried Rice  (Shrimp),"Wok-fried rice, blended with egg, green onion and carrots . Tossed in our signature dark sauce.",54.0,https://images.deliveryhero.io/image/talabat/Menuitems/9E72851925F5D1A7441BDE2DAF91604D?width=172&amp;height=172
Spring Rolls (2 pcs),Crispy Vietnamese-style vegetable rolls.,29.0,https://images.deliveryhero.io/image/talabat/Menuitems/2159B1C665BDBCBFF794114B8254D174?width=172&amp;height=172
Wok-Charred Beef,"Tender, marinated beef, charred with shiitake mushrooms, chilies, garlic and bell peppers.",82.0,https://images.deliveryhero.io/image/talabat/Menuitems/0CADC76712C4B3DA99D8DDFEC0CEEC83?width=172&amp;height=172
Changs Chicken Lettuce Wraps,A secret Chiang family recipe and our signature dish worldwide.,55.0,https://images.deliveryhero.io/image/talabat/Menuitems/07E60BF3B1641E76E3767C209B418232?width=172&amp;height=172
Spring Rolls (2 pcs),Crispy Vietnamese-style vegetable rolls.,29.0,https://images.deliveryhero.io/image/talabat/Menuitems/2159B1C665BDBCBFF794114B8254D174?width=172&amp;height=172
Spring Rolls (4 pcs),Crispy Vietnamese-style vegetable rolls.,40.0,https://images.deliveryhero.io/image/talabat/Menuitems/60FC1533BBA4A513957CF9F41B3BB178?width=172&amp;height=172
Chicken Dumplings,"Served pan-fried, drizzled with a light chili sauce.",39.0,https://images.deliveryhero.io/image/talabat/Menuitems/DEBC8585CEA678A0BF30AB87DFBAC469?width=172&amp;height=172
Shrimp Dumplings,"Served pan-fried or steamed, drizzled with a light chili sauce.",44.0,https://images.deliveryhero.io/image/talabat/Menuitems/D429B4830A5D47DB87A6D4C447BC8A7A?width=172&amp;height=172
Edamame,"An appetizer made for sharing, Steamed to order, tossed with salt.",34.0,https://images.deliveryhero.io/image/talabat/Menuitems/8D06FE177AEBA01BD6BC327872F7B5E7?width=172&amp;height=172
The Original Dynamite Shrimp Regular,"Often imitated, never duplicated. Enough said.",61.0,https://images.deliveryhero.io/image/talabat/Menuitems/CBBCDFD01D2E3CCD4E54F66F7D800554?width=172&amp;height=172
The Original Dynamite Shrimp Grande,"Often imitated, never duplicated. Enough said.",89.0,https://images.deliveryhero.io/image/talabat/Menuitems/6C6AB121B32515D5DEDA3B2923F8C2EB?width=172&amp;height=172
Changs Chicken Noodle Soup,"Chicken, Shiitake mushroom, tomatoes, flat rice noodles, and cilantro in a spicy chicken sauce",49.0,https://images.deliveryhero.io/image/talabat/Menuitems/56F2C721561C9943BA48F6D82FC3E16E?width=172&amp;height=172
Wonton Soup,"Chicken wontons, mushroom, spinach, chicken cubes, water chestnut and shrimp in our homemade chicken broth",45.0,https://images.deliveryhero.io/image/talabat/Menuitems/FD12A35F7249474F528D314AAD84FC63?width=172&amp;height=172
Hot & Sour Soup (Cup),"Chicken, tofu, bamboo shoots, and mushrooms balanced with hot white pepper and vinegar.",25.0,https://images.deliveryhero.io/image/talabat/Menuitems/CF89A53B4F5EB4637FF8769CCACCA00A?width=172&amp;height=172
Hot & Sour Soup (Bowl),"Chicken, tofu, bamboo shoots, and mushrooms balanced with hot white pepper and vinegar.",45.0,https://images.deliveryhero.io/image/talabat/Menuitems/204892EDEE649DE136C7D92CCDAE57F0?width=172&amp;height=172
Mandarin Crunch Salad Plain,"Julienned cucumbers, napa cabbage, orange segments, almonds, crispy rice sticks and wonton strips in a mandarin vinaigrette.",55.0,https://images.deliveryhero.io/image/talabat/Menuitems/5FC5785538D1AFCF6B0F96ECCDA7C65F?width=172&amp;height=172
Mandarin Crunch Salad Chicken,"Julienned cucumbers, napa cabbage, orange segments, almonds, crispy rice sticks and wonton strips in a mandarin vinaigrette.",63.0,https://images.deliveryhero.io/image/talabat/Menuitems/81182B10562795C159CD48F9EC0EC87E?width=172&amp;height=172
Asian Caesar Salad Plain,"Crunchy romaine lettuce, parmesan cheese, toasted sesame seeds, wonton croutons, tofu caesar dressing.",55.0,https://images.deliveryhero.io/image/talabat/Menuitems/9ABC4B36DC461DCA22448F6A0ECF00BF?width=172&amp;height=172
Asian Caesar Salad Chicken,"Crunchy romaine lettuce, parmesan cheese, toasted sesame seeds, wonton croutons, tofu caesar dressing.",63.0,https://images.deliveryhero.io/image/talabat/Menuitems/0CF5A77FA2969AD9A277E64CDECDD649?width=172&amp;height=172
Wok-Charred Beef,"Tender, marinated beef, charred with shiitake mushrooms, chilies, garlic and bell peppers.",82.0,https://images.deliveryhero.io/image/talabat/Menuitems/0CADC76712C4B3DA99D8DDFEC0CEEC83?width=172&amp;height=172
Mongolian Beef,This traditional recipe from the Mongolian region of China is prepared with thin slices of caramelized beef in a very balanced sauce and tossed with green onions.,83.0,https://images.deliveryhero.io/image/talabat/Menuitems/73908F206F3FA66DB514F93750E93701?width=172&amp;height=172
Beef With Broccoli,"Beef slices stir-fried with garlic, ginger and green onions, tossed with steamed broccoli.",82.0,https://images.deliveryhero.io/image/talabat/Menuitems/9B1A01BBC8B72055FC990318A9BE916B?width=172&amp;height=172
Pepper Steak,"Pepper-garlic sauce, flank steak, onion, bell pepper",81.0,https://images.deliveryhero.io/image/talabat/Menuitems/45695B7DB3D135E3D9E01064F3F3C303?width=172&amp;height=172
Kung Pao Chicken,"A classic dish from the Sichuan and Hunan regions. Peanuts, green onion, red chili peppers tossed in our signature Kung Pao Sauce.",71.0,https://images.deliveryhero.io/image/talabat/Menuitems/310BC39B244237591849A74FF6D65981?width=172&amp;height=172
Changs Spicy Chicken,Sliced chicken cooked in a spicy sweet and tangy sauce that revives your taste buds.,71.0,https://images.deliveryhero.io/image/talabat/Menuitems/6BA50ED26B0F2048C83FCBC45F14EFB1?width=172&amp;height=172
Sesame Chicken,"Sliced chicken breast, brocooli, red bell peppers, yellow onions, and our signature Sesame Chicken Sauce.",71.0,https://images.deliveryhero.io/image/talabat/Menuitems/2430EE37B0FE56E48C9687D73241EB32?width=172&amp;height=172
VIP Duck,"Breast and leg of duck, steamed and then finished on the grill to get that tenderness. Accompanied with cucumbers drizzled with sesame vinaigrette and julienned green onions.",110.0,https://images.deliveryhero.io/image/talabat/Menuitems/D1AD4E766A3ABF6601B9B4E0BA6E6929?width=172&amp;height=172
Ginger Chicken with Broccoli,"Ginger-garlic aromatics, green onion, steamed broccoli",71.0,https://images.deliveryhero.io/image/talabat/Menuitems/396445B6EEB9756F898A2FF4812F18F7?width=172&amp;height=172
Kung Pao Shrimp,"A classic Chinese dish from the Sichuan and Hunan regions with our own twist. Spicy Sichuan chili sauce, peanuts, green onion, red chili peppers",97.0,https://images.deliveryhero.io/image/talabat/Menuitems/31DDA51A777B83AB9E8B76BF5F3170A2?width=172&amp;height=172
Red Chili Buttery Shrimp,"Tossed with onions, chili pods, garlic and black beans together with egg noodles.",101.0,https://images.deliveryhero.io/image/talabat/Menuitems/028C7C90955C64E4203DF40692A71F0B?width=172&amp;height=172
Salt & Pepper Prawns,"Stir-fried prawns, wok tossed with our blend of salt and pepper and chili peppers. Served with a sriracha mustard sauce",98.0,https://images.deliveryhero.io/image/talabat/Menuitems/15BDE4B85CA1C2C10E437D9F99476145?width=172&amp;height=172
Ring Of Fire Shrimp,"Red jalapenos, chili paste, and dried chilis combined with our homemade Kung Pao sauce.",101.0,https://images.deliveryhero.io/image/talabat/Menuitems/9188A953A6ED84DA2AEA710FC60C8522?width=172&amp;height=172
Shrimp with Lobster Sauce,"Asian mushrooms, chopped black beans, egg, green onion",97.0,https://images.deliveryhero.io/image/talabat/Menuitems/BAA2BC44AD48772DC28065681740F76A?width=172&amp;height=172
Asian Grilled Salmon,Savory grilled salmon served with asparagus.,94.0,https://images.deliveryhero.io/image/talabat/Menuitems/76E68FB816232D396D50158C5C01E37E?width=172&amp;height=172
Emperor's Feast,A vegetable medley that comes with tofu when stir-fried and plain when steamed,55.0,https://images.deliveryhero.io/image/talabat/Menuitems/15159F9C8A786237EBECDE68F4A70A3E?width=172&amp;height=172
Coconut Curry Vegetables,"Stir-fried vegetables, crispy silken tofu and peanuts tossed in a vegetarian coconut curry sauce",62.0,https://images.deliveryhero.io/image/talabat/Menuitems/F31E24063A1D6468D4A6431092EC5F41?width=172&amp;height=172
Stir Fried Egg Plant,"Chinese eggplant, sweet chili soy glaze, green onion, garlic",55.0,https://images.deliveryhero.io/image/talabat/Menuitems/1E45D8D9FA2DC74CD44886695E72E165?width=172&amp;height=172
Chili Garlic Green Beans,"Stir-fried with Sichuan preserves, fiery chili sauce and garlic.",26.0,https://images.deliveryhero.io/image/talabat/Menuitems/86D79C145DB60E95F8615377C4AF6C1A?width=172&amp;height=172
P. F. Changs Fried Rice  (Veg),"Wok-fried rice, blended with green onion and carrots . Tossed in our signature dark sauce.",41.0,https://images.deliveryhero.io/image/talabat/Menuitems/0D72BCAA9C4E965F46E0ECD60DFFCE24?width=172&amp;height=172
P. F. Changs Fried Rice  (Chicken),"Wok-fried rice, blended with egg, green onion and carrots . Tossed in our signature dark sauce.",46.0,https://images.deliveryhero.io/image/talabat/Menuitems/BF9014C315E71906735FB318CDABC487?width=172&amp;height=172
P. F. Changs Fried Rice  (Beef),"Wok-fried rice, blended with egg, green onion and carrots . Tossed in our signature dark sauce.",52.0,https://images.deliveryhero.io/image/talabat/Menuitems/4380D6810B288D1CE7D86CAF06117A2A?width=172&amp;height=172
P. F. Changs Fried Rice  (Shrimp),"Wok-fried rice, blended with egg, green onion and carrots . Tossed in our signature dark sauce.",54.0,https://images.deliveryhero.io/image/talabat/Menuitems/9E72851925F5D1A7441BDE2DAF91604D?width=172&amp;height=172
P. F. Changs Fried Rice  (Combo),"Wok-fried rice, blended with egg, green onion and carrots . Tossed in our signature dark sauce.",56.0,https://images.deliveryhero.io/image/talabat/Menuitems/7DE7BAD6CE41A0E84E16E3F4570D688D?width=172&amp;height=172
Pad Thai (Chicken),"Rice noodles, Thai spices, crushed peanuts, cilantro and chili flakes, with pad thai sauce, fried egg and carrots",57.0,https://images.deliveryhero.io/image/talabat/Menuitems/225A4465CD8C1FF53856F0F3DD65C163?width=172&amp;height=172
Pad Thai (Shrimp),"Rice noodles, Thai spices, crushed peanuts, cilantro and chili flakes, with pad thai sauce, fried egg and carrots",61.0,https://images.deliveryhero.io/image/talabat/Menuitems/4935E6E257A8B17068D4F81B96B6D37F?width=172&amp;height=172
Pad Thai (Combo),"Rice noodles, Thai spices, crushed peanuts, cilantro and chili flakes, with pad thai sauce, fried egg and carrots",63.0,https://images.deliveryhero.io/image/talabat/Menuitems/AA98A1679C956893C962451DA8138E37?width=172&amp;height=172
Singapore Street Noodles,"Thin rice noodles combined with shrimp, chicken, tomatoes, cilantro and garlic. Tossed with turmeric curry blend sauce.",57.0,https://images.deliveryhero.io/image/talabat/Menuitems/F79B5309EA2F03027011A02FC3D8B3FF?width=172&amp;height=172
Lo Mein (Veg),Classic Chinese noodles and savory soy sauce,55.0,https://images.deliveryhero.io/image/talabat/Menuitems/729B0B1C2935AA079BF73CED0E6A3259?width=172&amp;height=172
Lo Mein (Chicken),Classic Chinese noodles and savory soy sauce,57.0,https://images.deliveryhero.io/image/talabat/Menuitems/371C3378E2CB958A67EB63C58D5F163C?width=172&amp;height=172
Lo Mein (Beef),Classic Chinese noodles and savory soy sauce,61.0,https://images.deliveryhero.io/image/talabat/Menuitems/B4A8AAA62101F54EB58EB70EAD1F234A?width=172&amp;height=172
Lo Mein (Shrimp),Classic Chinese noodles and savory soy sauce,63.0,https://images.deliveryhero.io/image/talabat/Menuitems/FD21118CB45346A5E3086628FEF0B4C0?width=172&amp;height=172
Lo Mein (Combo),Classic chinese noodles and savory soy sauce,65.0,https://images.deliveryhero.io/image/talabat/Menuitems/40C2BB3F5D4955DD671494FD215F1AE9?width=172&amp;height=172
California Roll (8 pcs),"Sushi rice, toasted sesame seeds, kanikama mix, cucumber and avocado.",46.0,https://images.deliveryhero.io/image/talabat/Menuitems/D275359F9056FF66312BF60A667B0CC4?width=172&amp;height=172
Dynamite Shrimp Roll (8 pcs),"The world famous Dynamite
Shrimp on our signature california roll.",68.0,https://images.deliveryhero.io/image/talabat/Menuitems/634A1AC2AB0C1C4FF130689C9ACCF185?width=172&amp;height=172
Shrimp Tempura Roll (8 pcs),"Tempura, crab mix, cucumber, and avocado: served over spicy Japanese mayo.",66.0,https://images.deliveryhero.io/image/talabat/Menuitems/43EACBB8AD5E7CDA9DE0A68AE523E1EB?width=172&amp;height=172
Great Wall Of Chocolate,"This cake definitely stands up to its name! Six layers of chocolate cake and frosting, encrusted with chocolate chips (serves 2 people).",72.0,https://images.deliveryhero.io/image/talabat/Menuitems/F56CEFAAACC2B501BC733FFF0C813909?width=172&amp;height=172
Pepsi - Can,,14.0,https://images.deliveryhero.io/image/talabat/Menuitems/7B965E72BABEC8FA0634C684F3C1A979?width=172&amp;height=172
Diet Pepsi - Can,,14.0,https://images.deliveryhero.io/image/talabat/Menuitems/CE6D09BA90ED589E8CAE9494E6FE4819?width=172&amp;height=172
7Up  - Can,,14.0,https://images.deliveryhero.io/image/talabat/Menuitems/C778295C8BAD5E9F6FD5D1923408CB7B?width=172&amp;height=172
Diet 7Up - Can,,14.0,https://images.deliveryhero.io/image/talabat/Menuitems/3D827EB4C726DFEC98F384CFBA868E54?width=172&amp;height=172
Still Water Small,,14.0,https://images.deliveryhero.io/image/talabat/Menuitems/138A507C5F193178F76BF7EC50BF6383?width=172&amp;height=172
