item_name,item_description,item_price,item_image
Build Your Own Regular, Build your own poke regular size up to 4 proteins,62.0,https://images.deliveryhero.io/image/talabat/Menuitems/A5DCA9A3179E819B375E9E47AAA044A0?width=172&amp;height=172
Salmon Poke,"Salmon, sushi rice, avocado, edamame beans, green onion and sesame seeds with spicy salmon marination sauce",75.0,https://images.deliveryhero.io/image/talabat/Menuitems/9C4ECF357CC6332121BE92C6428F753C?width=172&amp;height=172
Build Your Own Large,Build your own poke large size up to 5 proteins,79.0,https://images.deliveryhero.io/image/talabat/Menuitems/6A4ED1FCCE3C3172FAB3DCE0BE6057C6?width=172&amp;height=172
Spicy Tuna Poke," Tuna, sushi rice, mango, avocado, edamame beans, carrots, cucumber, norigoma furikake and sweet sriracha sauce",66.0,https://images.deliveryhero.io/image/talabat/Menuitems/0DD03D5FE3B7DF75323AA1B5B7F7F353?width=172&amp;height=172
Miso Soup,"Tofu, green onion, miso paste and wakame",14.0,https://images.deliveryhero.io/image/talabat/Menuitems/DA21F95083D940DEE83ABC2336AE83FB?width=172&amp;height=172
Dynamite Wrap,"Shrimp Tempura, Cucumber, Cream cheese, Sushi rice, dynamite sauce wrapped in sesame sheet",48.0,https://images.deliveryhero.io/image/talabat/Menuitems/4F4BE9F9FD8F5EEEC9099341AB6F5CB5?width=172&amp;height=172
Salmon Crab Wrap,"Salmon, Crazy Mix, Carrots, Cucumber, Lolo lettuce, Avocado, Philadelphia cheese, Sesame Seed wrapped in sesame sheet.",62.0,https://images.deliveryhero.io/image/talabat/Menuitems/33F82607DDCDBC41A56B9FB277F214ED?width=172&amp;height=172
Spicy Shrimp,"Shrimps, Mango, Togarashi, Black sesame, Spicy mayo, Sushi rice wrapped in sesame sheet",58.0,https://images.deliveryhero.io/image/talabat/Menuitems/01465ADF3FE06AA1126AAB5B922EE657?width=172&amp;height=172
POKE BOL Special,"Salmon, Crazy Crab mix, Shrimp, Sushi rice, Avocado, lolo lettuce, Spicy sriracha, furikake, orange tobico and spring onion",62.0,https://images.deliveryhero.io/image/talabat/Menuitems/C08F19BBE79D475A0294B7FE01CE50B6?width=172&amp;height=172
Tuna Wrap,"Tuna, Avocado, orange tobico, Sushi rice, Takwan, spring onion, spicy mayo and sweet sriracha",59.0,https://images.deliveryhero.io/image/talabat/Menuitems/3865C6EB647D589BE2E186071297FD5D?width=172&amp;height=172
Edamame,Japanese green beans,21.0,https://images.deliveryhero.io/image/talabat/Menuitems/CE0E51743398F7EDE4E90BE0EB9AEDE4?width=172&amp;height=172
Spicy Edamame,Spicy Japanese green beans,22.0,https://images.deliveryhero.io/image/talabat/Menuitems/E75664F78AD12226106DD6525EE17736?width=172&amp;height=172
Dynamite Shrimp,Deep fried shrimp balls,37.0,https://images.deliveryhero.io/image/talabat/Menuitems/482BC2DC867C8565ED296602B327D0C2?width=172&amp;height=172
Shrimp Tempura,"5 pcs, deep fried battered shrimps",37.0,https://images.deliveryhero.io/image/talabat/Menuitems/E7E31E1AC1F9585FAFAB5161549E8A4D?width=172&amp;height=172
Miso Soup,"Tofu, green onion, miso paste and wakame",14.0,https://images.deliveryhero.io/image/talabat/Menuitems/DA21F95083D940DEE83ABC2336AE83FB?width=172&amp;height=172
Sashimi Set Small,"9 pcs, choose from salon, tuna, shrimp and octopus
",65.0,https://images.deliveryhero.io/image/talabat/Menuitems/30FFC52B85A1EB7592BD713908A4332E?width=172&amp;height=172
Sashimi Set Large,"15 pcs, choose from salon, tuna, shrimp and octopus",102.0,https://images.deliveryhero.io/image/talabat/Menuitems/E3429305F38848AD5E24E0CEB4F2262A?width=172&amp;height=172
Tuna Tataki,Flamed tuna,51.0,https://images.deliveryhero.io/image/talabat/Menuitems/A45940A30DC1A93FE08AE8F10DCA9185?width=172&amp;height=172
Usuzukuri,Sushi cuts with Ponzu sauce and chili,66.0,https://images.deliveryhero.io/image/talabat/Menuitems/DF85ED13D95A71328B8B4767EAAE2437?width=172&amp;height=172
Crab Salad,"Crabsticks, cucumber, cabbage, carrots, avocado, tobico, sesame seeds and wafu sauce",39.0,https://images.deliveryhero.io/image/talabat/Menuitems/E1B43908BD0042E22076EAD9A1E13C70?width=172&amp;height=172
Crispy Salmon Salad,"Salmon, crab, crispy, green onion and choice of dressing",76.0,https://images.deliveryhero.io/image/talabat/Menuitems/1AB632444E2CDADA4591D5501ACC762B?width=172&amp;height=172
Shrimp Ceviche,"Boiled shrimp, cucumber, red pepper, red onion, cherry tomato, green chili with lemon oil dressing",50.0,https://images.deliveryhero.io/image/talabat/Menuitems/32B1D9D3C326E4DC66893138EFA02805?width=172&amp;height=172
Spicy Tuna Salad,"Diced tuna, green onion, red pepper, red onion, black and white sesame, togarashi, furikake with marinated tuna dressing",72.0,https://images.deliveryhero.io/image/talabat/Menuitems/CB28AA256BCC7CEA9404052812502FF7?width=172&amp;height=172
Seaweed Salad,"Seaweed Salad, cucumber, carrots, sesame seeds and sesame dressing",30.0,https://images.deliveryhero.io/image/talabat/Menuitems/25A002EF16A8C386A1F2792A5A23CBA5?width=172&amp;height=172
Salmon Poke,"Salmon, sushi rice, avocado, edamame beans, green onion and sesame seeds with spicy salmon marination sauce",75.0,https://images.deliveryhero.io/image/talabat/Menuitems/9C4ECF357CC6332121BE92C6428F753C?width=172&amp;height=172
Tuna Poke,"Tuna, sushi rice, avocado, spring onion, red onion, red pepper, white and black sesame seeds, norigoma furikake with tuna special sauce",66.0,https://images.deliveryhero.io/image/talabat/Menuitems/9F3201B0AA230CBBEDB0F614938A6B25?width=172&amp;height=172
Salmon Crab Poke,"Salmon, Crabsticks, Sushi rice, avocado, edamame beans, carrots, norigoma furikake, crispy and spicy mayo dressing",75.0,https://images.deliveryhero.io/image/talabat/Menuitems/E146054F81BDEF68D289B7B6436E445D?width=172&amp;height=172
Seafood Poke,"Sushi rice, Salmon, Octopus, Tuna, Cooked Shrimp, Seabass, edamame beans, green onion with ponzu sauce",74.0,https://images.deliveryhero.io/image/talabat/Menuitems/3802DE1B75F89A481AEA5FA9CA56ACF4?width=172&amp;height=172
Ceviche Poke," Cooked shrimp, quinoa, cucumber, cherry tomato, red pepper, chili, green onion with lemon oil sauce",66.0,https://images.deliveryhero.io/image/talabat/Menuitems/414FF4C7C1DD1A7F9F77F971B7C9196F?width=172&amp;height=172
Spicy Tuna Poke," Tuna, sushi rice, mango, avocado, edamame beans, carrots, cucumber, norigoma furikake and sweet sriracha sauce",66.0,https://images.deliveryhero.io/image/talabat/Menuitems/0DD03D5FE3B7DF75323AA1B5B7F7F353?width=172&amp;height=172
California Poke,"Crabsticks, sushi rice, avocado, edamame beans, tobiko, cucumber, carrots, sesame seeds and mayo dressing",53.0,https://images.deliveryhero.io/image/talabat/Menuitems/4DD75050553D99383A9939C16405CEE3?width=172&amp;height=172
Shrimp Poke,"Cooked shrimp, sushi rice, edamame beans, cherry tomato, black sesame with sweet kimchee dressing",57.0,https://images.deliveryhero.io/image/talabat/Menuitems/16CDF2A0C5FAB33EC9062A3E7C9C2862?width=172&amp;height=172
Veggie Poke,"Seaweed salad, sushi rice, mango, edamame beans, tofu, cucumber, radish, sesame seeds with veggie sauce",48.0,https://images.deliveryhero.io/image/talabat/Menuitems/C0B9FB0848EAF3C0814B59AFC0C79531?width=172&amp;height=172
Grilled Chicken Poke,"Grilled chicken with Teppanyaki sauce, veggie saute, sushi rice and sesame seeds",62.0,https://images.deliveryhero.io/image/talabat/Menuitems/231EE73871761F9D8AE4254E40346B7A?width=172&amp;height=172
Grilled Shrimp Poke,"Grilled shrimp with teppanyaki sauce, veggie saute with sesame seeds",62.0,https://images.deliveryhero.io/image/talabat/Menuitems/74371A59E1D8227F05332BA53AE7DD7D?width=172&amp;height=172
PB Grilled Salmon Poke,"Grilled Salmon with Teppanyaki sauce, veggie saute, sushi rice and sesame seeds",72.0,https://images.deliveryhero.io/image/talabat/Menuitems/8D05C804D3B8C4F964CA95ED1A548CE7?width=172&amp;height=172
Build Your Own Regular, Build your own poke regular size up to 4 proteins,62.0,https://images.deliveryhero.io/image/talabat/Menuitems/A5DCA9A3179E819B375E9E47AAA044A0?width=172&amp;height=172
Build Your Own Large,Build your own poke large size up to 5 proteins,79.0,https://images.deliveryhero.io/image/talabat/Menuitems/6A4ED1FCCE3C3172FAB3DCE0BE6057C6?width=172&amp;height=172
Salmon Crab Wrap,"Salmon, Crazy Mix, Carrots, Cucumber, Lolo lettuce, Avocado, Philadelphia cheese, Sesame Seed wrapped in sesame sheet.",62.0,https://images.deliveryhero.io/image/talabat/Menuitems/33F82607DDCDBC41A56B9FB277F214ED?width=172&amp;height=172
Dynamite Wrap,"Shrimp Tempura, Cucumber, Cream cheese, Sushi rice, dynamite sauce wrapped in sesame sheet",48.0,https://images.deliveryhero.io/image/talabat/Menuitems/4F4BE9F9FD8F5EEEC9099341AB6F5CB5?width=172&amp;height=172
Tuna Wrap,"Tuna, Avocado, orange tobico, Sushi rice, Takwan, spring onion, spicy mayo and sweet sriracha",59.0,https://images.deliveryhero.io/image/talabat/Menuitems/3865C6EB647D589BE2E186071297FD5D?width=172&amp;height=172
POKE BOL Special,"Salmon, Crazy Crab mix, Shrimp, Sushi rice, Avocado, lolo lettuce, Spicy sriracha, furikake, orange tobico and spring onion",62.0,https://images.deliveryhero.io/image/talabat/Menuitems/C08F19BBE79D475A0294B7FE01CE50B6?width=172&amp;height=172
Spicy Shrimp,"Shrimps, Mango, Togarashi, Black sesame, Spicy mayo, Sushi rice wrapped in sesame sheet",58.0,https://images.deliveryhero.io/image/talabat/Menuitems/01465ADF3FE06AA1126AAB5B922EE657?width=172&amp;height=172
Mochi - ICE CREAM, ,0.0,
Still Water - BEVERAGE, ,8.0,
Arwa Sparkling - BEVERAGE,,20.0,https://images.deliveryhero.io/image/talabat/Menuitems/DC273EC81D96F3BD866D8B94DF35F592?width=172&amp;height=172
Coca Cola - BEVERAGE, ,10.0,
Coca Cola Light - BEVERAGE, ,10.0,
Sprite - BEVERAGE, ,10.0,
Sprite Light - BEVERAGE, ,10.0,
Fanta - BEVERAGE, ,10.0,
