item_name,item_description,item_price,item_image
Salty Popcorn,Air popped popcorn organic NON-GMO corn. Slightly salty just as you like it. 31 Calories. 8g per pack.,10.0,
Salted Caramel Popcorn,"Air popped popcorn organic (NON-GMO CORN).
Caramel corn is popcorn coated with a sweet, caramel candy coating, giving the snack its signature crunch
172 calories.
45g per pack.",12.0,https://images.deliveryhero.io/image/talabat/Menuitems/blob_638168061659347610?width=172&amp;height=172
Yellow Cheese Popcorn,"Air popped popcorn organic (NON-GMO CORN).
Cheese lovers, this one is for you. Our cheese popcorn is everything you love about cheese and more.
62 calories.
15g per pack.",10.0,https://images.deliveryhero.io/image/talabat/Menuitems/blob_638168062540331331?width=172&amp;height=172
Peanut Butter Dates Bites,The ramadan flavor of dates in combination with peanut butter 12 pieces per box.,30.0,https://images.deliveryhero.io/image/talabat/Menuitems/blob_638168067508015802?width=172&amp;height=172
Coconut Sorbet Bites,Coconut sorbet covered in chocolate making the perfect healthy bite  12 pieces per box.,30.0,https://images.deliveryhero.io/image/talabat/Menuitems/blob_638168068420962185?width=172&amp;height=172
Chocolate With Biscuits Bites,The perfect combination of chocolate and biscuits in a frozen bite  12 pieces per box.,30.0,https://images.deliveryhero.io/image/talabat/Menuitems/blob_638168070426585143?width=172&amp;height=172
Cheesecake Berries Bites,Cheesecake berries pop in a bite 12 pieces per box.,30.0,https://images.deliveryhero.io/image/talabat/Menuitems/blob_638168071187832536?width=172&amp;height=172
Box Of Mixed Flavors,"3 pieces of Chocolate with Biscuits, 3 pieces of Peanut butter Dates, 3 pieces of Coconut Sorbet, and 3 pieces of Cheesecake Berries.",30.0,https://images.deliveryhero.io/image/talabat/Menuitems/blob_638211222256721869?width=172&amp;height=172
Pina Colada,"The old fashioned blend of pineapple and coconut.
Fruity, Vegan, Healthy, Fresh and Delicious Zero Fat, Low Cal.",17.0,https://images.deliveryhero.io/image/talabat/Menuitems/blob_637619321147507456?width=172&amp;height=172
Mango,"Energizing with complete sweetness satisfaction - cal 60
Fruity, Vegan, Healthy, Fresh and Delicious Zero Fat, Low Cal",17.0,https://images.deliveryhero.io/image/talabat/Menuitems/blob_637619324591319425?width=172&amp;height=172
Lemon,"Refreshing and sweet - cal 90.
Fruity,  Vegan, Healthy, Fresh and Delicious Zero Fat, Low Cal.",17.0,https://images.deliveryhero.io/image/talabat/Menuitems/blob_637619350791040178?width=172&amp;height=172
Strawberry,"A light sweet burst of summer - cal 60
Fruity, Vegan, Healthy, Fresh and Delicious Zero Fat, Low Cal",17.0,https://images.deliveryhero.io/image/talabat/Menuitems/blob_637619354963243036?width=172&amp;height=172
Strawberry Mango,"Sun kissed summer sweetness, mix of two layers - cal 60.
Fruity Pops - Vegan, Healthy, Fresh and Delicious. Zero Fat, Low Calories.",17.0,https://images.deliveryhero.io/image/talabat/Menuitems/blob_637619357683860023?width=172&amp;height=172
Coconut Sorbet,"Rich coconut flavor, a sweet treat that any coconut lover would enjoy. Vegan, cal 90",17.0,https://images.deliveryhero.io/image/talabat/Menuitems/blob_637619359971044907?width=172&amp;height=172
Pop 6,,90.0,https://images.deliveryhero.io/image/talabat/Menuitems/pop6_637311250627495449.jpg?width=172&amp;height=172
Pop 12,,170.0,https://images.deliveryhero.io/image/talabat/Menuitems/pop12_637311250562489563.jpg?width=172&amp;height=172
Fivesicle,"Indulge in pop that boasts five layers of fruity sorbet, featuring the delightful flavors of strawberry, mango, lemon, zesty blueberry, and lychee This tantalizing treat offers calorie content of 80.",20.0,https://images.deliveryhero.io/image/talabat/Menuitems/Fivesicle_637187552349460981.jpg?width=172&amp;height=172
Lychee,"Enjoy the lychee pop adorned with a medley of fruit pieces including strawberry, mango, blueberries, pineapple, grapes, and kiwi, bringing just 60 calories to your palate.",20.0,https://images.deliveryhero.io/image/talabat/Menuitems/Lychee_637187552368669420.jpg?width=172&amp;height=172
Zesty Blueberry,"Enjoy the invigorating blend of zesty lemon and sweet blueberries encapsulated in a pop, providing a refreshing taste with a calorie count of 100.",17.0,https://images.deliveryhero.io/image/talabat/Menuitems/Zesty_Blueberry_637187552383143314.jpg?width=172&amp;height=172
Strawberry,"Experience our strawberry pop, a gentle and sweet explosion reminiscent of summer's delights, containing a mere 60 calories.",17.0,https://images.deliveryhero.io/image/talabat/Menuitems/Strawberry_637187552392892664.jpg?width=172&amp;height=172
Strawberry Mango,"Combining the essence of two layers, strawberry and mango, within a single pop, delivering only 60 calories.",17.0,https://images.deliveryhero.io/image/talabat/Menuitems/Strawberry_Mango_637187552491377203.jpg?width=172&amp;height=172
Mango,Mango pop with a calorie count of 60.,17.0,https://images.deliveryhero.io/image/talabat/Menuitems/Mango_637187552510545603.jpg?width=172&amp;height=172
Triple Pleasure,"Discover our acclaimed pop, a triumphant creation featuring three layers of Nutella, Oreo, and Lotus, delivering a caloric content of 170.",20.0,https://images.deliveryhero.io/image/talabat/Menuitems/Triple_Pleasure_637187552567640283.jpg?width=172&amp;height=172
Nutella,"Indulge in the Nutella pop, a sumptuous and creamy delight bursting with the rich flavor of hazelnut chocolate, offering a calorie count of 170.",17.0,https://images.deliveryhero.io/image/talabat/Menuitems/Nutella_637187552928225854.jpg?width=172&amp;height=172
Strawberry Nutella,"Introducing our pop with a delightful swirl of strawberry and Nutella, offering a calorie count of 110.",17.0,https://images.deliveryhero.io/image/talabat/Menuitems/Strawberry_Nutella_637187552953850293.jpg?width=172&amp;height=172
Vanilla,"Indulge in our vanilla pop, a velvety and creamy blend crafted with genuine Madagascar vanilla pods, boasting a calorie content of 120.",17.0,https://images.deliveryhero.io/image/talabat/Menuitems/Vanilla_637187553132401216.jpg?width=172&amp;height=172
Oreo,"Delight in the oreo pop, an irresistible treat enhanced by delectable bites of oreo cookies, providing a calorie content of 150.",17.0,https://images.deliveryhero.io/image/talabat/Menuitems/Oreo_637187553169486816.jpg?width=172&amp;height=172
Lotus,"Experience the Lotus pop, a distinctive blend that encapsulates the unique flavor of lotus in a velvety mixture, containing 150 calories.",17.0,https://images.deliveryhero.io/image/talabat/Menuitems/Lotus_637187553180587472.jpg?width=172&amp;height=172
Dark Chocolate Sorbet,"Savor the intense flavor of our dark chocolate pop crafted using Lindt 70%, boasting a calorie count of 120.",17.0,https://images.deliveryhero.io/image/talabat/Menuitems/Dark_Chocolate_Sorbet_637187552974710183.jpg?width=172&amp;height=172
Cheesecake Berries,"Experience the heavenly blend of cheesy goodness combined with delightful pieces of digestive biscuits and a medley of red berries in this pop, offering just 140 calories.",20.0,https://images.deliveryhero.io/image/talabat/Menuitems/Cheesecake_Berries_637187553310921827.jpg?width=172&amp;height=172
Cheesecake Oreo,"Indulge in the heavenly fusion of a cheesy mixture, complemented by delectable morsels of digestive biscuits, Oreos, and drizzled with luscious caramel sauce, all encapsulated in this pop, offering a calorie count of 160.",17.0,https://images.deliveryhero.io/image/talabat/Menuitems/Cheesecake_Oreo_637187556245717504.jpg?width=172&amp;height=172
Nutty Dream,"Indulge in the luscious creamy pistachio pops with a delightful hazelnut filling, each totaling just 150 calories.",20.0,https://images.deliveryhero.io/image/talabat/Menuitems/blob_637428668557488934?width=172&amp;height=172
Strawberry Cream,"Experience the renowned strawberry pops featuring a velvety vanilla filling, containing only 80 calories.",20.0,https://images.deliveryhero.io/image/talabat/Menuitems/blob_637428669815033829?width=172&amp;height=172
Milk Chocolate,"Experience the delectable taste of our milk chocolate pop, providing a calorie content of 160 note that it contains dairy.",17.0,https://images.deliveryhero.io/image/talabat/Menuitems/blob_637550582614687557?width=172&amp;height=172
Water,"500 ml, contains water.",3.0,
