item_name,item_description,item_price,item_image
Aloo Paratha + Curd,Aloo Paratha + Curd ,16.0,https://images.deliveryhero.io/image/talabat/Menuitems/C1FA100EC0DA18C79A12714582A7E68A?width=172&amp;height=172
Plain Rice,Plain Rice ,15.0,
Gajar Ka Halwa,Gajar Ka Halwa ,22.0,https://images.deliveryhero.io/image/talabat/Menuitems/1A370C531BB193F17BC9350606C51B36?width=172&amp;height=172
Dal Makhni,Dal Makhni ,31.0,https://images.deliveryhero.io/image/talabat/Menuitems/2A33DC9074EC34D6E7B7D87EE37E81F6?width=172&amp;height=172
Dhaba Dal,Dhaba Dal ,30.0,https://images.deliveryhero.io/image/talabat/Menuitems/DEF39672BF0EC9FB146725CE53A58E0B?width=172&amp;height=172
Tandoori Chicken Momos,,36.0,
Tandoori Veg Momos,,28.0,
Dal Shorba,bowl of dal shorba.,23.0,
Tomato Shorba,,23.0,
Dhaniya Shorba,,23.0,
Manchow,Manchow ,0.0,
Dhaba Special,Dhaba Special  ,0.0,
Mutton yakhni soup,mutton yakhni soup ,30.0,
Pani Puri,"Rispy puris, filled with a tangy and spicy mixture of chickpeas, potatoes, and chutneys, topped with refreshing mint water",18.0,https://images.deliveryhero.io/image/talabat/Menuitems/mmw_638201905961677391?width=172&amp;height=172
Papdi Chaat,"A popular Indian street food snack made with crispy papdi (fried dough wafers) topped with chutneys, yogurt, and spices.",15.0,https://images.deliveryhero.io/image/talabat/Menuitems/mmw_638201894484803547?width=172&amp;height=172
Bread Pakoda,A popular Indian snack made with bread dipped in a spiced batter and deep-fried.,18.0,
Dahi Puri,"ndian street food snack consisting of crispy puris filled with a tangy and creamy yogurt mixture, topped with a variety of sweet and spicy chutneys.",18.0,
Onion Pakoda,"Deep-fried fritters made with a batter of chickpea flour and sliced onions, popular in Indian cuisine.",24.0,
Mix Pakoda,Mix Pakoda,24.0,https://images.deliveryhero.io/image/talabat/Menuitems/F95B3E996538483CF45DD112A7282204?width=172&amp;height=172
Samosa Chaat,Samosa Chaat ,18.0,https://images.deliveryhero.io/image/talabat/Menuitems/FDADB7D6C6AAD42D169C5510567A7AF9?width=172&amp;height=172
Paneer Pakoda,Paneer Pakoda,26.0,https://images.deliveryhero.io/image/talabat/Menuitems/19B0F2414581A9060702001A6A31E366?width=172&amp;height=172
Punjabi samosa  2pcs,Punjabi samosa  2pcs  ,10.0,
Coktail samosa 6 pc,Coktail samosa 6 pc ,18.0,
Veg Manchurian Dry,Veg Manchurian Dry ,28.0,https://images.deliveryhero.io/image/talabat/Menuitems/128ECEB4BA0598A2BDCD5F5D1CDD639D?width=172&amp;height=172
Mint Raita,Mint Raita ,12.0,
Boondi Raita,Boondi Raita ,12.0,
Dahi Bhalla,Dahi Bhalla,18.0,https://images.deliveryhero.io/image/talabat/Menuitems/15D9C532AE53DFDB7F6C6097882482EE?width=172&amp;height=172
Punjabi Samosa,Punjabi Samosa ,5.0,https://images.deliveryhero.io/image/talabat/Menuitems/A8725C459EF84B53788671E2ACB0338B?width=172&amp;height=172
Sev Puri,"Crispy puris topped with a delightful combination of spicy chutneys, tangy tamarind sauce, and crunchy sev",16.0,
Green Salad,"Green salad is a dish made up of fresh, raw leafy greens which is topped with a dressing.",14.0,https://images.deliveryhero.io/image/talabat/Menuitems/86D72B9B8008E0DA5431CB68039B6F65?width=172&amp;height=172
Masala Papad,"This crispy Indian appetizer is sprinkled with a tantalizing blend of spices, offering a burst of tanginess and heat",7.0,https://images.deliveryhero.io/image/talabat/Menuitems/C36A9C9B8BB4DAEA51957CD91A962639?width=172&amp;height=172
Plain Yoghurt,Yogurt without any added flavors or sweeteners.,12.0,https://images.deliveryhero.io/image/talabat/Menuitems/3C1F3D439B1CD7E69482531A72CFD072?width=172&amp;height=172
"Raita (Mix, Boondi, Mint)",,18.0,https://images.deliveryhero.io/image/talabat/Menuitems/B6506A1824C696FF7280A8D8C558002D?width=172&amp;height=172
Paneer Tikka,Paneer Tikka ,36.0,https://images.deliveryhero.io/image/talabat/Menuitems/F827338D250CD12D8D62BCE707D8CA83?width=172&amp;height=172
Hara Bhara Kebab,Hara Bhara Kebab ,36.0,https://images.deliveryhero.io/image/talabat/Menuitems/4324B357F74AA94242390DD3FAA1EFF2?width=172&amp;height=172
Veg Platter,Veg Platter,78.0,https://images.deliveryhero.io/image/talabat/Menuitems/B33EEF3360321826A4AC693516E214E5?width=172&amp;height=172
Bhatti De Aloo Chatpate,Bhatti De Aloo Chatpate ,35.0,https://images.deliveryhero.io/image/talabat/Menuitems/43F0BEBDDC6BA2FE9DC2E7F4BE78C0C1?width=172&amp;height=172
Paneer Tikka,Paneer Tikka ,0.0,https://images.deliveryhero.io/image/talabat/Menuitems/0B3AA2B8D9432DD7EBA00EB1DC2979FF?width=172&amp;height=172
Bharwa Mushroom,Bharwa Mushroom ,42.0,https://images.deliveryhero.io/image/talabat/Menuitems/6C5AA05A9FE27CC25760FBE2053F7C3A?width=172&amp;height=172
Paneer Chilly,Paneer Chilly ,0.0,https://images.deliveryhero.io/image/talabat/Menuitems/2B17A9B9A8CFE13457AF4E66BFB8108A?width=172&amp;height=172
Dahi kebebab,Dahi kebebab ,36.0,
Mashroom tikka,mashroom tikka ,36.0,
Soya Platter,,58.0,https://images.deliveryhero.io/image/talabat/Menuitems/F9251975F672A49325791B9067B7744A?width=172&amp;height=172
Soya Chatpatti,,32.0,https://images.deliveryhero.io/image/talabat/Menuitems/F7339A9E4A9FFE9A0E29233A0E949771?width=172&amp;height=172
Hara bhara kebab,Spinach and potato kebabs with herbs.,32.0,https://images.deliveryhero.io/image/talabat/Menuitems/2A51A1738B0428591D5466380545D0B6?width=172&amp;height=172
Rajma Chawal,Rajma Chawal ,30.0,https://images.deliveryhero.io/image/talabat/Menuitems/40E3C8AABA0C1458EFB330992C6E92DB?width=172&amp;height=172
Chole Chawal,Chole Chawal ,24.0,https://images.deliveryhero.io/image/talabat/Menuitems/88C581E9E6A1C34BB24EEDD3BC6ABBF6?width=172&amp;height=172
Sarsoo Ka Saag with Makki Di Roti,Sarsoo Ka Saag with Makki Di Roti ,36.0,https://images.deliveryhero.io/image/talabat/Menuitems/D6C67314FBA8FCDF0E617B5B9F5F7B6E?width=172&amp;height=172
Puri Bhaji,Puri Bhaji ,24.0,
Butter Chicken / Butter Naan,Butter Chicken / Butter Naan ,31.0,
Punjabi Kadi Chawal,Punjabi Kadi Chawal ,30.0,https://images.deliveryhero.io/image/talabat/Menuitems/8FA6E264C8AA7220738136583C60D97F?width=172&amp;height=172
Halwa Puri,Halwa Puri ,24.0,
Khichdi Dahi,Khichdi Dahi ,30.0,
Cholley bhature,Cholley bhature  ,18.0,
amritsari kulcha combo (aloo/paneer),amritsari kulcha combo (aloo/paneer) ,0.0,
Chicken Seekh Kebab Roll,Chicken Seekh Kebab Roll ,29.0,https://images.deliveryhero.io/image/talabat/Menuitems/648DBD2C742A55BB899EDA7B27642EDF?width=172&amp;height=172
Chicken Tikka Roll,Chicken Tikka Roll ,29.0,https://images.deliveryhero.io/image/talabat/Menuitems/C2EA1973725A56E0D0635FC48C796FCF?width=172&amp;height=172
Paneer Tikka Roll,Paneer Tikka Roll ,27.0,https://images.deliveryhero.io/image/talabat/Menuitems/F1FF25AF1C6D27E8E520101BE66AC0F9?width=172&amp;height=172
Veg Seekh Kebab Roll,Veg Seekh Kebab Roll ,24.0,https://images.deliveryhero.io/image/talabat/Menuitems/178096F5A82321FDE3DFF5B5E9AEC0A1?width=172&amp;height=172
Dal Makhni Rice,Dal Makhni Rice ,28.0,https://images.deliveryhero.io/image/talabat/Menuitems/8E2C5D88549E26C9EAEF8F74F4FA7E51?width=172&amp;height=172
Chicken Angara Kebab,,44.0,
Chicken Tandoori,Chicken Tandoori ,0.0,https://images.deliveryhero.io/image/talabat/Menuitems/D678BAFC87E204AE1FF4B60066C368B1?width=172&amp;height=172
Chicken Seekh Kebab,Chicken Seekh Kebab ,42.0,https://images.deliveryhero.io/image/talabat/Menuitems/293424E44146EEF2A0D204D97197A3FB?width=172&amp;height=172
Chicken Tikka,Chicken Tikka ,42.0,https://images.deliveryhero.io/image/talabat/Menuitems/2C6FE1709DBEE76CBC50AC642593EA4F?width=172&amp;height=172
Chicken Kalimirch Tikka,Chicken Kalimirch Tikka ,42.0,https://images.deliveryhero.io/image/talabat/Menuitems/DDFCAF06164535BEDB4604044ED09D5A?width=172&amp;height=172
Chicken Tandoori,Chicken Tandoori ,0.0,https://images.deliveryhero.io/image/talabat/Menuitems/BE750691C21F005CEFBDB1025F807A4F?width=172&amp;height=172
Non Veg Platter,,90.0,https://images.deliveryhero.io/image/talabat/Menuitems/7319C3C0F019359F5884AC4DBDDC7210?width=172&amp;height=172
Bhatti Da Murg,,50.0,https://images.deliveryhero.io/image/talabat/Menuitems/E84ED2AEE4CB7291E91A02F8D2743D83?width=172&amp;height=172
fish lassoni tikka,fish lassoni tikka  ,42.0,
lemon chicken tandoori,lemon chicken tandoori  ,42.0,
chicken hariyali tikka,chicken hariyali tikka  ,42.0,
Mutton seek kebab,mutton seek kebab  ,42.0,
Mutton Seekh Kebab,Mutton Seekh Kebab ,46.0,https://images.deliveryhero.io/image/talabat/Menuitems/00FF02EA966A1C0BE70A601894E7772E?width=172&amp;height=172
Chicken Tikka,Chicken Tikka ,0.0,https://images.deliveryhero.io/image/talabat/Menuitems/FABEC4BAEC0E361685458F79A93120C4?width=172&amp;height=172
Fish Amritsari,Fish Amritsari ,42.0,https://images.deliveryhero.io/image/talabat/Menuitems/F4B2B18C1D7DDC187A9A68FCD66DE653?width=172&amp;height=172
Tangri Kabab,Tangri Kabab ,42.0,https://images.deliveryhero.io/image/talabat/Menuitems/mmw_638312486542291933?width=172&amp;height=172
Ajwaini Fish Tikka,Ajwaini Fish Tikka ,42.0,https://images.deliveryhero.io/image/talabat/Menuitems/90B6E130CB253382C3FBD1C4AD11CB05?width=172&amp;height=172
Kadai Paneer,Kadai Paneer ,41.0,https://images.deliveryhero.io/image/talabat/Menuitems/001354CCFECDD53BBD06AADAAF4F926D?width=172&amp;height=172
Shahi Paneer,Shahi Paneer ,41.0,https://images.deliveryhero.io/image/talabat/Menuitems/08E750D1BCFEF2084B85E8FF4CA91749?width=172&amp;height=172
Aloo jeera,Aloo Jeera ,30.0,https://images.deliveryhero.io/image/talabat/Menuitems/71C60D53CDC2F63C5F9D51FDE95ADDB1?width=172&amp;height=172
Aloo Gobhi Masaledar,Aloo Gobhi Masaledar ,30.0,https://images.deliveryhero.io/image/talabat/Menuitems/A30F5D21AF47926B0F50D5E08842B496?width=172&amp;height=172
Sarsoon Ka Saag,Sarsoon Ka Saag ,36.0,https://images.deliveryhero.io/image/talabat/Menuitems/F8E8FCD25040F4FA33D1C9EA3A2FB490?width=172&amp;height=172
Palak Paneer,Palak Paneer ,41.0,https://images.deliveryhero.io/image/talabat/Menuitems/20DA29314CE12464E170F1C24C430898?width=172&amp;height=172
Paneer Tikka Butter Masala,Paneer Tikka Butter Masala ,46.0,https://images.deliveryhero.io/image/talabat/Menuitems/E064BB48186C9FF9B254F5E1947959E1?width=172&amp;height=172
Paneer Tikka Masala,Paneer Tikka Masala ,42.0,https://images.deliveryhero.io/image/talabat/Menuitems/15E62C71C1B85A75ADE6E29CE26408B5?width=172&amp;height=172
Paneer Bhurji,Paneer Bhurji ,42.0,https://images.deliveryhero.io/image/talabat/Menuitems/BD1895556F0809FEA1CAF0979F230D8C?width=172&amp;height=172
Mutter Paneer,Mutter Paneer ,41.0,https://images.deliveryhero.io/image/talabat/Menuitems/FAF385E49CF9A706B600ED1B9D4BB6D8?width=172&amp;height=172
Paneer Amritsari,Paneer Amritsari ,46.0,https://images.deliveryhero.io/image/talabat/Menuitems/4544780089AFA2E38A139D19862707D2?width=172&amp;height=172
Paneer Butter Masala,Paneer Butter Masala ,42.0,https://images.deliveryhero.io/image/talabat/Menuitems/4ACC4995017D596F5EE880B527CD36A7?width=172&amp;height=172
Mushroom Masala,Mushroom Masala ,41.0,https://images.deliveryhero.io/image/talabat/Menuitems/B7E5E5A5A0CC0E81EA42228296E96E0D?width=172&amp;height=172
Mushroom do pyaza,Mushroom do pyaza ,41.0,https://images.deliveryhero.io/image/talabat/Menuitems/BDD17098F4E1C413C42955B4529DA3D6?width=172&amp;height=172
Kadai Veg,Kadai Veg ,30.0,https://images.deliveryhero.io/image/talabat/Menuitems/4CD1AD1417A18CFC980F1EC32D966B27?width=172&amp;height=172
Palak Corn,,41.0,
Palak Mushroom,Palak Mushroom ,41.0,
Malai Kofta,Malai Kofta ,41.0,
Methi Mutter Malai,Methi Mutter Malai ,41.0,
Makki De Mushroom Di Sabzi,Makki De Mushroom Di Sabzi ,41.0,
Pindi Chana,Pindi Chana ,36.0,
Veg Jalfrezi,Veg Jalfrezi ,36.0,
Palak kofta,Palak kofta ,42.0,
Paneer do pyaza,Paneer do pyaza  ,46.0,
Bhindi do pyaza,Bhindi do pyaza ,36.0,https://images.deliveryhero.io/image/talabat/Menuitems/11C4D294ADAAA04055FC9CD048F9BB7E?width=172&amp;height=172
Mutter Methi Malai,Mutter Methi Malai ,39.0,https://images.deliveryhero.io/image/talabat/Menuitems/10388FBE1F1C28284E3E60DF497178EA?width=172&amp;height=172
Makki te Khumb Di Sabzi,Makki te Khumb Di Sabzi ,33.0,https://images.deliveryhero.io/image/talabat/Menuitems/85A927059C6DFB05F1A7CEB27FD47D81?width=172&amp;height=172
Palak Khumb Di Sabzi,Palak Khumb Di Sabzi ,35.0,https://images.deliveryhero.io/image/talabat/Menuitems/00A311B08E9B4EB02737F7E1F67FC77D?width=172&amp;height=172
Special Veg Thali (limited0,"2 Curries, raita, rice, 2 tandoori roti, salad ",29.0,
Kadi Pakoda,Kadi Pakoda ,29.0,https://images.deliveryhero.io/image/talabat/Menuitems/6EA604CEC4BAA852F949945F21CAF11C?width=172&amp;height=172
Mix Veg,Mix Veg ,29.0,https://images.deliveryhero.io/image/talabat/Menuitems/37AB0880FB47F2A61D70D3A36B7C287D?width=172&amp;height=172
Butter Chicken - With Bone,Butter Chicken ,46.0,https://images.deliveryhero.io/image/talabat/Menuitems/E62CFB0B3034E58490912F8480CD3E60?width=172&amp;height=172
Dhaba Chicken,Dhaba Chicken ,50.0,https://images.deliveryhero.io/image/talabat/Menuitems/36FAFE34B320EC700C298513846B00D7?width=172&amp;height=172
Chicken Handi,Chicken Handi ,60.0,https://images.deliveryhero.io/image/talabat/Menuitems/F6D30377184C798324FAFDE23108384B?width=172&amp;height=172
Methi Chicken Malai,Methi Chicken Malai ,46.0,https://images.deliveryhero.io/image/talabat/Menuitems/733E7D6ACB69DFD8840E4DC5DC6647E4?width=172&amp;height=172
Chicken Do Pyaza,Chicken Do Pyaza ,48.0,https://images.deliveryhero.io/image/talabat/Menuitems/7703E62572B92BC90074D30D6AD65E2D?width=172&amp;height=172
Mutton Rogan Josh,Mutton Rogan Josh ,54.0,https://images.deliveryhero.io/image/talabat/Menuitems/964DA9763914698953BDD89DEB0DC809?width=172&amp;height=172
Chicken Saagwala,Chicken Saagwala ,46.0,https://images.deliveryhero.io/image/talabat/Menuitems/DB8137C1671C9586384DA9129026AF1D?width=172&amp;height=172
Dhaba Mutton,Dhaba Mutton ,54.0,https://images.deliveryhero.io/image/talabat/Menuitems/E4EA23A05557396C795F05DE4B6CF588?width=172&amp;height=172
Machhi Mirch Masala,Machhi Mirch Masala ,54.0,https://images.deliveryhero.io/image/talabat/Menuitems/EC73363A7467A978D0F305D225401CF4?width=172&amp;height=172
Chicken Curry,Chicken Curry ,42.0,https://images.deliveryhero.io/image/talabat/Menuitems/DC935ADEF4127CFAD2ED335372CDE4E4?width=172&amp;height=172
Rara Mutton,,58.0,
Dhaba Special Jhinga Makhani,,58.0,
Fish Curry,Blend of succulent fish and aromatic spices,54.0,
Dhaba Special Jhinga Masala,,58.0,
Rara Chicken,Rara Chicken ,54.0,
Mutton Kadai,Mutton Kadai ,54.0,
Tawa Chicken (Boneless),Tawa Chicken (Boneless) ,46.0,
Chicken Masala,Chicken Masala ,46.0,
Mutton Handi,A spicy and aromatic curry made with tender chunks of mutton slow-cooked to perfection with a blend of fragrant spices,66.0,
Chicken Tikka Masala,Chicken Tikka Masala ,54.0,https://images.deliveryhero.io/image/talabat/Menuitems/2F7BDAD9EAD5E9D673C4587B8D7BAEDF?width=172&amp;height=172
Chicken Kadai,Chicken Kadai ,46.0,https://images.deliveryhero.io/image/talabat/Menuitems/4F6D5E8468C602F81AB4FAA9333F2135?width=172&amp;height=172
Egg Curry,Egg Curry ,30.0,https://images.deliveryhero.io/image/talabat/Menuitems/144B4E86BA597446E6715F635F56B671?width=172&amp;height=172
Egg Bhurji,Egg Bhurji ,26.0,https://images.deliveryhero.io/image/talabat/Menuitems/1765613B9811972EED36149DDAB4C316?width=172&amp;height=172
Chicken keema naan with gravy,Chicken keema naan with gravy ,18.9,
Deluxe Non Veg Thali (Limited),"2 Veg Curries,  sbzi - non veg, raita, rice, 2 tandoori roti, salad, Sweets ",38.5,https://images.deliveryhero.io/image/talabat/Menuitems/65745889C2219A8002B0369DAF575D43?width=172&amp;height=172
Special Non veg Thali (Limited),"1. Dal Or sbzi - veg, 
2. sbzi - non veg, 
3. raita, 
4. rice, 
5.  tandoori roti (2), 
6. salad ",33.0,https://images.deliveryhero.io/image/talabat/Menuitems/8EC2DAACD83EE91325D4D87FF3FBD73A?width=172&amp;height=172
Chicken Patiala Shahi,Chicken Patiala Shahi ,39.0,https://images.deliveryhero.io/image/talabat/Menuitems/8F15D5B9520FDE450D3576D8C6FDECAF?width=172&amp;height=172
Chicken Tikka Butter Masala,Chicken Tikka Butter Masala ,42.0,https://images.deliveryhero.io/image/talabat/Menuitems/14DEBDCA560F0E75B379AA479F7A1D6F?width=172&amp;height=172
Mutton Saagwala,Mutton Saagwala ,44.0,https://images.deliveryhero.io/image/talabat/Menuitems/81C6E6311C7E618CCE3A16A79165DE02?width=172&amp;height=172
Chicken Kalimirch,Chicken Kalimirch ,38.0,https://images.deliveryhero.io/image/talabat/Menuitems/D528050E222A5C6A76ED3FBC1099EB97?width=172&amp;height=172
Chicken Dahiwala,Chicken Dahiwala ,38.0,https://images.deliveryhero.io/image/talabat/Menuitems/0461861096D6B08817F064AADFFA2757?width=172&amp;height=172
Lassi,Lassi  ,0.0,
Jal Jeera,Jal Jeera ,14.0,https://images.deliveryhero.io/image/talabat/Menuitems/6D0B188F29342A3703A049F8022CF93E?width=172&amp;height=172
Shikanji Masala,Shikanji Masala ,14.0,
Fresh Lime Soda,Fresh Lime Soda ,0.0,
Mango Lassi,Mango Lassi ,42.0,https://images.deliveryhero.io/image/talabat/Menuitems/3328BB80E43CE8D9F4DC634A434A6067?width=172&amp;height=172
Water,Water ,0.0,
Shikanjawi,Shikanjawi ,17.0,https://images.deliveryhero.io/image/talabat/Menuitems/7F58209FBB1A2FF2D7790661A3AA00EE?width=172&amp;height=172
Punjabi lassi Sweet,Punjabi lassi Sweet   ,0.0,
Lemon Mint Cooler,Lemon Mint Cooler ,17.0,https://images.deliveryhero.io/image/talabat/Menuitems/6F9B1651617B6FE39AD97CC2E54981C0?width=172&amp;height=172
Chai,Chai  ,0.0,
Cold drinks,Cold drinks   ,6.0,
Sweets lassi,Sweets lassi ,16.0,
Aerated Drinks,Aerated Drinks ,6.0,
Peda Wali Lassi,Peda Wali Lassi ,42.0,
Masala Chaach,Masala Chaach ,16.0,
"Lassi (Sweet, Salted)","Lassi (Sweet, Salted) ",15.0,https://images.deliveryhero.io/image/talabat/Menuitems/E080A36F36FF0690C0BD9E56F27E9B65?width=172&amp;height=172
Yellow Dal Tadka,Yellow Dal Tadka ,30.0,https://images.deliveryhero.io/image/talabat/Menuitems/38607F12141C29059127223109C3006D?width=172&amp;height=172
Dhaba Dal,Dhaba Dal ,30.0,https://images.deliveryhero.io/image/talabat/Menuitems/DEF39672BF0EC9FB146725CE53A58E0B?width=172&amp;height=172
Dal Makhni,Dal Makhni ,31.0,https://images.deliveryhero.io/image/talabat/Menuitems/2A33DC9074EC34D6E7B7D87EE37E81F6?width=172&amp;height=172
amritsari chole,amritsari chole  ,31.0,https://images.deliveryhero.io/image/talabat/Menuitems/9DCA87BC044E7CB61CA92384EA48EA70?width=172&amp;height=172
chana dal,chana dal ,30.0,https://images.deliveryhero.io/image/talabat/Menuitems/52B976C721E584022BC1BA4AFAA77379?width=172&amp;height=172
kadai pakoda,kadai pakoda ,31.0,
Mix dal,mix dal ,30.0,
Rajma Masala,Rajma Masala ,36.0,https://images.deliveryhero.io/image/talabat/Menuitems/2CACF4F162648A69A6B13BCDDDB9B281?width=172&amp;height=172
Dhaba handi dum briyani,Dhaba handi dum briyani ,0.0,
Dhada special briyani,Dhada special briyani ,0.0,
Biryani Rice,Biryani Rice ,30.0,https://images.deliveryhero.io/image/talabat/Menuitems/00D507C7E888C7F7A0C2BDAA5FD8C8A0?width=172&amp;height=172
Jeera Rice,Jeera Rice ,22.0,https://images.deliveryhero.io/image/talabat/Menuitems/9EB830F525BEAE71DCC1CA2E398F66EE?width=172&amp;height=172
Vegetable Pulao,Vegetable Pulao ,30.0,https://images.deliveryhero.io/image/talabat/Menuitems/A80D9F6769547AE43CDFE0B1956419BE?width=172&amp;height=172
Peas Pulao,Peas Pulao ,30.0,https://images.deliveryhero.io/image/talabat/Menuitems/B72B6FE2598522F9C44AD070F42E5115?width=172&amp;height=172
Chicken Fried Rice,Chicken Fried Rice ,36.0,https://images.deliveryhero.io/image/talabat/Menuitems/DEA1FAD82C141CF70C9B8A68006A0D7F?width=172&amp;height=172
Plain Rice,Plain Rice ,15.0,
Veg Biryani,Veg Biryani ,36.0,https://images.deliveryhero.io/image/talabat/Menuitems/DDCD4B4C3EAD7DF6BCB983EB20E38E88?width=172&amp;height=172
Veg Fried Rice,Veg Fried Rice ,30.0,
Punjabi Parantha,Punjabi Parantha ,6.0,
Tawa Chapati,Tawa Chapati ,4.5,https://images.deliveryhero.io/image/talabat/Menuitems/15CDDCAA972F76654928B9116F2DC9A6?width=172&amp;height=172
Egg Fried Rice,Egg Fried Rice ,28.0,https://images.deliveryhero.io/image/talabat/Menuitems/6394F90D186B0D6C87556AEF15E93351?width=172&amp;height=172
Chicken Biryani,Chicken Biryani ,12.0,https://images.deliveryhero.io/image/talabat/Menuitems/7BD07D22AFF63046CBC1A968038BE932?width=172&amp;height=172
Egg Biryani,Egg Biryani ,35.0,https://images.deliveryhero.io/image/talabat/Menuitems/A0862AFA3969EC2D09579FB316643641?width=172&amp;height=172
Mutton Biryani,Mutton Biryani ,40.0,https://images.deliveryhero.io/image/talabat/Menuitems/19BD5BCE2BB42A1A18E09AFCBF093DC8?width=172&amp;height=172
Chicken Tikka Wrap,Chicken Tikka Wrap ,31.0,https://images.deliveryhero.io/image/talabat/Menuitems/2EF1CC72AA1073D9E88B0898E67978A8?width=172&amp;height=172
Paneer Tikka Wrap,Paneer Tikka Wrap ,29.0,https://images.deliveryhero.io/image/talabat/Menuitems/73A820BD23DD3A43F96F47416E7F71A4?width=172&amp;height=172
Egg Roll,Egg Roll ,24.0,
chicken seek kabab  wrap,chicken seek kabab  wrap ,31.0,
Mutton Seekh Kebab Roll,Mutton Seekh Kebab Roll ,35.0,
Tandoori Roti,Tandoori Roti ,5.0,https://images.deliveryhero.io/image/talabat/Menuitems/4A37793BF8FF2F2F987415D22BAD5154?width=172&amp;height=172
Butter Roti,Butter Roti ,6.0,https://images.deliveryhero.io/image/talabat/Menuitems/0AA00783852604EF69AB05CBACF081B8?width=172&amp;height=172
Missi Roti,Missi Roti ,7.0,https://images.deliveryhero.io/image/talabat/Menuitems/DC52BB6F92BFD43722302E4AFBF31365?width=172&amp;height=172
Makki Di Roti,Makki Di Roti ,7.0,https://images.deliveryhero.io/image/talabat/Menuitems/A6C318D994BAD6ACBC8DFE04E6753486?width=172&amp;height=172
Naan,"Plain, Butter, Garlic ",0.0,https://images.deliveryhero.io/image/talabat/Menuitems/D5AEA3F2402B170114A938CABA64FBC0?width=172&amp;height=172
Tawa Chapati,Tawa Chapati ,5.0,https://images.deliveryhero.io/image/talabat/Menuitems/972ED5C6E6D4C556557DC991739EB7B1?width=172&amp;height=172
Naan,"Plain, Butter Or Garlic.",0.0,
Paratha,"Warm and flaky freshly made paratha, stuffed with a blend of spiced potatoes and onions",0.0,
Kulcha,Kulcha ,0.0,
bread basket,"(2roti,2butter roti,1missi,1lachha,1butternaan,1garlic naan) ",46.0,
Parntha,,0.0,https://images.deliveryhero.io/image/talabat/Menuitems/BADD21FAE7083DD3102143AE01647467?width=172&amp;height=172
Amritsari Kulcha,Amritsari Kulcha ,0.0,https://images.deliveryhero.io/image/talabat/Menuitems/5CE0478DE1D7DACAE082CACB2A5BC45F?width=172&amp;height=172
Punjabi Parataha,Punjabi Parataha   ,10.0,
Fresh paneer,Fresh paneer ,48.0,
Mix Roti Basket,,38.0,https://images.deliveryhero.io/image/talabat/Menuitems/473A0FED30052D65C65F9907CE3075B6?width=172&amp;height=172
Amritsari Kulcha ( WITHOUT CHANA ),Amritsari Kulcha ( WITHOUT CHANA ) ,21.0,https://images.deliveryhero.io/image/talabat/Menuitems/07AC0F4AD086DE8C18150D00F3D72C3C?width=172&amp;height=172
Soya Tikka,Soya Tikka ,0.0,https://images.deliveryhero.io/image/talabat/Menuitems/A809DFAEFB47AD48B642B722C73C9C0F?width=172&amp;height=172
Soya Kadai,Soya Kadai ,42.0,https://images.deliveryhero.io/image/talabat/Menuitems/EA79183ABF12ABB02D83DC2147728875?width=172&amp;height=172
Soya Butter,Soya Butter ,42.0,https://images.deliveryhero.io/image/talabat/Menuitems/5E790182D753D6B8C1C99B9F774376EA?width=172&amp;height=172
Soya do pyaza,Soya do pyaza  ,42.0,
Rasmalai,Sweet and creamy Bengali dessert made with cheese dumplings soaked in flavored milk.,24.0,
Gulab Jamun,Gulab Jamun ,14.0,https://images.deliveryhero.io/image/talabat/Menuitems/A02ABD13CFF611EE8A3BF73600BF7FE7?width=172&amp;height=172
Makki Di Choori,Makki Di Choori ,29.0,
Punjabi Choori,Punjabi Choori ,29.0,
Gur Paronthi Wrap,Gur Paronthi Wrap ,23.0,
Mong dal halwa,Mong dal halwa ,24.0,https://images.deliveryhero.io/image/talabat/Menuitems/2BD9BBCFE870A63C09635F9F030231E4?width=172&amp;height=172
Gajar Ka Halwa,Gajar Ka Halwa ,22.0,https://images.deliveryhero.io/image/talabat/Menuitems/1A370C531BB193F17BC9350606C51B36?width=172&amp;height=172
Teele wali Pista kulfi,Teele wali Pista kulfi ,17.0,
Ras malai per plate,Ras malai per plate ,13.5,
Gurpare,Gurpare ,0.0,
Shakarpare,Shakarpare,0.0,
Malai Kulfi,Malai Kulfi ,0.0,
Besan Laddu,Besan Laddu ,0.0,
Fresh Paneer,Fresh Paneer ,0.0,
Teele Wali Kulfi,Teele Wali Kulfi ,13.0,
Deluxe Non Veg Thali (Limited),Deluxe Non Veg Thali (Limited)  ,38.0,https://images.deliveryhero.io/image/talabat/Menuitems/3E867EF428C2C9313C59930E50A002C7?width=172&amp;height=172
Special Veg Thali (Limited),Special Veg Thali (Limited) ,29.0,https://images.deliveryhero.io/image/talabat/Menuitems/04DEDA4EFFAB55DEBDF7F961519B57AB?width=172&amp;height=172
Deluxe Veg Thali (Limited),"3 Curries, raita, rice, 2tandoori roti, salad, sweet ",33.0,https://images.deliveryhero.io/image/talabat/Menuitems/4B97FBEFA4F6EC03E5BED043573FEBCF?width=172&amp;height=172
Special Non veg Thali (Limited),Special Non veg Thali (Limited) ,33.0,https://images.deliveryhero.io/image/talabat/Menuitems/0FE8D09A6E58B4E67289276FBE5D1C76?width=172&amp;height=172
Paneer Malai Tikka,Paneer Malai Tikka ,35.0,https://images.deliveryhero.io/image/talabat/Menuitems/177A429F92B6421225353B49F675746C?width=172&amp;height=172
Paneer Pudina Tikka,Paneer Pudina Tikka ,35.0,https://images.deliveryhero.io/image/talabat/Menuitems/EC7F920AFEC58C245A2DCE0A1B456423?width=172&amp;height=172
Paneer Achari Tikka,Paneer Achari Tikka ,35.0,https://images.deliveryhero.io/image/talabat/Menuitems/38532CDF507CBFF9B8863ADF8A522367?width=172&amp;height=172
Paneer Tikka,Paneer Tikka,32.0,https://images.deliveryhero.io/image/talabat/Menuitems/DAB2782253885976F416B5E48DE31B7E?width=172&amp;height=172
Bhatti De Aloo Chatpate,Bhatti De Aloo Chatpate ,32.0,
Bharwa Mushroom,Bharwa Mushroom ,35.0,https://images.deliveryhero.io/image/talabat/Menuitems/7E6E9FF200C41BA6F8C05325A58147BA?width=172&amp;height=172
Khumb Tikka Achari,Khumb Tikka Achari ,32.0,https://images.deliveryhero.io/image/talabat/Menuitems/993F3EACF06605E57758BFBE64188B75?width=172&amp;height=172
Veg Seekh Kebab,Veg Seekh Kebab ,31.0,https://images.deliveryhero.io/image/talabat/Menuitems/6D5EC0FF9535C79325579FAE27C1C4D5?width=172&amp;height=172
Veg Platter,Veg Platter ,73.0,https://images.deliveryhero.io/image/talabat/Menuitems/8351C20405010033CF16673B8237DD98?width=172&amp;height=172
Parantha,,0.0,
Kalmi Kebab,,39.0,
Tangdi Kebab,popular Indian dish made with marinated chicken drumsticks,39.0,https://images.deliveryhero.io/image/talabat/Menuitems/A910773235A7BBFDCAE2B096182DD0E2?width=172&amp;height=172
Mushroom Tikka,Grilled or roasted mushrooms marinated in tikka spices.,26.0,
Achari Gobhi,,26.0,
Soya Achari Tikka,,32.0,https://images.deliveryhero.io/image/talabat/Menuitems/45B74018C141EB6D684E3FAF983BE957?width=172&amp;height=172
Soya Malai Tikka,,32.0,https://images.deliveryhero.io/image/talabat/Menuitems/A5F857BB8EFFE7F8EDCEADCFC7F45FC9?width=172&amp;height=172
Soya Afghani Tikka,,32.0,https://images.deliveryhero.io/image/talabat/Menuitems/367FA6B36F7924B3C7582AFEE8447156?width=172&amp;height=172
Soya Tikka,,26.0,https://images.deliveryhero.io/image/talabat/Menuitems/44644D849E6E3FBF3B4DE99A277C6212?width=172&amp;height=172
Fish Amritsari,"fillet, flour, lemon juice, spices",39.0,https://images.deliveryhero.io/image/talabat/Menuitems/E7D5EE76C1DFD2516785563DFDE619B3?width=172&amp;height=172
Ajwaini Fish Tikka,Ajwaini Fish Tikka ,38.0,https://images.deliveryhero.io/image/talabat/Menuitems/85026D34B0B558930029A23B950EA8A1?width=172&amp;height=172
Mutton Seekh Kebab,Mutton Seekh Kebab ,39.0,
Chicken Seekh Kebab,Chicken Seekh Kebab ,41.0,https://images.deliveryhero.io/image/talabat/Menuitems/13635026E2F0EB7C5608FD923D7C31AE?width=172&amp;height=172
Chicken Pudina Tikka,Chicken Pudina Tikka ,39.0,https://images.deliveryhero.io/image/talabat/Menuitems/F1AA989503344C923DB43007C0B343A4?width=172&amp;height=172
Chicken Malai Tikka,Chicken Malai Tikka ,38.0,
Chicken Achari Tikka,Chicken Achari Tikka ,38.0,https://images.deliveryhero.io/image/talabat/Menuitems/98E70B6B00C47ECE748DAB7F5055C1CC?width=172&amp;height=172
Chicken Lasooni Tikka,Chicken Lasooni Tikka ,38.0,https://images.deliveryhero.io/image/talabat/Menuitems/983D2C78E51D21511F97D8F34C6DE732?width=172&amp;height=172
Chicken Jeera Tikka,Chicken Jeera Tikka ,39.0,https://images.deliveryhero.io/image/talabat/Menuitems/6275593EA2C082FE6FB1D99246B8BD32?width=172&amp;height=172
Kulchass ( WITHOUT CHANA ),served with chutney ,0.0,https://images.deliveryhero.io/image/talabat/Menuitems/D986F8FD46685ACCC218F545FABD389D?width=172&amp;height=172
Paneer Kulcha ( WITHOUT CHANA ),,27.0,https://images.deliveryhero.io/image/talabat/Menuitems/E514CA7A6A93C7212BE81F702A211F55?width=172&amp;height=172
Tomato Soup,Tomato Soup ,17.0,https://images.deliveryhero.io/image/talabat/Menuitems/A38D9D37CBA57F3BB9C643C8D818B138?width=172&amp;height=172
Chole Bhature,Chole Bhature ,24.0,https://images.deliveryhero.io/image/talabat/Menuitems/A274EADB992684933B5D4A6AC5157C04?width=172&amp;height=172
Mooli Paratha + Curd,Mooli Paratha + Curd ,16.0,https://images.deliveryhero.io/image/talabat/Menuitems/0F13753B11B482F45047B511F40842B3?width=172&amp;height=172
Gobi Paratha + Curd,Gobi Paratha + Curd ,16.0,https://images.deliveryhero.io/image/talabat/Menuitems/C664DAA62939BF0E0D57B791543E9640?width=172&amp;height=172
Omelettes,Omelettes ,0.0,https://images.deliveryhero.io/image/talabat/Menuitems/4D63673007063D917E71537B409AE1DE?width=172&amp;height=172
Kulcha,Kulcha ,0.0,https://images.deliveryhero.io/image/talabat/Menuitems/281841BB5A4C0A2F8FE27B94942DCFBB?width=172&amp;height=172
Puri,Served with Bhaji or Chole ,21.0,
Parantha,Served with Dahi & Pickle ,0.0,https://images.deliveryhero.io/image/talabat/Menuitems/B914953A9F084080ED01F16299119BA9?width=172&amp;height=172
Aloo Paratha + Curd,Aloo Paratha + Curd ,16.0,https://images.deliveryhero.io/image/talabat/Menuitems/C1FA100EC0DA18C79A12714582A7E68A?width=172&amp;height=172
Onion Paratha + Curd,Onion Paratha + Curd ,16.0,https://images.deliveryhero.io/image/talabat/Menuitems/0AC14914D9487016BA802E0B4CF9167C?width=172&amp;height=172
Pakoda,Pakoda ,0.0,
