item_name,item_description,item_price,item_image
Jordanian Lamb Mansaf,Authentic Mansaf served with Karaki yoghurt ,75.0,https://images.deliveryhero.io/image/talabat/Menuitems/mmw_637948644945641453?width=172&amp;height=172
Watermelon Platter,Sliced refreshing watermelon.,32.0,https://images.deliveryhero.io/image/talabat/Menuitems/mmw_637984033696192724?width=172&amp;height=172
Kharouf Mahchi ,Roasted lamb served with oriental rice and cucumber yoghurt ,70.0,https://images.deliveryhero.io/image/talabat/Menuitems/mmw_637948645494310336?width=172&amp;height=172
Palestinian Chicken Musakhan,"Served with Rawabina bread, onion and sumac baladi ",60.0,https://images.deliveryhero.io/image/talabat/Menuitems/mmw_637948645040803048?width=172&amp;height=172
Mixed Grill,"1 skewer meat cubes, 1 skewer shish tawouk and 2 skewers kebab served with grilled onion, grilled tomato, french fries and garlic paste",75.0,https://images.deliveryhero.io/image/talabat/Menuitems/mmw_637948622897187931?width=172&amp;height=172
Zaatar Manoushe,Zaatar mixed with sesame and olive oil,17.0,https://images.deliveryhero.io/image/talabat/Menuitems/mmw_637948555163386661?width=172&amp;height=172
Nabulsi Cheese Manoushe,Grilled nabulsi cheese in the oven.,25.0,https://images.deliveryhero.io/image/talabat/Menuitems/mmw_637948555867339694?width=172&amp;height=172
Cheese And Zaatar Manoushe,Mixed manoushe of Nabulsi cheese and zaatar. ,25.0,https://images.deliveryhero.io/image/talabat/Menuitems/mmw_637948556527077773?width=172&amp;height=172
Labneh With Vegetables Manoushe,"Labneh, cucumber, tomato, olive, and mint leaves. ",25.0,https://images.deliveryhero.io/image/talabat/Menuitems/mmw_637948557104597870?width=172&amp;height=172
Fatiret 3 Cheeses,"Halloumi, mozzarella and nabulsiya cheese with parsley. ",28.0,https://images.deliveryhero.io/image/talabat/Menuitems/mmw_637948559667897021?width=172&amp;height=172
Fatiret Lahm Bi Ajine ," Grinded meat, tomato and onion.",26.0,https://images.deliveryhero.io/image/talabat/Menuitems/mmw_637948557643287859?width=172&amp;height=172
Fetta With Zaatar Baladi Machrouha,"Fetta cheese, olive oil, and tomato topped with a fresh zaatar salad.",30.0,https://images.deliveryhero.io/image/talabat/Menuitems/mmw_637948564637997978?width=172&amp;height=172
Sumac Fried Eggs ,Sunny side up fried eggs with sumac. ,28.0,https://images.deliveryhero.io/image/talabat/Menuitems/mmw_637948565902298838?width=172&amp;height=172
Eggs And Soujouk ,Eggs sunny side up with spicy sausages. ,36.0,https://images.deliveryhero.io/image/talabat/Menuitems/mmw_637948567854493558?width=172&amp;height=172
 Spinach Fatayer Big,"Spinach, onion, sumac & olive oil.",25.0,https://images.deliveryhero.io/image/talabat/Menuitems/mmw_637948558074716713?width=172&amp;height=172
  Mini Lahm Bi Ajin,"Grind meat, tomato, and onion. ",30.0,https://images.deliveryhero.io/image/talabat/Menuitems/mmw_637948560484358782?width=172&amp;height=172
Kafta Cheese Manoushe,"Kafta, mozzarella cheese, tomato, and mayonnaise. ",30.0,https://images.deliveryhero.io/image/talabat/Menuitems/mmw_637948561019609006?width=172&amp;height=172
Chocoba,"Nutella spread, banana, strawberry and roasted hazelnut",27.0,https://images.deliveryhero.io/image/talabat/Menuitems/mmw_637948561596307122?width=172&amp;height=172
Shakshoukah,"Cooked tomato with eggs, onion, and garlic. ",28.0,https://images.deliveryhero.io/image/talabat/Menuitems/mmw_637948562226122686?width=172&amp;height=172
Cheese Omelette,Eggs omelette style with mozzarella cheese.,28.0,https://images.deliveryhero.io/image/talabat/Menuitems/mmw_637948562629679373?width=172&amp;height=172
 Lentil Soup ,Home-made lentil soup served with fried bread.,25.0,https://images.deliveryhero.io/image/talabat/Menuitems/mmw_637948569222426914?width=172&amp;height=172
Minestrone Vegetables Soup,Season vegetables soup with rissoni pasta.,25.0,https://images.deliveryhero.io/image/talabat/Menuitems/mmw_637948569336176912?width=172&amp;height=172
Freekah Soup ,Green freekah in meat broth,25.0,https://images.deliveryhero.io/image/talabat/Menuitems/mmw_637948570529952916?width=172&amp;height=172
Chicken Cream Soup,Chicken pieces in cream broth.,25.0,https://images.deliveryhero.io/image/talabat/Menuitems/mmw_637948569467235073?width=172&amp;height=172
 Tabbouleh,"Chopped parsley, tomato, onion, bourghol, mint, lemon juice, and olive oil. ",27.0,https://images.deliveryhero.io/image/talabat/Menuitems/mmw_637948573567386687?width=172&amp;height=172
 Fattoush,"Roman lettuce, cucumber, tomato, radish, purslane, mint, spring onion, sumac, and bread served with pomegranate molasses sauce.",27.0,https://images.deliveryhero.io/image/talabat/Menuitems/mmw_637948574579998291?width=172&amp;height=172
Rocca Zaatar Salad,"Fresh rocca, zaatar leaves, onion & sumac in pomegranate molasses sauce.",27.0,https://images.deliveryhero.io/image/talabat/Menuitems/mmw_637948574837267303?width=172&amp;height=172
Beetroot And Bakleh Salad,"Beetroot slices with fresh purslane, and lemon oil sauce. ",30.0,https://images.deliveryhero.io/image/talabat/Menuitems/mmw_637948575240057302?width=172&amp;height=172
 Falafel And Tahiniyeh Salad,"Mixed lettuce, fried falafel, mint, cherry tomato, radish, and tahini sauce. ",35.0,https://images.deliveryhero.io/image/talabat/Menuitems/mmw_637948575772409753?width=172&amp;height=172
Watermelon And Halloumi Cheese,"Watermelon, halloumi cheese, and mint leaves.",40.0,https://images.deliveryhero.io/image/talabat/Menuitems/mmw_637948578080113002?width=172&amp;height=172
 Chicken Caesar Salad,"Lettuce, parmesan cheese, chicken breast with ceasar sauce.",38.0,https://images.deliveryhero.io/image/talabat/Menuitems/mmw_637948576298742825?width=172&amp;height=172
Vegetable Plate Small,"Tomato, Rocca, lettuce, cucumber, radish, onion, spring onion, and mint. ",12.0,https://images.deliveryhero.io/image/talabat/Menuitems/mmw_637948580034478576?width=172&amp;height=172
Vegetable Plate Large,"Tomato, Rocca, lettuce, cucumber, radish, onion, spring onion, and mint ",25.0,https://images.deliveryhero.io/image/talabat/Menuitems/mmw_637948582283157064?width=172&amp;height=172
 Hummus ,Boiled chickpeas mixed with tahini paste & lemon juice.,25.0,https://images.deliveryhero.io/image/talabat/Menuitems/mmw_637948584014672576?width=172&amp;height=172
Hummus Harr,"Boiled chickpeas, chili mixed with tahini paste and lemon juice.",26.0,https://images.deliveryhero.io/image/talabat/Menuitems/mmw_637948592517565840?width=172&amp;height=172
 Hummus beiruti ,"Boiled chickpeas mixed with tahini paste, garlic, pickles & parsley.",26.0,https://images.deliveryhero.io/image/talabat/Menuitems/mmw_637948584240628180?width=172&amp;height=172
 Mutabbal Al Jabal ,Smoked grilled eggplant with capsicum and pomegranate molasses sauce.,25.0,https://images.deliveryhero.io/image/talabat/Menuitems/mmw_637948588487666264?width=172&amp;height=172
 Baba Ghannouj ,Smoked grilled eggplant with capsicum and pomegranate molasses sauce.,27.0,https://images.deliveryhero.io/image/talabat/Menuitems/mmw_637948588738997940?width=172&amp;height=172
Labneh With Zaatar,"Fresh creamy yoghurt with zaatar, olive oil and mint.",25.0,https://images.deliveryhero.io/image/talabat/Menuitems/mmw_637948588588117364?width=172&amp;height=172
Grape Leaves In Oil,"Grape leaves stuffed with rice, vegetables, lemon juice & olive oil.",30.0,https://images.deliveryhero.io/image/talabat/Menuitems/mmw_637948590233708908?width=172&amp;height=172
Mouhamara,"Grinded walnut with bread crumbs, aleppo chili paste, pomegranate molasses and olive oil. ",30.0,https://images.deliveryhero.io/image/talabat/Menuitems/mmw_637948588079870533?width=172&amp;height=172
Shanklish,"Fermanted cheese with onion, tomato, parsley & olive oil.",30.0,https://images.deliveryhero.io/image/talabat/Menuitems/mmw_637948588165320606?width=172&amp;height=172
Loubiyeh Bil Zeit,"Green beans with garlic, onion and tomato.",28.0,https://images.deliveryhero.io/image/talabat/Menuitems/mmw_637948590329042664?width=172&amp;height=172
Fish Tajen,Grilled fish fillet on a bed of spicy tahini sauce and nuts.,40.0,https://images.deliveryhero.io/image/talabat/Menuitems/mmw_637948590551402575?width=172&amp;height=172
Fried Kebbeh,Crushed wheat dough stued with minced meat & pine nuts.,25.0,https://images.deliveryhero.io/image/talabat/Menuitems/mmw_637948592013972927?width=172&amp;height=172
Sambousik Meat,Fried meat filling with pine nuts stued in our home-made dough.,25.0,https://images.deliveryhero.io/image/talabat/Menuitems/mmw_637948593664419717?width=172&amp;height=172
Cheese Rekakat,Mixed cheese stung wraped in thin dough.,25.0,https://images.deliveryhero.io/image/talabat/Menuitems/mmw_637948597849733167?width=172&amp;height=172
Sambousik Cheese,Mixed cheese stuffed in our home-made dough.,25.0,https://images.deliveryhero.io/image/talabat/Menuitems/mmw_637948598785345632?width=172&amp;height=172
Spinach Fatayer,Spinach and sumac with onion in our home-made dough.,25.0,https://images.deliveryhero.io/image/talabat/Menuitems/mmw_637948602037844069?width=172&amp;height=172
Assorted Labanese Pastries,Selection of 10 pcs from our specialty Lebanese pastries. ,50.0,https://images.deliveryhero.io/image/talabat/Menuitems/mmw_637948611295743611?width=172&amp;height=172
Chicken Musakhan Rolls,"Chicken, onion, sumac rolled in crispy markouk bread.",30.0,https://images.deliveryhero.io/image/talabat/Menuitems/mmw_637948611366884452?width=172&amp;height=172
Hummus With Meat,"Hummus, lamb meat, pine nuts & olive oil.",38.0,https://images.deliveryhero.io/image/talabat/Menuitems/mmw_637948611482204138?width=172&amp;height=172
Soujouk In Spicy Tomato Sauce,Lamb sausages cooked in a spicy tomato sauce.,40.0,https://images.deliveryhero.io/image/talabat/Menuitems/mmw_637948611618448793?width=172&amp;height=172
Makanek In Pomegranate Molasses,Lamb sausages fried with lemon juice & pomegranate molasses.,40.0,https://images.deliveryhero.io/image/talabat/Menuitems/mmw_637948611722162127?width=172&amp;height=172
Fried Chicken Liver,Chicken liver with garlic & pomegranates molasses.,40.0,https://images.deliveryhero.io/image/talabat/Menuitems/mmw_637948613580947477?width=172&amp;height=172
Fried Lamb Liver,"Lamb liver, onion, garlic, capsicum & lemon juice.",40.0,https://images.deliveryhero.io/image/talabat/Menuitems/mmw_637948613693672850?width=172&amp;height=172
Spicy Potatoes,"Deep fried potato cubes, hot chili, coriander & garlic.",28.0,https://images.deliveryhero.io/image/talabat/Menuitems/mmw_637948613789976324?width=172&amp;height=172
Grilled Halloumi Cheese,Grilled halloumi cheese slices.,32.0,https://images.deliveryhero.io/image/talabat/Menuitems/mmw_637948613903122321?width=172&amp;height=172
Crunchy Falafel,Vegetarian chickpeas mixed with herbs served with tahiniyeh sauce.,28.0,https://images.deliveryhero.io/image/talabat/Menuitems/mmw_637948614018971144?width=172&amp;height=172
Hummus Balila,"Soft boiled chickpeas with garlic, cumin & olive oil.",28.0,https://images.deliveryhero.io/image/talabat/Menuitems/mmw_637948614213279456?width=172&amp;height=172
Fatteh Hummus,"Chickpeas, yogurt mix, fried bread & nuts.",35.0,https://images.deliveryhero.io/image/talabat/Menuitems/mmw_637948614331914572?width=172&amp;height=172
Fatteh With Meat,"Chickpeas, yogurt mix, fried bread, meat & nuts.",42.0,https://images.deliveryhero.io/image/talabat/Menuitems/blob_637420016111106764?width=172&amp;height=172
French Fries,Deep fried potatoes.,24.0,https://images.deliveryhero.io/image/talabat/Menuitems/mmw_637948616016119707?width=172&amp;height=172
Galayet Banadoura,"Tomato with onion, garlic and olive oil. ",35.0,https://images.deliveryhero.io/image/talabat/Menuitems/mmw_637948617477079912?width=172&amp;height=172
Galayet Banadoura With Meat,"Panfried lamb meat cubes with tomato, onions, olive oil and nuts ",42.0,https://images.deliveryhero.io/image/talabat/Menuitems/mmw_637948617592817996?width=172&amp;height=172
Galayet Meat With Mushroom,"Lamb meat with onion, garlic and mushroom.",45.0,https://images.deliveryhero.io/image/talabat/Menuitems/mmw_637948617709151333?width=172&amp;height=172
Sawany Kufta With Tahini,Oven baked kafta with potato and tahini sauce.,50.0,https://images.deliveryhero.io/image/talabat/Menuitems/mmw_637948618720715858?width=172&amp;height=172
Sawany Kufta With Tomato,Oven baked Kafta with tomato sauce. ,50.0,https://images.deliveryhero.io/image/talabat/Menuitems/mmw_637948618814970150?width=172&amp;height=172
Meat Fukhara ,"Lamb meat cooked in the pot with onion, green pepper & mushroom ",50.0,https://images.deliveryhero.io/image/talabat/Menuitems/mmw_637948621666109024?width=172&amp;height=172
Chicken Fukhara ,"Marinated chicken breast cooked in a pot with green pepper, onion & mushroom ",45.0,https://images.deliveryhero.io/image/talabat/Menuitems/mmw_637948621776731368?width=172&amp;height=172
Fateet Fukhara ,Shrak bread with jameed and boneless lamb meat,55.0,https://images.deliveryhero.io/image/talabat/Menuitems/mmw_637948621869616120?width=172&amp;height=172
Mixed Grill,"1 skewer meat cubes, 1 skewer shish tawouk and 2 skewers kebab served with grilled onion, grilled tomato, french fries and garlic paste",75.0,https://images.deliveryhero.io/image/talabat/Menuitems/mmw_637948622897187931?width=172&amp;height=172
Lamb Kabab,"3 Skewers minced meat with parsley served with grilled onion, grilled tomato & French fries ",50.0,https://images.deliveryhero.io/image/talabat/Menuitems/mmw_637948630445544958?width=172&amp;height=172
Aarayes Toshka ,Fresh bread stuffed with minced lamb meat & cheese served with French fries ,50.0,https://images.deliveryhero.io/image/talabat/Menuitems/mmw_637948632181549538?width=172&amp;height=172
Mixed Grill 1KG,"3 skewers meat cubes, 3 skewers shish tawouk and 4 skewers kabab, served with grilled onion, grilled tomato, French fries & garlic paste ",240.0,https://images.deliveryhero.io/image/talabat/Menuitems/mmw_637948634139070095?width=172&amp;height=172
Lamb Chops,Marinated lamb cutlets served with grilled onion and tomatoes,80.0,https://images.deliveryhero.io/image/talabat/Menuitems/mmw_637948623601172035?width=172&amp;height=172
Meat Skewers,"2 Skewers grilled marinated meat cubes served with grilled onion, grilled tomato and French fries.",58.0,https://images.deliveryhero.io/image/talabat/Menuitems/mmw_637948624377987845?width=172&amp;height=172
Shish Tawouk,2 Skewers grilled marinated breast chicken cubes pieces served with french fries and garlic paste.,50.0,https://images.deliveryhero.io/image/talabat/Menuitems/mmw_637948625324049497?width=172&amp;height=172
Kabab Eggplant,"Minced lamb, eggplant, tomatoes and grilled onion",50.0,https://images.deliveryhero.io/image/talabat/Menuitems/mmw_637948626486914687?width=172&amp;height=172
Kabab Kheshkhash,3 skewers lamb meat minced and served with grilled onion on a bed of spicy tomato sauce,50.0,https://images.deliveryhero.io/image/talabat/Menuitems/mmw_637948628355651350?width=172&amp;height=172
Kabab Orfali,Lamb meat minced and grilled with tomato and green chili served with garlic onion and biwaz,50.0,https://images.deliveryhero.io/image/talabat/Menuitems/mmw_637948628456186568?width=172&amp;height=172
Chicken Kabab,3 grilled skewers of spiced minced chicken served with french fries and garlic paste,45.0,https://images.deliveryhero.io/image/talabat/Menuitems/mmw_637948628569410036?width=172&amp;height=172
Aarayes Meat,Fresh bread stuffed with minced lamb meat served with french fries,48.0,https://images.deliveryhero.io/image/talabat/Menuitems/mmw_637948628674891692?width=172&amp;height=172
Half Boneless Chicken,Charcoal grilled boneless chicken served with french fries and garlic paste,45.0,https://images.deliveryhero.io/image/talabat/Menuitems/mmw_637948628769843648?width=172&amp;height=172
Grilled Fish Skewers,Charcoal grilled marinated hammour fish served with french fries and tartar sauce,65.0,https://images.deliveryhero.io/image/talabat/Menuitems/mmw_637948628905557673?width=172&amp;height=172
Grilled Jumbo Shrimps,Charcoal grilled jumbo shrimp served with french fries and cocktail sauce,115.0,https://images.deliveryhero.io/image/talabat/Menuitems/mmw_637948629002559826?width=172&amp;height=172
Penne Arabiata,"Penne pasta served with tomato, chili, garlic & black olives.",45.0,https://images.deliveryhero.io/image/talabat/Menuitems/mmw_637948634699146827?width=172&amp;height=172
Chicken Escallope,Breaded chicken breast served with French fries & vegetables,58.0,https://images.deliveryhero.io/image/talabat/Menuitems/mmw_637948638787717170?width=172&amp;height=172
Fettuccini Alfredo,"Chicken breast in a creamy fettuccini pasta, mushroom & parmesan cheese.",45.0,https://images.deliveryhero.io/image/talabat/Menuitems/mmw_637948635163208866?width=172&amp;height=172
Pizza Margherita,"Mozzarella cheese, tomato sauce & basil.",35.0,https://images.deliveryhero.io/image/talabat/Menuitems/mmw_637948636116721102?width=172&amp;height=172
Pizza Vegetarian,"Mozzarella cheese, tomato sauce, capsicum, mushroom, sweet corn & black olives.",38.0,https://images.deliveryhero.io/image/talabat/Menuitems/mmw_637948636511875293?width=172&amp;height=172
Pizza Pepperoni,"Mozzarella cheese, tomato sauce & pepperoni slices.",40.0,https://images.deliveryhero.io/image/talabat/Menuitems/mmw_637948636962158957?width=172&amp;height=172
Pocket Meat Galaya Sandwiches ,"Mix of three pocket sandwiches (Meat Galaya, Lamb Kabab & Falafel) served in oven baked bread with side French fries",40.0,https://images.deliveryhero.io/image/talabat/Menuitems/mmw_637948654000494231?width=172&amp;height=172
Chicken Shawarma Large,"Shawarma chicken with garlic sauce, french fries, pickles & lettuce.",18.0,https://images.deliveryhero.io/image/talabat/Menuitems/blob_637420204943102156?width=172&amp;height=172
Lamb Kabab Sandwich,"Grilled kafta with hummus, biwaz, pickles and tomato.",25.0,https://images.deliveryhero.io/image/talabat/Menuitems/blob_637420200769932616?width=172&amp;height=172
Chicken Kabab Sandwich,"Grilled chicken kabab with garlic sauce, pickles & french fries.",25.0,https://images.deliveryhero.io/image/talabat/Menuitems/blob_637420199947613121?width=172&amp;height=172
Shish Tawouk Sandwich,"Grilled marinated chicken cubes with garlic sauce, pickles & french fries.",25.0,https://images.deliveryhero.io/image/talabat/Menuitems/blob_637420199615980054?width=172&amp;height=172
Meat Skewers Sandwich,"Grilled meat cubes with hummus, biwaz, pickles & tomato.",30.0,https://images.deliveryhero.io/image/talabat/Menuitems/blob_637420201863961188?width=172&amp;height=172
Falafel Sandwich,"Falafel with lettuce, tomato, pickles, parsley & tahini sauce.",17.0,https://images.deliveryhero.io/image/talabat/Menuitems/blob_637420197820101910?width=172&amp;height=172
Chicken Escallope Wrap ,"Breaded chicken breast with tomato, pickles, lettuce & mayonnaise",40.0,https://images.deliveryhero.io/image/talabat/Menuitems/mmw_637948640455900431?width=172&amp;height=172
Chicken Fajitas Wrap ,"Marinated chicken breast with capsicum, onion & mozzarella cheese",40.0,https://images.deliveryhero.io/image/talabat/Menuitems/mmw_637948641396568003?width=172&amp;height=172
Jordanian Lamb Mansaf,Authentic Mansaf served with Karaki yoghurt ,75.0,https://images.deliveryhero.io/image/talabat/Menuitems/mmw_637948644945641453?width=172&amp;height=172
Palestinian Chicken Musakhan,"Served with Rawabina bread, onion and sumac baladi ",60.0,https://images.deliveryhero.io/image/talabat/Menuitems/mmw_637948645040803048?width=172&amp;height=172
Kharouf Mahchi ,Roasted lamb served with oriental rice and cucumber yoghurt ,70.0,https://images.deliveryhero.io/image/talabat/Menuitems/mmw_637948645494310336?width=172&amp;height=172
Rice Plate,Rice served as a side dish ,20.0,
Kunafa Kheshneh,Our famous vermicelli Kunafa with nabulsi cheese pistachio & sugar syrup.,35.0,https://images.deliveryhero.io/image/talabat/Menuitems/mmw_637948647390428809?width=172&amp;height=172
Eich El Saraya,Sweetened bread topped with kashta & pistachio.,30.0,https://images.deliveryhero.io/image/talabat/Menuitems/mmw_637948650686362236?width=172&amp;height=172
kashta Outhmalieh,Fresh kashta between 2 layers of crispy vermicelli topped with sugar syrup.,30.0,https://images.deliveryhero.io/image/talabat/Menuitems/mmw_637948651036857317?width=172&amp;height=172
Watermelon Platter,Sliced refreshing watermelon.,32.0,https://images.deliveryhero.io/image/talabat/Menuitems/mmw_637984033696192724?width=172&amp;height=172
Sweet Melon Platter,Sliced sweet melon.,32.0,https://images.deliveryhero.io/image/talabat/Menuitems/mmw_637984033793233318?width=172&amp;height=172
Karabij Halab,Traditional karabij with pistachio.,30.0,https://images.deliveryhero.io/image/talabat/Menuitems/mmw_637984034028548022?width=172&amp;height=172
Kunafa Na'Ema,"Our famous fine Kunafa with nabulsi cheese, pistachio & sugar syrup.",35.0,https://images.deliveryhero.io/image/talabat/Menuitems/mmw_637948647992473342?width=172&amp;height=172
Kunafa Bein Narein,"Double sliced vermicelli Kunafa with nabulsi cheese, pistachio & sugar syrup.",35.0,https://images.deliveryhero.io/image/talabat/Menuitems/mmw_637948648214828944?width=172&amp;height=172
Halawet El Geben,Traditional Lebanese cheese dough with kashta & pistachio.,30.0,https://images.deliveryhero.io/image/talabat/Menuitems/mmw_637948648612207950?width=172&amp;height=172
Mouhallabia,Traditional milk pudding with mastica & pistachio.,20.0,https://images.deliveryhero.io/image/talabat/Menuitems/mmw_637948648726044975?width=172&amp;height=172
Riz Bil Halib ,Our rich rice pudding with cinnamon.,20.0,https://images.deliveryhero.io/image/talabat/Menuitems/mmw_637948648843693324?width=172&amp;height=172
Banana Milkshake,"Made with ripe bananas, creamy milk for a tropical and satisfying experience in every sip.",34.0,https://images.deliveryhero.io/image/talabat/Menuitems/mmw_637948658449047480?width=172&amp;height=172
Oreo Milkshake,"Made with vanilla ice cream, milk and crushed Oreo cookies for a creamy and delicious treat.",34.0,https://images.deliveryhero.io/image/talabat/Menuitems/mmw_637948657002119464?width=172&amp;height=172
Nutella Milkshake,"Made with fresh milk, smooth nutella for a creamy and delicious treat",34.0,https://images.deliveryhero.io/image/talabat/Menuitems/mmw_637948657419580698?width=172&amp;height=172
Avocado Juice,"Made from freshly pressed avocados, it's packed with healthy fats, vitamins and minerals, making it a nutritious and delicious drink option.",34.0,
Pomegranate Juice,"Made from carefully selected, ripe pomegranates, it's a perfect balance of sweet and tangy that's packed with antioxidants, making it a healthy and delicious drink option.",33.0,https://images.deliveryhero.io/image/talabat/Menuitems/mmw_637948657639167190?width=172&amp;height=172
Cocktail Juice,"Made with a blend of seasonal fruits, it's a healthy and delicious option for breakfast, lunch, or a snack and a great way to get your daily dose of vitamins and nutrients.",30.0,https://images.deliveryhero.io/image/talabat/Menuitems/mmw_637948657734967209?width=172&amp;height=172
Sweet Melon Juice,"Refresh your palate with a sweet and juicy Sweet Melon Juice, made from ripe and juicy melons, blended to perfection for a delicious and thirst-quenching drink in every sip",25.0,https://images.deliveryhero.io/image/talabat/Menuitems/mmw_637948657830546454?width=172&amp;height=172
Pineapple Juice,"A sweet, tropical drink made by blending the flesh of a pineapple. It is a rich source of vitamin C and contains enzymes that can aid digestion.",25.0,https://images.deliveryhero.io/image/talabat/Menuitems/mmw_637948658543899239?width=172&amp;height=172
Orange Juice,"Made capturing all the natural sweetness and tangy citrus flavor. Packed with Vitamin C, it's the perfect thirst quencher and a healthy addition to your daily diet.",25.0,https://images.deliveryhero.io/image/talabat/Menuitems/mmw_637948658675332602?width=172&amp;height=172
Carrot Juice,"Made with freshly squeezed carrots, it's a rich source of Vitamin A and other essential nutrients, perfect for those looking for a healthy and delicious drink.",25.0,https://images.deliveryhero.io/image/talabat/Menuitems/mmw_637948658806073115?width=172&amp;height=172
Apple Juice,Made with a blend of juicy apples,25.0,https://images.deliveryhero.io/image/talabat/Menuitems/mmw_637948658900703125?width=172&amp;height=172
Watermelon Juice,Refreshing and hydrating beverage made from freshly squeezed watermelon. It is a natural source of vitamins and minerals,25.0,https://images.deliveryhero.io/image/talabat/Menuitems/mmw_637948659399614009?width=172&amp;height=172
Lemon Mint Juice,"Made with a blend of fresh lemons, mint, and a touch of sweetness, it's a perfect thirst quencher and great to enjoy anytime of the day.",25.0,https://images.deliveryhero.io/image/talabat/Menuitems/mmw_637948659513499395?width=172&amp;height=172
Strawberry Juice,"Refreshing and delicious, rich in natural vitamins and minerals. Healthy alternative to sugary drinks.",25.0,https://images.deliveryhero.io/image/talabat/Menuitems/mmw_637948659642356741?width=172&amp;height=172
Mango Juice,"Made from the freshest, ripest mangos, carefully selected for the perfect balance of sweetness and tanginess.",25.0,https://images.deliveryhero.io/image/talabat/Menuitems/mmw_637948659736210201?width=172&amp;height=172
Laban Ayran,A tangy and refreshing Middle Eastern yogurt based drink that provides a cool and creamy sensation.,20.0,https://images.deliveryhero.io/image/talabat/Menuitems/mmw_637948659864801665?width=172&amp;height=172
Pepsi,Carbonated soft drink,8.0,https://images.deliveryhero.io/image/talabat/Menuitems/Pepsi_637526247348654451.jpg?width=172&amp;height=172
Diet Pepsi,Carbonated soft drink with zero sugar & zero calories,8.0,https://images.deliveryhero.io/image/talabat/Menuitems/Diet_Pepsi_637526247353961002.jpg?width=172&amp;height=172
7 Up,Non-caffeinated soft drink,8.0,https://images.deliveryhero.io/image/talabat/Menuitems/IMG-20201219-WA0048_637526247359930554.jpg?width=172&amp;height=172
Diet 7 Up,Carbonated soft drink with zero sugar & zero calories,8.0,https://images.deliveryhero.io/image/talabat/Menuitems/7_Up_Diet_Logo_637526247365152071.png?width=172&amp;height=172
Mirinda,Carbonated soft drink,8.0,https://images.deliveryhero.io/image/talabat/Menuitems/Mirinda_637526247371056022.jpg?width=172&amp;height=172
