item_name,item_description,item_price,item_image
Fresh Lady Daily Ocre,"10 lenses in box daily lenses
",65.0,https://images.deliveryhero.io/image/talabat/Menuitems/blob_638301307245007105?width=172&amp;height=172
Fresh Lady Daily Marble,"10 lenses in box daily lenses
",65.0,https://images.deliveryhero.io/image/talabat/Menuitems/blob_638301308226300669?width=172&amp;height=172
Fresh Lady Green Gray Daily,"10 lenses in box daily lenses
",65.0,https://images.deliveryhero.io/image/talabat/Menuitems/blob_638301309318759855?width=172&amp;height=172
Fresh Lady Blue Gray Daily,"10 lenses in box daily lenses
",65.0,https://images.deliveryhero.io/image/talabat/Menuitems/blob_638301310357987495?width=172&amp;height=172
Fresh Lady Russian Brown Daily,"10 lenses in box daily lenses
",65.0,https://images.deliveryhero.io/image/talabat/Menuitems/blob_638301311245353776?width=172&amp;height=172
Fresh Lady Kamille Daily,"10 lenses in box daily lenses
",65.0,https://images.deliveryhero.io/image/talabat/Menuitems/blob_638301312169486880?width=172&amp;height=172
Queen Chocolate,"Fresh lady 
3 month used 
naturel color",65.0,https://images.deliveryhero.io/image/talabat/Menuitems/blob_638271114014097094?width=172&amp;height=172
Fresh Lady Black,"Fresh lady 
3 month used 
naturel color",65.0,https://images.deliveryhero.io/image/talabat/Menuitems/blob_638271114649860147?width=172&amp;height=172
Fresh Lady Coffe,"Fresh lady 
3 month used 
naturel color",65.0,https://images.deliveryhero.io/image/talabat/Menuitems/blob_638271115209789989?width=172&amp;height=172
Fresh Lady Avela,"Fresh lady 
3 month used 
naturel color",65.0,https://images.deliveryhero.io/image/talabat/Menuitems/blob_638271115875159401?width=172&amp;height=172
Fresh Lady Ocre,"Fresh lady 
3 month used 
naturel color",65.0,https://images.deliveryhero.io/image/talabat/Menuitems/blob_638271116520881001?width=172&amp;height=172
Fresh Lady Grafite,"Fresh lady 
3 month used 
naturel color",65.0,https://images.deliveryhero.io/image/talabat/Menuitems/blob_638271117684298271?width=172&amp;height=172
Jota Sun,"Duration of use :6 MONTH
DIA :14.5
B.C :8.6
WATER CONTENT 38",150.0,https://images.deliveryhero.io/image/talabat/Menuitems/blob_638161247798490833?width=172&amp;height=172
Jota Night,"Duration of use :6 MONTH
DIA :14.5
B.C :8.6
WATER CONTENT 38",150.0,https://images.deliveryhero.io/image/talabat/Menuitems/blob_638161248701171402?width=172&amp;height=172
Jota Clouds,"Duration of use :6 MONTH
DIA :14.5
B.C :8.6
WATER CONTENT 38",150.0,https://images.deliveryhero.io/image/talabat/Menuitems/blob_638161249479839457?width=172&amp;height=172
Jota Topaz,"Duration of use :6 MONTH
DIA :14.5
B.C :8.6
WATER CONTENT 38",150.0,https://images.deliveryhero.io/image/talabat/Menuitems/blob_638161250148040509?width=172&amp;height=172
Jota Onyx,"Duration of use :6 MONTH
DIA :14.5
B.C :8.6
WATER CONTENT 38",150.0,https://images.deliveryhero.io/image/talabat/Menuitems/blob_638161250759370939?width=172&amp;height=172
Jota Stone,"Duration of use :6 MONTH
DIA :14.5
B.C :8.6
WATER CONTENT 38",150.0,https://images.deliveryhero.io/image/talabat/Menuitems/blob_638161252659880846?width=172&amp;height=172
Pearla Blue,"Duration of use 1Month
DIA 14.2
B.C 8.6
Water content 38",65.0,https://images.deliveryhero.io/image/talabat/Menuitems/blob_638139779276786912?width=172&amp;height=172
Perla Brown,"Duration of use 1 Month
DIA 14.2
B.C 8.6
Water content 38",65.0,https://images.deliveryhero.io/image/talabat/Menuitems/blob_638139779967708028?width=172&amp;height=172
Perla Cristal,"Duration of use 1 Month
DIA 14.2
B.C 8.6
Water content 38",65.0,https://images.deliveryhero.io/image/talabat/Menuitems/blob_638139780561792166?width=172&amp;height=172
Perla Dov,"Duration of use 1 Month
 DIA 14.2 
B.C 8.6 
Water content 38",65.0,https://images.deliveryhero.io/image/talabat/Menuitems/blob_638139781192914875?width=172&amp;height=172
Perla Gray,"Duration of use 1 Month
 DIA 14.2 
B.C 8.6 
Water content 38",65.0,https://images.deliveryhero.io/image/talabat/Menuitems/blob_638139781786289333?width=172&amp;height=172
Perla Green,"Duration of use 1 Month
 DIA 14.2
 B.C 8.6
 Water content 38",65.0,https://images.deliveryhero.io/image/talabat/Menuitems/blob_638139782428224183?width=172&amp;height=172
Daya Ash,"Duration of use 1 day
lenses qty 10 lens in box
 DIA 14.2
 B.C 8.6
 Water content 55",120.0,https://images.deliveryhero.io/image/talabat/Menuitems/blob_638139791600654013?width=172&amp;height=172
Daya Indigo,"Duration of use 1 day
lenses qty 10 lens in box
 DIA 14.2
 B.C 8.6
 Water content 55",120.0,https://images.deliveryhero.io/image/talabat/Menuitems/blob_638139792120042319?width=172&amp;height=172
Daya Jade,"Duration of use 1 day
lenses qty 10 lens in box
 DIA 14.2
 B.C 8.6
 Water content 55",120.0,https://images.deliveryhero.io/image/talabat/Menuitems/blob_638139792664487234?width=172&amp;height=172
Daya Mint,"Duration of use 1 day
lenses qty 10 lens in box
 DIA 14.2
 B.C 8.6
 Water content 55",120.0,https://images.deliveryhero.io/image/talabat/Menuitems/blob_638139793095669663?width=172&amp;height=172
Daya Pecan,"Duration of use 1 day
lenses qty 10 lens in box
 DIA 14.2
 B.C 8.6
 Water content 55",120.0,https://images.deliveryhero.io/image/talabat/Menuitems/blob_638139793627925858?width=172&amp;height=172
Daya Ruby,"Duration of use 1 day
lenses qty 10 lens in box
 DIA 14.2
 B.C 8.6
 Water content 55",120.0,https://images.deliveryhero.io/image/talabat/Menuitems/blob_638139794297411134?width=172&amp;height=172
Lensme Smokey,"Usage period: 6 months
Lens diameter: 14.2
Moisture percentage 38",120.0,https://images.deliveryhero.io/image/talabat/Menuitems/blob_638107752964309527?width=172&amp;height=172
Lensme Snowy,"Usage period: 6 months
Lens diameter: 14.2
Moisture percentage : 38",120.0,https://images.deliveryhero.io/image/talabat/Menuitems/blob_638107753609828178?width=172&amp;height=172
Lensme Malakite,"Usage period: 6 months
Lens diameter: 14.2
Moisture percentage 38",120.0,https://images.deliveryhero.io/image/talabat/Menuitems/blob_638107754125467136?width=172&amp;height=172
Lensme Caffe,"Usage period: 6 months
Lens diameter: 14.2
Moisture percentage : 38",120.0,https://images.deliveryhero.io/image/talabat/Menuitems/blob_638107754750119019?width=172&amp;height=172
Lensme Sky Blue,"Usage period: 6 months
Lens diameter: 14.2
Moisture percentage : 38",120.0,https://images.deliveryhero.io/image/talabat/Menuitems/blob_638107755308577775?width=172&amp;height=172
Lens Case Squre,"Lens case contains mirror, lens case, lens solution case, lens holder clip, and a piece to install the lens in the eye.",25.0,https://images.deliveryhero.io/image/talabat/Menuitems/blob_638099004965675179?width=172&amp;height=172
Lens Case Round,"Lens case contains mirror, lens case, lens solution case, lens holder clip, and a piece to install the lens in the eye.",25.0,https://images.deliveryhero.io/image/talabat/Menuitems/blob_638099009252126065?width=172&amp;height=172
Lens Case Round Marble,"Lens case contains mirror, lens case, lens solution case, lens holder clip, and a piece to install the lens in the eye.",25.0,https://images.deliveryhero.io/image/talabat/Menuitems/blob_638099096248305355?width=172&amp;height=172
Plain Square Lens Case,"Lens case contains mirror, lens case, lens solution case, lens holder clip, and a piece to install the lens in the eye.",25.0,https://images.deliveryhero.io/image/talabat/Menuitems/blob_638099098680024254?width=172&amp;height=172
Lens Sterilizer,"How to use put the lens in the designated place, fill in the lens solution, and press the power button and wait for 10 minutes.",100.0,https://images.deliveryhero.io/image/talabat/Menuitems/blob_638099102434896307?width=172&amp;height=172
Dream Eye Water Solotion 150 Ml,Dream eye water solotion 150 ml.,24.0,https://images.deliveryhero.io/image/talabat/Menuitems/blob_638070546370070022?width=172&amp;height=172
Maroun Gray,Victorya lenses 3 month use.,130.0,https://images.deliveryhero.io/image/talabat/Menuitems/blob_638054083008183820?width=172&amp;height=172
Maroun Green,Victorya lenses 3 month use.,130.0,https://images.deliveryhero.io/image/talabat/Menuitems/blob_638054083776146373?width=172&amp;height=172
Maroun Blue,Victorya lenses 3 month use.,130.0,https://images.deliveryhero.io/image/talabat/Menuitems/blob_638054084485315959?width=172&amp;height=172
Desi Gray,Victorya lenses 3 month use.,130.0,https://images.deliveryhero.io/image/talabat/Menuitems/blob_638054085195026564?width=172&amp;height=172
Desi Green,Victorya lenses 3 month use.,130.0,https://images.deliveryhero.io/image/talabat/Menuitems/blob_638054085962814806?width=172&amp;height=172
Diva Brown,Victorya lenses 3 month use.,130.0,https://images.deliveryhero.io/image/talabat/Menuitems/blob_638054087043205657?width=172&amp;height=172
Lio Vanilla,Nk lenses 3 month use.,130.0,https://images.deliveryhero.io/image/talabat/Menuitems/blob_638054100529633562?width=172&amp;height=172
Lio Shadow,Nk lenses 3 month use.,130.0,https://images.deliveryhero.io/image/talabat/Menuitems/blob_638054101662250089?width=172&amp;height=172
Lio Marine,Nk lenses 3 month use.,130.0,https://images.deliveryhero.io/image/talabat/Menuitems/blob_638054102236337938?width=172&amp;height=172
Lio Hazel,Nk lenses 3 month use.,130.0,https://images.deliveryhero.io/image/talabat/Menuitems/blob_638054102883963824?width=172&amp;height=172
Lio Greza,Nk lenses 3 month use.,130.0,https://images.deliveryhero.io/image/talabat/Menuitems/blob_638054103559652248?width=172&amp;height=172
Lio Green,Nk lenses 3 month use.,130.0,https://images.deliveryhero.io/image/talabat/Menuitems/blob_638054104300123485?width=172&amp;height=172
Order 1 Lashes And Get 1 For Free ,,50.0,
Order 1 Roma Eyeliner And Lashes Glow And Get 1 Lashes For Free ,,65.0,
Bella Amber Gray,BELLA ELLITE 3 MONTH USE,140.0,https://images.deliveryhero.io/image/talabat/Menuitems/blob_637975467897181946?width=172&amp;height=172
Bella Cinnamon Brown,BELLA ELLITE 3 MONTH USE,140.0,https://images.deliveryhero.io/image/talabat/Menuitems/blob_637975468591583876?width=172&amp;height=172
Bella Cloudy Gray,BELLA ELLITE 3 MONTH USE,140.0,https://images.deliveryhero.io/image/talabat/Menuitems/blob_637975469208353175?width=172&amp;height=172
Bella Crystal N,BELLA ELLITE 3 MONTH USE,140.0,https://images.deliveryhero.io/image/talabat/Menuitems/blob_637975469777599954?width=172&amp;height=172
Bella Emerald Green,BELLA ELLITE 3 MONTH USE,140.0,https://images.deliveryhero.io/image/talabat/Menuitems/blob_637975470392875369?width=172&amp;height=172
Bella Gray Beihge,BELLA ELLITE 3 MONTH USE,140.0,https://images.deliveryhero.io/image/talabat/Menuitems/blob_637975470982772306?width=172&amp;height=172
Bella Brown Shdow,Bella diamond 3 month use.,100.0,https://images.deliveryhero.io/image/talabat/Menuitems/blob_637975479209064942?width=172&amp;height=172
Bella Allure Blonde,Bella diamond 3 month use.,100.0,https://images.deliveryhero.io/image/talabat/Menuitems/blob_637975479877675895?width=172&amp;height=172
Bella Almond Gray,Bella diamond 3 month use.,100.0,https://images.deliveryhero.io/image/talabat/Menuitems/blob_637975480361726224?width=172&amp;height=172
Bella Glitter Gray,Bella diamond 3 month use.,100.0,https://images.deliveryhero.io/image/talabat/Menuitems/blob_637975480990687470?width=172&amp;height=172
Bella Gray Green,Bella diamond 3 month use.,100.0,https://images.deliveryhero.io/image/talabat/Menuitems/blob_637975481777421193?width=172&amp;height=172
Bella Gray Shadow,Bella diamond 3 month use.,100.0,https://images.deliveryhero.io/image/talabat/Menuitems/blob_637975482256510913?width=172&amp;height=172
Bella Daily Bluish Gray,Bella daily pack of 10 lenses.,100.0,https://images.deliveryhero.io/image/talabat/Menuitems/blob_637975484920751070?width=172&amp;height=172
Bella Daily Citirn Crystal,Bella daily pack of 10 lenses.,100.0,https://images.deliveryhero.io/image/talabat/Menuitems/blob_637975485911861603?width=172&amp;height=172
Bella Daily Hazel Baigh,Bella daily pack of 10 lenses.,100.0,https://images.deliveryhero.io/image/talabat/Menuitems/blob_637975486516126493?width=172&amp;height=172
Bella Daily Hazel Honey,Bella daily pack of 10 lenses.,100.0,https://images.deliveryhero.io/image/talabat/Menuitems/blob_637975487310645560?width=172&amp;height=172
Bella Daily Ocean Blue,Bella daily pack of 10 lenses.,100.0,https://images.deliveryhero.io/image/talabat/Menuitems/blob_637975488117564234?width=172&amp;height=172
Bella Daily Platinum Gray,Bella daily pack of 10 lenses.,100.0,https://images.deliveryhero.io/image/talabat/Menuitems/blob_637975488729133199?width=172&amp;height=172
Fresh Look Blue Pack Of 10 Lenses,,90.0,https://images.deliveryhero.io/image/talabat/Menuitems/blob_637975462182863504?width=172&amp;height=172
Fresh Look Gray Pack Of 10 Lenses,,90.0,https://images.deliveryhero.io/image/talabat/Menuitems/blob_637975463215081459?width=172&amp;height=172
Fresh Look Green Pack Of 10 Lenses,,90.0,https://images.deliveryhero.io/image/talabat/Menuitems/blob_637975463966769116?width=172&amp;height=172
Fresh Look Pure Hazel Pack Of 10 Lenses,,90.0,https://images.deliveryhero.io/image/talabat/Menuitems/blob_637975464816322195?width=172&amp;height=172
Fresh Look Mystic Blue Pack Of 10 Lenses,,90.0,https://images.deliveryhero.io/image/talabat/Menuitems/blob_637975465599085837?width=172&amp;height=172
Turquoise Daily,Daily lenses.,45.0,https://images.deliveryhero.io/image/talabat/Menuitems/blob_637951558590524074?width=172&amp;height=172
Oro Ice Daily,My lens daily.,45.0,https://images.deliveryhero.io/image/talabat/Menuitems/blob_637951559563607525?width=172&amp;height=172
Oro Brown Daily,My lens daily.,45.0,https://images.deliveryhero.io/image/talabat/Menuitems/blob_637951560389931511?width=172&amp;height=172
Light Gray Daily,My lens daily.,45.0,https://images.deliveryhero.io/image/talabat/Menuitems/blob_637951561224611149?width=172&amp;height=172
Oro Hazel Daily,My lens daily.,45.0,https://images.deliveryhero.io/image/talabat/Menuitems/blob_637951561820610437?width=172&amp;height=172
Capri Daily,My lens daily.,45.0,https://images.deliveryhero.io/image/talabat/Menuitems/blob_637951562726790150?width=172&amp;height=172
Makeup Brush Set Of5pcs,MAKEUP BRUSH SET OF 5 PCS,75.0,https://images.deliveryhero.io/image/talabat/Menuitems/blob_637896033134749881?width=172&amp;height=172
Makeup Brush White Set Of 11pcs,MAKEUP BRUSH WHITE NATUREL HAIR SET OF 11 PCS,170.0,https://images.deliveryhero.io/image/talabat/Menuitems/blob_637896035313312966?width=172&amp;height=172
Makeup Brush Purple Set Of 9pcs,MAKEUP BRUSH PURPLE 9PCS NATUREL HAIR,130.0,https://images.deliveryhero.io/image/talabat/Menuitems/blob_637896037401512807?width=172&amp;height=172
Makeup Brush Black Set Of 14pcs,MAKEUP BRUSH NATUREL HAIR SET OF 14PCS,120.0,https://images.deliveryhero.io/image/talabat/Menuitems/blob_637896039583808731?width=172&amp;height=172
Makeup Brush Bronze Set Of 12pcs,MAKEUP BRUSH BRONZE NATUREL HAIR SET OF 12PCS,150.0,https://images.deliveryhero.io/image/talabat/Menuitems/blob_637896040820688523?width=172&amp;height=172
Makeup Brush Gray Set Of 10pcs,MAKEUP BRUSH NATUREL HAIR SET OF 10PCS,140.0,https://images.deliveryhero.io/image/talabat/Menuitems/blob_637896042723994333?width=172&amp;height=172
Lashes D01,Lashes naturel hair mink you can use for 30 times,50.0,https://images.deliveryhero.io/image/talabat/Menuitems/blob_637896002015694509?width=172&amp;height=172
Lashes D02,Lashes naturel hair mink you can use for 30 times,50.0,https://images.deliveryhero.io/image/talabat/Menuitems/blob_637896002749952824?width=172&amp;height=172
Lashes D03,Lashes naturel hair mink you can use for 30 times,50.0,https://images.deliveryhero.io/image/talabat/Menuitems/blob_637896003375323515?width=172&amp;height=172
Lashes D04,Lashes naturel hair mink you can use for 30 times,50.0,https://images.deliveryhero.io/image/talabat/Menuitems/blob_637896003908739017?width=172&amp;height=172
Lashes D05,Lashes naturel hair mink you can use for 30 times,50.0,https://images.deliveryhero.io/image/talabat/Menuitems/blob_637896004433734324?width=172&amp;height=172
Lashes D06,Lashes naturel hair mink you can use for 30 times,50.0,https://images.deliveryhero.io/image/talabat/Menuitems/blob_637896005008852357?width=172&amp;height=172
Lumirere Hazel,Daily Use,45.0,https://images.deliveryhero.io/image/talabat/Menuitems/blob_637850318047735496?width=172&amp;height=172
Solitaire,Daily Use,45.0,https://images.deliveryhero.io/image/talabat/Menuitems/blob_637850318941073638?width=172&amp;height=172
Sabrin Gray Green,Daily use,45.0,https://images.deliveryhero.io/image/talabat/Menuitems/blob_637850319821722160?width=172&amp;height=172
Sabrin Soul,Daily uUse,45.0,https://images.deliveryhero.io/image/talabat/Menuitems/blob_637850322353904711?width=172&amp;height=172
Sabrin Gray,Daily Use,45.0,https://images.deliveryhero.io/image/talabat/Menuitems/blob_637850323136270586?width=172&amp;height=172
Swarovski,Daily Use,45.0,https://images.deliveryhero.io/image/talabat/Menuitems/blob_637850323749146980?width=172&amp;height=172
Amal Al Awadi-aishwarya,Monthly USe,170.0,https://images.deliveryhero.io/image/talabat/Menuitems/blob_637850350170563396?width=172&amp;height=172
Fouz Al Fahhad-cocoa,Monthly Use,170.0,https://images.deliveryhero.io/image/talabat/Menuitems/blob_637850351192188866?width=172&amp;height=172
Buthaina Alraisi-earthy,Monthly Use,170.0,https://images.deliveryhero.io/image/talabat/Menuitems/blob_637850352772612838?width=172&amp;height=172
Shahad Al Zahrani-promise,Monthly Use,170.0,https://images.deliveryhero.io/image/talabat/Menuitems/blob_637850353720692865?width=172&amp;height=172
Reem Al Ashrafi - Reemy,Monthly USe,170.0,https://images.deliveryhero.io/image/talabat/Menuitems/blob_637850354670572129?width=172&amp;height=172
Amal Alansari - Sunset,Monthly Use,170.0,https://images.deliveryhero.io/image/talabat/Menuitems/blob_637850355527129887?width=172&amp;height=172
Blue,,89.0,https://images.deliveryhero.io/image/talabat/Menuitems/blob_637833742180943108?width=172&amp;height=172
Crystal,,89.0,https://images.deliveryhero.io/image/talabat/Menuitems/blob_637833742840704620?width=172&amp;height=172
Dazlling Green,,89.0,https://images.deliveryhero.io/image/talabat/Menuitems/blob_637833743789706509?width=172&amp;height=172
Gray,,89.0,https://images.deliveryhero.io/image/talabat/Menuitems/blob_637833744386812394?width=172&amp;height=172
Green,,89.0,https://images.deliveryhero.io/image/talabat/Menuitems/blob_637833744966929229?width=172&amp;height=172
Hazel,,89.0,https://images.deliveryhero.io/image/talabat/Menuitems/blob_637833745723116620?width=172&amp;height=172
Brownish,,44.0,https://images.deliveryhero.io/image/talabat/Menuitems/blob_637832008911979751?width=172&amp;height=172
Caramello,Once,45.0,https://images.deliveryhero.io/image/talabat/Menuitems/blob_637832010059839556?width=172&amp;height=172
Coffee,Once,45.0,https://images.deliveryhero.io/image/talabat/Menuitems/blob_637832014059603772?width=172&amp;height=172
Honey,Once,45.0,https://images.deliveryhero.io/image/talabat/Menuitems/blob_637832014767180334?width=172&amp;height=172
Mistic,Once,45.0,https://images.deliveryhero.io/image/talabat/Menuitems/blob_637832015489423527?width=172&amp;height=172
Lens Me Contact Lens Caramel,2 Units 6 Month,150.0,https://images.deliveryhero.io/image/talabat/Menuitems/blob_638059325553278225?width=172&amp;height=172
Lens Me Contact Lens Snowy,2 Units 6 Month,150.0,https://images.deliveryhero.io/image/talabat/Menuitems/blob_638059325762037477?width=172&amp;height=172
Lens Me Contact Lens Honey,2 Units 6 Month,150.0,https://images.deliveryhero.io/image/talabat/Menuitems/blob_638059324403001307?width=172&amp;height=172
Lens Me Contact Lens Latte,2 Units 6 Month,150.0,https://images.deliveryhero.io/image/talabat/Menuitems/blob_638059325941580869?width=172&amp;height=172
Lens Me Contact Lens Caffe,2 Units 6 Month,150.0,https://images.deliveryhero.io/image/talabat/Menuitems/blob_638059326089723236?width=172&amp;height=172
Lens Me Contact Lens Smokey,2 Units 6 Month,150.0,https://images.deliveryhero.io/image/talabat/Menuitems/blob_638059326267260608?width=172&amp;height=172
Diva Contact Lens Nut,2 Units 6 Month,150.0,https://images.deliveryhero.io/image/talabat/Menuitems/NUT637815831733654174.jpg?width=172&amp;height=172
Diva Contact Lens Woody,2 Units 6 Month,150.0,https://images.deliveryhero.io/image/talabat/Menuitems/WOODY637815831828187027.jpg?width=172&amp;height=172
Diva Contact Lens Gris,2 Units 6 Month,150.0,https://images.deliveryhero.io/image/talabat/Menuitems/GRIS637815816557797324.jpg?width=172&amp;height=172
Diva Contact Lens Latte,2 Units 6 Month,150.0,https://images.deliveryhero.io/image/talabat/Menuitems/blob_638059332435344003?width=172&amp;height=172
Diva Contact Lens Ivory,2 Units 6 Month,150.0,https://images.deliveryhero.io/image/talabat/Menuitems/IVORY637815823323235779.jpg?width=172&amp;height=172
Diva Contact Lens Clay,2 Units 6 Month,150.0,https://images.deliveryhero.io/image/talabat/Menuitems/CLAY637815810127831160.jpg?width=172&amp;height=172
New Lens Contact Lens Cream,2 Units 6 Month,160.0,https://images.deliveryhero.io/image/talabat/Menuitems/blob_638059333867561407?width=172&amp;height=172
New Lens Contact Lens Sky,2 Units 6 Month,160.0,https://images.deliveryhero.io/image/talabat/Menuitems/blob_638059334121150798?width=172&amp;height=172
New Lens Contact Lens Diamond,2 Units 6 Month,160.0,https://images.deliveryhero.io/image/talabat/Menuitems/blob_638059334431789430?width=172&amp;height=172
New Lens Contact Lens Kelkas,2 Units 6 Month,160.0,https://images.deliveryhero.io/image/talabat/Menuitems/blob_638059334611904745?width=172&amp;height=172
New Lens Contact Lens River,2 Units 6 Month,160.0,https://images.deliveryhero.io/image/talabat/Menuitems/blob_638059335204963601?width=172&amp;height=172
New Lens Contact Lens Mint,2 Units 6 Month,160.0,https://images.deliveryhero.io/image/talabat/Menuitems/blob_638059335500019269?width=172&amp;height=172
My Lens Contact Lens Turquoise,2 Units 3 Month,100.0,https://images.deliveryhero.io/image/talabat/Menuitems/TURQUOISE2637815835344921586.jpg?width=172&amp;height=172
My Lens Contact Lens Oro Brown,2 Units 3 Month,100.0,https://images.deliveryhero.io/image/talabat/Menuitems/ORO_BROWN_2637815835764014522.jpg?width=172&amp;height=172
My Lens Contact Lens Light Gray,2 Units 3 Month,100.0,https://images.deliveryhero.io/image/talabat/Menuitems/LIGHT_GRAY_2637815825637362253.jpg?width=172&amp;height=172
My Lens Contact Lens Oro Ice,2 Units 3 Month,100.0,https://images.deliveryhero.io/image/talabat/Menuitems/ORO_ICE_2637815819278984106.jpg?width=172&amp;height=172
My Lens Contact Lens Oro Hazel,2 Units 3 Month,100.0,https://images.deliveryhero.io/image/talabat/Menuitems/ORO_HAZEL_2637815836229971302.jpg?width=172&amp;height=172
My Lens Contact Lens Capri,2 Units 3 Month,100.0,https://images.deliveryhero.io/image/talabat/Menuitems/CAPRI_2637815793787653196.jpg?width=172&amp;height=172
Naturel Contact Lens Core Marron,2 Units 1 Month,60.0,https://images.deliveryhero.io/image/talabat/Menuitems/blob_638059341220437300?width=172&amp;height=172
Naturel Contact Lens La Hazel,2 Units 1 Month,60.0,https://images.deliveryhero.io/image/talabat/Menuitems/blob_638059341421863348?width=172&amp;height=172
Naturel Contact Lens Core Ivory,2 Units 1 Month,60.0,https://images.deliveryhero.io/image/talabat/Menuitems/blob_638059341643967278?width=172&amp;height=172
Naturel Contact Lens Core Zircon,2 Units 1 Month,60.0,https://images.deliveryhero.io/image/talabat/Menuitems/blob_638059341819932130?width=172&amp;height=172
Naturel Contact Lens La Gray,2 Units 1 Month,60.0,https://images.deliveryhero.io/image/talabat/Menuitems/blob_638059342006923447?width=172&amp;height=172
Naturel Contact Lens La Quartzo,2 Units 1 Month,60.0,https://images.deliveryhero.io/image/talabat/Menuitems/blob_638059343974864779?width=172&amp;height=172
Afle Contact Lens Snow,Daily use,45.0,https://images.deliveryhero.io/image/talabat/Menuitems/SNOW637815830311026368.jpg?width=172&amp;height=172
Afle Contact Lens Agate,Daily use,45.0,https://images.deliveryhero.io/image/talabat/Menuitems/AGATE637815791417868424.jpg?width=172&amp;height=172
Afle Contact Lens Argent,Daily use,45.0,https://images.deliveryhero.io/image/talabat/Menuitems/ARGENT637815792387730954.jpg?width=172&amp;height=172
Afle Contact Lens Deep,Daily use,45.0,https://images.deliveryhero.io/image/talabat/Menuitems/DEEP637815813206571559.jpg?width=172&amp;height=172
Afle Contact Lens Ocean,Daily use,45.0,https://images.deliveryhero.io/image/talabat/Menuitems/OCEAN637815839655335350.jpg?width=172&amp;height=172
Afle Contact Lens Sand,Daily use,45.0,https://images.deliveryhero.io/image/talabat/Menuitems/blob_637860721951813158?width=172&amp;height=172
Amara Contact Lens Brown Gold,2 Units 1 Month,150.0,https://images.deliveryhero.io/image/talabat/Menuitems/BROWN_GOLD637815792810644211.jpg?width=172&amp;height=172
Amara Contact Lens Caramel Stone,2 Units 1 Month,150.0,https://images.deliveryhero.io/image/talabat/Menuitems/CARAMEL_STONE637815794152783523.jpg?width=172&amp;height=172
Amara Contact Lens Burned Cinnamon,2 Units 1 Month,150.0,https://images.deliveryhero.io/image/talabat/Menuitems/BURNNED_CINAMON637815793250330976.jpg?width=172&amp;height=172
Amara Contact Lens Dark Sepia,2 Units 1 Month,150.0,https://images.deliveryhero.io/image/talabat/Menuitems/DARK_SEPIA637815813097095880.jpg?width=172&amp;height=172
Amara Contact Lens Crocodile Green,2 Units 1 Month,150.0,https://images.deliveryhero.io/image/talabat/Menuitems/CROCODILE_GREEN637815812893425150.jpg?width=172&amp;height=172
Amara Contact Lens Gentle Gray,2 Units 1 Month,150.0,https://images.deliveryhero.io/image/talabat/Menuitems/GENTLE_GRAY637815814046870427.jpg?width=172&amp;height=172
