item_name,item_description,item_price,item_image
Margherita,"Tomato, mozzarella cheese and Basil ",54.0,https://images.deliveryhero.io/image/talabat/Menuitems/20221214_Talabat_ROSSOVIV638066939177105204.jpg?width=172&amp;height=172
Diavola,"Tomato, mozzarella cheese, Beef Salami, Chili Oil and Basil ",63.0,https://images.deliveryhero.io/image/talabat/Menuitems/20221214_Talabat_ROSSOVIV638066939160238833.jpg?width=172&amp;height=172
Bufalina,"Tomato, buffalo mozzarella cheese and basil",68.0,https://images.deliveryhero.io/image/talabat/Menuitems/mmw_638053389180060727?width=172&amp;height=172
Tiramisù,Creamy mascarpone and coffee dessert.,40.0,https://images.deliveryhero.io/image/talabat/Menuitems/mmw_638055134883320771?width=172&amp;height=172
Calzone,"Ricotta, Beef Salami, Turkey Ham, mozzarella cheese and Basil ",64.0,https://images.deliveryhero.io/image/talabat/Menuitems/20221214_Talabat_ROSSOVIV638066939134899872.jpg?width=172&amp;height=172
Lasagna Pasta,Oven baked pasta with bechamel and bolognese sauce.,62.0,https://images.deliveryhero.io/image/talabat/Menuitems/20221214_Talabat_ROSSOVIV638066939130442047.jpg?width=172&amp;height=172
Focaccia,"Olive Oil, Rosemary, Basil",24.0,https://images.deliveryhero.io/image/talabat/Menuitems/20221214_Talabat_ROSSOVIV638066939154265821.jpg?width=172&amp;height=172
Marinara,"Tomato, Oregano, Garlic and Basil ",42.0,https://images.deliveryhero.io/image/talabat/Menuitems/20221214_Talabat_ROSSOVIV638066939185739719.jpg?width=172&amp;height=172
Margherita,"Tomato, mozzarella cheese and Basil ",54.0,https://images.deliveryhero.io/image/talabat/Menuitems/20221214_Talabat_ROSSOVIV638066939177105204.jpg?width=172&amp;height=172
Bufalina,"Tomato, buffalo mozzarella cheese and basil",68.0,https://images.deliveryhero.io/image/talabat/Menuitems/mmw_638053389180060727?width=172&amp;height=172
Napoli,"Tomato, mozzarella cheese, Anchovies, Oregano and Basil ",56.0,https://images.deliveryhero.io/image/talabat/Menuitems/mmw_638055141834821670?width=172&amp;height=172
D.O.C.,"Buffalo mozzarella cheese, cherry tomatoes and basil",65.0,https://images.deliveryhero.io/image/talabat/Menuitems/mmw_638053387495184994?width=172&amp;height=172
Calzone,"Ricotta, Beef Salami, Turkey Ham, mozzarella cheese and Basil ",64.0,https://images.deliveryhero.io/image/talabat/Menuitems/20221214_Talabat_ROSSOVIV638066939134899872.jpg?width=172&amp;height=172
Funghi,"Tomato, mozzarella cheese, Mushrooms and Basil ",59.0,https://images.deliveryhero.io/image/talabat/Menuitems/20221214_Talabat_ROSSOVIV638066939182106730.jpg?width=172&amp;height=172
Capricciosa,"Tomato, mozzarella cheese, Mushroom, Olive, Turkey Ham, Beef Salami, Artichoke and Basil ",67.0,https://images.deliveryhero.io/image/talabat/Menuitems/mmw_638053392846141063?width=172&amp;height=172
4 Formaggi,"mozzarella cheese, Gorgonzola, Emmental, Parmesan and Basil ",62.0,https://images.deliveryhero.io/image/talabat/Menuitems/20221214_Talabat_ROSSOVIV638066939147193201.jpg?width=172&amp;height=172
Diavola,"Tomato, mozzarella cheese, Beef Salami, Chili Oil and Basil ",63.0,https://images.deliveryhero.io/image/talabat/Menuitems/20221214_Talabat_ROSSOVIV638066939160238833.jpg?width=172&amp;height=172
Vegetariana,"Tomato, mozzarella cheese, Zucchini, Peppers, Aubergine and Basil",59.0,https://images.deliveryhero.io/image/talabat/Menuitems/mmw_638055101605111968?width=172&amp;height=172
Genovese,"mozzarella cheese, Fresh Pesto, Chicken and Basil",62.0,https://images.deliveryhero.io/image/talabat/Menuitems/mmw_638055101915615384?width=172&amp;height=172
Porcini,"Cream of porcini, truffle oil, mozzarella cheese, porcini mushrooms, parsley and basil",72.0,https://images.deliveryhero.io/image/talabat/Menuitems/mmw_638055098517346693?width=172&amp;height=172
Patate Fritte Platter,Vegetarian. French Fries.,27.0,https://images.deliveryhero.io/image/talabat/Menuitems/mmw_638055114351663379?width=172&amp;height=172
Fiore Di Zucca,Fried zucchini blossom with mozzarella cheese and anchovy filling.,11.0,
Mozarelline Fritte Bites 3 Pieces ,"Vegetarian, Breaded fried mozzarella cheese balls ",11.0,
Caprese Bites,"Vegetarian and gluten free. Buffalo mozzarella cheese, tomato and basil.",46.0,https://images.deliveryhero.io/image/talabat/Menuitems/mmw_638055115326146440?width=172&amp;height=172
Polpette Al Sugo Bites,"Meatballs, parmesan and tomato sauce",40.0,https://images.deliveryhero.io/image/talabat/Menuitems/mmw_638055116718149539?width=172&amp;height=172
Burrata Bites,Vegetarian and gluten free. Artisan Italian burrata cheese and tomatoes.,48.0,https://images.deliveryhero.io/image/talabat/Menuitems/mmw_638055116943742941?width=172&amp;height=172
Parmigiana Bites,"Vegetarian. Fried eggplant, smoked mozzarella cheese, parmesan and tomato sauce.",51.0,https://images.deliveryhero.io/image/talabat/Menuitems/20221214_Talabat_ROSSOVIV638066939186650238.jpg?width=172&amp;height=172
Cuoppo Napoletana Bites,"Chef's choice. Deep fried selection of homemade croquettes, rice balls, frittatina pasta and fried pizza dough.",38.0,https://images.deliveryhero.io/image/talabat/Menuitems/20221214_Talabat_ROSSOVIV638066939093718528.jpg?width=172&amp;height=172
Suppli Bites 3 Pieces,"Vegetarian, 3 Pieces Homemade breaded rice and tomato croquette with mozzarella cheese.",18.0,https://images.deliveryhero.io/image/talabat/Menuitems/20221214_Talabat_ROSSOVIV638066939008984898.jpg?width=172&amp;height=172
Crocchetta Di Patate Bites 3 Pieces,Vegetarian. Homemade fried potato croquette.,18.0,https://images.deliveryhero.io/image/talabat/Menuitems/20221214_Talabat_ROSSOVIV638066939061570783.jpg?width=172&amp;height=172
Frittatina Bites 3 Pieces,Homemade fried pasta with Napoletan ragu.,18.0,https://images.deliveryhero.io/image/talabat/Menuitems/20221214_Talabat_ROSSOVIV638066939143486016.jpg?width=172&amp;height=172
Tonno E Cipolla Pizze,"Tuna, tomato, onion, mozzarella cheese and basil.",60.0,https://images.deliveryhero.io/image/talabat/Menuitems/mmw_638250989095308634?width=172&amp;height=172
Burrata Pizze,"Vegetarian. Burrata cheese, tomato, parmesan and fresh basil.",69.0,https://images.deliveryhero.io/image/talabat/Menuitems/mmw_638053397319984889?width=172&amp;height=172
Parmigiana Pizze,"Vegetarian. Fried eggplant, tomato and parmesan cream.",63.0,https://images.deliveryhero.io/image/talabat/Menuitems/mmw_638053398800714573?width=172&amp;height=172
UAE Pizze,"Minced beef, white onion and mozzarella cheese.",64.0,https://images.deliveryhero.io/image/talabat/Menuitems/mmw_638053399996651153?width=172&amp;height=172
Prosciutto E Funghi Pizze,"Veal ham, tomato, mixed mushrooms, mozzarella cheese and basil.",67.0,https://images.deliveryhero.io/image/talabat/Menuitems/20221214_Talabat_ROSSOVIV638066939182802337.jpg?width=172&amp;height=172
Margherita Con Provola Pizze,"Vegetarian. Tomato, smoked mozzarella cheese and basil.",55.0,https://images.deliveryhero.io/image/talabat/Menuitems/mmw_638053404472876136?width=172&amp;height=172
Burrata Al Tartufo Pizze,"Vegetarian. Truffle burrata cheese, mixed mushrooms, mozzarella cheese and fresh basil.",79.0,https://images.deliveryhero.io/image/talabat/Menuitems/20221214_Talabat_ROSSOVIV638066939162741798.jpg?width=172&amp;height=172
Bianca Con Provola Pizze,Vegetarian. Smoked mozzarella cheese and basil.,52.0,https://images.deliveryhero.io/image/talabat/Menuitems/mmw_638053408317741187?width=172&amp;height=172
Milanese Pizze,"Bresaola, rocket, mozzarella cheese, parmesan shavings and basil.",68.0,https://images.deliveryhero.io/image/talabat/Menuitems/mmw_638053410429450344?width=172&amp;height=172
Tartufo Pizze,"Vegetarian. Mushrooms, truffle slices, mozzarella cheese and truffle oil.",78.0,
Wurstel E Patatine Pizze,"Vienna sausage, mozzarella cheese and French fries.",59.0,https://images.deliveryhero.io/image/talabat/Menuitems/mmw_638053412811161625?width=172&amp;height=172
Pistacchio Pizze,"Pistacchio, bresaola, mozzarella cheese, cream and basil.",66.0,
Calzone Pizze,"Beef salami, Turkey ham, mozzarella cheese, ricotta and basil.",64.0,https://images.deliveryhero.io/image/talabat/Menuitems/mmw_638053414653388825?width=172&amp;height=172
Capri,"mozzarella cheese, Tomato, Olive Oil, Basil and Oregano",40.0,https://images.deliveryhero.io/image/talabat/Menuitems/mmw_638055110252668184?width=172&amp;height=172
Pollo Panini,"Chicken, mozzarella cheese and fresh pesto.",44.0,https://images.deliveryhero.io/image/talabat/Menuitems/mmw_638055127735076569?width=172&amp;height=172
Milano Panini,"Bresaola, rocket, ricotta, mozzarella cheese and parmesan shavings.",51.0,https://images.deliveryhero.io/image/talabat/Menuitems/mmw_638055128045124894?width=172&amp;height=172
Roma Panini,"Vegetarian, Beef salami, Turkey ham, ricotta and mozzarella cheese.",45.0,https://images.deliveryhero.io/image/talabat/Menuitems/mmw_638055128448627949?width=172&amp;height=172
Piccante Panini,"Vegetarian, Beef salami, peppers, onion, dried chilies, mozzarella cheese and chili oil.",45.0,https://images.deliveryhero.io/image/talabat/Menuitems/mmw_638055128740041134?width=172&amp;height=172
Vegetariano Panini,"Vegetarian. Zucchini, aubergine, artichokes, pepeprs, mozzarella cheese and fresh pesto.",44.0,https://images.deliveryhero.io/image/talabat/Menuitems/mmw_638055129013811866?width=172&amp;height=172
Marchino Panini,"Vienna sausage, mozzarella cheese, French fries and cocktail sauce.",43.0,https://images.deliveryhero.io/image/talabat/Menuitems/20221214_Talabat_ROSSOVIV638066939020691190.jpg?width=172&amp;height=172
Caesar Salad,"Grilled chicken breast, Roman lettuce, croutons, parmesan and Caesar dressing.",50.0,https://images.deliveryhero.io/image/talabat/Menuitems/20221214_Talabat_ROSSOVIV638066939151288509.jpg?width=172&amp;height=172
Tonno Salad,"Gluten free. Tuna, cherry tomatoes, iceberg lettuce, olives, mozzarella cheese and lemon dressing.",53.0,https://images.deliveryhero.io/image/talabat/Menuitems/20221214_Talabat_ROSSOVIV638066939164910512.jpg?width=172&amp;height=172
Bresaola Salad,"Gluten free. Bresaola, rocket, parmesan shavings and lemon dressing.",53.0,https://images.deliveryhero.io/image/talabat/Menuitems/20221214_Talabat_ROSSOVIV638066939140596151.jpg?width=172&amp;height=172
Cotoletta Alla Milanese Platter,Breaded crispy chicken breast with fresh tomato.,68.0,https://images.deliveryhero.io/image/talabat/Menuitems/mmw_638055133232315083?width=172&amp;height=172
Pollo,,53.0,
Tiramisù,Creamy mascarpone and coffee dessert.,40.0,https://images.deliveryhero.io/image/talabat/Menuitems/mmw_638055134883320771?width=172&amp;height=172
Croccantino Alle Nocciole	,"Mascarpone Semifreddo, Chocolate Glaze, Crunchy Hazelnut",40.0,https://images.deliveryhero.io/image/talabat/Menuitems/20221214_Talabat_ROSSOVIV638066939150988599.jpg?width=172&amp;height=172
Panna Cotta	,Traditional Italian Panna Cotta.,40.0,https://images.deliveryhero.io/image/talabat/Menuitems/20221214_Talabat_ROSSOVIV638066938987565371.jpg?width=172&amp;height=172
Italian Mineral Water 1L Still Water,,20.0,
Italian Mineral Water 500 Ml Still Water,,12.0,
Coca-Cola 300 Ml,Soft Drink with cola flavour,12.0,https://images.deliveryhero.io/image/talabat/Menuitems/HossamCoca-Cola_30_cl_636312131562562232.jpg?width=172&amp;height=172
Sprite 300 ML,Soft Drink,12.0,https://images.deliveryhero.io/image/talabat/Menuitems/HossamSprite_30_cl_636312148027224741.jpg?width=172&amp;height=172
Fanta Orange 300 ML,,12.0,https://images.deliveryhero.io/image/talabat/Menuitems/HOssamFanta_Orange_636312141912472060.jpg?width=172&amp;height=172
Sparkling Water,Stay hydrated and refreshed with our sparkling water. ,0.0,
