item_name,item_description,item_price,item_image
Peri Peri Chicken,Grilled 1/2 chicken in peri peri sauce Served with mashed potatoes and roasted veggies,50.0,https://images.deliveryhero.io/image/talabat/Menuitems/Peri_Peri_Chicken638001336688680268.jpg?width=172&amp;height=172
Tucson Chicken Breast,Butterly chicken in a creamy parmesan sauce with spinach and sun dried tomatoes served with herb rice,50.0,https://images.deliveryhero.io/image/talabat/Menuitems/Tucson_Chicken_Breast638001336435876857.jpg?width=172&amp;height=172
Lemon Butter Fish with Grilled Lemons,Nile Perch fish fillet in lemon butter sauce Served with herb rice and roasted veggies,48.0,https://images.deliveryhero.io/image/talabat/Menuitems/3_Lemon_Butter_Fish637947158753916070.jpg?width=172&amp;height=172
Creamy Garlic Prawns,Pan fried prawns 8 pcs tossed in a creamy garlic sauce Served with herb rice and roasted veggies,54.0,https://images.deliveryhero.io/image/talabat/Menuitems/4_Creamy_Garlic_Shrimps637947159260850675.jpg?width=172&amp;height=172
Avocado Chimichurri Salmon,Grilled Salmon topped with avocado chimichurri sauce Served with herb rice and roasted veggies,67.0,https://images.deliveryhero.io/image/talabat/Menuitems/1_Avocado_Chimichurri_Sal637947154835308306.jpg?width=172&amp;height=172
Caprese Toast,4 pcs of grilled toasts topped with mozzarella cheese and sliced cherry tomatoes,28.0,https://images.deliveryhero.io/image/talabat/Menuitems/1_Caprese_Toast637947154009547134.jpg?width=172&amp;height=172
Mushroom Crostini,4 pcs Of grilled toasts with a layer of cream cheese topped with sautéed mushroom,28.0,https://images.deliveryhero.io/image/talabat/Menuitems/2_Mushroom_Crostini637947154056138929.jpg?width=172&amp;height=172
Sunny California,2 slices of whole grain toast topped with sliced avocados and sunny side up eggs,24.0,https://images.deliveryhero.io/image/talabat/Menuitems/Sunny_California638001335571782985.jpeg?width=172&amp;height=172
Olive Cheese Boats,Cheesy garlic bread boats with black and green olives,30.0,https://images.deliveryhero.io/image/talabat/Menuitems/4_Olive_Cheese_boat637947154450960871.jpg?width=172&amp;height=172
Mushroom and SpinachMelt Sandwich,"Grilled sandwich with spinach, mushroom, cheese and tomatoes Made with freshly baked bread served with baked potato wedges",28.0,https://images.deliveryhero.io/image/talabat/Menuitems/1_Mushroom_Spinach_Melt637947156738696458.jpg?width=172&amp;height=172
Grilled ChickenSandwich,"Grilled sandwich with chicken, guacamole, tomatoes and cheese Served with potato wedges",32.0,https://images.deliveryhero.io/image/talabat/Menuitems/3_Grilled_Chicken_Sandwic637947158137593193.jpg?width=172&amp;height=172
Club Sandwich,"3 layer grilled sandwich with chicken, tomato, lettuce and beef bacon served with French fries",28.0,https://images.deliveryhero.io/image/talabat/Menuitems/4_Club_Sandwich637947158980479925.jpg?width=172&amp;height=172
Corn and Spinach Sandwich,Grilled sandwich made with freshly baked bread served with potato wedges,28.0,https://images.deliveryhero.io/image/talabat/Menuitems/2_Spinach_corn_sandwich637947157820204778.jpg?width=172&amp;height=172
Grilled Chicken in Chili Lemon Sauce,Grilled 1/2 chicken with chili lemon sauce served with french fries and herb garlic rice,50.0,https://images.deliveryhero.io/image/talabat/Menuitems/Grilled_Chicken_in_Chili_638001336005899268.jpg?width=172&amp;height=172
Tucson Chicken Breast,Butterly chicken in a creamy parmesan sauce with spinach and sun dried tomatoes served with herb rice,50.0,https://images.deliveryhero.io/image/talabat/Menuitems/Tucson_Chicken_Breast638001336435876857.jpg?width=172&amp;height=172
Peri Peri Chicken,Grilled 1/2 chicken in peri peri sauce Served with mashed potatoes and roasted veggies,50.0,https://images.deliveryhero.io/image/talabat/Menuitems/Peri_Peri_Chicken638001336688680268.jpg?width=172&amp;height=172
Barbecue Chicken Wings,Grilled sandwich made with freshly baked bread Served with potato wedges,50.0,https://images.deliveryhero.io/image/talabat/Menuitems/Barbecue_Chicken_Wings638001336897608283.jpg?width=172&amp;height=172
Chicken Mushroom Sauce,Chicken Breast in a mushroom sauce Served with roasted veggies and herb rice,50.0,https://images.deliveryhero.io/image/talabat/Menuitems/Chicken_Mushroom_Sauce638001340682988002.jpg?width=172&amp;height=172
Beef Steak,Rib eye Steak Served with roasted veggies and mashed potatoes,67.0,https://images.deliveryhero.io/image/talabat/Menuitems/1_Beef_Steak637947155371805226.jpg?width=172&amp;height=172
Braised Lamb Chops,4 pcs served with mashed potatoes and roasted veggies,67.0,https://images.deliveryhero.io/image/talabat/Menuitems/3_Lamb_Chops637947158454268855.jpg?width=172&amp;height=172
Beef Stroganoff,Beef in a mushroom sauce served with veggies and tagliatelle,56.0,https://images.deliveryhero.io/image/talabat/Menuitems/2_Beef_Stroganoff637947157093013340.jpg?width=172&amp;height=172
Butter Garlic Prawns,Prawns 8 pcs in butter garlic sauce served with mashed potatoes and roasted veggies,54.0,https://images.deliveryhero.io/image/talabat/Menuitems/1_Butter_Garlic_Prawns637947155786958547.jpg?width=172&amp;height=172
Chimichurri Prawns,Prawns 8 pcs in chimichurri sauces served with herb rice and roasted veggies,54.0,https://images.deliveryhero.io/image/talabat/Menuitems/Chimichurri_Prawns638001341035791722.jpg?width=172&amp;height=172
Grilled Tiger Prawns,Tiger prawns 2 pcs grilled and topped with a garlic lemon butter sauce served with herb rice and roasted veggies,67.0,https://images.deliveryhero.io/image/talabat/Menuitems/3_Grilled_Tiger_Prawns_co637947158281898938.jpg?width=172&amp;height=172
Creamy Garlic Prawns,Pan fried prawns 8 pcs tossed in a creamy garlic sauce Served with herb rice and roasted veggies,54.0,https://images.deliveryhero.io/image/talabat/Menuitems/4_Creamy_Garlic_Shrimps637947159260850675.jpg?width=172&amp;height=172
Pan Fried Chilean Spicy Fish,Pan fried Nile Perch served with a side salad and herb rice,48.0,https://images.deliveryhero.io/image/talabat/Menuitems/1_Pan_Fried_Chilean_Fish637947156976413178.jpg?width=172&amp;height=172
Lemon Butter Fish with Grilled Lemons,Nile Perch fish fillet in lemon butter sauce Served with herb rice and roasted veggies,48.0,https://images.deliveryhero.io/image/talabat/Menuitems/3_Lemon_Butter_Fish637947158753916070.jpg?width=172&amp;height=172
Avocado Chimichurri Salmon,Grilled Salmon topped with avocado chimichurri sauce Served with herb rice and roasted veggies,67.0,https://images.deliveryhero.io/image/talabat/Menuitems/1_Avocado_Chimichurri_Sal637947154835308306.jpg?width=172&amp;height=172
Salmon with Herbs and Garlic Cream,Grilled salmon topped with a mushroom garlic cream Served with herb rice and roasted veggies,67.0,https://images.deliveryhero.io/image/talabat/Menuitems/2_Salmon_with_herbs_and_G637947157588195292.jpg?width=172&amp;height=172
Creamy Tuscon Salmon,"Pan fried salmon in a creamy sauce with sundried tomatoes, cherry tomatoes, spinach and parmesan. Served with herb rice and roasted veggies",67.0,https://images.deliveryhero.io/image/talabat/Menuitems/4_Tuscon_Salmon637947159495655931.jpg?width=172&amp;height=172
Cream of Mushroom Soup,Cream of mushroom soup served with toast,20.0,https://images.deliveryhero.io/image/talabat/Menuitems/1_Cream_of_Mushroom637947156336214607.jpg?width=172&amp;height=172
Cream of Corn Soup,Cream of corn soup served with toast,20.0,https://images.deliveryhero.io/image/talabat/Menuitems/2_Cream_of_Corn_Soup637947157344310063.jpg?width=172&amp;height=172
Cream of Chicken Soup,Cream of chicken soup with spinach and cherry tomatoes Served with toast,20.0,https://images.deliveryhero.io/image/talabat/Menuitems/3_Cream_of_Chicken_Soup637947157958842626.jpg?width=172&amp;height=172
