item_name,item_description,item_price,item_image
Xsbmlx Inspired By Black Xs L'exces For By Paco Rabanne 100 ML,,94.5,https://images.deliveryhero.io/image/talabat/Menuitems/xsbmlx637816551889066075.jpeg?width=172&amp;height=172
SAUVAGE ELIXIR BY CHRISTIAN DIOR,,99.75,https://images.deliveryhero.io/image/talabat/Menuitems/SAUVAGE_ALIXIR638037613842334952.jpeg?width=172&amp;height=172
JAZZ CLUB BY MAISON MARTIN MARGIELA,,94.5,https://images.deliveryhero.io/image/talabat/Menuitems/JAZZ_CLUB638037613910297396.jpeg?width=172&amp;height=172
TERONI BY ORTO PARIS ,,126.0,https://images.deliveryhero.io/image/talabat/Menuitems/TERONI638037614052413663.jpeg?width=172&amp;height=172
Armcod Absolu,,94.5,https://images.deliveryhero.io/image/talabat/Menuitems/ARMCOD_ABSOLU638260577917299633.jpeg?width=172&amp;height=172
Armani Vert Inspired By Armani Prive Vert Ma By Giorgio Armani 100 ML,,126.0,https://images.deliveryhero.io/image/talabat/Menuitems/ARMVERT638260577501701491.jpeg?width=172&amp;height=172
Purple Oud W Inspired By Purple Oud By Christian Dior 100 ML,,105.0,https://images.deliveryhero.io/image/talabat/Menuitems/purpl637816553123448114.jpeg?width=172&amp;height=172
The Forbidden Inspired By L'interdit By Givenchy 100 ML,,94.5,https://images.deliveryhero.io/image/talabat/Menuitems/THE-FORBIDDEN_637728374559405645.jpg?width=172&amp;height=172
Love You Inspired By I Love With You By Giorgio Armani 100 ML,,94.5,https://images.deliveryhero.io/image/talabat/Menuitems/LOVE-YOU_637728374545729208.jpg?width=172&amp;height=172
Gult Absolu Femme Inspired By Gucci Guilty Absolute By Gucci 100 ML,,94.5,https://images.deliveryhero.io/image/talabat/Menuitems/GULTABSOLU_FEMME637860447816019949.jpg?width=172&amp;height=172
Its You Inspired By Because Its You By Giorgio Armani 100 ML,,94.5,https://images.deliveryhero.io/image/talabat/Menuitems/ITS_YOU637860447816020047.jpg?width=172&amp;height=172
Weak Inspired By Wicked Eau De Perfume By Victoria Secret 100 ML,,94.5,https://images.deliveryhero.io/image/talabat/Menuitems/image5_637736765857210522.jpeg?width=172&amp;height=172
