item_name,item_description,item_price,item_image
Crispy California Maki,"Avocado and Cucumber, wrapped with Nori and Sushi Rice, coated with Cripsy Tempura Crumbs, and topped with Shredded Crabstick mixed with Japanese Mayo.",30.0,https://images.deliveryhero.io/image/talabat/Menuitems/mmw_638243155961111948?width=172&amp;height=172
Dragon Maki,"Deep-fried Tiger Prawn, Sal's Dragon Sauce and Iceberg Lettuce, wrapped with Nori, Sushi Rice, topped with Avocado.",75.0,https://images.deliveryhero.io/image/talabat/Menuitems/Dragon_Maki_Speciality_Ma638242365252133716.jpg?width=172&amp;height=172
Salmon Poke,"Sushi Rice topped with Fresh Salmon, Avocado, Seaweed, Tempura Crumbs, garnished with Black Sesame Seeds and dressed with Plain or Spicy Japanese Mayo.",60.0,https://images.deliveryhero.io/image/talabat/Menuitems/Salmon_Poke_Poke_Bowls638242358913535339.jpg?width=172&amp;height=172
Shrimp Tempura,Shrimp deep-fried in Tempura Batter and served with Teriyaki Sauce.,45.0,https://images.deliveryhero.io/image/talabat/Menuitems/Shrimp_Tempura_Starters638242359551913555.jpg?width=172&amp;height=172
Tiramisu,"Layers of espresso soaked ladyfingers and creamy mascarpone, dusted with cocoa powder",50.0,https://images.deliveryhero.io/image/talabat/Menuitems/mmw_638263977025910422?width=172&amp;height=172
Combo For 1,"Your choice of spicy crispy salmon salad or tuna (1 scoop), 2 pieces of nigiri and 8 pieces of makimono.
",130.0,https://images.deliveryhero.io/image/talabat/Menuitems/z638291529265190552.bmp?width=172&amp;height=172
Makimono 20 Pieces,Your choice of 5 types of Maki (4 pieces each) from the available selection.,145.0,https://images.deliveryhero.io/image/talabat/Menuitems/Makimono_Combinations638242358053369535.jpg?width=172&amp;height=172
Chef Special,"Your choice of 2 types of Sashimi 3 pieces each, 2 types of Nigiri 2 pieces each and 2 types of Maki 4 pieces each from the available selection.",150.0,https://images.deliveryhero.io/image/talabat/Menuitems/Chef_Special_Combinations638242358331413642.jpg?width=172&amp;height=172
Combo for 2,"Your choice of spicy crispy salmon and or tuna (2 scoops), 4 pieces of nigiri, 6 pieces of sashimi and 12 pieces of makimono.
",272.0,https://images.deliveryhero.io/image/talabat/Menuitems/Combo_for_2638291528233370142.jpg?width=172&amp;height=172
Sashimi 24 Pieces,Your choice of 8 types of Sashimi (3 pieces each) from the available selection.,320.0,https://images.deliveryhero.io/image/talabat/Menuitems/Sashimi_Combinations638242358131169892.jpg?width=172&amp;height=172
Nigiri 22 Pieces,Your choice of 11 types of Nigiri (2 pieces each) from the available selection.,350.0,https://images.deliveryhero.io/image/talabat/Menuitems/Nigiri_Combinations638242358268502801.jpg?width=172&amp;height=172
Sal's Special,"Your choice of 4 types of Sashimi (3 pieces each), 4 types of Nigiri (2 pieces each) and 3 types of Maki (4 pieces each) from the available selection.",400.0,https://images.deliveryhero.io/image/talabat/Menuitems/Sals_Special_Combinations638242358403002761.jpg?width=172&amp;height=172
Combo for 6,"Your choice of spicy crispy salmon salad or tuna (6 scoops), 12 pieces of nigiri, 18 pieces of sashimi and 40 pieces of makimono
",800.0,https://images.deliveryhero.io/image/talabat/Menuitems/Combo_for_6638291528237730906.jpg?width=172&amp;height=172
Nori Chips,Crispy Nori Chips.,20.0,https://images.deliveryhero.io/image/talabat/Menuitems/NoriChips_053638259780860210335.jpg?width=172&amp;height=172
Edamame,Boiled Soy Beans served Plain or Spicy.,40.0,https://images.deliveryhero.io/image/talabat/Menuitems/Edamame_Starters638242359297177426.jpg?width=172&amp;height=172
Miso Soup,"Tofu and Dried Wakame (Seaweed) in a hot Miso Broth, garnished with Chives.",40.0,https://images.deliveryhero.io/image/talabat/Menuitems/Miso_Soup_Starters638242357957615670.jpg?width=172&amp;height=172
Vegetable Tempura,"A mix of Eggplant, Capsicum, Onion, and Carrots, deep fried in Tempura Batter and served with Teriyaki Sauce.",45.0,https://images.deliveryhero.io/image/talabat/Menuitems/Vegetable_Tempura_Starter638242359366768331.jpg?width=172&amp;height=172
Shrimp Tempura,Shrimp deep-fried in Tempura Batter and served with Teriyaki Sauce.,45.0,https://images.deliveryhero.io/image/talabat/Menuitems/Shrimp_Tempura_Starters638242359551913555.jpg?width=172&amp;height=172
Kani Salad,"Kani (Crabstick), Baby Gem Lettuce, Cucumber, Avocado and Mango, dressed with Japanese Mayonnaise and garnished with Tobiko.",45.0,https://images.deliveryhero.io/image/talabat/Menuitems/Kani_Salad_Starters638242357444290481.jpg?width=172&amp;height=172
Seaweed Salad,"Hiyashi Wakame (Seaweed), Asian Mix Salad, Baby Gem Lettuce, Avocado, Cucumber and Green Apple, dressed with Roasted Sesame Sauce.",70.0,https://images.deliveryhero.io/image/talabat/Menuitems/Seaweed_Salad_Starters638242357596540902.jpg?width=172&amp;height=172
Spicy Crispy Salmon,"5 scoops of Fresh Salmon cubes mixed with Chili Oil, Togarashi (Assorted Chili Pepper), Soy Sauce, Spicy Mayo and Homemade Crispy Crumbs served in Baby Gem Lettuce Leaves.",115.0,https://images.deliveryhero.io/image/talabat/Menuitems/Spicy_Crispy_Salmon_Start638242359667333775.jpg?width=172&amp;height=172
Veg Poke,"Sushi Rice topped with Edamame, Beetroot, Avocado, Cucumber, Seaweed, garnished with White Sesame Seeds, and dressed with Roasted Sesame Dressing.",50.0,https://images.deliveryhero.io/image/talabat/Menuitems/Veg_Poke__Poke_Bowls638242358741014348.jpg?width=172&amp;height=172
Salmon Poke,"Sushi Rice topped with Fresh Salmon, Avocado, Seaweed, Tempura Crumbs, garnished with Black Sesame Seeds and dressed with Plain or Spicy Japanese Mayo.",60.0,https://images.deliveryhero.io/image/talabat/Menuitems/Salmon_Poke_Poke_Bowls638242358913535339.jpg?width=172&amp;height=172
Unagi Poke,"Sushi rice topped with unagi garnished with white sesame seeds and nori sprinkles, dressed with teriyaki sauce.
",75.0,https://images.deliveryhero.io/image/talabat/Menuitems/Unagi_Poke638291529678966827.jpg?width=172&amp;height=172
King Crab Poke,"Sushi Rice topped with Crab Meat, Apple, Mango and Orange Tobiko, garnished with Chives, and dressed with Japanese Mayo.",85.0,https://images.deliveryhero.io/image/talabat/Menuitems/King_Crab_Poke_Poke_Bowls638242359107689369.jpg?width=172&amp;height=172
Salmon Sashimi (Shake),Three delicious cuts of Fresh Salmon. ,40.0,https://images.deliveryhero.io/image/talabat/Menuitems/Salmon_Sashimi_Shake_Sele638242360054851725.jpg?width=172&amp;height=172
Lightly-Smoked Scottish Salmon Sashimi,Three delicious cuts of Lightly-Smoked Scottish Salmon. ,42.0,https://images.deliveryhero.io/image/talabat/Menuitems/LightlySmoked_Scottish_Sa638242360199864213.jpg?width=172&amp;height=172
Eel Sashimi (Unagi),Three delicious cuts of Grilled Eel marinated in Unagi Sauce.,45.0,https://images.deliveryhero.io/image/talabat/Menuitems/Eel_Sashimi_Unagi_Selecti638242360447182386.jpg?width=172&amp;height=172
Yellow Tail Sashimi (Hamachi),Three delicious cuts of Fresh Yellow Tail. ,45.0,https://images.deliveryhero.io/image/talabat/Menuitems/Yellow_Tail_Sashimi_Hamac638242372058433384.jpg?width=172&amp;height=172
Octopus Sashimi (Tako),Three delicious cuts of Boiled Octopus.,40.0,https://images.deliveryhero.io/image/talabat/Menuitems/Octopus_Sashimi_Tako_Sele638242371477166509.jpg?width=172&amp;height=172
Crabstick Sashimi (Kani),Three delicious cuts of Fresh Crabsticks.,35.0,https://images.deliveryhero.io/image/talabat/Menuitems/Crabstick_Sashimi_Kani_Se638242370225208442.jpg?width=172&amp;height=172
Calamari Sashimi (Ika),Three delicious cuts of Fresh Calamari.,36.0,https://images.deliveryhero.io/image/talabat/Menuitems/Calamari_Sashimi_Ika_Sele638242370712653051.jpg?width=172&amp;height=172
Shrimp Sashimi (Ebi),Three delicious cuts of boiled shrimp.,38.0,https://images.deliveryhero.io/image/talabat/Menuitems/Shrimp_Sashimi_Ebi_Select638242371805486028.jpg?width=172&amp;height=172
Salmon Nigiri (Shake),Sushi Rice topped with Fresh Salmon.,40.0,https://images.deliveryhero.io/image/talabat/Menuitems/Salmon_Nigiri_Shake_Selec638242361081418670.jpg?width=172&amp;height=172
Yellow Tail Nigiri (Hamachi),Sushi Rice topped with Fresh Yellow Tail. ,40.0,https://images.deliveryhero.io/image/talabat/Menuitems/Yellow_Tail_Nigiri_Hamach638242361488183156.jpg?width=172&amp;height=172
Eel Nigiri (Unagi),"Sushi Rice topped with Grilled Eel marinated in Unagi Sauce, wrapped with Sushi Nori.",45.0,https://images.deliveryhero.io/image/talabat/Menuitems/Eel_Nigiri_Unagi_Selectio638242361662480993.jpg?width=172&amp;height=172
Crabstick Nigiri (Kani),Sushi Rice topped with Fresh Crabsticks wrapped with Sushi Nori.,30.0,https://images.deliveryhero.io/image/talabat/Menuitems/Crabstick_Nigiri_Kani_Sel638242362187006169.jpg?width=172&amp;height=172
Shrimp Nigiri (Ebi),Sushi Rice topped with Boiled Shrimp.,36.0,https://images.deliveryhero.io/image/talabat/Menuitems/Shrimp_Nigiri_Ebi_Selecti638242361854410205.jpg?width=172&amp;height=172
Octopus Nigiri (Tako),"Sushi Rice topped with Boiled Octopus, wrapped with Sushi Nori.",40.0,https://images.deliveryhero.io/image/talabat/Menuitems/Octopus_Nigiri_Tako_Selec638242361980876140.jpg?width=172&amp;height=172
Calamari Nigiri (Ika),Sushi Rice topped with Fresh Calamari. ,30.0,https://images.deliveryhero.io/image/talabat/Menuitems/Calamari_Nigiri_Ika_Selec638242362267111490.jpg?width=172&amp;height=172
California Maki,"Crabstick, Avocado, Lettuce, Japanese Mayo, wrapped in Nori and Sushi Rice, coated with Tobiko.",35.0,https://images.deliveryhero.io/image/talabat/Menuitems/California_Maki_Selection638242362433222044.jpg?width=172&amp;height=172
Crispy California Maki,"Avocado and Cucumber, wrapped with Nori and Sushi Rice, coated with Cripsy Tempura Crumbs, and topped with Shredded Crabstick mixed with Japanese Mayo.",30.0,https://images.deliveryhero.io/image/talabat/Menuitems/mmw_638243155961111948?width=172&amp;height=172
Shrimp Tempura Maki,"Shrimp Tempura, Cucumber and Japanese Mayo, wrapped with Nori and Sushi Rice, coated with Crispy Tempura Crumbs.",30.0,https://images.deliveryhero.io/image/talabat/Menuitems/mmw_638263970716206923?width=172&amp;height=172
Plain Salmon Maki,"Fresh Salmon, wrapped with Sushi Rice and Nori.",30.0,https://images.deliveryhero.io/image/talabat/Menuitems/PlainSalmonMaki_22638259780832307375.jpg?width=172&amp;height=172
Spicy Salmon Maki,"Fresh Salmon, mixed with Chili Oil, Togarashi, Spicy Japanese Mayo and Chives, wrapped with Nori and Sushi Rice garnished with White Sesame Seeds.",30.0,https://images.deliveryhero.io/image/talabat/Menuitems/mmw_638263967449833967?width=172&amp;height=172
Salmon Kaware Maki,"Fresh salmon, crabstick, avocado, wrapped with nori and sushi rice, topped with deep fried crispy salmon skin ",30.0,https://images.deliveryhero.io/image/talabat/Menuitems/mmw_638243156491142857?width=172&amp;height=172
Salmon Skin Maki,"Deep-fried Crispy Salmon Skin mixed with Spicy Mayo, wrapped with Nori, Sushi Rice and garnished with Chives.",30.0,https://images.deliveryhero.io/image/talabat/Menuitems/Salmon_Skin_Maki_Selectio638242363812675698.jpg?width=172&amp;height=172
Salmon Koro Hoso Maki,"Fresh Salmon, Avocado and Sushi Rice wrapped with Nori, garnished with Black Sesame Seeds.",30.0,https://images.deliveryhero.io/image/talabat/Menuitems/mmw_638243153006282654?width=172&amp;height=172
Katsuobushi Maki,"Mixed Fish (Salmon, Tuna, Yellow Tail, Shrimp, Eel, Crabstick, Octopus) and Avocado, wrapped with Nori and Sushi Rice, topped with Katsuobushi.",30.0,https://images.deliveryhero.io/image/talabat/Menuitems/mmw_638243147937223181?width=172&amp;height=172
Rainbow Maki,"Kani, Eel and Cucumber wrapped with Nori and Sushi Rice, topped with Salmon, Tuna, Yellow Tail and Takuan.",35.0,https://images.deliveryhero.io/image/talabat/Menuitems/mmw_638243147562107682?width=172&amp;height=172
Volcano Maki,"Apple, Mango and Cucumber wrapped with Nori, Sushi Rice, coated with Tobiko, topped with Spicy Mixed Fish (Salmon, Tuna, Yellow Tail, Carrot).",35.0,https://images.deliveryhero.io/image/talabat/Menuitems/mmw_638243143199085344?width=172&amp;height=172
Tofu Maki,"Tofu, Cucumber and Avocado, wrapped with Sushi Rice and Soy Bean Nori, drizzled with Teriyaki Sauce.",26.0,https://images.deliveryhero.io/image/talabat/Menuitems/mmw_638243146122951402?width=172&amp;height=172
Avocado Hoso Maki,"Avocado, wrapped with Sushi Rice and Nori.",20.0,https://images.deliveryhero.io/image/talabat/Menuitems/mmw_638243144499305263?width=172&amp;height=172
Cucumber Hoso Maki,"Cucumber, wrapped with Sushi Rice and Nori.",20.0,https://images.deliveryhero.io/image/talabat/Menuitems/CucumberHosoMaki_012638259780814141537.jpg?width=172&amp;height=172
Smoked Salmon Maki,"Fresh Salmon, Avocado and Cream Cheese, wrapped with Nori and Sushi Rice, topped with Smoked Salmon.",32.0,https://images.deliveryhero.io/image/talabat/Menuitems/Smoked_Salmon_Maki_Select638242365105331178.jpg?width=172&amp;height=172
Avocado Special Veggie Maki,"Avocado, Cucumber and Carrot, wrapped with Nori, Sushi Rice, and topped with Avocado.",50.0,https://images.deliveryhero.io/image/talabat/Menuitems/mmw_638243159624152764?width=172&amp;height=172
Crispy Kani Maki,"Kani, carrot and avocado, wrapped with nori and sushi rice, garnished with black sesame seeds, topped with crispy crumbs, drizzled with teriyaki sauce and Japanese mayo.",75.0,https://images.deliveryhero.io/image/talabat/Menuitems/mmw_638294294608819972?width=172&amp;height=172
Unagi Shrimp Tempura Maki,"Shrimp tempura, carrot and japanese mayonnaise, wrapped with nori, sushi rice, avocado and unagi, garnished with white sesame seeds and drizzled with teriyaki sauce.",75.0,https://images.deliveryhero.io/image/talabat/Menuitems/mmw_638294296619881343?width=172&amp;height=172
Kani Shrimp Tempura Maki,"Shrimp tempura, cucumber and japanese mayo, wrapped with nori, sushi rice, and kani, topped with spicy Japanese mayo and chives.",75.0,https://images.deliveryhero.io/image/talabat/Menuitems/mmw_638294297344200700?width=172&amp;height=172
Tropical Maki,"Shrimp Tempura, Avocado, White and Black Sesame, wrapped in Nori and Sushi Rice, topped with Mango and Spicy Japanese Mayo.",75.0,https://images.deliveryhero.io/image/talabat/Menuitems/mmw_638294297455429168?width=172&amp;height=172
Exotic Kani Maki,"Kani, mango and avocado, wrapped with nori and sushi rice, garnished with white sesame seeds, topped with a mix of carrot, cucumber, apple and Japanese mayo.",75.0,https://images.deliveryhero.io/image/talabat/Menuitems/mmw_638294298632255824?width=172&amp;height=172
Dragon Maki,"Deep-fried Tiger Prawn, Sal's Dragon Sauce and Iceberg Lettuce, wrapped with Nori, Sushi Rice, topped with Avocado.",75.0,https://images.deliveryhero.io/image/talabat/Menuitems/Dragon_Maki_Speciality_Ma638242365252133716.jpg?width=172&amp;height=172
Hamachi Maki,"Fresh Salmon, Spicy Mayo, Chives and Cucumber inside, wrapped with Torched Hamachi, topped with Tempura Crumbs mixed with Spicy Mayo and garnished with Chives, and drizzled with Teriyaki Sauce.",75.0,https://images.deliveryhero.io/image/talabat/Menuitems/mmw_638263972952420226?width=172&amp;height=172
Beetroot Salmon Kani Maki,"Shredded Crabstick mixed with Japanese Mayo, Mango, Cucumber, wrapped with Nori, Sushi Rice, topped with Beetroot and Orange Smoked Salmon.",75.0,https://images.deliveryhero.io/image/talabat/Menuitems/Beetroot_Salmon_Kani_Maki638242365671945168.jpg?width=172&amp;height=172
Spicy Salmon Avocado Maki,"Fresh Salmon mixed with Spicy Mayo and Chives, wrapped with Nori, Sushi Rice and topped with Avocado.",75.0,https://images.deliveryhero.io/image/talabat/Menuitems/Spicy_Salmon_Avocado_Maki638242365442405322.jpg?width=172&amp;height=172
Unagi Avocado Maki,"Unagi and Avocado, wrapped with Nori, Sushi Rice, Unagi and Avocado, garnished with White Sesame Seeds and drizzled with Teriyaki Sauce.",75.0,https://images.deliveryhero.io/image/talabat/Menuitems/mmw_638263972287825096?width=172&amp;height=172
King Crab Maki,"King Crab, Avocado, Mango, Cucumber and Tobiko, wrapped with Nori and Sushi Rice, topped with King Crab, Avocado, Mango, Cucumber and Tobiko, garnished with Chives.",90.0,https://images.deliveryhero.io/image/talabat/Menuitems/King_Crab_Maki_Speciality638242365323362274.jpg?width=172&amp;height=172
Lobster Maki,"Breaded shrimp and mango, wrapped with nori and sushi rice, coated with black sesame seeds topped with fresh salmon, canadian lobster, cucumber, japanese mayonnaise and orange tobiko.
",130.0,https://images.deliveryhero.io/image/talabat/Menuitems/Lobster_Maki638291528238205412.jpg?width=172&amp;height=172
California Temaki,"Sushi Rice topped with Crabstick, Avocado, Lettuce, Tobiko and Japanese Mayo on top, wrapped in a hand-rolled Nori Temaki Cone.",50.0,https://images.deliveryhero.io/image/talabat/Menuitems/California_Temaki_Selecti638242366250368836.jpg?width=172&amp;height=172
Crispy California Temaki,"Sushi Rice topped with Tempura Crumbs, Avocado, Cucumber, shredded Crabstick mixed with Japanese Mayo on top, wrapped in a hand-rolled Nori Temaki Cone.",50.0,https://images.deliveryhero.io/image/talabat/Menuitems/mmw_638243182540076266?width=172&amp;height=172
Shrimp Tempura Temaki,"Sushi Rice topped with Tempura Shrimp, Cucumber, Tempura Crumbs and Japanese Mayo on top, wrapped in a hand-rolled Nori Temaki Cone.",45.0,https://images.deliveryhero.io/image/talabat/Menuitems/Shrimp_Tempura_Temaki_Sel638242366466642645.jpg?width=172&amp;height=172
Salmon Temaki,Sushi Rice topped with Fresh Salmon wrapped in a hand-rolled Nori Temaki Cone.,45.0,https://images.deliveryhero.io/image/talabat/Menuitems/Salmon_Temaki_Selection_o638242366558490381.jpg?width=172&amp;height=172
Salmon Skin Temaki,"Sushi rice topped with deep-fried salmon skin mixed with spicy Japanese mayo, garnished with chives and wrapped in a hand rolled nori temaki cone.",40.0,https://images.deliveryhero.io/image/talabat/Menuitems/Salmon_Skin_Temaki_Select638242366839819985.jpg?width=172&amp;height=172
Chef Special Temaki,Chef's Selection,55.0,
Grilled Marinated Miso Salmon,"Grilled Salmon Fillet marinated in Miso Sauce, served with Plain Steamed Rice.",130.0,https://images.deliveryhero.io/image/talabat/Menuitems/mmw_638243228617557963?width=172&amp;height=172
Nori Salmon,"Grilled Salmon Fillet, coated with Nori, served with Baked Provençal Potatoes, Sautéed Broccolini, Green Peas and Asparagus, Miso Ponzu Sauce and Teriyaki Sauce.",130.0,https://images.deliveryhero.io/image/talabat/Menuitems/mmw_638243242083137397?width=172&amp;height=172
Alaskan Black Cod,Baked Black Cod Fillet marinated with Miso Sauce served with Plain Steamed Rice.,165.0,https://images.deliveryhero.io/image/talabat/Menuitems/mmw_638263973225129858?width=172&amp;height=172
Tiramisu,"Layers of espresso soaked ladyfingers and creamy mascarpone, dusted with cocoa powder",50.0,https://images.deliveryhero.io/image/talabat/Menuitems/mmw_638263977025910422?width=172&amp;height=172
Sweet Pancake,"Pancakes topped with Chocolate Sauce, alongside a scoop of Lotus Ice Cream, served with a Banana, Mixed Berries, Strawberries, and a side of Maple Syrup and Peanut Butter.",60.0,https://images.deliveryhero.io/image/talabat/Menuitems/mmw_638245724906003664?width=172&amp;height=172
Coca Cola,Coke Can,16.0,https://images.deliveryhero.io/image/talabat/Menuitems/mmw_638243187265596203?width=172&amp;height=172
Coca-Cola Zero,Coke Zero Can,16.0,https://images.deliveryhero.io/image/talabat/Menuitems/mmw_638243205181766701?width=172&amp;height=172
Sprite,Sprite Can,16.0,https://images.deliveryhero.io/image/talabat/Menuitems/mmw_638245725416250438?width=172&amp;height=172
Sprite Light,Sprite Light Can,16.0,https://images.deliveryhero.io/image/talabat/Menuitems/Sprite_Light_330ML638241012611142629.jpg?width=172&amp;height=172
Fanta,Fanta can,16.0,https://images.deliveryhero.io/image/talabat/Menuitems/mmw_638245727007973821?width=172&amp;height=172
Schweppes Soda Water,Schweppes Soda Water Can,16.0,https://images.deliveryhero.io/image/talabat/Menuitems/Schweppes_Soda_Water_330m638242356635747593.jpg?width=172&amp;height=172
Schweppes Tonic Water,Schweppes Tonic Water Can,16.0,https://images.deliveryhero.io/image/talabat/Menuitems/mmw_638243200013295167?width=172&amp;height=172
Schweppes Ginger Ale,Schweppes Ginger Ale Can,16.0,https://images.deliveryhero.io/image/talabat/Menuitems/Schweppes_Ginger_Ale_330m638242356706663376.jpg?width=172&amp;height=172
Acqua Panna 250 Ml,Still Mineral Water,22.0,https://images.deliveryhero.io/image/talabat/Menuitems/Acqua_Panna__Small_500ml638242355616474395.jpg?width=172&amp;height=172
San Pellegrino 250ml,Sparkling Mineral Water,22.0,https://images.deliveryhero.io/image/talabat/Menuitems/San_Pellegrino__Small_500638242355972717908.jpg?width=172&amp;height=172
Acqua Panna 750Ml,Still Mineral Water,32.0,https://images.deliveryhero.io/image/talabat/Menuitems/Acqua_Panna__Large_1000ml638242355883599260.jpg?width=172&amp;height=172
San Pellegrino 750Ml,Sparkling Mineral Water,32.0,https://images.deliveryhero.io/image/talabat/Menuitems/San_Pellegrino__Large_100638242356040681539.jpg?width=172&amp;height=172
San Pellegrino 500ml,,17.0,https://images.deliveryhero.io/image/talabat/Menuitems/mmw_638246723150519840?width=172&amp;height=172
