item_name,item_description,item_price,item_image
Rice Platter,Plain jasmine rice,16.0,https://images.deliveryhero.io/image/talabat/Menuitems/ED61B7549B0A8037D2B99D8E208FA128?width=172&amp;height=172
Red Mixed Seafood Soup,"Creamy seafood soup, shrimp, calamari, mussels with garlic bread.",39.0,https://images.deliveryhero.io/image/talabat/Menuitems/D44E6D061D27459866C2467584061E0F?width=172&amp;height=172
Crab Balls,Served with cajun sauce,33.0,https://images.deliveryhero.io/image/talabat/Menuitems/C144753E88B70FAD3128D0AA9A8C22C8?width=172&amp;height=172
Lemon Mint Juice,A refreshing and flavorful drink made by combining freshly squeezed lemon juice with mint.,19.0,https://images.deliveryhero.io/image/talabat/Menuitems/0A4BC270ECA94D3D02E643E4C73E5888?width=172&amp;height=172
Red Mixed Seafood Soup,"Creamy seafood soup, shrimp, calamari, mussels with garlic bread.",39.0,https://images.deliveryhero.io/image/talabat/Menuitems/D44E6D061D27459866C2467584061E0F?width=172&amp;height=172
Corn Platter,Grilled corn cutted into 3pcs,20.0,https://images.deliveryhero.io/image/talabat/Menuitems/921CDE27B35405616B6D74F79B92B289?width=172&amp;height=172
Crab Balls,Served with cajun sauce,33.0,https://images.deliveryhero.io/image/talabat/Menuitems/C144753E88B70FAD3128D0AA9A8C22C8?width=172&amp;height=172
Rice Platter,Plain jasmine rice,16.0,https://images.deliveryhero.io/image/talabat/Menuitems/ED61B7549B0A8037D2B99D8E208FA128?width=172&amp;height=172
1 Kilo Mussels Meal,"Served with rice and corn, sauce of your choice and 2 drinks of your choice.",229.0,https://images.deliveryhero.io/image/talabat/Menuitems/6AB04856DCB3B8CE61C98804BF723853?width=172&amp;height=172
1 Kilo Shrimp Meal,"Served with rice and corn, sauce of your choice and 2 drinks of your choice",269.0,https://images.deliveryhero.io/image/talabat/Menuitems/DF12CD5F812AB68A87CE483708A4056F?width=172&amp;height=172
1/2 Kilo Crab Meal,"Served with rice, corn, sauce of your choice and a drink of your choice.",139.0,https://images.deliveryhero.io/image/talabat/Menuitems/7BF7045255B09940D8FC6FD53B51AEFD?width=172&amp;height=172
1/2 Kilo Mussels Meal,"Served with rice, corn, sauce of your choice and a drink of your choice.",119.0,https://images.deliveryhero.io/image/talabat/Menuitems/995280B7D84BECEB5191992BC54ADB13?width=172&amp;height=172
1/2 Kilo Shrimp Meal,"Served with rice and corn, sauce of your choice and a drink of your choice.",139.0,https://images.deliveryhero.io/image/talabat/Menuitems/31442B5CDA393F37FA6DDA7EDB641BF1?width=172&amp;height=172
Seafood Meal For 1-2 Person,"Shrimps, crabs, mussels, crab balls, calamari rings with corn, rice. Served with sauce of your choice and drinks of your choice.",109.0,https://images.deliveryhero.io/image/talabat/Menuitems/03FDA1427F282E9CC8A0B09B31744011?width=172&amp;height=172
Seafood Meal For 3-4 People,"Shrimps, crabs, mussels, crab balls, calamari rings with corn and rice. Served with sauce of your choice and 3 drinks of your choice.",299.0,https://images.deliveryhero.io/image/talabat/Menuitems/9CDEA50EC63D209F9AD4C54A38456EF6?width=172&amp;height=172
Seafood Meal For 5-6 People,"Shrimps, crabs, mussels, crab balls, calamari rings with corn and rice. Served with sauce of your choice and 5 drinks of your choice.",399.0,https://images.deliveryhero.io/image/talabat/Menuitems/065F8682158D9207B23C646E5CF39768?width=172&amp;height=172
Solo Shrimp Meal,"Served with rice, corn, sauce of your choice and a drink of your choice.",79.0,https://images.deliveryhero.io/image/talabat/Menuitems/E84EC297F82295C91602B1B201326043?width=172&amp;height=172
1 Kilo Crab Meal,"Served with rice and corn, sauce of your choice and 2 drinks of your choice.",269.0,https://images.deliveryhero.io/image/talabat/Menuitems/5DF857994BB0479DD4E749CB6ED17690?width=172&amp;height=172
1 Kilo Crab Pot,Served with sauce of your choice,219.0,https://images.deliveryhero.io/image/talabat/Menuitems/935238B85EA7C67E16CE4C4DA3C6B957?width=172&amp;height=172
1 Kilo Mussels Pot,Served sauce of your choice,169.0,https://images.deliveryhero.io/image/talabat/Menuitems/F993588314238EBB91800F766C45D345?width=172&amp;height=172
1 Kilo Shrimp Pot,Served with sauce of your choice,229.0,https://images.deliveryhero.io/image/talabat/Menuitems/09EB92FDBB8CC4595FBF7D2302DAA330?width=172&amp;height=172
1/2 Kilo Crab Pot,Served with sauce of your choice,114.0,https://images.deliveryhero.io/image/talabat/Menuitems/81F13E15189164C20E042FFD4F0B53E7?width=172&amp;height=172
1/2 Kilo Mussels Pot,Served with sauce of your choice,89.0,https://images.deliveryhero.io/image/talabat/Menuitems/0033E98CAEB3BB0A73687A0FD1EC3C23?width=172&amp;height=172
1/2 Kilo Shrimp Pot,Served with sauce of your choice,119.0,https://images.deliveryhero.io/image/talabat/Menuitems/4220B77DE7E5F0DD63526510313FCC5A?width=172&amp;height=172
Solo Shrimp Pot,Served with sauce of your choice,58.0,https://images.deliveryhero.io/image/talabat/Menuitems/FB894CDD74CD1C309ACE822666709BD0?width=172&amp;height=172
Coca-Cola Zero,Soft Drink,11.0,https://images.deliveryhero.io/image/talabat/Menuitems/FDA7868A21C23C659047E3D515DB8CCA?width=172&amp;height=172
Lemon Mint Juice,A refreshing and flavorful drink made by combining freshly squeezed lemon juice with mint.,19.0,https://images.deliveryhero.io/image/talabat/Menuitems/0A4BC270ECA94D3D02E643E4C73E5888?width=172&amp;height=172
Small Mineral Water,Mineral water.,6.0,https://images.deliveryhero.io/image/talabat/Menuitems/3F5CF81B5BC41A72BF4DC97553A29A4A?width=172&amp;height=172
Sprite,Soft Drink,11.0,https://images.deliveryhero.io/image/talabat/Menuitems/77CE76F830C99E08DFF5594B8879750F?width=172&amp;height=172
