item_name,item_description,item_price,item_image
Chicken Shawarma Sandwich,chicken shawarma with mayonnaise and pickles,11.0,https://images.deliveryhero.io/image/talabat/Menuitems/mmw_638137764711465704?width=172&amp;height=172
Meat Shawarma Sandwich,"beef shawarma with tahini, onions and parsley",14.0,
Double Chicken Shawarma Sandwich,Double chicken shawarma with mayonnaise and pickles,16.0,
Chicken Shawarma Samoun,Samoun chicken shawarma with mayonnaise and pickles,16.0,
Meat Burger,"Indulge in our delicious Meat Burger, featuring a juicy beef patty topped with melted cheese, crisp lettuce, ripe tomato, and tangy pickles, all nestled between a soft and fluffy bun for a mouthwatering taste experience.",21.0,
Crispy Chicken Sandwich,"Made with seasoned chicken, topped with fresh veggies and sauce.",16.0,
Philadelphia Sandwich,"A combination of tender meat, melted cheese, and a spread of creamy Philadelphia cream cheese, all nestled between two slices of fresh bread.",0.0,
Fajita,"Tender meat or vegetables marinated in a zesty blend of spices, grilled to perfection, and served with warm tortillas and a selection of toppings.",0.0,
Chicken Shawarma Sandwich,chicken shawarma with mayonnaise and pickles,11.0,https://images.deliveryhero.io/image/talabat/Menuitems/mmw_638137764711465704?width=172&amp;height=172
Chicken Shawarma Samoun,Samoun chicken shawarma with mayonnaise and pickles,16.0,
Chicken Shawarma Set Alsham,Special chicken shawarma with mayonnaise and pickles,19.0,
Double Chicken Shawarma Sandwich,Double chicken shawarma with mayonnaise and pickles,16.0,
Meat Shawarma Sandwich,"beef shawarma with tahini, onions and parsley",14.0,
Meat Shawarma Samoun,"Samoun beef shawarma with tahini, onions and parsley",19.0,
Meat Shawarma Set Alsham,"Special beef shawarma with tahini, onions and parsley",22.0,
Double Meat Shawarma Sandwich,"Double beef shawarma with tahini, onions and parsley",19.0,
Arabic Chicken Shawarma Meal,2 Sandwiches of shredded chicken shawarma served with potato slices,28.0,
Chicken Shawarma Plate,shredded chicken shawarma plate,39.0,
Half Kilo Chicken Shawarma,shredded chicken shawarma plate half KG,59.0,
Arabic Meat Shawarma Meal,2 Sandwiches of shredded beef shawarma served with potato slices,31.0,
Meat Shawarma Plate,shredded beef shawarma plate,39.0,
Half Kilo Meat Shawarma,shredded beef shawarma plate half KG,69.0,
Broasted 8 Pieces,"8 pieces, Potato cutlets, pickles, garlic and bread",64.0,https://images.deliveryhero.io/image/talabat/Menuitems/mmw_638137771032245865?width=172&amp;height=172
Half Broasted,"4 pieces, Potato cutlets, pickles, garlic and bread",34.0,https://images.deliveryhero.io/image/talabat/Menuitems/mmw_638137770633715363?width=172&amp;height=172
Potato slices plate,,16.0,https://images.deliveryhero.io/image/talabat/Menuitems/20230302_Talabat_UAE_Shaw638135273130394422.jpg?width=172&amp;height=172
Potato slices plate small,,8.0,
Whole roast,"Full Chicken Rotisserie, Potato slices, Garlic Sauce, Pickles, and Saj Bread.",60.0,https://images.deliveryhero.io/image/talabat/Menuitems/mmw_638179199779090980?width=172&amp;height=172
Half roast,"Half Chicken Rotisserie, Potato slices, Garlic Sauce, Pickles and Saj Bread.",32.0,
Hummus Plate,"Delight in our Hummus Plate, with velvety smooth hummus, fragrant olive oil, vibrant herbs, and warm pita bread—a delightful and satisfying appetizer.",14.0,https://images.deliveryhero.io/image/talabat/Menuitems/20230302_Talabat_UAE_Shaw638135273129646794.jpg?width=172&amp;height=172
Hummus Plate Chicken Shawarma,,25.0,https://images.deliveryhero.io/image/talabat/Menuitems/20230302_Talabat_UAE_Shaw638135278187673599.jpg?width=172&amp;height=172
Hummus Plate Meat Shawarma,,28.0,https://images.deliveryhero.io/image/talabat/Menuitems/20230302_Talabat_UAE_Shaw638135273130621061.jpg?width=172&amp;height=172
Fattoush,"Lettuce, cucumber, tomato, mint, watercress, radish and green pepper",18.0,https://images.deliveryhero.io/image/talabat/Menuitems/20230302_Talabat_UAE_Shaw638135273126195289.jpg?width=172&amp;height=172
Tabole,"Parsley, tomatoes, onions, bulgur, olive oil and lemon sauce.",16.0,https://images.deliveryhero.io/image/talabat/Menuitems/20230302_Talabat_UAE_Shaw638135273130805808.jpg?width=172&amp;height=172
Coleslaw,"Cabbage with mayonnaise, carrots and powdered sugar.",11.0,
Fruit Cocktail,Made with a blend of seasonal fruits and reat way to get your daily dose of vitamins and nutrients.,22.0,https://images.deliveryhero.io/image/talabat/Menuitems/mmw_638137766406941757?width=172&amp;height=172
Avocado Cocktail,Refreshing drink with avocado as one of the ingredients.,22.0,https://images.deliveryhero.io/image/talabat/Menuitems/mmw_638137766137285995?width=172&amp;height=172
Banana Milk Cocktail,A refreshing cocktail made with banana and milk.,22.0,
Orange Juice,"Made capturing all the natural sweetness and tangy citrus flavor. Packed with Vitamin C, it's the perfect thirst quencher and a healthy addition to your daily diet.",17.0,
Carrots Juice,"Made with freshly squeezed carrots, it's a rich source of Vitamin A and other essential nutrients.",17.0,
Apple Juice,Made with a blend of juicy apples,17.0,
Pomegranate Juice,"Made from carefully selected, ripe pomegranates, it's a perfect balance of sweet and tangy that's packed with antioxidants, making it a healthy and delicious drink option.",17.0,
Pineapple Juice,"A sweet, tropical drink made by blending the flesh of a pineapple. It is a rich source of vitamin C and contains enzymes that can aid digestion.",17.0,
Soft Drinks,Carbonated soft drink,7.0,
Water,Stay hydrated and refreshed with our water.,6.0,https://images.deliveryhero.io/image/talabat/Menuitems/mmw_638137776297334297?width=172&amp;height=172
