item_name,item_description,item_price,item_image
Sakalance,"Halawa, Cream and Honey ",10.0,https://images.deliveryhero.io/image/talabat/Menuitems/23June_22_TALABAT_UAE_SHI638232048766549664.jpg?width=172&amp;height=172
Hawawshi Beef,Oven baked bread stuffed with minced meat mixed with our special spices,25.0,https://images.deliveryhero.io/image/talabat/Menuitems/23June_22_TALABAT_UAE_SHI638232043715714900.jpg?width=172&amp;height=172
Hawawshi Sujok And Cheese,Oven baked bread stuffed with beef sausages and cheese.,30.0,https://images.deliveryhero.io/image/talabat/Menuitems/23June_22_TALABAT_UAE_SHI638232043716265050.jpg?width=172&amp;height=172
Fries,Classic and crispy fried potato sticks.,12.0,https://images.deliveryhero.io/image/talabat/Menuitems/mmw_638240736078135770?width=172&amp;height=172
Hawawshi Beef And Pastrami,"Oven baked bread stuffed with minced meat, and pastrami mixed with our special spices.",30.0,https://images.deliveryhero.io/image/talabat/Menuitems/23June_22_TALABAT_UAE_SHI638232049624164233.jpg?width=172&amp;height=172
Shicalastic Mix Box,,45.0,https://images.deliveryhero.io/image/talabat/Menuitems/23June_22_TALABAT_UAE_SHI638235643127730746.jpg?width=172&amp;height=172
Kebda Eskandarani Box,Beef Liver cooked with Garlic & Chilly Pepper (3 Sandwiches),40.0,https://images.deliveryhero.io/image/talabat/Menuitems/23June_22_TALABAT_UAE_SHI638232043715478854.jpg?width=172&amp;height=172
Sujok Eskandarani Box,"Beef sausage cooked with garlic, onions, bell peppers & special tomato sauce.",43.0,https://images.deliveryhero.io/image/talabat/Menuitems/23June_22_TALABAT_UAE_SHI638232043703691122.jpg?width=172&amp;height=172
Koftastic Bombastic Box,"Minced beef kofta seasoned to perfection, served with Tomato, Pickles Tahini(3 sandwiches)",45.0,https://images.deliveryhero.io/image/talabat/Menuitems/23June_22_TALABAT_UAE_SHI638260572088664970.jpg?width=172&amp;height=172
Gambarito Ma2Iito Box,Deep Fried Shrimps topped with Special Fantastic Sauce,57.0,https://images.deliveryhero.io/image/talabat/Menuitems/23June_22_TALABAT_UAE_SHI638232783727144144.jpg?width=172&amp;height=172
Gambari Farasha Box,Sauted Shrimps cooked in Butter and Garlic Sauce,57.0,https://images.deliveryhero.io/image/talabat/Menuitems/23June_22_TALABAT_UAE_SHI638232048232400841.jpg?width=172&amp;height=172
Rengato Tehinato Box,Smoked Herring with Loaded Tahini Sauce 3 Sandwiches,46.0,https://images.deliveryhero.io/image/talabat/Menuitems/23June_22_TALABAT_UAE_SHI638260573015823318.jpg?width=172&amp;height=172
Mix Sea Food	,,55.0,https://images.deliveryhero.io/image/talabat/Menuitems/23June_22_TALABAT_UAE_SHI638235643012068465.jpg?width=172&amp;height=172
Hawawshi Beef,Oven baked bread stuffed with minced meat mixed with our special spices,25.0,https://images.deliveryhero.io/image/talabat/Menuitems/23June_22_TALABAT_UAE_SHI638232043715714900.jpg?width=172&amp;height=172
Hawawshi Beef And Pastrami,"Oven baked bread stuffed with minced meat, and pastrami mixed with our special spices.",30.0,https://images.deliveryhero.io/image/talabat/Menuitems/23June_22_TALABAT_UAE_SHI638232049624164233.jpg?width=172&amp;height=172
Hawawshi Pastrami And Cheese,"pastrami as main ingredient in the hawawshi, cured meat mixed with spices stuffed into bread dough and can be paired with cheese",28.0,https://images.deliveryhero.io/image/talabat/Menuitems/23June_22_TALABAT_UAE_SHI638232043711280981.jpg?width=172&amp;height=172
Hawawshi Sujok And Cheese,Oven baked bread stuffed with beef sausages and cheese.,30.0,https://images.deliveryhero.io/image/talabat/Menuitems/23June_22_TALABAT_UAE_SHI638232043716265050.jpg?width=172&amp;height=172
Fries,Classic and crispy fried potato sticks.,12.0,https://images.deliveryhero.io/image/talabat/Menuitems/mmw_638240736078135770?width=172&amp;height=172
Tahini Sauce,"Made from roasted sesame seeds, this versatile condiment adds a nutty, savory flavor to salads, sandwiches, and more.",3.0,https://images.deliveryhero.io/image/talabat/Menuitems/23June_22_TALABAT_UAE_SHI638232043693835290.jpg?width=172&amp;height=172
Mixed Pickles,A medley of crunchy and spicy pickled vegetables,3.0,https://images.deliveryhero.io/image/talabat/Menuitems/23June_22_TALABAT_UAE_SHI638232043698513133.jpg?width=172&amp;height=172
Sakalance,"Halawa, Cream and Honey ",10.0,https://images.deliveryhero.io/image/talabat/Menuitems/23June_22_TALABAT_UAE_SHI638232048766549664.jpg?width=172&amp;height=172
Khamsa Mwahhh,"Roomy Cheese, Halawa, Cream and Honey",12.0,https://images.deliveryhero.io/image/talabat/Menuitems/23June_22_TALABAT_UAE_SHI638232043697525718.jpg?width=172&amp;height=172
Jam And Cream ,,8.0,https://images.deliveryhero.io/image/talabat/Menuitems/23June_22_TALABAT_UAE_SHI638232048334346295.jpg?width=172&amp;height=172
Cream And Honey,Cream with honey,8.0,https://images.deliveryhero.io/image/talabat/Menuitems/23June_22_TALABAT_UAE_SHI638232048695992840.jpg?width=172&amp;height=172
Pepsi,Soft Drink,7.0,https://images.deliveryhero.io/image/talabat/Menuitems/mmw_638254418462913826?width=172&amp;height=172
7up,Non-caffeinated soft drink.,7.0,https://images.deliveryhero.io/image/talabat/Menuitems/mmw_638254415800921549?width=172&amp;height=172
Mirinda Orange,Soft Drink,7.0,
Perrier Sparkling Water,,12.0,https://images.deliveryhero.io/image/talabat/Menuitems/mmw_638254417287713886?width=172&amp;height=172
Still Water,Mineral water,5.0,
