item_name,item_description,item_price,item_image
Dry Egyptian Bread,Packet 5 pieces.,4.0,https://images.deliveryhero.io/image/talabat/Menuitems/blob_637780818067479300?width=172&amp;height=172
Diet Bread,Packet 5 pieces.,6.0,https://images.deliveryhero.io/image/talabat/Menuitems/12_خبز_السن_637726599627749385.jpg?width=172&amp;height=172
Feteer Meshaltet,Piece.,0.0,https://images.deliveryhero.io/image/talabat/Menuitems/2021-11-29_TALABAT_U_637739526089665520.jpg?width=172&amp;height=172
Cheese Borek,,0.0,https://images.deliveryhero.io/image/talabat/Menuitems/2021-11-29_TALABAT_U_637739526108509172.jpg?width=172&amp;height=172
Plain Minan,,0.0,https://images.deliveryhero.io/image/talabat/Menuitems/25_منين_سادة_637726601613790255.jpg?width=172&amp;height=172
Dates Minan,,0.0,https://images.deliveryhero.io/image/talabat/Menuitems/blob_637780242034954802?width=172&amp;height=172
Anise And Fennel Minan,,0.0,https://images.deliveryhero.io/image/talabat/Menuitems/28_منين_شمر_ويانسون_637726601664959824.jpg?width=172&amp;height=172
Dates Kab El Ghzal,,0.0,https://images.deliveryhero.io/image/talabat/Menuitems/2021-11-29_TALABAT_U_637739526119239194.jpg?width=172&amp;height=172
Mix Petit Four,,0.0,https://images.deliveryhero.io/image/talabat/Menuitems/2021-11-29_TALABAT_U_637739526278443469.jpg?width=172&amp;height=172
Lux Petit Four,,0.0,https://images.deliveryhero.io/image/talabat/Menuitems/blob_637780264800432036?width=172&amp;height=172
Shaklama,,0.0,https://images.deliveryhero.io/image/talabat/Menuitems/2021-11-29_TALABAT_U_637739526310373668.jpg?width=172&amp;height=172
Plain Basbousa,A traditional Middle Eastern semolina cake soaked in sweet syrup,0.0,https://images.deliveryhero.io/image/talabat/Menuitems/2021-11-29_TALABAT_U_637739526335483811.jpg?width=172&amp;height=172
Nuts Basbousa,,0.0,https://images.deliveryhero.io/image/talabat/Menuitems/2021-11-29_TALABAT_U_637739526353628854.jpg?width=172&amp;height=172
Kushta Kunafa,,0.0,https://images.deliveryhero.io/image/talabat/Menuitems/19_كنافة_قشطة_637726599769638559.jpg?width=172&amp;height=172
Bread Crumbs,Soft Rusk for Fried Chicken,0.0,https://images.deliveryhero.io/image/talabat/Menuitems/11_بثسماط_ناعم_637726598488631854.jpg?width=172&amp;height=172
Black Honey,Piece.,11.0,https://images.deliveryhero.io/image/talabat/Menuitems/2021-11-29_TALABAT_U_637739526045879742.jpg?width=172&amp;height=172
Old Cheese,Packet 250 gm. ,7.5,https://images.deliveryhero.io/image/talabat/Menuitems/10_جبنة_مش_637726598264184023.jpg?width=172&amp;height=172
