item_name,item_description,item_price,item_image
Meat Dumpling (Пельмени),"Minced beef with chicken, dough and bouillon.",22.0,https://images.deliveryhero.io/image/talabat/Menuitems/mmw_637905533092077707?width=172&amp;height=172
 Pancakes With Meat (Блинчики с мясом) ,,17.0,https://images.deliveryhero.io/image/talabat/Menuitems/22MAY30_TALABAT_UAE_SKAZK637895923796338361.jpg?width=172&amp;height=172
Russian Borsh Soup (Борщ),"Beetroot, cabbage, potato and beef.",20.0,https://images.deliveryhero.io/image/talabat/Menuitems/mmw_637905587796463325?width=172&amp;height=172
Syrniki Curd Fritter,,22.0,https://images.deliveryhero.io/image/talabat/Menuitems/22MAY30_TALABAT_UAE_SKAZK637895923998207020.jpg?width=172&amp;height=172
Russian Stuffed Cabbage (Голубцы),"Cabbage, minced beef, rice, potatoes, cucumber and onion.",26.0,https://images.deliveryhero.io/image/talabat/Menuitems/mmw_637974489953139995?width=172&amp;height=172
Ricе Porridge (Рисовая Каша),Rice boiling in milk with little sugar.,20.0,https://images.deliveryhero.io/image/talabat/Menuitems/22MAY30_TALABAT_UAE_SKAZK637895923904233086.jpg?width=172&amp;height=172
Omelette (Омлет),Mixed fried eggs.,20.0,https://images.deliveryhero.io/image/talabat/Menuitems/22MAY30_TALABAT_UAE_SKAZK637895924267025032.jpg?width=172&amp;height=172
 Pancakes With Meat (Блинчики с мясом) ,,17.0,https://images.deliveryhero.io/image/talabat/Menuitems/22MAY30_TALABAT_UAE_SKAZK637895923796338361.jpg?width=172&amp;height=172
 Pancakes With Cottage Cheese (Блинчики с творогом),,17.0,https://images.deliveryhero.io/image/talabat/Menuitems/22MAY30_TALABAT_UAE_SKAZK637895923684303838.jpg?width=172&amp;height=172
Pancakes With Condensed Milk (Блинчики с сгущенкой),,17.0,https://images.deliveryhero.io/image/talabat/Menuitems/22MAY30_TALABAT_UAE_SKAZK637895923469799859.jpg?width=172&amp;height=172
Blinchiki So Smetanoy Pancakes With Sour Cream,,17.0,https://images.deliveryhero.io/image/talabat/Menuitems/22MAY30_TALABAT_UAE_SKAZK637895923545595282.jpg?width=172&amp;height=172
Syrniki Curd Fritter,,22.0,https://images.deliveryhero.io/image/talabat/Menuitems/22MAY30_TALABAT_UAE_SKAZK637895923998207020.jpg?width=172&amp;height=172
Draniki Potato Pancakes ,,22.0,https://images.deliveryhero.io/image/talabat/Menuitems/22MAY30_TALABAT_UAE_SKAZK637895924086389240.jpg?width=172&amp;height=172
Semolina (Манная каша),,20.0,
Russian Style Herring (селедка с картошкй),"Potato, onion and herring.",32.0,https://images.deliveryhero.io/image/talabat/Menuitems/22MAY30_TALABAT_UAE_SKAZK637895924797604575.jpg?width=172&amp;height=172
Boiled Beef Tongue (язык отварной),,32.0,https://images.deliveryhero.io/image/talabat/Menuitems/mmw_638074762330698333?width=172&amp;height=172
Russian Borsh Soup (Борщ),"Beetroot, cabbage, potato and beef.",20.0,https://images.deliveryhero.io/image/talabat/Menuitems/mmw_637905587796463325?width=172&amp;height=172
Meatball Soup (Суп с Фрикадельками),"Potato, carrot, beef and onions",20.0,https://images.deliveryhero.io/image/talabat/Menuitems/mmw_637909766257870963?width=172&amp;height=172
Assorted Meat Soup (Солянка),"Smoked sausage, beef, sausage and marinate cucumber",24.0,https://images.deliveryhero.io/image/talabat/Menuitems/22MAY30_TALABAT_UAE_SKAZK637895928212997814.jpg?width=172&amp;height=172
Mushroom Soup (грибной суп),"Potato, carrot, beef, mushrooms and onions",22.0,https://images.deliveryhero.io/image/talabat/Menuitems/22MAY30_TALABAT_UAE_SKAZK637895928293828221.jpg?width=172&amp;height=172
Chicken Soup (куриный суп),"Chicken, carrot, potato and spaghetti",20.0,https://images.deliveryhero.io/image/talabat/Menuitems/22MAY30_TALABAT_UAE_SKAZK637895927916574425.jpg?width=172&amp;height=172
Okroshka Soup (Окрошка),"Laban up, beef, eggs, potato and cucumber",20.0,https://images.deliveryhero.io/image/talabat/Menuitems/mmw_637905590277698643?width=172&amp;height=172
Rassolnik Soup (рассольник),"Pearl barley, potato, marinated cucumber, carrot and onions",20.0,https://images.deliveryhero.io/image/talabat/Menuitems/22MAY30_TALABAT_UAE_SKAZK637895928093562128.jpg?width=172&amp;height=172
Mushroom Creamy Soup (Грибной крем-суп),,23.0,
Fish Soup Ukha (Суп Уха),,21.0,
Chicken Kiev Cutlet (Киевские котлеты),Minced chicken stuffed with butter.,24.0,https://images.deliveryhero.io/image/talabat/Menuitems/mmw_637909750669930497?width=172&amp;height=172
Meat Cutlets (Мясные котлеты),Minced beef and bread crumbs.,24.0,https://images.deliveryhero.io/image/talabat/Menuitems/mmw_637905529529706007?width=172&amp;height=172
Russian Stuffed Cabbage (Голубцы),"Cabbage, minced beef, rice, potatoes, cucumber and onion.",26.0,https://images.deliveryhero.io/image/talabat/Menuitems/mmw_637974489953139995?width=172&amp;height=172
Meatballs (Тефтели),"Minced beef, rice, potatoes, carrot, tomatoes and onion.",24.0,https://images.deliveryhero.io/image/talabat/Menuitems/mmw_637909753505935799?width=172&amp;height=172
Lagman (Лагман),Vegetables and beef,30.0,https://images.deliveryhero.io/image/talabat/Menuitems/mmw_637909755162376545?width=172&amp;height=172
Meat Dumpling (Пельмени),"Minced beef with chicken, dough and bouillon.",22.0,https://images.deliveryhero.io/image/talabat/Menuitems/mmw_637905533092077707?width=172&amp;height=172
Potato Dumplings (Вареники с Картошкой),Dumpling inside potato boiling,22.0,https://images.deliveryhero.io/image/talabat/Menuitems/mmw_637974489394248796?width=172&amp;height=172
Cottage Cheese Dumplings (Вареники с Творогом),Dumplings inside Cottage cheese boiling,22.0,https://images.deliveryhero.io/image/talabat/Menuitems/steamed_momos637913217686426574.jpg?width=172&amp;height=172
Beefstroganov (Бефстроганов),"Beef, mushroom, onion and milk cream.",32.0,https://images.deliveryhero.io/image/talabat/Menuitems/mmw_637909758322906825?width=172&amp;height=172
Salmon Steak Steyk Lososya,"Fried salmon, salad, rice.",47.0,https://images.deliveryhero.io/image/talabat/Menuitems/mmw_637905531523575860?width=172&amp;height=172
 Mushroom With Meat And Potato (Грибы с картошкой и мясом) ,Fried potato mushrooms and onion,32.0,https://images.deliveryhero.io/image/talabat/Menuitems/mmw_637979696475424880?width=172&amp;height=172
Uzbek Plov (Плов Узбекский),"Beef, rice, carrot, raisin and chickpeas.",30.0,https://images.deliveryhero.io/image/talabat/Menuitems/mmw_637909765682619298?width=172&amp;height=172
Half Chicken Tabaka (1/2 цыпленок табака),Fried chicken,0.0,https://images.deliveryhero.io/image/talabat/Menuitems/mmw_637974502123685374?width=172&amp;height=172
Julienne (Жульен),"Chicken, cheese, onion and milk cream.",32.0,https://images.deliveryhero.io/image/talabat/Menuitems/mmw_637974492125090970?width=172&amp;height=172
Beef With Mushroom In Pot (Телятина в горшочке),"Beef, potatoes, onion and milk cream.",32.0,
Chicken In Pot (Курица в горшочке),"Chicken, potatoes, onion and milk cream.",31.0,
Kazan Kebab,Lam beef with potato fried,57.0,https://images.deliveryhero.io/image/talabat/Menuitems/mmw_637909763106878786?width=172&amp;height=172
Fried beef tongue with onions (Язык с луком жареный),,35.0,
Quail (Перепелки),,32.0,
 Ground Beef Kebab Skewers (Молотый шашлык),,38.0,https://images.deliveryhero.io/image/talabat/Menuitems/22MAY30_TALABAT_UAE_SKAZK637895926704100719.jpg?width=172&amp;height=172
Beef Tikka (Кусковой шашлык),,38.0,https://images.deliveryhero.io/image/talabat/Menuitems/Kabab_Barg637913217346029399.jpg?width=172&amp;height=172
Chicken Tikka (Куринный шашлык),,36.0,https://images.deliveryhero.io/image/talabat/Menuitems/mmw_637906299311458861?width=172&amp;height=172
Lamp Chops (Ребрышки барание) ,,47.0,https://images.deliveryhero.io/image/talabat/Menuitems/mmw_637906298040515150?width=172&amp;height=172
Perepelkina Grille Grilled Quails ,,30.0,https://images.deliveryhero.io/image/talabat/Menuitems/mmw_637910664844859924?width=172&amp;height=172
Mix Kebab (Ассорти шашлык),"Ground beef, beef, lamb chops, chicken, chicken wing and vegetables",52.0,https://images.deliveryhero.io/image/talabat/Menuitems/22MAY30_TALABAT_UAE_SKAZK637895926954420157.jpg?width=172&amp;height=172
Chiсken Wings (Крылошки куриные),,36.0,https://images.deliveryhero.io/image/talabat/Menuitems/mmw_637910669213575980?width=172&amp;height=172
Pie With Potato (Пирожки с картошкой),	=,11.0,https://images.deliveryhero.io/image/talabat/Menuitems/22MAY30_TALABAT_UAE_SKAZK637895928918751847.jpg?width=172&amp;height=172
Pie With Cabbage (Пирожки с капустой),Fried pie,11.0,https://images.deliveryhero.io/image/talabat/Menuitems/22MAY30_TALABAT_UAE_SKAZK637895929069042752.jpg?width=172&amp;height=172
Pie With Meat (Беляш),Fried pie,12.0,https://images.deliveryhero.io/image/talabat/Menuitems/22MAY30_TALABAT_UAE_SKAZK637895928989978640.jpg?width=172&amp;height=172
Pasties With Meat (Чебурек) ,Fried pasties,12.0,https://images.deliveryhero.io/image/talabat/Menuitems/mmw_637910659751041807?width=172&amp;height=172
Uzbek Bread (Лепешка узбекская) ,,6.0,https://images.deliveryhero.io/image/talabat/Menuitems/mmw_638032587800681922?width=172&amp;height=172
French Fries (Картошка фри),,12.0,https://images.deliveryhero.io/image/talabat/Menuitems/mmw_637974500579524546?width=172&amp;height=172
Mashed Potatoes (Пюре картовельное),,12.0,https://images.deliveryhero.io/image/talabat/Menuitems/mmw_637906285087757198?width=172&amp;height=172
Buckwheat (Гречка),,12.0,
Braised cabbage (Капуста тушеная),,14.0,
Spaghetti (Спагетти),,12.0,
Kimchi Salad (Кимчи),Spicy Korean Cabbage,19.0,https://images.deliveryhero.io/image/talabat/Menuitems/22MAY30_TALABAT_UAE_SKAZK637916598882468760.jpg?width=172&amp;height=172
Korean Style Carrot Salad (Морковча),Spicy cabbage salad.,19.0,https://images.deliveryhero.io/image/talabat/Menuitems/22MAY30_TALABAT_UAE_SKAZK637895925930660944.jpg?width=172&amp;height=172
Olivier Salad (Оливье),"Beef, potatoes, carrot, pickled cucumber, eggs, green peas and mayonnaise.",20.0,https://images.deliveryhero.io/image/talabat/Menuitems/mmw_637979697538692156?width=172&amp;height=172
Pickled Tomato (Малосоленные помидоры),,19.0,https://images.deliveryhero.io/image/talabat/Menuitems/22MAY30_TALABAT_UAE_SKAZK637895925242356846.jpg?width=172&amp;height=172
Greek Salad (Греческий салат),"Tomato, cucumber, iceberg lettuce, black olives and feta cheese.",23.0,https://images.deliveryhero.io/image/talabat/Menuitems/mmw_637979698006586034?width=172&amp;height=172
Chicken Caesar Salad (Цезарь с курицей),"Chicken, cherry tomatoes, iceberg lettuce, crackers, parmesan cheese and caesar sauce.",24.0,https://images.deliveryhero.io/image/talabat/Menuitems/22MAY30_TALABAT_UAE_SKAZK637895926495665100.jpg?width=172&amp;height=172
Crab Salad (крабовый салат),"Crab sticks, Tomatoes, cucumber, corn and mayonnaise.",19.0,https://images.deliveryhero.io/image/talabat/Menuitems/22MAY30_TALABAT_UAE_SKAZK637895926574244864.jpg?width=172&amp;height=172
Pickled Cucumber (Малосоленные огурцы) ,,16.0,https://images.deliveryhero.io/image/talabat/Menuitems/mmw_637979697295553950?width=172&amp;height=172
Dressed Herring (Селедка под Шубой),,22.0,
Chocolate Cake (Шоколадный торт),,14.0,https://images.deliveryhero.io/image/talabat/Menuitems/mmw_637960759623859023?width=172&amp;height=172
Napoleon Cake (Торт Наполен),,14.0,https://images.deliveryhero.io/image/talabat/Menuitems/mmw_637960759390833552?width=172&amp;height=172
Honey Cake (Медовый торт),,14.0,https://images.deliveryhero.io/image/talabat/Menuitems/mmw_637960759209521365?width=172&amp;height=172
Russian Compote 0.5 Liter,"Mixed berries, apple and sugar.",17.0,https://images.deliveryhero.io/image/talabat/Menuitems/mmw_637974509953713758?width=172&amp;height=172
Orange Juice (Апельсиновый фреш),Freshly squeezed.,14.0,https://images.deliveryhero.io/image/talabat/Menuitems/orange637913215823887111.jpg?width=172&amp;height=172
Carrot Juice,Freshly squeezed.,14.0,https://images.deliveryhero.io/image/talabat/Menuitems/Carrot_Juice637913215916490769.jpg?width=172&amp;height=172
Russian Mixed Fruits Kompot (Фруктовый компот),"Mixed Berries, Apple, And Sugar",12.0,
Mango Juice (Манго фреш),,13.0,
Watermelon  Juice (Арбузный фреш),,12.0,
Pomegranate Juice (Гранатовый фреш),,12.0,
Apple Juice (Яблочный фреш),,11.0,
Avocado Juice (Фреш из авокадо),,13.0,
