item_name,item_description,item_price,item_image
CHICKEN DUM BIRIYANI,"A classic Indian rice dish prepared with aromatic basmati rice and tender chicken pieces cooked in a blend of spices, layered together and slow-cooked to perfection",16.0,https://images.deliveryhero.io/image/talabat/Menuitems/mmw_638224263499605062?width=172&amp;height=172
BEEF DUM BIRIYANI,"Similar to chicken dum biryani, but with succulent pieces of beef cooked with fragrant spices and layered with basmati rice for a rich and flavorful dish",18.0,https://images.deliveryhero.io/image/talabat/Menuitems/mmw_638224174592368847?width=172&amp;height=172
FISH BIRIYANI,"A delectable biryani preparation where fish, such as bone-in pieces of marinated fish or fish fillets, is cooked with aromatic rice, spices, and herbs, creating a flavorful seafood dish",20.0,https://images.deliveryhero.io/image/talabat/Menuitems/mmw_638224974938840905?width=172&amp;height=172
PRAWNS BIRIYANI,"Biryani made with succulent and marinated prawns large shrimp cooked with fragrant rice, spices, and herbs, offering a delightful combination of flavors",24.0,https://images.deliveryhero.io/image/talabat/Menuitems/mmw_638224973842208565?width=172&amp;height=172
EGG BIRIYANI,"A flavorful biryani variety where boiled eggs are combined with fragrant rice and aromatic spices, resulting in a satisfying and protein-rich rice dish",15.0,https://images.deliveryhero.io/image/talabat/Menuitems/mmw_638224974410891552?width=172&amp;height=172
VEGETABLE BIRIYANI," A vegetarian version of biryani featuring a mix of fresh vegetables, aromatic spices, and basmati rice, creating a flavorful and nutritious rice-based meal ",13.0,https://images.deliveryhero.io/image/talabat/Menuitems/mmw_638224972284690081?width=172&amp;height=172
ARABIC BIRIYANI,"An Arabian-style biryani that incorporates Middle Eastern flavors and cooking techniques, often featuring fragrant rice, tender meat such as chicken or beef, and a unique blend of spices",22.0,
CHICKEN HYDRABADI BIRIYANI,"A famous regional variant of biryani originating from Hyderabad, India. It is made with basmati rice, marinated chicken, and a blend of flavorful spices, offering a rich and aromatic taste",20.0,https://images.deliveryhero.io/image/talabat/Menuitems/mmw_638224974021010935?width=172&amp;height=172
CHICKEN POTHI BIRIYANI,"Pothi biryani is a layered biryani where the rice and marinated chicken are cooked separately and then combined in alternating layers, resulting in a visually appealing and delicious dish",18.0,
BEEF POTHI BIRIYANI,"Similar to chicken pothi biryani, but with tender pieces of beef layered with fragrant rice, creating a flavorful and satisfying biryani preparation",20.0,
MUTTON HYDRABADI BIRIYANI,A Hyderabadi-style biryani preparation featuring tender mutton pieces cooked with aromatic spices and layered with basmati rice for a rich and flavorful one-pot meal,22.0,https://images.deliveryhero.io/image/talabat/Menuitems/mmw_638224340383746192?width=172&amp;height=172
GHEE RICE WITH BEEF CURRY,Fragrant rice served with savory beef curry.,16.0,https://images.deliveryhero.io/image/talabat/Menuitems/mmw_638224265775209648?width=172&amp;height=172
GHEE RICE WITH CHICKEN CURRY,,16.0,https://images.deliveryhero.io/image/talabat/Menuitems/mmw_638224266517769952?width=172&amp;height=172
Ghee Rice,"Rice cooked with ghee clarified butter and aromatic spices, resulting in a rich and flavorful side dish",10.0,https://images.deliveryhero.io/image/talabat/Menuitems/mmw_638224209063753303?width=172&amp;height=172
CHICKEN PULAO,"A rice dish cooked with chicken, fragrant spices, and sometimes vegetables, creating a flavorful one-pot meal",16.0,
KASHMIRI PULAO,"A traditional rice dish from Kashmir, India, made with fragrant basmati rice, nuts, raisins, and aromatic spices like cardamom and saffron",16.0,
VEGETABLE PULAO,"Fragrant basmati rice, cooked with a medley of vegetables",13.0,
MUTTON PULAO,"Tender mutton pieces, infused with aromatic spices, and garnished with fresh herbs.",20.0,
Plain Rice,Chilled latte coffee with a Spanish twist.,8.0,https://images.deliveryhero.io/image/talabat/Menuitems/mmw_638224208389860205?width=172&amp;height=172
JEERA RICE,"Jeera Rice, made using premium basmati rice, fragrant cumin, and a blend of traditional spices.",10.0,
Tomato Rice,"Tomato-based sauce, infused with aromatic spices, and garnished with fresh herbs.",10.0,https://images.deliveryhero.io/image/talabat/Menuitems/mmw_638224340060744679?width=172&amp;height=172
COCONUT RICE,Rice cooked with coconut milk.,10.0,
DAL KITCHADI,"A comforting dish made with lentils dal and rice, often cooked together with spices and served as a wholesome meal",10.0,https://images.deliveryhero.io/image/talabat/Menuitems/mmw_638224245149820881?width=172&amp;height=172
Curd Rice,"A refreshing south indian dish made with steamed rice, tangy yogurt, and aromatic spices",10.0,
BIRIYANI RICE,"A fragrant and flavorful rice dish cooked with aromatic spices, meat, and/or vegetables, originating from South Asia.",10.0,https://images.deliveryhero.io/image/talabat/Menuitems/mmw_638224261906124224?width=172&amp;height=172
GARLIC RICE,"Fragrant and flavorful, this aromatic rice dish is infused with the rich and distinctive taste of garlic",10.0,https://images.deliveryhero.io/image/talabat/Menuitems/mmw_638215717780927593?width=172&amp;height=172
ARABIC RICE WITH CHICKEN TIKKA,,18.0,
ARABIC RICE WITH CHICKEN KABAB,,18.0,
ARABIC RICE WITH CHICKEN CHARCOL,,18.0,
METRO CHICKEN FULL,,60.0,https://images.deliveryhero.io/image/talabat/Menuitems/mmw_638215696671832767?width=172&amp;height=172
METRO CHICKEN HALF,,32.0,
CHICKEN CHUTTY CURRY,"Chicken Chutty Curry is a popular South Indian dish where
chicken is cooked in a thick, flavorful gravy made with onions, tomatoes, and a
blend of spices.",25.0,https://images.deliveryhero.io/image/talabat/Menuitems/mmw_638215694564296962?width=172&amp;height=172
TIGER CHICKEN,"Tiger Chicken is a dish made with chicken marinated in a special
spicy sauce and then grilled or roasted It gets its name from the distinctive
striped appearance created by the marinade.",22.0,https://images.deliveryhero.io/image/talabat/Menuitems/mmw_638213184151186737?width=172&amp;height=172
MANAVATTI CHICKEN,"It is a popular chicken dish that is typically spicy and
flavorful The chicken is cooked with a blend of spices and usually has a thick
gravy.",22.0,
COCONUT THAI FISH,"This dish is influenced by Thai cuisine and features fish
cooked in a coconut milk-based sauce with Thai spices, herbs, and flavors.",32.0,
Mutton Chatty Curry,"Mutton Chutty Curry is a South Indian dish where mutton is
cooked in a thick and flavorful gravy made with onions, tomatoes, and a blend of
spices.",28.0,
MUTTON MAPPAS,"Mutton Mappas is a Kerala style dish made with mutton goat
meat cooked in a creamy coconut milk-based sauce with spices like cinnamon,
cloves, and cardamom.",24.0,
MUTTON CHAPS,"These are lamb or mutton chops that are typically marinated with
spices and then grilled, baked, or fried until they are tender and flavorful.",26.0,
MUTTON KARAKUDI,"Mutton Karakudi is a spicy and flavorful mutton goat mea
curry inspired by the cuisine of Karaikudi, a city in Tamil Nadu, India. It is known
for its use of traditional spices and rich taste.",24.0,
Beef Chatty Curry,,26.0,
BEEF KIZHI,A dish made with beef and aromatic spices wrapped in banana leaves and steamed.,22.0,
BEEF KANTHARI ROAST,,24.0,
PRAWNS KIZHI,"Prawns Kizhi is a dish where prawns are marinated with spices and
wrapped in a banana leaf before being steamed or grilled. This method of
cooking helps infuse the prawns with the flavors of the spices and leaves.",28.0,
MILLENIUM CHICKEN HALF,,32.0,
COCONUT THAI CHICKEN,"Coconut Thai Chicken is a dish inspired by Thai cuisine. It
typically consists of chicken cooked in a creamy coconut milk based sauce with
Thai spices, such as lemongrass, ginger and chili.",28.0,
KOTTAYAM CHICKEN,"Kottayam Chicken is a spicy and tangy chicken curry from the
Kottayam region of Kerala, India. It is known for its fiery red color and is typically
served with rice or appam (a type of pancake).",22.0,
PUTHIYAPLA CHICKEN,,26.0,
PALAZHI CHICKEN,"Palazhi Chicken is a coastal Kerala dish where chicken is
cooked with a blend of spices, coconut, and raw mango It has a tangy and spicy
taste.",22.0,
ACHAYAN CHICKEN,"Achayan Chicken is a Kerala style chicken curry It is known for
its rich and aromatic flavors, with a combination of spices and coconut milk.",22.0,
MILLENIUM CHICKEN FULL,,60.0,
KADAL KOOTU,"Kadal Kootu is a traditional South Indian dish made with lentils,
vegetables (such as ash gourd or snake gourd), and coconut. It is usually served
as a side dish with rice.",55.0,
Jumbo Meal,large sized meal,60.0,https://images.deliveryhero.io/image/talabat/Menuitems/mmw_638216582963897319?width=172&amp;height=172
Family Meal,Meal package designed for a family with multiple food items.,40.0,https://images.deliveryhero.io/image/talabat/Menuitems/mmw_638227602838308242?width=172&amp;height=172
Dinner Meal,A complete meal served for dinner.,24.0,https://images.deliveryhero.io/image/talabat/Menuitems/mmw_638225001141966751?width=172&amp;height=172
Snack Meal,Light snack sized meal.,18.0,https://images.deliveryhero.io/image/talabat/Menuitems/mmw_638216583711284017?width=172&amp;height=172
CHICKEN BULLET SHOT,"a dish where chicken pieces are
marinated in a spicy and tangy sauce, skewered, and then grilled or roasted",18.0,
DRAGON CHICKEN,a Chinese-inspired dish where chicken pieces are stir fried with a variety of vegetables and a spicy sauce. It is typically served as an appetizer,18.0,https://images.deliveryhero.io/image/talabat/Menuitems/mmw_638215699312534219?width=172&amp;height=172
CHICKEN LOLLIPOP,"a popular appetizer where chicken wings are frenched, coated in a batter or marinade, and then deep-fried until they become crispy and resemble a lollipop",18.0,
FRIED CHILLY PRAWNS,,22.0,
CHICKEN 65,Spicy and crispy chicken appetizer.,18.0,https://images.deliveryhero.io/image/talabat/Menuitems/mmw_638224209800388582?width=172&amp;height=172
MUSHROOM PEPPER FRY,Stirfried dish made with mushrooms and peppers.,12.0,
GOBI 65,"Coated cauliflower florets, fried to golden perfection, and garnished with fresh herbs.",12.0,
GOLDEN FRIED PRAWNS,Deep-fried prawns with a golden and crispy coating.,22.0,
FRENCH FRIES,"Fried to a golden crisp perfection and perfectly seasoned, perfect accompaniment to any meal.",12.0,https://images.deliveryhero.io/image/talabat/Menuitems/mmw_638216582545571900?width=172&amp;height=172
CHICKEN NUGGETS,"Made with 100% all-white meat chicken, crunchy on the outside and juicy on the inside, they're a perfect snack or side dish to enjoy with any meal.",14.0,
HUNAN CHICKEN,,18.0,
LARGE MIX GRILL ,platter of mixed grilled meats,130.0,
MEDIUM MIX GRILL ,"Medium mix grill, a platter filled with a medium sized portion of mixed grilled meat and chicken.",72.0,
SEAFOOD MIX GILL,,75.0,
SPECIAL CHICKEN CHARCOL,,58.0,
GREEN CHILLI CHARCOL FULL,,55.0,
GREEN CHILLI CHARCOL HALF,,30.0,
PERI PERI CHARCOL FULL,,58.0,
PERI PERI CHARCOL HALF,,30.0,
PEPPER CHARCOL FULL,,55.0,
PEPPER CHARCOL HALF,,30.0,
REDCHILLI CHARCOL FULL,,58.0,
REDCHILLI CHARCOL HALF,,30.0,
CHICKEN CHARCOL FULL,,50.0,
CHICKEN CHARCOL HALF,,25.0,
MIX CHARCOL,,60.0,
Chicken Tikka,Juicy chicken pieces marinated in a tantalizing blend of spices.,30.0,
CHICKEN KABAB,"Tender and succulent chicken kabab, marinated in blend of spices and grilled to perfection",30.0,
YOGURT CHICKEN TIKKA,,30.0,
CHICKEN WINGS,"Fried or grilled chicken wings, often seasoned with spices or sauces.",18.0,
MUTTON TIKKA,,32.0,
MUTTON KABAB,Juicy grilled mutton kebab.,32.0,
Lamb Chops,"Juicy, tender and richly flavored lamb chops, seasoned to perfection and grilled to become golden brown",35.0,
ARAYES CHICKEN,"Arayes chicken, stuffed pita bread with flavorful chicken filling.",15.0,
ARAYES MUTTON,,18.0,
HUMMOUS,"A Middle Eastern dip or spread made from cooked chickpeas, tahini sesame paste, garlic, lemon juice, and olive oil",8.0,
MUTTON TIKKA YOGHURT,,35.0,
FIVE STAR GRILL,,38.0,
GARLIC,A pungent and aromatic ingredient used in various dishes.,8.0,
GREAT SPECIAL TIKKA,,40.0,https://images.deliveryhero.io/image/talabat/Menuitems/mmw_638213195992109609?width=172&amp;height=172
TANDOORI CHICKEN FULL,"A whole chicken marinated in a mixture of yogurt and spices, traditionally cooked in a tandoor clay oven until it becomes tender and has a smoky flavor",45.0,https://images.deliveryhero.io/image/talabat/Menuitems/mmw_638215691094310121?width=172&amp;height=172
TANDOORI CHICKEN HALF,Half of a chicken marinated and cooked in the same way as the full tandoori chicken.,25.0,https://images.deliveryhero.io/image/talabat/Menuitems/mmw_638224372886605711?width=172&amp;height=172
CHICKEN TIKKA TANDOORI,"Boneless chicken pieces marinated in a blend of yogurt spices and lemon juice, and then grilled in a tandoor or oven",22.0,https://images.deliveryhero.io/image/talabat/Menuitems/mmw_638224374647985327?width=172&amp;height=172
AFGHANI CHICKEN,"A dish where chicken pieces are marinated in a creamy mixture of yogurt, cream, garlic, and spices, then roasted or grilled to perfection",22.0,
MALAI CHICKEN TIKKA,"Boneless chicken pieces marinated in a mixture of cream, cheese and spices, and then cooked until tender and slightly charred",22.0,https://images.deliveryhero.io/image/talabat/Menuitems/mmw_638215689747315928?width=172&amp;height=172
GRALIC CHICKEN TIKKA,"Boneless chicken pieces marinated in a flavorful mixture of garlic spices, and yogurt, and then grilled to perfection",25.0,
Hariyali Chicken Tikka,"Chicken pieces marinated in a vibrant green marinade made with a blend of coriander. mint, green chilies, and other spices, and then grilled to perfection",22.0,https://images.deliveryhero.io/image/talabat/Menuitems/mmw_638215696236608293?width=172&amp;height=172
PEPPER CHICKEN TIKKA,"Chicken pieces marinated with a combination of black pepper, spices, and yogurt, and then cooked until tender and slightly charred",24.0,
CHICKEN SEEKH KABAB,"Skewered and grilled minced chicken mixed with spices, herbs and onions, resulting in flavorful and succulent kababs",25.0,
MUTTON SEEKH KABAB,"Similar to chicken seekh kababs, but made with minced mutton lamb or goat instead",32.0,
chicksilog,"is popular Filipino breakfast dish. It consists of three components Chick refers to fried chicken, si stands for sinangag garlic fried rice and log represents itlog fried egg. It is hearty and satisfying meal enjoyed in morning or any time of the day",24.0,
tapsilog,"is another well known Filipino breakfast dish. It is combination of tap short for tapa, thinly sliced, marinated beef si sinangag garlic fried rice And log itlog fried egg. beef is typically savory, slightly sweet and dish is often enjoyed with side of vinegar or achara pickled papaya",24.0,https://images.deliveryhero.io/image/talabat/Menuitems/mmw_638224049878685590?width=172&amp;height=172
bansilog,"is breakfast dish similar to Chicksilog and Tapsilog but with different protein component. Ban stands for bangus which means milkfish in English. It is usually served as boneless, marinated milkfish fillet, accompanied by sinangag garlic fried rice and itlog fried egg. bangus has tender, flavorful taste And making it popular choice for this meal",26.0,https://images.deliveryhero.io/image/talabat/Menuitems/mmw_638215696405971821?width=172&amp;height=172
beef kare kare,"is traditional Filipino stew made with tender beef, vegetables commonly eggplant, pechay or bok choy, string beans and thick peanut sauce. It is often served with bagoong shrimp paste on side. rich, savory flavors of beef and creamy peanut sauce make Kare Kare beloved Filipino dish",26.0,
chicken sisig,"is popular Filipino dish made from chopped chicken meat usually grilled or boiled, seasoned with various spices and citrus juices. It is typically served on sizzling plate, topped with crispy onions, accompanied by calamansi Filipino lime and soy sauce. Chicken Sisig offers combination of savory, tangy and slightly spicy flavors",24.0,
bulalo,"is comforting Filipino soup dish made with beef shanks, bone marrow simmered for hours to create rich and flavorful broth. It is typically cooked with vegetables like corn, cabbage, bok choy and often served with side of patis fish sauce and calamansi. Bulalo is known for its hearty and satisfying qualities",28.0,
chicken adobo,"is one of most famous Filipino dishes. It consists of chicken pieces marinated, simmered in flavorful mixture of soy sauce, vinegar, garlic and spices. chicken is cooked until tender, sauce thickens resulting in tangy, savory and slightly sweet taste. It is often served with steamed rice",22.0,
sinigang na hipon,"is classic Filipino soup made with shrimp hipon and tamarind broth. It features sour and savory flavor profile achieved by using tamarind pulp or sinigang mix as base. soup is cooked with various vegetables like kangkong water spinach, radish, eggplant. resulting in delightful and comforting dish",26.0,
kizhi paratha beef,"is traditional Indian flatbread that is typically stuffed with various ingredients and cooked on griddle. In case of Kizhi Paratha Beef And paratha is filled with spiced beef mixture. beef is typically cooked with blend of aromatic spices, onions and herbs providing flavorful filling for paratha",15.0,https://images.deliveryhero.io/image/talabat/Menuitems/mmw_638224182420008234?width=172&amp;height=172
kizhi paratha chicken,"Similar to Kizhi Paratha Beef, Kizhi Paratha Chicken is variation of stuffed Indian flatbread. It features filling made with cooked and spiced chicken which is stuffed into paratha dough. chicken is seasoned with blend of spices such as turmeric, cumin, coriander and chili powder resulting in delicious and savory filling",12.0,
chicken kothu paratha,"is popular South Indian street food dish. It consists of shredded paratha layered flatbread stir fried with tender pieces of chicken, vegetables, medley of spices and seasonings. paratha is chopped into small pieces during cooking process giving dish its characteristic texture and flavor",16.0,
beef kothu paratha,"Similar to Chicken Kothu Paratha, Beef Kothu Paratha is variation of dish that features shredded paratha stir fried with spiced beef and vegetables. beef is typically cooked with mix of aromatic spices, onions and tomatoes. creating delicious and savory filling for paratha",18.0,
nidhi paratha,"is popular Indian stuffed paratha dish. It typically consists of crispy and flaky paratha filled with variety of ingredients such as spiced potatoes, onions and herbs. filling is cooked and seasoned before being stuffed into paratha dough creating flavorful and satisfying meal",22.0,https://images.deliveryhero.io/image/talabat/Menuitems/mmw_638224052188196379?width=172&amp;height=172
King Fish Mango Curry,,24.0,
Hummour Masala,,38.0,
Avoli Masala,,42.0,
Prawns Masala,"Succulent prawns cooked in a fragrant and savory blend of indian spices, herbs, and tomatoes",25.0,
Crab Varattiyathu,,22.0,https://images.deliveryhero.io/image/talabat/Menuitems/mmw_638224342967766956?width=172&amp;height=172
Crab Nadan Curry,,22.0,
Chemmeen Varattiyathu,,24.0,
Chemmeen Roast,,25.0,
Chemmeen Dry Fry,,25.0,
King Fish Tawa Fry,,25.0,https://images.deliveryhero.io/image/talabat/Menuitems/mmw_638224047392694007?width=172&amp;height=172
King Fish Masala,Spicy masala-coated kingfish dish.,24.0,https://images.deliveryhero.io/image/talabat/Menuitems/mmw_638224048562225836?width=172&amp;height=172
Hummour Tawa Fry,,38.0,
Avoli Pollichathu,,42.0,
Hummour Mango Curry,,38.0,
Prawns Mango Curry,Curry made with prawns and mango.,25.0,
Avoli Mango Curry,,42.0,
King Fish Mulakittathu,,24.0,
Hummour Mulakittathu,,38.0,
Avoli Mulakittahu,,42.0,
Prawns Mulakittathu,,25.0,
King Fish Molee,,24.0,
Hummour Molee,,38.0,
Prawns Molee,,25.0,
Avoli Molee,,42.0,
King Fish Pollichathu,,25.0,
Hummour Pollichathu,,38.0,
Avoli Tawa Fry,,42.0,
Butter Naan Bread,"Butter naan is a type of Indian bread made with all-purpose flour, yeast, yogurt and butter. It is traditionally cooked in a tandoor clay oven and is known for its soft and fluffy texture",4.0,
Garlic Naan Bread,Garlic naan is a variation of naan bread that is flavored with garlic and sometimes garnished with chopped coriander leaves. It has a distinct garlic flavor and is a popular accompaniment to Indian curries,4.0,
Aloo Paratha Bread, Aloo paratha is a popular Indian stuffed bread made with whole wheat dough and a filling of spiced mashed potatoes aloo. It is typically pan-fried with ghee or oil until golden and served with yogurt or pickle,5.0,
Plain Kulcha Bread,"Plain kulcha is a type of Indian bread similar to naan. It is made with all-purpose flour, yeast, yogurt and a pinch of salt. Unlike naan, kulcha is typically not cooked in a tandoor but on a griddle or tawa",3.0,
Butter Kulcha  Bread,Butter kulcha is a variant of kulcha bread that is brushed with melted butter before or after cooking. It adds richness and flavor to the bread and is often served with Indian gravies or curries,3.5,
Kerala Paratha Bread,"Kerala paratha, also known as Malabar paratha, is a layered and flaky flatbread from the Indian state of Kerala. It is made with all-purpose flour, oil or ghee, and water, and is cooked on a griddle or tawa",2.5,https://images.deliveryhero.io/image/talabat/Menuitems/mmw_638217531129303457?width=172&amp;height=172
Iddiyappam  Bread,"Iddiyappam, also known as string hoppers, is a traditional South Indian dish made from rice flour. It consists of steamed rice noodles pressed into a disc shape and is typically served with coconut milk or curry",2.5,https://images.deliveryhero.io/image/talabat/Menuitems/mmw_638224975434124816?width=172&amp;height=172
Chappathi Bread,"Chappathi, also spelled chapati or roti, is a thin unleavened Indian bread made from whole wheat flour. It is cooked on a tawa or griddle and is a common accompaniment to curries, dals, or other Indian dishes",2.5,https://images.deliveryhero.io/image/talabat/Menuitems/mmw_638224343146586149?width=172&amp;height=172
Tandoori Rotti Bread,"Tandoori roti is a type of Indian bread that is traditionally cooked
in a tandoor. It is made with whole wheat flour and is typically thinner and crisper
compared to naan or kulcha",2.5,https://images.deliveryhero.io/image/talabat/Menuitems/mmw_638224976585797656?width=172&amp;height=172
Wheat Paratha Bread,"Wheat paratha is a type of Indian bread made with whole wheat
flour. It is similar to aloo paratha but does not have a stuffing. It is often flavored
with spices and cooked on a griddle.",3.0,
Nice Pathiri  Bread,"Nice pathiri, also known as neypathal or neypathiri, is a traditional
dish from the Malabar region of Kerala, India. It is a thin and soft rice flour bread
that is deep-fried in oil",1.5,https://images.deliveryhero.io/image/talabat/Menuitems/mmw_638224370136892064?width=172&amp;height=172
Butter Rotti Bread,"roti is a variation of Indian roti where melted butter is added to
the dough. It gives the bread a rich and buttery flavor",3.0,https://images.deliveryhero.io/image/talabat/Menuitems/mmw_638222599906427545?width=172&amp;height=172
Kuboos,"Kuboos, also known as pita bread or Arabic bread, is a round, flatbread
commonly consumed in Middle Eastern cuisine. It is soft and fluffy, often used as
a wrap for fillings or as an accompaniment to various dishes",1.5,https://images.deliveryhero.io/image/talabat/Menuitems/mmw_638224369211740798?width=172&amp;height=172
Veg Kadai,"Made with juicy pieces of tender chicken, al dente pasta a blend of aromatic herbs and spices.",12.0,https://images.deliveryhero.io/image/talabat/Menuitems/mmw_638224977003789719?width=172&amp;height=172
Veg Kuruma,Creamy vegetarian curry.,12.0,
Aloo Gobi,"Aloo (potato) and gobhi (cauliflower) cooked together, a flavorful vegetable dish.",12.0,
Aloo Masala,Potatoes cooked in a rich and aromatic masala sauce.,12.0,
Bindi Masala,Okra (bindi) cooked in aromatic masala sauce.,12.0,
Bindi Fry,Okra (bindi) cooked to crispy perfection.,12.0,
Green Peas Masala,Tender peas in a tomato-based gravy with aromatic spices and creamy coconut milk,10.0,
Chana Masala,"Tender chickpeas simmered in a spicy and aromatic blend of tomato, onion, and cumin. Vegetarian meal",10.0,https://images.deliveryhero.io/image/talabat/Menuitems/mmw_638224341675999455?width=172&amp;height=172
Kadai Paneer,A popular indian dish featuring succulent paneer cubes cooked in a tomato-based gravy with a blend of aromatic spices and fresh herbs,16.0,https://images.deliveryhero.io/image/talabat/Menuitems/mmw_638224976955983273?width=172&amp;height=172
Paneer Butter Masala,"Paneer Butter Masala is a popular Indian dish made with paneer Indian cottage cheese cooked in a rich and creamy tomato based gravy. The gravy is flavored with spices, butter and cream, creating a luscious and flavorful dish. It is often garnished with fresh coriander leaves and served with naan or rice.",16.0,
Paneer Mutter Masala,"Paneer Mutter Masala is a flavorful dish that combines paneer and green peas in a spiced tomato based gravy. The paneer and peas are cooked together with spices, onions, tomatoes and other seasonings, resulting in a delightful and comforting dish. It is often enjoyed with roti, naan, or rice.",16.0,
Palak Paneer,"Palak Paneer is a classic North Indian dish that features paneer cooked in a creamy spinach gravy. The spinach is blanched, pureed and then simmered with spices, onions, garlic and cream. The dish offers a vibrant green color and a nutritious combination of flavors. It is commonly served with roti, naan, or rice.",16.0,
Paneer Burji,"Paneer Burji is a delicious and quick stir-fry dish made with crumbled paneer, onions, tomatoes and spices. The paneer is sautéed with the ingredients, allowing the flavors to blend and create a flavorful and textured dish. It is often enjoyed with roti, paratha, or bread.",16.0,
Dal Palak,"Dal Palak is a nutritious dish that combines lentils dal with spinach palak. The lentils are cooked with spinach, tomatoes, onions and spices, creating a flavorful and healthy dish. It is often served with rice or roti.",10.0,
Indian Dal Fry,"Dal Fry is a popular Indian dish made with lentils dal cooked to a smooth consistency and tempered with spices, onions, tomatoes and garlic. It offers a comforting and satisfying flavor.",8.0,
Dal Thadka,"Dal Tadka is a flavorful dish that involves cooking lentils dal with a tempering of spices, onions, tomatoes and ghee clarified butter. The tempering adds a distinct flavor and aroma to the dal, creating a delicious and comforting dish. It is typically served with rice or roti.",10.0,
Mushroom Masala,"Mushroom Masala is a savory dish made with mushrooms cooked in a spiced and flavorful gravy. The mushrooms are cooked with onions, tomatoes, garlic, ginger and a blend of spices, resulting in a delicious and aromatic dish. It is often enjoyed with roti, naan, or rice.",12.0,
Vegetable Malabari,Vegetable Malabari is a dish from the Malabar region of South India. It features a mix of vegetables cooked in a coconut-based gravy infused with aromatic spices. The dish offers a rich and creamy texture along with a blend of flavors from the coconut and spices. It is typically served with rice or roti.,10.0,
Alleppey Veg,"Alleppey Veg is a vegetarian dish named after Alappuzha Alleppey, a city in Kerala, South India. It typically includes a variety of vegetables cooked with coconut, spices and curry leaves, creating a flavorful and aromatic dish. It is often enjoyed with rice or roti.",12.0,
Mushroom Varattiyathu,"Mushroom Varattiyathu is a traditional Kerala-style dish that involves sautéing mushrooms with onions, tomatoes and a blend of spices. The dish offers a tangy and spicy flavor, showcasing the unique flavors of Kerala cuisine. It is commonly served with rice or roti.",12.0,
Mushroom Nadan Curry,"Mushroom Nadan Curry is a flavorful curry preparation from Kerala, South India. It combines mushrooms with a coconut-based gravy infused with traditional spices and flavors. The dish offers a rich and aromatic taste and is often enjoyed with rice or roti.",12.0,
Mushroom Onion Fry,"Mushroom Onion Fry is a simple yet delicious dish that involves stir-frying mushrooms with onions and spices. The mushrooms and onions are sautéed until golden and caramelized, resulting in a flavorful and crispy dish. It can be served as a side dish or enjoyed on its own.",14.0,
Vegetable Stew,"Vegetable Stew is a light and aromatic dish made with a medley of vegetables cooked in a flavorful coconut milk-based broth. It is delicately spiced with ginger, garlic, curry leaves and other seasonings. Vegetable Stew is often served with appam rice pancakes or bread.",12.0,
Indian Mix Vegetable,"A dish that includes a combination of various vegetables cooked together, often with spices and seasonings.",10.0,
Chicken Burger,"A classic favorite, this burger boasts a succulent chicken patty seasoned to perfection, accompanied by fresh lettuce, ripe tomatoes, onions, and a choice of delectable sauces. All sandwiched between soft, toasted buns, it's a savory delight",12.0,
BEEF BURGER,"A hearty and satisfying burger showcasing a juicy beef patty cooked to perfection. Topped with fresh vegetables, melted cheese, and a flavorful sauce, it offers a delicious combination of textures and tastes",12.0,
VEG BURGER,"A vegetarian delight, this burger features a flavorful veggie patty made with a blend of fresh vegetables, herbs, and spices. Complemented by crisp lettuce, ripe tomatoes, and a range of delectable toppings, it's a tasty and wholesome choice for plant-based enthusiasts",10.0,
CHICKEN DOUBLE BURGER,"A burger with two chicken patties, layered with cheese, lettuce, and condiments.",18.0,
BEEF DOUBLE BURGER, burger with two juicy beef patties,18.0,
ZINKER DOUBLE BURGER,,20.0,
JUMBO PRAWNS BURGER,,16.0,
CHICKEN CLUB,"featuring juicy chicken, fresh vegetables, creamy mayonnaise, and toasted bread.",17.0,
BEEF CLUB,"Beef Club - seasoned roast beef, fresh vegetables, mayo, toasted bread, and golden fries.",17.0,
ZINKER CLUB,Club sandwich from Zinker restaurant.,18.0,
MIXED CLUB,,20.0,
SPECIAL CLUB,"A sandwich layered with multiple ingredients like meat, cheese, lettuce, and mayo.",22.0,
ZINKER COMBO,Combo meal with a variety of Zinker items (specific to the restaurant).,16.0,
CHICKEN TIKKA COMBO,"A combination meal featuring succulent pieces of marinated and grilled chicken tikka, served with assorted side dishes like naan bread, salad, and chutneys",12.0,
JUMBO PRAWNS COMBO,"A satisfying combo meal that includes large grilled jumbo prawns served with accompaniments like rice, salad, and a choice of sauces",13.0,
NUGGETS COMBO,"A combo meal consisting of crispy and flavorful chicken or vegetable nuggets, often served with fries, coleslaw, and a dipping sauce",13.0,
BEEF MASALA,"Succulent beef simmered in a rich, flavorful masala sauce and infused with medley of fragrant spices",17.0,
BEEF VARATTIYATHU,Spicy and flavorful Kerala-style beef dish.,18.0,https://images.deliveryhero.io/image/talabat/Menuitems/mmw_638224978494882187?width=172&amp;height=172
BEEF ULARTHIYATHU,A delicious and spicy Kerala-style beef stir-fry.,18.0,https://images.deliveryhero.io/image/talabat/Menuitems/mmw_638224981257248861?width=172&amp;height=172
BEEF SHAPPU CURRY,,20.0,
BEEF COCONUT CHILLI FRY,,18.0,https://images.deliveryhero.io/image/talabat/Menuitems/mmw_638222599010786196?width=172&amp;height=172
BEEF DRY FRY,A tasty and savory dish featuring tender beef cooked with aromatic spices.,20.0,https://images.deliveryhero.io/image/talabat/Menuitems/mmw_638222599629639909?width=172&amp;height=172
BEEF ROAST,"slow-roasted beef, infused with savory herbs and spice",18.0,
BEEF NADAN CURRY,"Tender beef simmered in a rich, creamy coconut curry, accented with exotic spices",18.0,
BEEF VARUTHARACHATHU,dish made with beef and a special roasted spice blend.,18.0,
BUTTER CHICKEN,A rich and creamy Indian chicken curry made with buttery tomato sauce.,20.0,https://images.deliveryhero.io/image/talabat/Menuitems/mmw_638222602427866997?width=172&amp;height=172
CHICKEN STEW,"A hearty and comforting dish made with tender chicken, vegetables, and a flavorful broth.",18.0,
CHICKEN ROAST,"Savor the juicy and flavorful taste of our expertly roasted Chicken, seasoned to perfection with a tantalizing blend of herbs and spices",16.0,
CHICKEN SHAPPU CURRY,,22.0,
CALICUT CHICKEN,,24.0,
PEPPER CHICKEN GRAVY,,18.0,
PEPPER CHICKEN DRY,,20.0,
CHICKEN NADAN CURRY,Chicken curry stewed in a tomato based sauce seasoned with spices.,16.0,
CHICKEN DRY FRY HALF,,22.0,
CHICKEN VARUTHARACHA CURRY,,16.0,
CHICKEN VARATTIYATHU,South Indian chicken curry with aromatic spices.,20.0,https://images.deliveryhero.io/image/talabat/Menuitems/mmw_638224344830635857?width=172&amp;height=172
CHICKEN KURUMA,Rich and flavorful chicken curry.,16.0,
CHICKEN HANDI,Succulent pieces of chicken cooked in a rich tomato-based sauce with a blend of aromatic spices,20.0,
CHICKEN MASALA,Rich and flavorful tender chicken cooked in blend of aromatic spices simmered to perfection in a creamy tomato-based masala sauce.,16.0,
KADAI CHICKEN,Juicy chunks of marinated chicken cooked to perfection with a medley of aromatic spices and peppers,20.0,
CHICKEN HYDRABADI,,20.0,
CHICKEN TIKKA MASALA,"Tender chicken marinated in spices, grilled to perfection and simmered in a rich and creamy tomato-based masala sauce.",20.0,
CHICKEN MALABARI,,16.0,
CHICKEN DRY FRY FULL,,45.0,
Mutton Kadai,Made tender pieces of mutton cooked in spicy tomato-based gravy with aromatic spices and herbs,22.0,
Mutton Masala,"Made with tender chunks of slow-cooked mutton, simmered in rich tomato-based gravy, infused with a blend of warm spices and finished with a sprinkle of fresh herbs",20.0,
Mutton Achari,A spicy and tangy mutton dish seasoned with achari (pickle) spices.,22.0,
Mutton Rogan Josh,"Tender chunks of succulent mutton immersed in rich, aromatic gravy infused with medley of spices",22.0,
Mutton Hydrabadi,,22.0,
Mutton Handi,A spicy and aromatic curry made with tender chunks of mutton slow-cooked to perfection with a blend of fragrant spices,22.0,
Mutton Kuruma,Flavorful and rich mutton curry.,20.0,
Mutton Varattiyathu,Spicy and aromatic dry preparation of mutton.,22.0,
Mutton Stew,A hearty and comforting stew made with tender mutton (goat meat) cooked with vegetables and aromatic spices.,22.0,
Mutton Pepper Fry,Spicy and peppery fried mutton dish.,22.0,
Mutton Pepper Gravy,,22.0,
Mutton Roast,"A flavorful dish made by slow-cooking marinated mutton with aromatic spices, resulting in tender and succulent meat with rich flavors.",22.0,
Nadan Mutton Curry,,20.0,
Vegetable Fried Rice,"Vegetable Fried Rice is a popular dish made with cooked rice stir-fried with a variety of vegetables such as carrots, peas, bell peppers, onions and cabbage. It is seasoned with soy sauce and other seasonings to add flavor. It is a versatile and satisfying vegetarian option.",14.0,
Mushroom Fried Rice,Mushroom Fried Rice is a flavorful dish that combines cooked rice with sautéed mushrooms. It may also include other vegetables and seasonings to enhance the taste. The earthy flavor of mushrooms adds depth to the dish.,15.0,
Chicken Fried Rice,"Chicken Fried Rice is a classic dish that features cooked rice stir-fried with diced chicken, along with vegetables like carrots, peas and onions. It is typically seasoned with soy sauce, garlic and other spices. The tender chicken and flavorful combination of ingredients make it a popular choice.",18.0,https://images.deliveryhero.io/image/talabat/Menuitems/mmw_638226095168005752?width=172&amp;height=172
Egg Fried Rice,"Egg Fried Rice is a simple yet delicious dish made by stir-frying cooked rice with scrambled eggs, along with vegetables and seasonings. It offers a subtle and satisfying flavor and is often enjoyed as standalone meal or served alongside other dishes.",15.0,https://images.deliveryhero.io/image/talabat/Menuitems/mmw_638224334279996710?width=172&amp;height=172
Mix Fried Rice,"Mixed Fried Rice is a versatile dish that combines cooked rice with a mix of proteins such as chicken, shrimp, or beef, along with vegetables and seasonings. It offers a variety of flavors and textures in one dish, making it a hearty and filling option.",22.0,
Seafood Fried Rice,"Seafood Fried Rice is a flavorful dish that features cooked rice stir-fried with an assortment of seafood like shrimp, crab and fish, along with vegetables and seasonings. It provides a delightful combination of seafood flavors and is often enjoyed by seafood lovers.",24.0,
Prawns Fried Rice,"Prawn Fried Rice is a delicious dish that combines cooked rice with sautéed prawns, along with vegetables and seasonings. The succulent prawns add a delicate and savory flavor to the rice, making it a popular choice.",20.0,
Tripple Fried Rice Chicken,"Triple Fried Rice Chicken is a variation of fried rice that combines diced chicken with three vegetables, such as carrots, peas and bell peppers. The chicken adds protein and flavor to the dish, making it a satisfying choice.",25.0,
Schezwan Veg Fried Rice,"Schezwan Veg Fried Rice is a spicy and flavorful dish made with cooked rice stir-fried with Schezwan sauce, mixed vegetables and seasonings. The Schezwan sauce adds a distinct spicy and tangy flavor to the dish, creating a delicious and aromatic experience.",15.0,
Tripple Fried Rice Vegetable,"Triple Fried Rice Vegetable is a variation of fried rice that incorporates a mix of three vegetables, such as carrots, peas and corn. It adds color and texture to the dish, providing a flavorful and satisfying vegetarian option.",20.0,
Schezwan Chicken Fried Rice,"Schezwan Chicken Fried Rice is a variation of fried rice that includes diced chicken stir-fried with Schezwan sauce, along with vegetables and rice. It offers a spicy and flavorful taste that is popular among those who enjoy bold flavors.",18.0,
Schezwan Mix Fried Rice,"Schezwan Mixed Fried Rice combines a mix of proteins like chicken, shrimp, or beef with Schezwan sauce, vegetables and rice. The result is a spicy and tasty dish with a combination of flavors.",22.0,
Veg Noodles,"Veg Noodles are stir-fried noodles made with a variety of vegetables like carrots, cabbage, bell peppers and onions. They are seasoned with soy sauce and other spices, creating a delicious and satisfying vegetarian noodle dish.",14.0,
Chicken Noodles,Chicken Noodles are stir-fried noodles that include diced chicken along with vegetables and seasonings. The tender chicken and flavorful combination of ingredients make it a popular choice among meat lovers.,18.0,https://images.deliveryhero.io/image/talabat/Menuitems/mmw_638226094617959058?width=172&amp;height=172
Egg Noodles,"Egg Noodles are stir-fried noodles that feature scrambled eggs along with vegetables and seasonings. The eggs add richness and flavor to the dish, creating a comforting and tasty meal.",15.0,
Mix Noodles,"Mixed Noodles combine a mix of proteins like chicken, shrimp, or beef with vegetables and seasonings. The result is a flavorful and satisfying noodle dish with a variety of textures.",22.0,
Prawns Noodles,"Prawn Noodles are stir-fried noodles that include succulent prawns along with vegetables and seasonings. The prawns add a delicate and savory flavor to the dish, making it a popular choice among seafood enthusiasts.",20.0,
Seafood Noodles,"Seafood Noodles are stir-fried noodles that incorporate a variety of seafood like shrimp, crab and fish, along with vegetables and seasonings. It offers a delightful combination of seafood flavors and is often enjoyed by seafood lovers.",25.0,
Hakka Noodles,"Hakka Noodles are a popular Indo-Chinese dish made with stir-fried noodles, vegetables and seasonings. They are typically cooked with a specific type of noodles known as Hakka noodles, which are slightly thicker and have a chewy texture. The dish offers a blend of Chinese and Indian flavors.",18.0,
Schezwan Veg Noodle,"Schezwan Veg Noodles are stir-fried noodles made with Schezwan sauce, mixed vegetables and seasonings. The Schezwan sauce adds a spicy and tangy flavor, creating a unique and appetizing noodle dish.",15.0,
Schezwan Chicken Noodle,"Schezwan Chicken Noodles are stir-fried noodles that include diced chicken cooked with Schezwan sauce, vegetables and seasonings. The dish offers a spicy and flavorful taste, combining the bold flavors of Schezwan cuisine with the comfort of noodles.",18.0,
Schezwan Mix Noodle,"Schezwan Mixed Noodles combine a mix of proteins like chicken, shrimp, or beef with Schezwan sauce, vegetables and noodles. The result is a spicy and flavorful noodle dish with a combination of flavors.",22.0,
Chinese Chopsuey,"Chinese Chopsuey is a dish made with crispy noodles topped with a stir-fried mix of vegetables, chicken, or beef in a savory sauce. It offers a combination of textures and flavors, creating a delightful and comforting dish.",28.0,
American Chopsuey,"American Chopsuey is an Indo-Chinese dish that combines crispy noodles with a flavorful sauce made with vegetables, chicken and a tangy tomato-based gravy. It is often served with a fried egg on top, creating a delicious and satisfying meal.",28.0,
Chilli Beef,"Chilli Beef is a spicy and flavorful dish that combines tender beef with chili peppers, garlic, soy sauce and other seasonings. The beef is typically thinly sliced and stir-fried with the ingredients to create a fiery and aromatic dish. It can be served as an appetizer or as a main course and pairs well with steamed rice or noodles.",18.0,
Beef Manchurian,"Beef Manchurian is a popular Indo-Chinese dish that features crispy and fried beef pieces cooked in a flavorful Manchurian sauce. The beef is usually marinated with soy sauce, ginger, garlic and other spices, coated in a batter and deep-fried until golden and crispy. It is then stir-fried with a tangy and savory sauce made with soy sauce, vinegar, ginger, garlic and chili. Beef Manchurian is known for its delicious blend of textures and flavors, making it a favorite among beef lovers.",18.0,
Garlic Beef,"Garlic Beef is a flavorful Chinese dish made with tender beef stir-fried with garlic, soy sauce and other seasonings. It features a savory and aromatic flavor profile with the rich taste of garlic.",18.0,
Ginger Beef,"Ginger Beef is a classic Chinese dish that showcases the combination of tender beef and fresh ginger. The beef is typically marinated and stir-fried with ginger, soy sauce and other ingredients, resulting in a zesty and fragrant flavor.",18.0,
Schezwan Beef,"Szechwan Beef is a spicy and flavorful dish originating from the Szechuan province of China. It features thinly sliced beef stir-fried with Szechuan peppercorns, chili peppers, garlic and other spices. It is known for its bold and fiery taste.",22.0,
Lemon Pepper Beef,"Lemon Pepper Beef is a tangy and zesty dish that combines the flavors of beef, lemon and black pepper. The beef is typically marinated with lemon juice, black pepper and other seasonings before being stir-fried or grilled, creating a refreshing and citrusy taste.",22.0,
Beef Oyster Sause,"Beef Oyster Sauce is a popular Chinese dish that consists of tender beef cooked with oyster sauce, soy sauce and other seasonings. The oyster sauce adds a rich and savory flavor to the beef, resulting in a delicious and umami-packed dish.",22.0,
Prwans Manchurian,"Prawn Manchurian is an Indo-Chinese dish that features crispy and fried prawns coated in a tangy and spicy sauce. The prawns are typically marinated, deep-fried and then stir-fried with a blend of spices, vegetables and sauces.",26.0,
Chilli Prawns,"Chilli Prawns is a popular Indo-Chinese dish that features succulent prawns cooked with chili peppers, garlic, soy sauce and other seasonings. It offers a spicy and tangy flavor profile that pairs well with steamed rice or noodles.",26.0,
Schezwan Prawns,"Szechwan Prawns is a spicy and aromatic dish that showcases the flavors of Szechuan cuisine. It features prawns cooked with Szechuan peppercorns, chili peppers, garlic and other spices, resulting in a bold and numbing flavor experience.",28.0,
Chilli Chicken,"Chilli Chicken is a popular Indo-Chinese dish that consists of crispy and fried chicken pieces cooked with chili peppers, garlic, soy sauce and other seasonings. It offers a spicy and tangy flavor profile.",18.0,https://images.deliveryhero.io/image/talabat/Menuitems/mmw_638224388407509807?width=172&amp;height=172
Chicken Manchurian,"Chicken Manchurian is another well-loved Indo-Chinese dish. It involves deep-frying chicken pieces and then stir-frying them with a flavorful Manchurian sauce made with soy sauce, vinegar, ginger, garlic and other spices.",18.0,
Garlic Chicken,"Garlic Chicken is a dish that showcases the flavors of garlic and chicken. It involves marinating chicken pieces with garlic, soy sauce and other seasonings and then stir-frying them to create a delicious and fragrant dish.",18.0,https://images.deliveryhero.io/image/talabat/Menuitems/mmw_638224387873665791?width=172&amp;height=172
Ginger Chicken,"Ginger Chicken is a Chinese dish that combines the flavors of tender chicken and fresh ginger. The chicken is typically marinated and stir-fried with ginger, soy sauce and other ingredients, resulting in a zesty and aromatic flavor.",18.0,
Schezwan Chicken,"Szechwan Chicken is a spicy and flavorful dish similar to Szechwan Beef. It features tender chicken cooked with Szechuan peppercorns, chili peppers, garlic and other spices, offering a bold and fiery taste.",20.0,https://images.deliveryhero.io/image/talabat/Menuitems/mmw_638224385422051350?width=172&amp;height=172
Lemon Pepper Chicken,"Lemon Pepper Chicken is a dish that combines the flavors of chicken, lemon and black pepper. The chicken is typically marinated with lemon juice, black pepper and other seasonings before being stir-fried or grilled, creating a tangy and zesty taste.",20.0,
Hong Kong Chicken,"Hong Kong Chicken is a popular Chinese dish that features tender and juicy chicken cooked with a combination of sauces, such as oyster sauce, soy sauce and hoisin sauce. It offers a savory and slightly sweet flavor profile.",20.0,
Sweet And Sour Chicken,"Sweet and Sour Chicken is a classic Chinese dish that consists of crispy and deep-fried chicken pieces cooked with a tangy and sweet sauce made with vinegar, sugar, ketchup and other seasonings. It offers a delightful balance of flavors.",20.0,https://images.deliveryhero.io/image/talabat/Menuitems/mmw_638215717170963940?width=172&amp;height=172
Gobi Manchurian,"Gobi Manchurian is a popular Indo-Chinese dish made with cauliflower florets. The cauliflower is typically coated in a batter, deep-fried until crispy and then stir-fried with a flavorful Manchurian sauce, resulting in a delicious and crunchy dish.",12.0,
Veg Manchurian,"Veg Manchurian is a vegetarian variation of Chicken Manchurian. It involves making vegetable balls from finely chopped vegetables, deep-frying them and then tossing them in a tangy and spicy Manchurian sauce.",15.0,
Mushroom Manchurian,"Mushroom Manchurian is a dish that features mushrooms cooked with a flavorful Manchurian sauce. The mushrooms are usually coated in a batter, deep-fried until crispy and then mixed with the sauce, creating a savory and satisfying dish.",15.0,
Paneer Manchurian,"Paneer Manchurian is a popular Indo-Chinese dish that showcases paneer Indian cottage cheese. It involves making paneer cubes or balls, coating them in a batter, deep-frying them and then tossing them in a tangy and spicy Manchurian sauce, creating a delightful vegetarian option.",15.0,
Chilli Gobi,"Chilli Gobi is a vegetarian dish made with cauliflower florets. The cauliflower is typically stir-fried with chili peppers, garlic, soy sauce and other seasonings, resulting in a spicy and flavorful dish.",12.0,
Chilli Paneer,"Chilli Paneer is a popular Indo-Chinese dish that features paneer cooked with chili peppers, garlic, soy sauce and other seasonings. It offers a spicy and tangy flavor profile, making it a favorite among paneer lovers.",15.0,
Orange Juice,"Orange juice is a refreshing beverage made by extracting the
juice from oranges. It is known for its tangy and citrusy flavor, packed with
vitamin C and other nutrients",14.0,
Carrot Juice,"Carrot juice is a nutritious drink made by blending or juicing fresh
carrots. It has a slightly sweet and earthy flavor and is rich in antioxidants,
vitamins, and minerals",14.0,
Pomegranate Juice,"Pomegranate juice is made from the juice of
pomegranate fruit, known for its vibrant red color and sweet-tart taste. It is highly
refreshing and contains antioxidants and beneficial plant compounds",14.0,
Mango Juice,"Mango juice is a delicious beverage made from the pulp of ripe
mangoes. It has a tropical and sweet flavor, often enjoyed for its natural
sweetness and refreshing qualities",14.0,
Pineapple Juice,"Pineapple juice is derived from the fruit of the pineapple
plant. It offers a sweet and tangy taste, often appreciated for its tropical flavor
and high vitamin C content",14.0,
Strawberry Juice,"Strawberry juice is made by extracting the juice from ripe
strawberries. It has a sweet and slightly tart flavor, reminiscent of fresh
strawberries, and is a popular choice for its vibrant taste and health benefits",14.0,
Papaya Juice,"Papaya juice is a tropical beverage made from ripe papaya fruit. It
has a subtly sweet and refreshing taste, often enjoyed for its high content of
vitamins, minerals, and digestive enzymes",14.0,
Grape Juice,"Grape juice is made from crushed or pressed grapes, resulting in a
sweet and fruity drink. It can vary in flavor depending on the grape variety, and it
is a source of antioxidants and natural sugars",14.0,
Water Melon Juice,"Watermelon juice is a hydrating and refreshing beverage
made from the flesh of juicy watermelons. It has a naturally sweet and juicy taste,
perfect for quenching thirst on hot days",12.0,
Apple Juice,"Apple juice is made by extracting the juice from apples, resulting in
a sweet and fruity drink. It is a popular choice due to its crisp flavor and high
vitamin C content",14.0,
Lemon Mint,"Lemon mint is a refreshing drink made by combining fresh lemon
juice, mint leaves, and water. It offers a citrusy and minty flavor, providing a
cooling sensation",12.0,
Banana Juice,"Banana juice is a creamy and smooth beverage made from ripe
bananas. It has a naturally sweet taste and is often blended with milk or yogurt
for added creaminess",12.0,
Lemon Juice,"Lemon juice is the tangy and acidic juice extracted from lemons.
It is widely used as a flavoring agent in various dishes, beverages, and desserts
due to its refreshing and tart taste",10.0,
Mango Lassi,"Mango lassi is a popular Indian drink made by blending ripe
mangoes with yogurt, milk, and sugar. It has a creamy and smooth texture with a
sweet and tropical mango flavor",10.0,
Chocolate Lassi,"Rich and velvety blend of creamy yogurt and chocolate, perfectly sweetened",10.0,
Strawberry Lassi,"Indian beverage made with ripe strawberries, yogurt, and a touch of sweetness, creating a delightful and fruity blend",10.0,
Sweet Lassi,"Indulge in our heavenly sweet lassi made with thick and smooth yogurt, perfectly sweetened for a delightful and refreshing drink",10.0,
Avocado Milk Shake,A creamy milkshake made with avocado,12.0,
Mango Milk Shake,A mango milkshake is a sweet and creamy drink made from blending mango with milk.,12.0,
Chikoo Milk Shake,,12.0,
Tender Coconut Milk Shake,,16.0,
Chocolate Milk Shake,"A creamy and indulgent beverage made by blending milk, ice cream, and chocolate syrup, resulting in a rich and smooth treat.",12.0,
Strawberry Milk Shake,"Ripe and juicy strawberries, blended with creamy milk and a touch of sweetness, it's a refreshing and indulgent treat.",12.0,
Vanilla Milk Shake,"Made with luscious vanilla ice cream and velvety milk, this classic treat is the perfect blend of rich flavors and silky smooth texture.",12.0,
Cocktail,Made with a blend of seasonal fruits and reat way to get your daily dose of vitamins and nutrients.,16.0,
Burj Al Arab,Refreshing beverage.,16.0,
Burj Dubai,,16.0,https://images.deliveryhero.io/image/talabat/Menuitems/mmw_638215692717084657?width=172&amp;height=172
Abood,Thick and creamy juice-come-shake made from Mango and Sweet Melon and topped with a scoop of Vanilla Ice cream and crushed ice along with some ice cubes.,16.0,
Great Crush,,16.0,https://images.deliveryhero.io/image/talabat/Menuitems/mmw_638213204994160764?width=172&amp;height=172
Blueberry Mojito,"Made with fresh blueberries, mint leaves, lime juice and a splash for soda.",13.0,
Pineaple Mojito,,13.0,
Passionfruit Mojito,"A cocktail made with passionfruit juice, lime, mint and sugar",13.0,
Lemon Mojito,"Made with lime, mint and a splash of soda water",13.0,
Strawberry Mojito,"Made with fresh strawberries, mint leaves, lime juice and a splash of soda.",13.0,
SPECIAL FALOODA,"A refreshing and indulgent dessert drink made with vermicelli, milk, rose syrup, and a variety of toppings.",24.0,https://images.deliveryhero.io/image/talabat/Menuitems/mmw_638215696290099173?width=172&amp;height=172
Mango Falooda,"A delightful dessert drink that combines the sweetness of ripe mangoes with a creamy blend of milk, ice cream, and vermicelli. Topped with vibrant jelly cubes and garnished with nuts, it's a refreshing treat bursting with tropical flavors",20.0,
FRUIT SALAD WITH ICE CREAM,"A colorful medley of fresh, juicy fruits like strawberries, oranges, kiwis, and grapes, served with a generous scoop of creamy vanilla ice cream. This harmonious combination offers a balance of textures and flavors, creating a light and satisfying dessert",16.0,
FRUIT SALAD,"A vibrant assortment of seasonal fruits, carefully sliced and beautifully arranged to showcase their natural colors. This refreshing and healthy salad provides a burst of vitamins and nutrients, perfect for a light and energizing snack",11.0,
MIX ICE CREAM,"A delightful blend of different ice cream flavors, offering a symphony of tastes and textures. Indulge in a combination of creamy vanilla, rich chocolate, and luscious strawberry, or choose from an array of other exciting flavors to create your own unique mix",13.0,
Cold Coffee,"A chilled and invigorating beverage made with freshly brewed coffee, milk, sugar, and ice. Served in a tall glass, it offers a rich, smooth coffee flavor with a hint of sweetness, making it a perfect pick-me-up on a hot day",13.0,
HAMBANA,"A savory and filling sandwich bursting with flavors. It features layers of tender grilled chicken or beef topped with crisp lettuce, juicy tomatoes, and a tangy sauce, all nestled between soft, toasted buns. It's a satisfying meal on the go",18.0,
HOT AND SOUR SOUP CHICKEN,,12.0,
HOT AND SOUR SOUP VEG,,10.0,
SWEET CORN SOUP CHICKEN,,12.0,
SWEET CORN SOUP VEG,,10.0,
MANCHOW SOUP CHICKEN,,12.0,
MANCHOW SOUP VEG,,10.0,
SEAFOOD CLEAR SOUP,,14.0,
KAYAL SOUP,,14.0,
NADAN MUTTON SOUP,,14.0,
KANTHARI CHICKEN SOUP,,13.0,https://images.deliveryhero.io/image/talabat/Menuitems/mmw_638215698089079797?width=172&amp;height=172
Green Salad,"Green salad is a dish made up of fresh, raw leafy greens which is topped with a dressing.",10.0,https://images.deliveryhero.io/image/talabat/Menuitems/mmw_638224343388932089?width=172&amp;height=172
Greek Salad,"Made with a mix of fresh vegetables such as tomatoes, cucumbers, onions, and feta cheese topped with a dressing.",12.0,
Arabic Salad,Fresh vegetables and dressed with lemon juice and olive oil.,12.0,
Avocado Salad,"Made of fresh, peppery arugula leaves, which are also known as rocket leaves with dressing.",12.0,https://images.deliveryhero.io/image/talabat/Menuitems/mmw_638216584358896388?width=172&amp;height=172
Fatoush Salad,"Salad made with mixed greens, vegetables, and crispy pieces of toasted bread.",12.0,https://images.deliveryhero.io/image/talabat/Menuitems/mmw_638215691931078020?width=172&amp;height=172
coke can,refers to standard sized aluminum can containing Coca-Cola And carbonated soft drink. It is typically 12 fluid ounces 355 milliliters in volume. Coca-Cola is popular cola beverage known for its sweet and fizzy taste,4.0,
sprite can,is beverage container that holds Sprite And lemon lime flavored carbonated soft drink. Similar to Coke Can And it is usually 12 fluid ounces 355 milliliters in size. Sprite is known for its refreshing and citrusy taste,4.0,https://images.deliveryhero.io/image/talabat/Menuitems/Sprite_355_ml638212203670431380.jpg?width=172&amp;height=172
Diet Coke can,"is variant of Coca-Cola in smaller sized can And typically holding 12 fluid ounces 355 milliliters. It contains Diet Coke, sugar free And low calorie version of Coca-Cola designed for individuals who prefer lighter option while still enjoying the classic cola taste",4.0,
fanta can,"Can refers to can of Fanta And carbonated fruit flavored soft drink. It usually comes in various flavors such as orange, grape or strawberry. can is typically 12 fluid ounces 355 milliliters in size, offers vibrant and fruity taste experience",4.0,
water small 500 ml,"This refers to small bottle of water with volume of 500 milliliters. It is common size for single serve bottled water. water is pure, does not contain any additional flavorings or additives, offering refreshing and hydrating beverage choice",2.0,
water big 1.5 L,"denotes larger sized bottle of water with capacity of 1.5 liters. It is ideal for sharing or for those who require larger quantity of water. Like smaller version, it provides clean and refreshing hydration without any added flavors or substances",4.0,
Coca-Cola 500 ml,"refers to 500 milliliter bottle of cola. Cola is type of carbonated soft drink that usually contains blend of flavors, including vanilla, cinnamon and citrus. beverage is known for its dark color and distinct cola taste",6.0,https://images.deliveryhero.io/image/talabat/Menuitems/Coca_Cola_Logo638212216593207586.jpg?width=172&amp;height=172
Coca-Cola1.48,,10.0,https://images.deliveryhero.io/image/talabat/Menuitems/Coca_Cola_Logo638212216620116579.jpg?width=172&amp;height=172
