item_name,item_description,item_price,item_image
Lamb Chops,"Juicy & Richly Flavored Lamb Chops, Seasoned To Perfection & Grilled Golden Brown Till Tender",51.0,
Chicken Black Pepper Charcoal Full,Delightful Chicken Marinated With Yogurt Based Peppery Marinade & Grilled To Perfection Served With Garlic & Hummus,63.5,
Chicken Charcoal Biryani,Deliciously Complex And Aromatic Blend Of Spiced Chicken And Fragrant Rice,48.0,
Grilled Chicken Biryani,Deliciously Smoky Chargrilled Chicken With Aromatic Spicy Rice,41.75,
Apple Juice,Delicious Smooth Thick Juice Made From Fresh Apple Slices,18.5,
Avocado Juice Medium,Refreshing And Healthy Avocado Juice.,20.0,
Banana Juice Medium,Sweet And Refreshing Banana Juice.,15.5,
Carrot Juice Medium,Refreshing And Healthy Carrot Juice.,18.5,
Cocktail,Tasty & Fresh Juice Made With The Combination Of Fresh Fruits.,18.5,
Grape Juice Medium,Delicious And Refreshing Grape Juice.,18.5,
Lemon Mint Juice Medium,Refreshing And Healthy Lemon Mint Juice,15.5,
Lime Juice Medium,Sweet And Refreshing Lime Juice.,12.25,
Mango Juice Medium,Sweet And Refreshing Mango Juice.,18.5,
Orange Juice Medium,Delicious And Refreshing Orange Juice.,18.5,
Papaya Juice Medium,Refreshing And Healthy Papaya Juice.,18.5,
Pineapple Juice Medium,Refreshing And Healthy Pineapple Juice.,18.5,
Pomegranate Juice,Delicious And Refreshing Pomegranate Juice,18.5,
Strawberry Juice Medium,Sweet And Refreshing Strawberry Juice.,21.5,
Watermelon Juice Medium,Delicious And Refreshing Watermelon Juice.,18.5,
Kiwi Juice Medium,Delicious And Refreshing Kiwi Juice.,18.5,
Sweet Melon Juice Medium,Delicious And Refreshing Sweet Melon Juice.,18.5,
Carrot Orange Mix Medium Juice,Nutritious & Refreshing Juice Made With Fresh Oranges & Carrots Blended Together,18.5,
Guava Medium Juice,Deliciously Sweet And Tangy Medium-Sized Juice Made With Fresh Guava,18.5,
Lemon Grape Medium Juice,"Refreshing And Delicious Juice With Grapes, Lemon And Ice",18.5,
Orange Mango Juice,"Sweet And Refreshing Juice With Oranges, Mangoes And Ice",18.5,
Orange Mint Medium Juice,Refreshing And Flavorful Juice With Orange And Mint Flavours,18.5,
Pineapple Mint Medium Juice,Refreshing And Delicious Juice With Fresh Pineapple And Mint Flavours,18.5,
Chily Soda,Spicy And Carbonated Mixing Soda With Chilli Flavour,9.25,
Mango Mint Juice,Delicious And Refreshing Juice With Sweet Mango And Fresh Mint Leaves,18.5,
Chicken Black Pepper Charcoal Full,Delightful Chicken Marinated With Yogurt Based Peppery Marinade & Grilled To Perfection Served With Garlic & Hummus,63.5,
Chicken Black Pepper Charcoal Half,Delightful Chicken Marinated With Yogurt Based Peppery Marinade & Grilled To Perfection Served With Garlic & Hummus,40.25,
Chicken Charcoal Normal Full,Tendered And Smoky Flavoured Chicken Grilled On Charcoal,63.5,
Chicken Charcoal Normal Half,Tendered And Smoky Flavoured Chicken Grilled On Charcoal,40.25,
Chicken Charcoal Normal Quarter,Tendered And Smoky Flavoured Chicken Grilled On Charcoal,24.75,
Green Chilli Chicken Charcoal Full,Spicy Chicken Marinated With A Mix Of Green Chilli's Served With Hummus & Garlic,63.5,
Green Chilli Chicken Charcoal Half,Spicy Chicken Marinated With A Mix Of Green Chilli's Served With Hummus & Garlic,40.25,
Green Chilli Chicken Charcoal Quarter,Spicy Chicken Marinated With A Mix Of Green Chilli's Served With Hummus & Garlic,24.75,
Grilled Chicken Full,Delicious Chicken Marinated & Slow Grilled To The Perfection,44.75,
Grilled Chicken Half,"Juicy, Tender Chicken With Special Marination And Grilled Served Along With Pickled Vegetables",29.25,
Lamb Chops,"Juicy & Richly Flavored Lamb Chops, Seasoned To Perfection & Grilled Golden Brown Till Tender",51.0,
Chicken Black Pepper Charcoal Quarter,Delightful Chicken Marinated With Yogurt Based Peppery Marinade & Grilled To Perfection Served With Garlic & Hummus,24.75,
Coconut Chicken Charcoal Quarter,"Delicious, Mouthwatering Juicy Charcoal Grilled Chicken With Sweet Coconut Flavour Served With Hummus & Garlic",24.75,
Coconut Chicken Charcoal Full,"Delicious, Mouthwatering Juicy Charcoal Grilled Chicken With Sweet Coconut Flavour Served With Hummus & Garlic",63.5,
Coconut Chicken Charcoal Half,"Delicious, Mouthwatering Juicy Charcoal Grilled Chicken With Sweet Coconut Flavour Served With Hummus & Garlic",40.25,
Chicken Malai Tikka,Tasty Boneless Chicken Tikka Marinated In Malai And Special Spices Grilled To Perfection,40.25,
Chicken Seekh Kebab,"04 Kebabs Of Chicken Minced, Mix With Traditional Spices, Herbs And Grilled To Perfection",37.0,
Mix Grill Full,"Delicious Mix Grill Served With 4 Stick Of Chicken Kebab,4 Stick Of Mutton Kebab,16 Pcs Of Chicken Tikka,16 Pics Of Mutton Tikka, Chicken Arayes, Mutton Arayes, Lamp Chops Along With Hummus, Garlic, Salad And Arabic Bread.",110.0,
Mix Grill Half,"Delicious Mix Grill Served With 2 Stick Of Chicken Kebab,2 Stick Of Mutton Kebab,8 Pcs Of Chicken Tikka,8 Pics Of Mutton Tikka, Chicken Arayes, Mutton Arayes, Lamp Chops Along With Hummus, Garlic, Salad And Arabic Bread.",63.5,
Mutton Seekh Kebab,"04 Kebabs Of Mutton Minced, Mix With Traditional Spices, Herbs And Grilled To Perfection",41.75,
Paneer Tikka,Tasty And Spicy Chunks Of Paneer Marinated In Spices And Grilled,29.25,
Chicken Hariyali Tikka,"Tasty & Spicy Chicken Haryali Tikka Made By Marinating Chicken In A Green Mixture Of Yogurt, Herbs & Spices Then Grilled To Perfection",32.5,
Apple Milkshake Medium,Delicious And Creamy Apple Milkshake Made With Apple Flavoured Ice Cream,20.0,
Avocado Milkshake Medium,Delightful Creamy Avocado Milkshake,20.0,
Chickoo Milkshake Medium,"Healthy And Delicious Milkshake With Chikoo Fruit, Sugar& Milk",20.0,
Shamam Milkshake Medium,"Delicious And Nutritious Milkshake With Shamam Fruit, Sugar & Milk",20.0,
Papaya Milkshake Medium,"Delicious And Healthy Drink With Papaya Fruit, Sugar & Milk",20.0,
Banana Milkshake Medium,Delightful Creamy Banana Milkshake,20.0,
Mango Milkshake Medium,"Cool And Tempting Fruit Drink With Mango, Milk And Sugar",20.0,
Pomegranate Milkshake Medium,Refreshing And Healthy Fruit Drink With Pomegranate And Sugar,20.0,
Kiwi Milkshake Medium,"Delicious And Refreshing Milkshake Made With Kiwi, Sugar& Milk",20.0,
Tender Milkshake Medium,"Luscious And Creamy Drink Made With Ice Cream, Milk & Sugar",20.0,
Strawberry Milkshake Medium,Blissful And Delicious Milkshake Made With Fresh Strawberries & Milk,20.0,
Arabic Salad,The Classic Arabic Salad,20.0,
Fattoush Salad,"Tasty Middle Eastern Salad Made With Mixed Vegetables, Toasted Pita Bread & A Zesty Dressing, Typically Seasoned With Herbs",21.5,
Hummus Small,A Creamy Chickpeas Puree Mixed With Tahini Sauce And Garnished With Olive Oil,9.25,
Hummus Large,A Creamy Chickpeas Puree Mixed With Tahini Sauce And Garnished With Olive Oil,15.5,
Fried Chicken Salad,Crunchy And Crispy Fried Chicken Mixed With Fresh Greens And Vegetables,20.0,
Chicken Caesar Salad,"Delicious, Flavourful Classic Salad Mixed With Grilled Chicken Pieces And Crisp Crouton With Vegetables",21.5,
Avocado Salad,"Refreshing Creamy And Slightly Nutty Flavor Healthy Salad With Fresh Avocado Slices, Mixed Greens And Colorful Vegetables",23.25,
Fruit Platter,"Colourful Refreshing Sweet, Juicy And Tangy Flavourful Salad Mixed With Variety Of Fresh And Seasonal Fruits",27.75,
Honey Mint Pineapple Salad,"Refreshing And Sweet Salad Made With Fresh Pineapple Chunks, Honey And Mint Leaves",24.75,
Mango Mint Salad,Refreshing And Flavorful Salad Made With Juicy Mango Chunks With Fresh Mint Leaves,20.0,
Fresh Green Salad,Refreshing And Crisp Salad Mixed With Variety Of Fresh Greens And Vegetables,18.5,
