item_name,item_description,item_price,item_image
Soldout's Chicken,"Crispy fried chicken breast, coleslaw, cheese and soldout special sauce",37.0,https://images.deliveryhero.io/image/talabat/Menuitems/mmw_638111810834762554?width=172&amp;height=172
Coca-Cola,Carbonated soft drink,6.5,https://images.deliveryhero.io/image/talabat/Menuitems/coke637956308967165070.jpg?width=172&amp;height=172
Signature Hotdog,"Fresh Beef, Crispy Potato, Onion, Jalapeno, Ketchup And Mustard",34.0,https://images.deliveryhero.io/image/talabat/Menuitems/mmw_637928857541078545?width=172&amp;height=172
Coca Cola Zero,Soft Drink,6.5,https://images.deliveryhero.io/image/talabat/Menuitems/coke_zero637956309163835148.jpg?width=172&amp;height=172
Steak And Cheese,Simply steak and cheese,37.0,https://images.deliveryhero.io/image/talabat/Menuitems/mmw_638111809377887825?width=172&amp;height=172
Sold Out Burger,"Fresh Burger Patty, Fries, Grilled Onions, Coleslaw, Cheese And Sold Out Special Sauce",39.0,https://images.deliveryhero.io/image/talabat/Menuitems/mmw_637928854681504184?width=172&amp;height=172
Steak And Cheese,Simply steak and cheese,37.0,https://images.deliveryhero.io/image/talabat/Menuitems/mmw_638111809377887825?width=172&amp;height=172
Soldout's Chicken,"Crispy fried chicken breast, coleslaw, cheese and soldout special sauce",37.0,https://images.deliveryhero.io/image/talabat/Menuitems/mmw_638111810834762554?width=172&amp;height=172
Smoke House Burger,"Fresh Burger Patty, Crispy Onion Rings, Beef Bacon, 2 special House Sauces, and Cheese.",38.0,https://images.deliveryhero.io/image/talabat/Menuitems/mmw_638112055756595935?width=172&amp;height=172
Cheese Burger,"Fresh Beef Patty, Cheese And Home Made Sauce",36.0,https://images.deliveryhero.io/image/talabat/Menuitems/mmw_637928864745279033?width=172&amp;height=172
Classic Beef Burger,"Fresh Beef Patty, Tomato, Lettuce, Onion, Pickles And Home Made Sauce",37.0,https://images.deliveryhero.io/image/talabat/Menuitems/mmw_637928864637262486?width=172&amp;height=172
Bacon Burger,"Fresh Beef Patty, Bacon, Crispy Onion, Cheese And Home Made Sauce",39.0,https://images.deliveryhero.io/image/talabat/Menuitems/mmw_637928152957518865?width=172&amp;height=172
Truffle Burger,"Fresh Beef Patty, Cheese And Home Made Truffle Sauce",41.0,
Chicken Burger,"Crispy Fried Chicken Breast, Tomato, Lettuce, Cheese, Pickles And Home Made Sauce",37.0,https://images.deliveryhero.io/image/talabat/Menuitems/mmw_637928153066499646?width=172&amp;height=172
Buffalo Chicken Burger,"Crispy Chicken Breast, Coleslaw, Cheese And Home Made Buffalo Sauce",38.0,https://images.deliveryhero.io/image/talabat/Menuitems/mmw_637928153161378247?width=172&amp;height=172
Signature Hotdog,"Fresh Beef, Crispy Potato, Onion, Jalapeno, Ketchup And Mustard",34.0,https://images.deliveryhero.io/image/talabat/Menuitems/mmw_637928857541078545?width=172&amp;height=172
Crispy Fries,crispy and golden fries.,15.0,https://images.deliveryhero.io/image/talabat/Menuitems/fries637956309277460838.JPG?width=172&amp;height=172
Cheese Fries,"Experience the ultimate cheesy indulgence with our irresistible cheesy fries, featuring perfectly golden, crispy fries drenched in a creamy blend of melted cheese that will satisfy all of your cheesy cravings.",20.0,https://images.deliveryhero.io/image/talabat/Menuitems/parmesan_truffle_fries637956309377373292.JPG?width=172&amp;height=172
Soldouts Messy Fries,,25.0,https://images.deliveryhero.io/image/talabat/Menuitems/mmw_637927887119156908?width=172&amp;height=172
Mozzarella Sticks,"Crispy and cheesy mozzarella sticks, coated with a golden breadcrum crust and filled with melted cheese, they're a perfect snack or side dish to enjoy with any meal.",14.0,https://images.deliveryhero.io/image/talabat/Menuitems/mmw_637927887217661858?width=172&amp;height=172
Water,Stay hydrated and refreshed with our water.,2.5,https://images.deliveryhero.io/image/talabat/Menuitems/Mineral_Water637926130518237402.jpg?width=172&amp;height=172
Coca-Cola,Carbonated soft drink,6.5,https://images.deliveryhero.io/image/talabat/Menuitems/coke637956308967165070.jpg?width=172&amp;height=172
Sprite,Non-caffeinated soft drink,6.5,https://images.deliveryhero.io/image/talabat/Menuitems/sprite637956309030822994.jpg?width=172&amp;height=172
Fanta Orange,Carbonated soft drink,6.5,https://images.deliveryhero.io/image/talabat/Menuitems/fanta637956309101717927.png?width=172&amp;height=172
Coca Cola Zero,Soft Drink,6.5,https://images.deliveryhero.io/image/talabat/Menuitems/coke_zero637956309163835148.jpg?width=172&amp;height=172
