item_name,item_description,item_price,item_image
Cali Kid Special,"1 Small Pizza, 1 Side and 1 Orange Juice or Water",45.0,https://images.deliveryhero.io/image/talabat/Menuitems/9958F14A994AADED307C64CC9A0F409A?width=172&amp;height=172
Pizza By The Pier,"2 Pizzas, 2 Sides and 2 Drinks",125.0,https://images.deliveryhero.io/image/talabat/Menuitems/10EAB5C9924FBAB3D83422A51C4C0C97?width=172&amp;height=172
Golden Gate Gathering,"5 Pizzas, 3 Sides and 5 Drinks",295.0,https://images.deliveryhero.io/image/talabat/Menuitems/B71E724CB9C357E98168378546C7868E?width=172&amp;height=172
Yosemite Squad,"3 Pizzas, 2 Sides and 3 Drinks",175.0,https://images.deliveryhero.io/image/talabat/Menuitems/5CEA8E09FE300A8541190517A5D3E773?width=172&amp;height=172
Mushroom Parmesan Pizza,"White Sauce, Mozzarella Cheese, Parmesan Cheese, Mushrooms",45.0,https://images.deliveryhero.io/image/talabat/Menuitems/0031D07DB391796AD39F4D29345D3AFA?width=172&amp;height=172
BBQ Chicken Pizza,"Pizza Sauce, BBQ Sauce Drizzle, Mozzarella Cheese, Parmesan Cheese, Smoky Chicken, mixed sesame seeds, Spring Onions",45.0,https://images.deliveryhero.io/image/talabat/Menuitems/C6832DE0D448D00147A56B53AC5B78F0?width=172&amp;height=172
Newport Margherita Pizza,"Pizza Sauce, Mozzarella Cheese, Parmesan Cheese, Oregano, Basil",40.0,https://images.deliveryhero.io/image/talabat/Menuitems/CA1D822E13012719FA56831D0B0C3A74?width=172&amp;height=172
SD’S Pepperoni Pizza,"Pizza Sauce, Mozzarella Cheese, Parmesan Cheese, Oregano, Pepperoni",45.0,https://images.deliveryhero.io/image/talabat/Menuitems/1DDF45FA005C043D51E9A4B42753893A?width=172&amp;height=172
Riverside Vegetarian Pizza,"Pizza Sauce, Mozzarella Cheese, Parmesan Cheese, Oregano, Mixed Capsicums, Mushrooms, Onions, Black Olives",45.0,https://images.deliveryhero.io/image/talabat/Menuitems/6A6B16B4FE3130B5F647BF60E135F550?width=172&amp;height=172
So Cal’s Supreme Pizza,"Pizza Sauce, Mozzarella Cheese, Parmesan Cheese, Oregano, Pepperoni, Beef Sausage, Mixed Capsicums, Mushrooms, Onions, Black Olives",45.0,https://images.deliveryhero.io/image/talabat/Menuitems/CD4958C01EC91373C1151E109AED0E8E?width=172&amp;height=172
Coronado's Hawaiian Pizza,"Pizza Sauce, Mozzarella Cheese, Pepperoni, Onions, Pineapple",45.0,https://images.deliveryhero.io/image/talabat/Menuitems/07D9D011C26B1E04CA8A4F2AB2314A9D?width=172&amp;height=172
Berkley's Salami Pizza,"Pizza Sauce, Mozzarella Cheese, Parmesan Cheese, Oregano, Salami",45.0,https://images.deliveryhero.io/image/talabat/Menuitems/9CB63F46F8808A410C5248E069AA2C5A?width=172&amp;height=172
Half & Half Sunrise Medium Pizza,Your Choice of Two Flavors,45.0,https://images.deliveryhero.io/image/talabat/Menuitems/47A54398FDAB1A04A6FA1894A870BABE?width=172&amp;height=172
Half & Half Sunrise Large Pizza,Your Choice of Two Flavors,55.0,https://images.deliveryhero.io/image/talabat/Menuitems/00E228785499FDA0832C8BDC2190F7AD?width=172&amp;height=172
Build Your Own Sunrise Pizza,Select Your Favorite Sauce and Toppings,45.0,https://images.deliveryhero.io/image/talabat/Menuitems/F6BC1CEEA080A82CB5FC995C01D7D410?width=172&amp;height=172
Spinach & 3 Cheese Pizza,"Mozzarella Cheese, Parmesan Cheese, Feta Cheese, Spinach, Oregano",45.0,https://images.deliveryhero.io/image/talabat/Menuitems/EFBBDE441E42810F20D13D08A8E69E9E?width=172&amp;height=172
Garlic Bread,Toasted Garlic Bread Topped with Mozzarella Cheese and Mixed Herbs,24.0,https://images.deliveryhero.io/image/talabat/Menuitems/54F2260D7A2BD0B955341D064F9E5F5B?width=172&amp;height=172
Mozzarella Sticks,With Marinara Sauce,35.0,https://images.deliveryhero.io/image/talabat/Menuitems/E68DAA82E2974735C5AFCD7C3050D906?width=172&amp;height=172
Crispy Chicken Strips,With Honey Mustard,35.0,https://images.deliveryhero.io/image/talabat/Menuitems/F3AF42D2A9804E02546FC453DB4E8AB4?width=172&amp;height=172
Cheese Quesadilla,"Flour Tortilla With Mixed Cheese, Served With Sour Cream",28.0,https://images.deliveryhero.io/image/talabat/Menuitems/327B9F672349CC0E453845D787B786EA?width=172&amp;height=172
Chicken Quesadilla,"Flour Tortilla With Mixed Cheese, Grilled Chicken, Grilled Onion, Served With Sour Cream",34.0,https://images.deliveryhero.io/image/talabat/Menuitems/99DF6AD7E145ACC9E2E5965FC27C39AD?width=172&amp;height=172
Loaded Hash Browns,"Hash Browns, Cheese, Beef Bacon and Jalapenos, Served With Sour Cream",30.0,https://images.deliveryhero.io/image/talabat/Menuitems/D1D4C9A3E4DFF2CF640C4A3A35DCFCF0?width=172&amp;height=172
BBQ wings,With Blue Cheese,35.0,https://images.deliveryhero.io/image/talabat/Menuitems/1A2E3D4BD85A45287FD32CD2AA58C37B?width=172&amp;height=172
Buffalo Wings,With Blue Cheese,35.0,https://images.deliveryhero.io/image/talabat/Menuitems/09150B18FAB99B9E4E16A3C056B6F492?width=172&amp;height=172
Sriracha Wings,With Blue Cheese,35.0,https://images.deliveryhero.io/image/talabat/Menuitems/25FDF92CFC2F6E5C91F76AA968806B46?width=172&amp;height=172
Orange Honey wings,With Blue Cheese,35.0,https://images.deliveryhero.io/image/talabat/Menuitems/D583236A28E54B0FDD1D5D8002D6E7C1?width=172&amp;height=172
Fries,Fries,16.0,https://images.deliveryhero.io/image/talabat/Menuitems/3EB3884237FDC764F95A729EAD30E121?width=172&amp;height=172
Hash Browns,Hash Browns,18.0,https://images.deliveryhero.io/image/talabat/Menuitems/A198F581BCCB9B959301176C23EE76C5?width=172&amp;height=172
Curly Fries,Golden Curly Fries,18.0,https://images.deliveryhero.io/image/talabat/Menuitems/D1DAC4DC04F5AFFCABE1F267982F5B17?width=172&amp;height=172
Wedges,Potato Wedges,18.0,https://images.deliveryhero.io/image/talabat/Menuitems/53F75C3C8AD59BB24165C5DF2D0419CF?width=172&amp;height=172
Sweet Potato Fries,Sweet Potato Fries,18.0,https://images.deliveryhero.io/image/talabat/Menuitems/D1FC6636B15250575D759223C5229672?width=172&amp;height=172
Cheese Fries,Fries Topped with Mixed Cheese,22.0,https://images.deliveryhero.io/image/talabat/Menuitems/B67BB6C991F0FABF38C1D88173294012?width=172&amp;height=172
Saucy Bacon Fries,"Fries, Mixed cheese, Beef Bacon and Our Special Sauce",30.0,https://images.deliveryhero.io/image/talabat/Menuitems/7A8B82A75CECF7EC7416D0FD86B06CA8?width=172&amp;height=172
Guacamole Bowl,Our Freshly Made Guacamole,30.0,https://images.deliveryhero.io/image/talabat/Menuitems/ACFC9D6F94C0B91A9E6D1BA7099C25C4?width=172&amp;height=172
Mixed Fruits,"Red Apple, Green Apple, Orange, Grapes and Strawberries",20.0,https://images.deliveryhero.io/image/talabat/Menuitems/F77057518A5B3D146814CCA307B7FF8E?width=172&amp;height=172
Coleslaw,"White Cabbage, Carrots With Coleslaw Sauce",28.0,https://images.deliveryhero.io/image/talabat/Menuitems/B4C6B5FB415B2E474A8F1C4EE9E74777?width=172&amp;height=172
Caesar Salad,"Romaine Lettuce, Parmesan Cheese, Croutons With Caesar dressing",25.0,https://images.deliveryhero.io/image/talabat/Menuitems/7B6BFDF34108E763E6F6F23BB5179321?width=172&amp;height=172
Chicken Caesar Salad,"Romaine Lettuce, Grilled Chicken, Croutons, Parmesan Cheese With Caesar Dressing",30.0,https://images.deliveryhero.io/image/talabat/Menuitems/0A3822D65AB7EDE0361ACA53BD47A7E8?width=172&amp;height=172
Strawberry Field Salad,"Mixed Lettuce, Rocca, Fresh Strawberries, Feta Cheese, Pine Nuts With Honey Balsamic Dressing",35.0,https://images.deliveryhero.io/image/talabat/Menuitems/4EAA7C190772DBC624261E1BFBDE1E1E?width=172&amp;height=172
Taco Trio,"3 Soft Tacos, Your Choice of Protein, Roasted Corn, Guacamole, Pico De Gallo, Slaw, Cheese and Sour Cream, With a Lime Wedge",55.0,https://images.deliveryhero.io/image/talabat/Menuitems/3B1372DE98D09C5D516A0153BD428A8D?width=172&amp;height=172
Jalapeno Poppers,With Blue Cheese,35.0,https://images.deliveryhero.io/image/talabat/Menuitems/105B93549C846691429D39ED99BC91EB?width=172&amp;height=172
Corn Poppers,With Chili Lime Dip,35.0,https://images.deliveryhero.io/image/talabat/Menuitems/DFC0FDD3DB0933840C656C9054B5672E?width=172&amp;height=172
Chips & Dips,Corn Tortilla Chips Served With Your Choice of Dip,30.0,https://images.deliveryhero.io/image/talabat/Menuitems/9B60E69AFC1B3A61249156A054D549DB?width=172&amp;height=172
Blue Cheese Sauce,,5.0,https://images.deliveryhero.io/image/talabat/Menuitems/D26D73B0B9FEB0C31A4C03170051BB10?width=172&amp;height=172
Marinara Sauce,,5.0,https://images.deliveryhero.io/image/talabat/Menuitems/D4E252BDA834927F5A1A89650515D7E8?width=172&amp;height=172
Buffalo Sauce,,5.0,https://images.deliveryhero.io/image/talabat/Menuitems/1E5BDD98FAA1021097682A096F24F7DF?width=172&amp;height=172
Ranch Sauce,,5.0,https://images.deliveryhero.io/image/talabat/Menuitems/D2041C7F48EAEE0A3C8EC30BEEE3EAF1?width=172&amp;height=172
Sriracha Sauce,,5.0,https://images.deliveryhero.io/image/talabat/Menuitems/4CBFBB0A0C6D74C405BBF54CE5849859?width=172&amp;height=172
Honey Mustard,,5.0,https://images.deliveryhero.io/image/talabat/Menuitems/3A8B32A3E12BC0745BAD60896AD5B411?width=172&amp;height=172
Spicy Ranch Sauce,,5.0,https://images.deliveryhero.io/image/talabat/Menuitems/51702DA6E2205171BE2A7CF8E8E7841E?width=172&amp;height=172
Spicy Mayo Sauce,,5.0,https://images.deliveryhero.io/image/talabat/Menuitems/3EE908F62FE8960DB03383D727A1B695?width=172&amp;height=172
Garlic Mayo Sauce,,5.0,https://images.deliveryhero.io/image/talabat/Menuitems/1AA8FE59974DACB5B4C2D095F57F339B?width=172&amp;height=172
Caesar Dressing,,5.0,https://images.deliveryhero.io/image/talabat/Menuitems/61FA992DE90DF778B399B4C64819154F?width=172&amp;height=172
Pesto Sauce,,5.0,https://images.deliveryhero.io/image/talabat/Menuitems/A7DE2A746B26C0F88F6E9C8535E6D168?width=172&amp;height=172
Sour Cream,,5.0,https://images.deliveryhero.io/image/talabat/Menuitems/7836040B488658F83D8E0FDC30484A5E?width=172&amp;height=172
Guacamole Sauce,,5.0,https://images.deliveryhero.io/image/talabat/Menuitems/FA636C5FD8C9552EA51C3C68AEC28720?width=172&amp;height=172
Chili Lime Dip,,5.0,https://images.deliveryhero.io/image/talabat/Menuitems/37EA2845BF3236875716E7E083C3D6B5?width=172&amp;height=172
Butter Milk Sauce,,5.0,https://images.deliveryhero.io/image/talabat/Menuitems/180063CC6F17F99DAB20BA9729884EB4?width=172&amp;height=172
BBQ Sauce,,5.0,https://images.deliveryhero.io/image/talabat/Menuitems/A61F01FE391304790B14BAB06DEBF8B7?width=172&amp;height=172
Mayo sauce,,5.0,https://images.deliveryhero.io/image/talabat/Menuitems/58241C3884E599A16DA7956566C9DA8A?width=172&amp;height=172
Tartar Sauce,,5.0,https://images.deliveryhero.io/image/talabat/Menuitems/0CAB3F548A5390AF54FBD67DE43E7FAD?width=172&amp;height=172
Mexican Salsa,,5.0,https://images.deliveryhero.io/image/talabat/Menuitems/67BEA940B4BA08935FEA45FF4DEDE36A?width=172&amp;height=172
Sunrise,"Fresh Orange, Pineapple & Banana",24.0,https://images.deliveryhero.io/image/talabat/Menuitems/8CDDE4D222A5DC9EE285DDA49BDCC767?width=172&amp;height=172
Sunset,"Fresh Orange, Red Grape & Lemon Juice",24.0,https://images.deliveryhero.io/image/talabat/Menuitems/D7E0767AB1D287C3628B4F5DBBA519AA?width=172&amp;height=172
Fresh Orange Juice,,18.0,https://images.deliveryhero.io/image/talabat/Menuitems/617A4738D08638B8156720A9EECA15E3?width=172&amp;height=172
Fresh Lemon Juice,,18.0,https://images.deliveryhero.io/image/talabat/Menuitems/8BC7E8019A507C3FA0A91F644A4582F4?width=172&amp;height=172
Fresh Lemon Mint Juice,,18.0,https://images.deliveryhero.io/image/talabat/Menuitems/3139A9CBFC04D13EBFBD639E9557AC98?width=172&amp;height=172
Fresh Green Apple Juice,,18.0,https://images.deliveryhero.io/image/talabat/Menuitems/6CABED89D4A012814B495A68797C1017?width=172&amp;height=172
Fresh Red Apple Juice,,18.0,https://images.deliveryhero.io/image/talabat/Menuitems/AEB5D7AA89E0D8B15B77203346B7B27E?width=172&amp;height=172
Coca Cola,,9.0,https://images.deliveryhero.io/image/talabat/Menuitems/7F3A374EA276C3C22ABEC74F9BBB2C7F?width=172&amp;height=172
Cola Light,,9.0,https://images.deliveryhero.io/image/talabat/Menuitems/4A1A488C8CCBCC9F19378412FFA9DF54?width=172&amp;height=172
Coke Zero,,9.0,https://images.deliveryhero.io/image/talabat/Menuitems/8CD626544BC58E883B5B6015CA974784?width=172&amp;height=172
Sprite,,9.0,https://images.deliveryhero.io/image/talabat/Menuitems/537C73FD261D435E0242C0AA233759A8?width=172&amp;height=172
Fanta Orange,,9.0,https://images.deliveryhero.io/image/talabat/Menuitems/D0F087920A3A5B6A64B6D74B8DF16815?width=172&amp;height=172
Fanta Strawberry,,9.0,https://images.deliveryhero.io/image/talabat/Menuitems/CC5E55485ACD8CC604C45776D0DC099F?width=172&amp;height=172
Jarrito,,15.0,https://images.deliveryhero.io/image/talabat/Menuitems/89127AC5323AC542466A09780E20FC0C?width=172&amp;height=172
Sparkling Water,,9.0,https://images.deliveryhero.io/image/talabat/Menuitems/62237DCB55B2DA7469A808FFFA6459B0?width=172&amp;height=172
Still Water,,9.0,https://images.deliveryhero.io/image/talabat/Menuitems/151916C5A3B5AAD90944AD9B35469D85?width=172&amp;height=172
