item_name,item_description,item_price,item_image
Hello Doctor 2in1 Trolley,,109.0,https://images.deliveryhero.io/image/talabat/Menuitems/blob_637931483879877851?width=172&amp;height=172
Toy Avengers War Softgun,,39.0,https://images.deliveryhero.io/image/talabat/Menuitems/blob_637931546804046531?width=172&amp;height=172
Apple Earpods Lightning Connector,Earpods with lightning connector let you answer calls and adjust the volume and playback of music and video. ,125.0,https://images.deliveryhero.io/image/talabat/Menuitems/APPLE_EARPODS_LIGHTNING_C637918162653541039.jpg?width=172&amp;height=172
Apple Earpods 3.5mm Headphone Plug,Earpods with 3.5mm headphone plug let you answer calls and adjust the volume and playback of music and video.,109.0,https://images.deliveryhero.io/image/talabat/Menuitems/APPLE_EARPODS_35MM_HEADPH637918162588003706.jpg?width=172&amp;height=172
Apple Hdmi To Hdmi Cable 1.8m,Future ready hd hdmi cable ready for dolby vision and more enhance your future home entertainment with a durable cable ready for future audio and video generation,139.0,https://images.deliveryhero.io/image/talabat/Menuitems/blob_638245763596683577?width=172&amp;height=172
Apple Lightning To Headphone Jack Adapter,The lightning to 3.5mm headphone jack adapter lets you connect devices with an audio jack to lightning accessories.,60.0,https://images.deliveryhero.io/image/talabat/Menuitems/APPLE_LIGHTNING_TO_HEADPH637918162729226581.jpg?width=172&amp;height=172
Apple Usb-c To Headphone Jack Adapter,The usb-c to 3.5mm headphone jack adapter lets you connect a standard 3.5mm audio plug to your usb-c devices. Perfect for headphones or speakers.,60.0,https://images.deliveryhero.io/image/talabat/Menuitems/blob_637931450574537421?width=172&amp;height=172
Apple Lightning To Usb Cable 1m,"Lightning to usb cable 1m lets you charge and sync your iphone, ipad or ipod to your mac or windows pc.",89.0,https://images.deliveryhero.io/image/talabat/Menuitems/AppleLightningtoUSBCable_637918165252770364.jpg?width=172&amp;height=172
Anker Powercore Metro Essential 20000 Pd,External usb-c battery with 20000mah 20w power delivery.,269.0,https://images.deliveryhero.io/image/talabat/Menuitems/ANKER_POWERCORE_ESSENTIAL637918160382811516.jpg?width=172&amp;height=172
Anker Powercore 26800,"Portable charger with dual input port and double speed recharging, 3usb port external battery.",299.0,https://images.deliveryhero.io/image/talabat/Menuitems/blob_637931530678694882?width=172&amp;height=172
Anker Powercore Select 10000,"Small and light portable charger, ultra compact external battery with fast charging.",149.0,https://images.deliveryhero.io/image/talabat/Menuitems/ANKER_POWERCORE_SELECT_10637918160461877789.jpg?width=172&amp;height=172
Anker 24w 2-port Usb Charger,2 usb charger 4.8a-24w wall charger and poweriq technology.,119.0,https://images.deliveryhero.io/image/talabat/Menuitems/ANKER_24W_2PORT_USB_CHARG637918159122089792.jpg?width=172&amp;height=172
Anker Powerline Ii Usb-a With Lightning Connector 0.9m,Anker powerline lightning cable iphone charger chord mfi certified 0.9m,79.0,https://images.deliveryhero.io/image/talabat/Menuitems/blob_637950200770078960?width=172&amp;height=172
Anker Powerline Iii Usb-a With Lightning Connector 1.8m,Anker powerline lightning cable iphone charger chord mfi certified 1.8m,99.0,https://images.deliveryhero.io/image/talabat/Menuitems/Anker_PowerLine_III_USBA_637918160696923274.jpg?width=172&amp;height=172
Jbl Jr310 Wired Headphone,Childrens over-ear headphones with aux cable and built in microphone.,199.0,https://images.deliveryhero.io/image/talabat/Menuitems/blob_637931437984010692?width=172&amp;height=172
Jbl Jr310 Wired Headphone Red,"JBL Jr 310 Kids Wired On-Ear Headphones, Safe Sound, Built-In Mic, Sof Padded Headband, Comfortable Ear Cushion, Compact and Foldable Design, Single-Side Flat Cable - Red,",199.0,https://images.deliveryhero.io/image/talabat/Menuitems/blob_638284911060134968?width=172&amp;height=172
Jbl Jr310 Bluetooth Headphone,Childrens over-ear headphones with bluetooth and built in microphone.,239.0,https://images.deliveryhero.io/image/talabat/Menuitems/blob_637931447485585343?width=172&amp;height=172
Jbl Jr460nc Bluetooth Headphone Pink,"JBL JR460NC Wireless Over-Ear Noise Cancelling Kids Headphones, Built-In Mic, 20 Hour Battery, Designed for Kids, Detachable Audio Cable - Pink, JBLJR460NCPIK",349.0,https://images.deliveryhero.io/image/talabat/Menuitems/blob_638284917021642357?width=172&amp;height=172
Jbl Jr460nc,"Quality sound has no age, but you want to be sure your kids are safe while having fun. With a maximum volume set under 85dB, these wireless headphones are free to enjoy JBL quality sound, safely, wirelessly.

Shut out all that noise and distraction with Active Noise Cancelling headphones. Your kids can stay focused whether they’re listening to music, enjoying their favorite show or learning online.",349.0,https://images.deliveryhero.io/image/talabat/Menuitems/blob_638211160658499725?width=172&amp;height=172
Jbl Tune 510bt Blue,"JBL Pure Bass Sound - It features the renowned JBL Pure Bass sound, which can be found in the most famous venues all around the world.
Wireless Bluetooth 5.0 Streaming - Wirelessly stream high-quality sound from your smartphone without messy cords.
Up to 40H Battery Life And Speed Charge 5mins 2H - For long-lasting fun, listen wirelessly for 40 hours and recharge the battery in as little as 2 hours with the convenient Type-C USB cable. A quick 5-minute recharge gives you 2 additional hours of music.",239.0,https://images.deliveryhero.io/image/talabat/Menuitems/blob_638284926319017752?width=172&amp;height=172
Ps5 Street Fighter 6,"Powered by Capcom's proprietary RE ENGINE, Street Fighter 6 spans three distinct game modes, including Fighting Ground, World Tour and Battle Hub. The experience also includes innovative new gameplay features, plus enhanced visuals for every aspect of the game.",249.0,https://images.deliveryhero.io/image/talabat/Menuitems/blob_638282320452382578?width=172&amp;height=172
Ps5 Nba 2k23,"Pair today's All-Stars with timeless legends in MyTEAM. Build a dynasty of your own as a GM, or lead the league in a new direction as the Commissioner in MyNBA. Take on NBA or WNBA teams in PLAY NOW and experience true-to-life gameplay.",269.0,https://images.deliveryhero.io/image/talabat/Menuitems/blob_638282363227741663?width=172&amp;height=172
Ps5 Control Final Fantasy Xvi Limited Editions,Final fantasy xvi japan limited edition ps5 cover and dualsense. The controller design is good,499.0,https://images.deliveryhero.io/image/talabat/Menuitems/blob_638240539007648017?width=172&amp;height=172
Ps5 Controller Black And White Original,"The dual sense wireless controller for ps5 offers immersive haptic feedback, dynamic adaptive triggers and a built in microphone, all integrated into an iconic design.",325.0,https://images.deliveryhero.io/image/talabat/Menuitems/PS5_CONTROLLER_BLACK_WHIT637918183212482241.jpg?width=172&amp;height=172
Ps5 Controller Black And Red Original,"The dual sense wireless controller for ps5 offers immersive haptic feedback, dynamic adaptive triggers and a built in microphone, all integrated into an iconic design.",340.0,https://images.deliveryhero.io/image/talabat/Menuitems/PS5_CONTROLLER_BLACK_RED637918184123507133.jpg?width=172&amp;height=172
Ps5 Controller Black And Pink Original,"The dual sense wireless controller for ps5 offers immersive haptic feedback, dynamic adaptive triggers and a built in microphone, all integrated into an iconic design.",340.0,https://images.deliveryhero.io/image/talabat/Menuitems/PS5_CONTROLLER_BLACK_PINK637918183338098367.jpg?width=172&amp;height=172
Ps5 Controller Black And Blue Original,"The dual sense wireless controller for ps5 offers immersive haptic feedback, dynamic adaptive triggers and a built in microphone, all integrated into an iconic design.",340.0,https://images.deliveryhero.io/image/talabat/Menuitems/PS5_CONTROL_BLACK_BLUE637918183379434321.jpg?width=172&amp;height=172
Hdmi To Hdmi 1.5 M Cable,High speed hdmi to hdmi 1.5 m cable,59.0,https://images.deliveryhero.io/image/talabat/Menuitems/blob_638303906334344544?width=172&amp;height=172
Printer Cable 3 Meter,"Perfect to connect your printer, scanner, USB hub or other USB peripherals  to your desktop, laptop, tablet or other USB device",49.0,https://images.deliveryhero.io/image/talabat/Menuitems/blob_638303910030261472?width=172&amp;height=172
Printer Cable 5 Meter,"Perfect to connect your printer, scanner, USB hub or other USB peripherals  to your desktop, laptop, tablet or other USB device",59.0,https://images.deliveryhero.io/image/talabat/Menuitems/blob_638303910753033270?width=172&amp;height=172
Printer Cable 10 Meter,"Perfect to connect your printer, scanner, USB hub or other USB peripherals  to your desktop, laptop, tablet or other USB device",69.0,https://images.deliveryhero.io/image/talabat/Menuitems/blob_638303911249581848?width=172&amp;height=172
Riversong Lightning Cable 1m,High Speed Iphone Cable.,45.0,https://images.deliveryhero.io/image/talabat/Menuitems/blob_637932132374849170?width=172&amp;height=172
River Song Type-c To Lightning 1m,High Speed Cable.,80.0,https://images.deliveryhero.io/image/talabat/Menuitems/blob_637932289358266486?width=172&amp;height=172
River Song Type-c To Lightning Cable 3m,High Speed Cable Nylon Braided.,99.0,https://images.deliveryhero.io/image/talabat/Menuitems/blob_637932290004736163?width=172&amp;height=172
River Song Type-c To Type-c Cable 3m,High Speed Cable Nylon Braided.,89.0,https://images.deliveryhero.io/image/talabat/Menuitems/blob_637932291368415841?width=172&amp;height=172
Promate Acme Pd20 10k Mah Power Bank,"Incredibly sleek, lightweight, acme pd20 is super portable, easy to carry around, charge your devices up to 5X faster through the 20W power delivery and quick charge 3.0 ports, The USB c port supports input and output that lets you charge your devices and recharge acme pd20 at high speeds, the built in multi protection ic combines high voltage protection, over current protection, temperature control and more that ensure the safety of your connected devices.",179.0,https://images.deliveryhero.io/image/talabat/Menuitems/blob_638079898173971912?width=172&amp;height=172
Promate Bolt20 20k Power Bank,"Promate 20000mAh power bank, super slim fast charging portable charger with 2a dual usb port, over charging protection, usb C™, micro usb input port for smartphones and tablets.",159.0,https://images.deliveryhero.io/image/talabat/Menuitems/blob_638079904272094702?width=172&amp;height=172
Promate 20000mah Auratank-20 Usb-c Qi Powerbank,"Promate 20000mAh AuraTank-20 USB-C Qi Powerbank, 10W Fast Wireless Charger, 18W 2-Way Type-C Power Delivery, QC 3.0 Three USB Port, LED Display and Lightning, Micro USB Input for Qi and USB Devices",259.0,https://images.deliveryhero.io/image/talabat/Menuitems/blob_638145669014773523?width=172&amp;height=172
Promate Bolt 10 Power Bank 10000Mah ,Tech specs battery capacity 10000 mah 37wh battery,119.0,https://images.deliveryhero.io/image/talabat/Menuitems/blob_638262123104169625?width=172&amp;height=172
My Candy 10000 Mah 22.5w Fast Charging Metallic Power Bank With Touch Botton,"This 10,000 mAh 22.5W Power bank delivers fast charging PD output to quickly charge your phone on the go. The metallic aluminum finish with finger touch digital LED battery indicator...",129.0,https://images.deliveryhero.io/image/talabat/Menuitems/blob_638264112258571967?width=172&amp;height=172
"My Candy 20000 Mah,100w Laptop Power Bank","20,000 mAh 100W Power bank delivers fast charging PD output to quickly charge your laptops, phones and other portable devices on the go so your work and entertainment never goes...",229.0,https://images.deliveryhero.io/image/talabat/Menuitems/blob_638264114855143337?width=172&amp;height=172
Riversong Flexiclip 05 Car Holder,Multipurpose Car phone Mount.,85.0,https://images.deliveryhero.io/image/talabat/Menuitems/blob_637938452055651678?width=172&amp;height=172
Promate 360 Anti-slip Magnetic Mount Magnetto-3,"Keep your device securely mounted even in the roughest terrain with Magnetto-3. With built-in secure magnets and anti-slip grip, this magnetic mount keeps your device safe against bumps or drops. The secure grip is achieved without any hassle of cradles or suction cups. Simply stick the magnetic mount to any surface and get full-screen visibility and trustworthy hands-free usage.",79.0,https://images.deliveryhero.io/image/talabat/Menuitems/blob_637955767836862477?width=172&amp;height=172
Promate Travel Adapter Trip Mate-36w,"Universal compatibility: The travel adapter is compatible with UK, EU, AU, and US plugs, making it a perfect solution for your international travels.",219.0,https://images.deliveryhero.io/image/talabat/Menuitems/blob_638290945575591474?width=172&amp;height=172
Yesido Pd 20w Mini Universal Travel Charger Mc-17,Yesido MC-17 QC3.0  PD 20W Dual Port Global Universal Travel Charger Black,129.0,https://images.deliveryhero.io/image/talabat/Menuitems/blob_638261281688841398?width=172&amp;height=172
Promate Otg Link-c Usb-c,"USB-C Type-C to Lightning Cable, Ultra-Fast USB-C 3.1 Type-C Connector Charge",119.0,https://images.deliveryhero.io/image/talabat/Menuitems/blob_637931484635471917?width=172&amp;height=172
Promate Otg Link-i Lighning,Apple Device or Syncyour Media Files between a USB and apple device.,119.0,https://images.deliveryhero.io/image/talabat/Menuitems/blob_637931484281594290?width=172&amp;height=172
Mini Display Port To Vga Adapter,Adapter allows you to connect a device with a Mini DisplayPort to a Display with a VGA connector.,99.0,https://images.deliveryhero.io/image/talabat/Menuitems/Mini_Display_Port_to_VGA_637918180793634499.jpg?width=172&amp;height=172
Kongda Hdmi To Vga With Audio, HDMI to Vga Converter Adapter 1080P with 3.5 mm Audio HD Video Cable Adapter for PC Desktops,79.0,https://images.deliveryhero.io/image/talabat/Menuitems/Kongda_HDMi_to_VGA+Audio637918178657972658.jpg?width=172&amp;height=172
Anker 342 Usb Power Strip 10 In 1 A9182k21 - White,"Anker 342 USB Power Strip 10 in 1 A9182K21 - White

 

Compatible with: Apple, Samsung, Lenovo, and more

Codr: 2 Meter

8 AC, 2 USB-A

Compact Design

Wall Mountable

Electrical Rating - 250V 50/60Hz, 13A Max, 2990W Max

USB Output - USB-A1/A2 Output: 5V-2.4A(12W Max)",189.0,https://images.deliveryhero.io/image/talabat/Menuitems/blob_638246810415219308?width=172&amp;height=172
Promate 5in1 Wall-mount Charging Station,"The PowerRack delivers a whopping 3250W/4000W AC output that lets you use power hungry devices like hairdryers, curlers, shavers etc. with ease.",159.0,https://images.deliveryhero.io/image/talabat/Menuitems/blob_637920452521419707?width=172&amp;height=172
Promate Universal 4 Port Wall Charger With 60 W Pd,Promate universal 4-port wall charger with 60w and 18w dual usb-c power delivery port with dual 2.4a usb port centerport 2pd75.,289.0,https://images.deliveryhero.io/image/talabat/Menuitems/blob_638157656771520556?width=172&amp;height=172
Green Lion Spark 300 Power Inverter,"The Green Lion 300W Power Inverter is your gadget's best friend with power output of 300W. Your gadget will never run out of charge with the help of this power inverter owing thanks to the various ports such as Type-C and USB-A. The power inverter comes with 2 AC outputs to charge all your desired devices using USB-C and USB-A ports of each 20W and 12W respectively. Lastly, the power inverter comes with a surge protector to safeguard your devices against over-voltage or over-current.",259.0,https://images.deliveryhero.io/image/talabat/Menuitems/blob_638205160444131437?width=172&amp;height=172
Porodo Multi-port Power Hub 4 Usb-a/usb-c Ultimate Kit,Porodo Multi-Port Power HUB 4 USB-A/USB-C Ultimate Home & Office Kit 2M ; Rated Power: 3000W ; Rated Current: 13A ; Voltage: 100V - 250V ; Rated Frequency: 50-60Hz.,149.0,https://images.deliveryhero.io/image/talabat/Menuitems/blob_638157807066115573?width=172&amp;height=172
Porodo Multi Socket Rounded Black,"Universal sockets and Fireproof Material.
Quick Charge 3.0 USB + 3A Auto-ID Ports.
Over-Current Protection and Independent Power Switch.
Multi-function Power Hub with triple AC Power Sockets, supports plugs from 150+ countries. Four USB Output ports that includes one Quick Charge 3.0 Port ensuring a fast and efficient charge.",149.0,https://images.deliveryhero.io/image/talabat/Menuitems/blob_638205165278602025?width=172&amp;height=172
Moser Li Plus Pro2 1888-0151,"Diamond blade innovative carbon coated cutting head for better cutting performance, 40 times more resistant than our standard cutting heads, completely stainless and washable under water
Professional
Cord cordless operation, 80 minutes super quick charge, highly efficient and durable li-ion batteries without memory effect. 
Up to 160 minutes battery operating time.",799.0,https://images.deliveryhero.io/image/talabat/Menuitems/blob_638215766003982273?width=172&amp;height=172
Moser Chromini Pro2 1591-0164,"U-BLADE: Especially developed for extremely close cuts. The skin close 0.3 mm cutting length is ideal for contours, edge lining, sharp outlines and shape ups.
ERGONOMIC: Super light 130 g and quiet for comfortable handling. DC motor with noise reduction.",399.0,https://images.deliveryhero.io/image/talabat/Menuitems/blob_638215755260205948?width=172&amp;height=172
Moser Li Plus Pro 2 Mini 1588 0151,Moser Li plus Pro2 Mini the Next Generation Professional Cord/Cordless Hair Trimmer with DIAMOND BLADE included. Cutting width 32/cutting length 0.4,579.0,https://images.deliveryhero.io/image/talabat/Menuitems/blob_638215752139882706?width=172&amp;height=172
Moser Chromini Pro 1591-0167,"Star blade professional blade.
High precision grinding technology made in Germany. 
Quick change quick release blade set. 
Professional 120 minutes super quick charge. 
Up to 100 minutes battery operating time perfect exact contours up close and safe. 
Optional carving blade and designer blade for fine lines and creative styling.	",419.0,https://images.deliveryhero.io/image/talabat/Menuitems/blob_638215746762544876?width=172&amp;height=172
Moser Hair Clipper 1400-0378,"Professional Mains-Operated Hair Clipper Moser's classic Striking design. High performance Precision-ground stainless steel blade set STAR BLADE ""Made in Germany",259.0,https://images.deliveryhero.io/image/talabat/Menuitems/blob_638215739621786447?width=172&amp;height=172
Moser Mobile Shaver 3615-0052,"New from Moser 2016 - portable shaver mobile travel. This model has a grid system of shaving and is designed for dry shaving. Grid technology is well suited for men with sensitive skin. Through the use of special mesh, less skin is injured and does not cause irritation.",179.0,https://images.deliveryhero.io/image/talabat/Menuitems/blob_638215733666312810?width=172&amp;height=172
Panasonic Eh-ka11 Styler,Blow brush for straight style. Rubber on either side of the brush catches hair ends to prevent them getting away.,109.0,https://images.deliveryhero.io/image/talabat/Menuitems/Panasonic_EHKA11_Styler637918182926019163.jpg?width=172&amp;height=172
Ipad Mini 1234 Case Speck Case,Speck iguy standing kid friendly ipad case with handles,79.0,https://images.deliveryhero.io/image/talabat/Menuitems/blob_637944571233591749?width=172&amp;height=172
Iphone 13 Pro Full Glass Clear Protector,Glass screen protector compatible for iphone 13/13 pro 6.1 inch display tempered glass,65.0,https://images.deliveryhero.io/image/talabat/Menuitems/blob_637957407629493809?width=172&amp;height=172
Iphone 13 Mini Full Glass Clear Protector,Full glass protector can protect scratch of the mobile screen.,65.0,https://images.deliveryhero.io/image/talabat/Menuitems/blob_637957420130543911?width=172&amp;height=172
Iphone 12 Promax Full Glass Clear Protector,Anti-scratch and 0.33 mm 9H hardness transparent glass screen films.,55.0,https://images.deliveryhero.io/image/talabat/Menuitems/blob_637957424681063637?width=172&amp;height=172
Promate Linkhub-C  Type-C 4K,"Promate linkhub-c.Gry multi-function high speed usb-c hub. 4k hdmi, dual usb-a ports, microsd sdcard slots. Supports 4k 30hz. Plug and play. Transfer rate 5gbps.",199.0,https://images.deliveryhero.io/image/talabat/Menuitems/blob_638252685259008147?width=172&amp;height=172
Promate Compact 4k 6-in-1 Usb-c Surfacehub-7,"Increase your productivity with SurfaceHub-7, a multi-port hub that sports a USB-C, 4K HDMI, USB 3.0 and SD/TF card slot. The hub features an aluminium housing and shiny bevelled edges with plug and plays support that ensures seamless connectivity between your devices. Superior versatility and seamless connectivity with SurfaceHub-7",169.0,https://images.deliveryhero.io/image/talabat/Menuitems/blob_637924618684767487?width=172&amp;height=172
Promate 7 In 1 Usb C Hub,"featuring an Ethernet port, a USB C charging port with power delivery, a 4K HDMI port, and 4 USB 3. 0 ports",249.0,https://images.deliveryhero.io/image/talabat/Menuitems/blob_637931471154809200?width=172&amp;height=172
Promate 9 In 1 Usb C Hub,"This ultra-powerful USB-C hub sports 4K HDMI, USB 3.0 ports, Ethernet port, SD/MicroSD Card Slots and a 100W charging bridge.",269.0,https://images.deliveryhero.io/image/talabat/Menuitems/blob_637931459659129196?width=172&amp;height=172
Promate Primehub-pro Multi-port 11-in-1 Usb Type-c Hub For Macbook Pro/macbook Air/xp,"Sort your life just like your workstation with our Ultra-fast Multiport USB-C Hub- a Universal 11-in-One Docking Station featuring 100W Power Delivery Port, 4K HDMI, 1080p VGA, 1000Mbps Ethernet, 2 USB 3.0 Ports with 5Gbps Data Transfer Speed and 2USB 2.0 with 480 Mbps along with 3.5mm AUX, SD/TF Card slots, respectively. Mirror or extend your USB-C PC/laptop screen, stream 4K Ultra High definition or full HD 1080P video using HDMI or VGA port. Charge your laptop at 100W blazing speeds. Just simply, do not lose out on connectivity with Prime Hub-Pro.",299.0,https://images.deliveryhero.io/image/talabat/Menuitems/blob_637924644162179755?width=172&amp;height=172
Promate Gigalink C Ethernet Adapter,High Speed USB-C to Gigabit Ethernet Adapter.,129.0,https://images.deliveryhero.io/image/talabat/Menuitems/blob_637931474117484170?width=172&amp;height=172
Ye!! Bts750 Bth Speaker,"Connect wirelessly via bluetooth or via stereo line-in, easy pairing, setup
built-in lithium, rechargeable battery play up to 8 hours, micro usb port for audio input and charging, compatible with all devices enabled with a2dp stereo bluetooth and compact design for easy portability.",129.0,https://images.deliveryhero.io/image/talabat/Menuitems/blob_637941607251715642?width=172&amp;height=172
Earldom Bluetooth Car Mp3 And Charger,"The Bluetooth MP3 Player FM Transmitter Hands-free Car Kit Charger, which support USB driver and Micro SD card automatically plays and transmits theMP3 files of USB driver and Micro SD card after matched with your radio by the frequency. Built-in microphone offer your clear talking and wonderful music",69.0,https://images.deliveryhero.io/image/talabat/Menuitems/blob_637927270087219074?width=172&amp;height=172
Imas 2 in 1 M-USB Lightning Cable Car Charger ,"2.1 fast charger, intelligent recognition output with data lines 2 in 1.",39.0,https://images.deliveryhero.io/image/talabat/Menuitems/blob_638101634633265389?width=172&amp;height=172
Samsung Car Charger Micro Usb,"Convenient car adapter. Power up on the road. Boost the batteries of your Samsung Galaxy and other micro usb compatible devices while you are behind the wheel. More charging options at your fingertips. 2000 Ma convenient car adapter, power up on the road with 5 v and 1 meters cable.",79.0,https://images.deliveryhero.io/image/talabat/Menuitems/blob_638101649674972826?width=172&amp;height=172
Jivo Mfi Lightning 10w Car Charger For Iphone,"Manufacturer: Jivo 
• Model: Car Charger
• Charge your iPad, iPhone and iPod in your car 
• Car charger with Lightning cable for iPad, iPhone and iPod
• 10-Watt (5V/2.1A port) charger offers ultra fast charging capabilities
• Compatible with 12V/24V power supplies in car cigarette lighter
• Compatible with iPad, iPhone and iPod with Lightning connector",69.0,https://images.deliveryhero.io/image/talabat/Menuitems/blob_638101652284509711?width=172&amp;height=172
Griffin Directdeck Cassette Adapter,"Easiest way to play your portable music through your car's tape deck.
No batteries required.
Universal, works with any player using a 3.5 mm stereo-mini headphone jack.",39.0,https://images.deliveryhero.io/image/talabat/Menuitems/blob_638101694724190833?width=172&amp;height=172
