item_name,item_description,item_price,item_image
I Love You Vase Package,I love you vase with rose arrangement and one helium latex balloon. please choose your colour roses:,199.0,https://images.deliveryhero.io/image/talabat/Menuitems/blob_638238411040877882?width=172&amp;height=172
You Are My Sunshine Vase,"This vase comes with a mixture of fresh roses, gypsophila and ruscus leaves",249.0,https://images.deliveryhero.io/image/talabat/Menuitems/blob_638238414880234340?width=172&amp;height=172
Snow White Vase,A mixture of fresh red and white roses with ruscus leaves arranged in an elegant style vase.,199.0,https://images.deliveryhero.io/image/talabat/Menuitems/blob_638062283760110915?width=172&amp;height=172
Ruby Red Vase With Steel Grass,Fresh red roses arranged elegantly in a vase with a mixture of eucalyptus and finished to perfection with steel grass.,199.0,https://images.deliveryhero.io/image/talabat/Menuitems/blob_638062885767285467?width=172&amp;height=172
Snow White Vase With Steel Grass,A mixture of fresh red and white roses with ruscus leaves and additional steel grass arranged in an elegant style vase.,199.0,https://images.deliveryhero.io/image/talabat/Menuitems/Valentino_with_steel_gras638060225420257990.jpg?width=172&amp;height=172
Secret Of Love,Disney inspired fresh red roses arranged in an elegant black wrapping with gold lining.,165.0,https://images.deliveryhero.io/image/talabat/Menuitems/blob_638062747382109799?width=172&amp;height=172
Exclusive Ferrero Deluxe Bouquet,"This bouquet comes with fresh red roses, gypsophila, ferrero rocher chocolates and green leaves wrapped beautifully and tied with a red ribbon",399.0,https://images.deliveryhero.io/image/talabat/Menuitems/blob_638238401433731405?width=172&amp;height=172
Ferrero Delight Bouquet,"This beautiful bouquet comes with a mixture of fresh red roses, gypsophila , Ferrero Rocher chocolates wrapped in white wrapping with a red ribbon",199.0,https://images.deliveryhero.io/image/talabat/Menuitems/blob_638184761957987828?width=172&amp;height=172
Purple Twist Bouquet,"This beautiful bouquet comes with fresh pink roses, gypsophila and Ferrero Rocher chocolate hand-tied with a pink ribbon, the perfect gift for your loved ones.	
",199.0,https://images.deliveryhero.io/image/talabat/Menuitems/blob_638188108370212782?width=172&amp;height=172
Freshness Bouquet,"This bouquet has a mixture of lillies, gypsophila and fresh pink and white roses.",170.1,https://images.deliveryhero.io/image/talabat/Menuitems/blob_638099140413636030?width=172&amp;height=172
Large Maldives Bouquet,"This beautiful 2023 collection bouquet comes with a mixture of fresh roses, ruscus leaves and gypsophila wrapped in gorgeous wrapping tied to perfection. Suitable for any occasion",224.1,https://images.deliveryhero.io/image/talabat/Menuitems/blob_638101778053506146?width=172&amp;height=172
Deep Red Bouquet,"This bouquet comes with a mixture of fresh red roses arranged in black wrapping with red ribbon.
Choose your size",0.0,https://images.deliveryhero.io/image/talabat/Menuitems/blob_638116688022381313?width=172&amp;height=172
Welcome Baby Girl Package,This package comes with a self standing baby girl heart foil balloon filled with air 28inch and 8 helium latex balloons mix of pink and white,209.0,https://images.deliveryhero.io/image/talabat/Menuitems/blob_638238427094350478?width=172&amp;height=172
Baby Girl Special Balloon Package,"Comes with one special baby girl helium balloon, two confetti balloons and three plain  pink balloons",169.0,https://images.deliveryhero.io/image/talabat/Menuitems/blob_638238428325682244?width=172&amp;height=172
Baby Boy Full Package,"This package comes with a beautiful blue teddy bear, a fluffy blue blanket with stars and a Baby boy box with fresh roses arrangement and Limonium.  Perfect to congratulate a new baby boy to the family.",499.0,https://images.deliveryhero.io/image/talabat/Menuitems/blob_638062911089077314?width=172&amp;height=172
Welcome Baby Boy Package,"This package comes with a self standing Baby boy heart foil balloon filled with air 28inch. 
This includes 8 helium latex balloons mix of white and blue.",199.0,https://images.deliveryhero.io/image/talabat/Menuitems/blob_638238405644034131?width=172&amp;height=172
Its A Boy Helium Balloons,This package comes with four its a boy balloons and four confetti balloons filled with helium,165.0,https://images.deliveryhero.io/image/talabat/Menuitems/blob_638238407661637463?width=172&amp;height=172
Lilly Love Bouquet,"Lilies wrapped beautifully in premium packaging, maybe delivered fully bloomed, semi bloomed or in bud stages.",249.0,https://images.deliveryhero.io/image/talabat/Menuitems/Gorgeous_Gardenia_Bouquet638060225280892955.jpg?width=172&amp;height=172
Amour Bouquet,"premium lilies, eucalyptus, spray roses, ruscus, and songs of Jamaica. Wrapping of the bouquet will be similar if the exact is not available or out of stock.",199.0,https://images.deliveryhero.io/image/talabat/Menuitems/Delightful_Wishes_Bouquet638060225254189268.jpg?width=172&amp;height=172
Dance With Me Jute Bouquet,"This bouquet has a mixture of yellow, pink and purple fresh roses, gypsophila and steel grass arranged in Jute wrapping.",199.0,https://images.deliveryhero.io/image/talabat/Menuitems/blob_638062805443566297?width=172&amp;height=172
Russian Red Bouquet,Fresh red spray roses arranged in a gorgeous bouquet with elegant wrapping.,189.0,https://images.deliveryhero.io/image/talabat/Menuitems/blob_638062751375503063?width=172&amp;height=172
Rare Beauty Hand Tied Bouquet,premium bouquet of 20 fresh red roses wrapped beautifully.,199.0,https://images.deliveryhero.io/image/talabat/Menuitems/blob_638062749796192373?width=172&amp;height=172
Mix Of Love Bouquet,30 Fresh assorted roses with ruscus leaves wrapped in beautiful white wrapping with a beautiful red ribbon.,299.0,https://images.deliveryhero.io/image/talabat/Menuitems/Pastel_Mix_Bouquet638060225341373721.jpg?width=172&amp;height=172
Happy Birthday Black And Gold Balloon Package,"This package comes with two foil happy birthday balloons, three gold balloons, three black balloons, two confetti gold balloons.",225.0,https://images.deliveryhero.io/image/talabat/Menuitems/blob_638238409546338776?width=172&amp;height=172
Special Happy Birthday To You Package,This package comes with a mixture of fresh red roses arranged in a customized luxury bag. This comes with two gold edition Happy Birthday helium latex balloons.,225.0,https://images.deliveryhero.io/image/talabat/Menuitems/blob_638095567183766317?width=172&amp;height=172
Happy Birthday Sister Package,"This comes with a mixture of fresh red and white roses, gypsophila, Ferrero Rocher chocolates and lilies in a customized Happy Birthday Sister Box with a Happy Birthday foil helium balloon. 
Please choose your size:",0.0,https://images.deliveryhero.io/image/talabat/Menuitems/blob_638095593828403204?width=172&amp;height=172
Happy Birthday Mom Box Package,"This arrangement comes with a mixture of fresh white and red roses, gypsophila, Ferrero Rocher chocolates, and lilies. In a customized happy birthday mom box with a happy birthday foil helium balloon.",0.0,https://images.deliveryhero.io/image/talabat/Menuitems/blob_638095574272282878?width=172&amp;height=172
Happy Birthday Dad Package,"This arrangement comes with a mixture of fresh white and red roses, gypsophila , Ferrero Rocher chocolates and lilies. In a customized Happy Birthday Dad Box with a Happy Birthday Foil Helium Balloon",0.0,https://images.deliveryhero.io/image/talabat/Menuitems/blob_638095595848027952?width=172&amp;height=172
Wishing You A Luxury Birthday,Fresh red roses and a surprise tray of Ferrero Rocher chocolates with a special Happy Birthday foil helium balloon combo. please note if the same Happy Birthday balloon is not available then we will replace it with a similar one.,299.0,https://images.deliveryhero.io/image/talabat/Menuitems/Wish_me_deluxe_Happy_birt638060225398952759.jpg?width=172&amp;height=172
Exotic Box Arrangement,"This arrangement includes fresh lilies, fresh yellow, red roses and Ferrero Rocher chocolates arranged in a black box",349.0,https://images.deliveryhero.io/image/talabat/Menuitems/blob_638182834437857087?width=172&amp;height=172
Limited Edition Light Up Heart,This arrangement comes with fresh red roses arranged in a special light up box with a beautiful acrylic lid and tied with a beautiful black ribbon.,425.0,https://images.deliveryhero.io/image/talabat/Menuitems/blob_638162168627009301?width=172&amp;height=172
Red Love Flower Box,This package comes with a mixture of fresh red roses and a tray of Ferrero Rocher chocolates arranged in a black box.,249.5,https://images.deliveryhero.io/image/talabat/Menuitems/blob_638162145713586397?width=172&amp;height=172
Choca De Rose,A mixture of fresh red roses and Ferrero Rocher Italian chocolates arranged in an elegant style box.,235.0,https://images.deliveryhero.io/image/talabat/Menuitems/Infusion_De_Rose638060225295113817.jpg?width=172&amp;height=172
Red Passion Flower Arrangement,This arrangement has a mixture of fresh red roses arranged in a box with two red helium latex balloons.,299.0,https://images.deliveryhero.io/image/talabat/Menuitems/blob_638162160185075586?width=172&amp;height=172
You Are The Best,Fresh red roses arranged in a beautiful square box and a surprise tray of Ferrero Rocher chocolates.,249.5,https://images.deliveryhero.io/image/talabat/Menuitems/blob_638062293410195343?width=172&amp;height=172
I Love You Arabic Text Customized Package,"This package comes with a customized Arabic text I Love you on the vase with fresh white and red roses, Ferrero Rocher chocolate box 300g with red ribbon and one red helium latex balloon.",300.0,https://images.deliveryhero.io/image/talabat/Menuitems/blob_638142629252911355?width=172&amp;height=172
All In Red Package,"This package comes with a fresh red rose arrangement , Ferrero Rocher chocolates 300g and One I Love you Helium Latex Balloon",261.0,https://images.deliveryhero.io/image/talabat/Menuitems/blob_638110418851240821?width=172&amp;height=172
Flower Garden Package,This package comes with a mixture of fresh red roses and eucalyptus arranged in a black box with a tray of Ferrero Rocher chocolate and one Oud Intense scented candle.,420.0,https://images.deliveryhero.io/image/talabat/Menuitems/blob_638162150901009289?width=172&amp;height=172
Large Exclusive I Love You Box,"This exclusive I love heart box is our limited edition. 
This comes with a mixture of fresh red roses.",390.0,https://images.deliveryhero.io/image/talabat/Menuitems/blob_638093846401052082?width=172&amp;height=172
All My Heart Light Up Package,"This limited edition acrylic heart box comes with fresh red roses arranged in a heart shape which lights up, I Love you Foil Helium Balloon, Lindt Lindor chocolate box gold 225g and one red teddy.",595.0,https://images.deliveryhero.io/image/talabat/Menuitems/blob_638118353281054776?width=172&amp;height=172
Luxurious Love Package,This amazing Love package comes with an acrylic heart with fresh red roses inside and Lindt Lindor red chocolate box 225g and One red helium latex balloon.,539.0,https://images.deliveryhero.io/image/talabat/Menuitems/blob_638143337215904599?width=172&amp;height=172
Mum Special Flower Box Package,This package comes with fresh red and white roses in a special customized I Love you Mum flower box with two red helium latex balloons,325.0,https://images.deliveryhero.io/image/talabat/Menuitems/blob_638142606394341410?width=172&amp;height=172
Special Mama Single Flower Box,Mixture of fresh red and white roses arranged in a mama box with gold mama arabic text,299.0,https://images.deliveryhero.io/image/talabat/Menuitems/blob_638148711941549586?width=172&amp;height=172
Special Mama Full Package,This package comes with fresh white and red roses arranged in a special mama box with gold Arabic writing and a beautiful oud incense candle.,399.0,https://images.deliveryhero.io/image/talabat/Menuitems/blob_638142618039670446?width=172&amp;height=172
I Love You Arabic Customized Vase,This special vase comes with a customized I Love you Arabic vase with a mixture of red and white fresh roses and a personalized company ribbon.,249.0,https://images.deliveryhero.io/image/talabat/Menuitems/blob_638142624133166210?width=172&amp;height=172
Just Love Vase,This gorgeous vase has mixture of purple fresh roses and ruscus leaves arranged in elegant vase,219.0,https://images.deliveryhero.io/image/talabat/Menuitems/blob_638142645463307724?width=172&amp;height=172
All Pink Vase For You,"This mum inspired vase has mixture of fresh pink, purple roses, ruscus leaves and gypsophila arranged in beautiful vase",299.0,https://images.deliveryhero.io/image/talabat/Menuitems/blob_638142643150206783?width=172&amp;height=172
Teddy Hugs With K And K Cosmetic Bag,Teddy hugs bring you K and K cosmetic bag. Enjoy this cute combo.,249.0,https://images.deliveryhero.io/image/talabat/Menuitems/blob_638062937146032451?width=172&amp;height=172
A Night In With Teddy,A night in with Teddy includes a beautiful Oud Scented candle to really relax after a stressful day.,249.0,https://images.deliveryhero.io/image/talabat/Menuitems/blob_638062939084523574?width=172&amp;height=172
Beauty And The Beast Full Package,"This Beauty and the Beast full collection comes with a beautiful fluffy teddy , Italian Ferrero Rocher 300g chocolate box wrapped with a pink ribbon,  Kylie and Kendal cosmetic bag and fresh roses arranged in a heart shape Beauty and the Beast pink box",599.0,https://images.deliveryhero.io/image/talabat/Menuitems/blob_638062199090626445?width=172&amp;height=172
Sweetness And Delight,"This sweetness, delight package comes with the Disney inspired beauty, the beast heart shape box mixture of fresh pink, white roses, Limonium, and Italian Ferrero Rocher chocolates 300 g wrapped in pink ribbon.",349.0,https://images.deliveryhero.io/image/talabat/Menuitems/blob_638062190372905673?width=172&amp;height=172
Large Beauty And The Beast Heart Box,"This beautiful Disney inspired Beauty and the Beast pink heart box comes with mixture of fresh pink and white roses and Limonium. A Beauty and the Beast twist, very unique and inspiring collection.",299.0,https://images.deliveryhero.io/image/talabat/Menuitems/blob_638062183724339803?width=172&amp;height=172
True Beauty Lies Inside Heart Box,Customized with True beauty lies inside. Mixture of fresh white and pink roses and Limonium arranged beautifully in this unique style heart shaped Beauty and the Beast box perfect for a princess.,249.0,https://images.deliveryhero.io/image/talabat/Menuitems/blob_638062186886058204?width=172&amp;height=172
Oh Darling Cruella,This gorgeous disney inspired darling cruella box comes with a mixture of fresh pink and red roses with beautiful red lips on the box and darling text,249.0,https://images.deliveryhero.io/image/talabat/Menuitems/blob_638062261610606507?width=172&amp;height=172
I Love Fur Darling Package,"This Disney inspired package includes a fury friend, a lovely Oud scented candle for those amazing nights in, Cadbury miniatures box 200g and a beautiful flower arranged with a mixture of fresh pink and red roses in a Disney Cruella inspired box.",550.0,https://images.deliveryhero.io/image/talabat/Menuitems/blob_638062904310878103?width=172&amp;height=172
Double Trouble Cruella Where Is She Combo Package,"Hear Cruella roar with this double trouble Disney combo package includes large my name is Cruella darling box with fresh red roses, ruscus leaves, limonium, Disney Cruella, the Dalmatians box featuring gorgeous puppies on the box with Disney Cruella text, the famous Cruella de vil on the box, this unique piece comes with mixture of red, white roses, gypsophila, ruscus leaves, and Limonium.",649.0,https://images.deliveryhero.io/image/talabat/Menuitems/blob_638063036658739260?width=172&amp;height=172
My Name Is Cruella Darling,"This beautiful Disney Cruella inspired arrangement comes with fresh red roses, ruscus leaves and Limonium arranged in a large size box with customized Cruella text in red and a lovely picture of the famous Disney Cruella. Very unique and elegant piece that can be gifted to anyone who is a Disney lover",349.0,https://images.deliveryhero.io/image/talabat/Menuitems/blob_638062205855399920?width=172&amp;height=172
Cruella And The Dalmatians,"Disney Cruella and the Dalmatians box features the gorgeous puppies on the box with Disney Cruella text and the famous Cruella De vil on the box. This unique piece comes with a mixture of red and white roses, Gypsophila, ruscus leaves and Limonium.",349.0,https://images.deliveryhero.io/image/talabat/Menuitems/blob_638062264108923247?width=172&amp;height=172
Cruella Loves Ferrero Package,"This perfect bundle is a mixture of Disney Cruella and the Dalmatians box featuring the gorgeous puppies on the box with Disney Cruella text and the famous Cruella De vil on the box. This unique piece comes with a mixture of red and white roses, Gypsophila, ruscus leaves and Limonium. Combining the lovely Ferrero Rocher chocolate box 300g wrapped with a red ribbon.",410.0,https://images.deliveryhero.io/image/talabat/Menuitems/blob_638062265730646937?width=172&amp;height=172
Dairy Milk Fusion,Cadbury Dairy milk arranged in a glass vase with elegant wrapping.,179.0,https://images.deliveryhero.io/image/talabat/Menuitems/Dairy_milk_fusion638060225244938288.jpg?width=172&amp;height=172
Take A Break With Kit Kat Mini’s,This arrangement includes nestle kit kat chocolate arranged in a glass vase and tied with company ribbon.,179.0,https://images.deliveryhero.io/image/talabat/Menuitems/blob_638076657428715865?width=172&amp;height=172
Italian Ferrero Chocolate Box With Blue Princess Teddy,Italian Ferrero chocolates 300 g with blue princess teddy,180.0,https://images.deliveryhero.io/image/talabat/Menuitems/Ferrero_Rocher_chocolate_638060225274150457.jpg?width=172&amp;height=172
Italian Ferrero Chocolate Box 300g,Ferrero Rocher chocolate box 300g with company ribbon,110.0,https://images.deliveryhero.io/image/talabat/Menuitems/blob_638073333760844430?width=172&amp;height=172
Lindt Chocolate Box Red 225g,Lindt Chocolate Box Red 225g comes with company ribbon.,110.0,https://images.deliveryhero.io/image/talabat/Menuitems/blob_638073338055462237?width=172&amp;height=172
Lindt Chocolate Box Gold 225g,Lindt Chocolate Box Gold 225g with company ribbon,110.0,https://images.deliveryhero.io/image/talabat/Menuitems/blob_638073338675497982?width=172&amp;height=172
Well Done Grad 2023,This arrangement comes with fresh red roses arranged in a graduation style hat box with customized graduation 2023 text with a tray of Ferrero Rocher chocolates,299.0,https://images.deliveryhero.io/image/talabat/Menuitems/blob_638062296767656142?width=172&amp;height=172
