item_name,item_description,item_price,item_image
Chicken Gyoza,Chicken Gyoza,34.0,https://images.deliveryhero.io/image/talabat/Menuitems/2B5605BEBCF1182780A2CA40F3426E94?width=172&amp;height=172
Braised Beef Ramen,Braised Beef Ramen,54.0,https://images.deliveryhero.io/image/talabat/Menuitems/4249AED8FA799FF9FFB028116197AA5F?width=172&amp;height=172
Special Set ( 32 pcs ),"Tempura Craze 4 Pcs , Harmony 4 Pcs , California 4 Pcs , Crsipy Kemuri 4 Pcs , Crunchy Sweet Potato",129.0,https://images.deliveryhero.io/image/talabat/Menuitems/8A0BF2CBF3A4779D123BD33746924F24?width=172&amp;height=172
Tori Gyoza Ramen,"Shoyu broth, chicken gyoza, ajitama egg, pakchoy",54.0,https://images.deliveryhero.io/image/talabat/Menuitems/22B3FECB7AA8A691EF98977E826E95B1?width=172&amp;height=172
Calamari Rings,Calamari Rings,44.0,https://images.deliveryhero.io/image/talabat/Menuitems/774A41C9D79FD3163A1E0A0B128E4187?width=172&amp;height=172
Cooked Sushi Box - 16 Pcs,"Tempura Craze 4 pcs
Krunchy Cream 4 pcs 
Peppered Salmon 4 pcs 
California 4 pcs",74.0,https://images.deliveryhero.io/image/talabat/Menuitems/585CEA3FCA583BD9396E25C6E0CDB80E?width=172&amp;height=172
Tempura Sushi Box - 16 Pcs,"Tempura Craze 4 Pcs 
Midori Tempura 4 Pcs 
Tempura Chips 4 Pcs 
Crispy Tempura Cali 4 Pcs",74.0,https://images.deliveryhero.io/image/talabat/Menuitems/1E38177E5070C3BCA4C45F8D55FB52E5?width=172&amp;height=172
Hana Roll,"Bonito flakes, prawns, avocado, tamago",59.0,https://images.deliveryhero.io/image/talabat/Menuitems/F8C8A6CDAFC724055EFA7F009976878E?width=172&amp;height=172
California Your Way ( 16 Pcs ),"California 4 Pcs ,  Crispy Tempura Cali  4 Pcs ,  Super Cali 4 Pcs ,  Kunafa Cali  4 Pcs",79.0,https://images.deliveryhero.io/image/talabat/Menuitems/5834C0957115CAC88ED4646C13D3A944?width=172&amp;height=172
Veggie box ( 20 Pcs ),"Veggie Roll 4 Pcs , New Kings Roll 4 Pcs , Kappa Maki 4 Pcs , Avocado Maki 4 Pcs",79.0,https://images.deliveryhero.io/image/talabat/Menuitems/88382DC640F900C0ECA2DE6DD922C439?width=172&amp;height=172
Special Set ( 32 pcs ),"Tempura Craze 4 Pcs , Harmony 4 Pcs , California 4 Pcs , Crsipy Kemuri 4 Pcs , Crunchy Sweet Potato",129.0,https://images.deliveryhero.io/image/talabat/Menuitems/8A0BF2CBF3A4779D123BD33746924F24?width=172&amp;height=172
Meal For 4 (Maki set of 36Pcs),Meal For 4 (Maki set of 36Pcs),129.0,https://images.deliveryhero.io/image/talabat/Menuitems/81FE698E21B27CF472614B1AE5B52D19?width=172&amp;height=172
Build Your Own Box - 16 Pieces,Choose 4 Sushi Roll,89.0,https://images.deliveryhero.io/image/talabat/Menuitems/1FDB5CAD936067E5A7767BB758CC2C2D?width=172&amp;height=172
Build Your Own Box - 32 Pieces,Choose 8 Sushi Roll,139.0,https://images.deliveryhero.io/image/talabat/Menuitems/EB20C332349CE342B10589EB15963D67?width=172&amp;height=172
Matsu Sashimi Bento,"Fresh cuts of sashimi, sushi rice",79.0,https://images.deliveryhero.io/image/talabat/Menuitems/87470A49EB36BBEEFF2DD364CB163232?width=172&amp;height=172
Nigiri Sushi Set,Combination for Sushi Lovers,69.0,https://images.deliveryhero.io/image/talabat/Menuitems/C26E09A4BB312344061799BB3738F290?width=172&amp;height=172
Salmon Delight,Chef SuLi's recommendation for Salmon Lovers,79.0,https://images.deliveryhero.io/image/talabat/Menuitems/D08AAD6BA84DD90A7F8AB637D35BC68C?width=172&amp;height=172
Tuna Delight,Chef SuLi's recommendation for Tuna Lovers,69.0,https://images.deliveryhero.io/image/talabat/Menuitems/F769B8A5A5CA3F24615BE3253BE78F3D?width=172&amp;height=172
Itsuki Special,"Select cuts of Fresh Sashimi - Salmon, Tuna & Hamachi, Nigiris with Tempura Craze & California Rolls (37 pieces)",199.0,https://images.deliveryhero.io/image/talabat/Menuitems/B9AED66C1C7C6800275CFB2B25EA2F40?width=172&amp;height=172
Okinawa,"Collection of Fresh Sashimi - Salmon, Tuna, Hamachi, Cuttlefish, Tako & Crab (36 pieces)",179.0,https://images.deliveryhero.io/image/talabat/Menuitems/41032917FB1DB18E9D40094CACD5DDAE?width=172&amp;height=172
Grand Cali,Wide variety of our favorite California rolls (48 pieces),159.0,https://images.deliveryhero.io/image/talabat/Menuitems/94442142868B7C364F8788EEA275459C?width=172&amp;height=172
Mega Shira,"Chef Suli's best flavours all put together in one tray. CSY Prawns, Krunchy Cream, Zebra Roll, Tempura Chips, Harmony, A-Roll (50 Pieces)",219.0,https://images.deliveryhero.io/image/talabat/Menuitems/B1C79F20478FE4C0B2839182DA6A892F?width=172&amp;height=172
Chef SuLi Selection,"Combination of Chef SuLi's creations - Chef SuLi's Supreme Roll, Shibuya Roll, Super Cali, Spicy Tuna Roll & Crazy Kunafa (40 pieces)",199.0,https://images.deliveryhero.io/image/talabat/Menuitems/67A45F9EC5813D6FB02004ECDCAC7512?width=172&amp;height=172
Lobster Volcano,Meaty lobster tempura on a scrumptious volcano maki.,64.0,https://images.deliveryhero.io/image/talabat/Menuitems/94B64D64D1217B259A44E62F884EF6E1?width=172&amp;height=172
Tropical Crunch Roll (8 Pcs),"Salmon, mango, chips, crispy crab sauce",54.0,https://images.deliveryhero.io/image/talabat/Menuitems/D5B214807E444E61C4344E123531F51A?width=172&amp;height=172
Zebra Roll,"Crispy prawn tempura, crab rolled & topped with crispy salmon served over sweet chili sauce",49.0,https://images.deliveryhero.io/image/talabat/Menuitems/8D808406445FC89C00868CD718FEDA47?width=172&amp;height=172
Chef SuLi's Supreme Roll,"Supreme combination of salmon, crab, spicy mayo, avocado & CSY prawns",59.0,https://images.deliveryhero.io/image/talabat/Menuitems/321CEB16998ADD398F3D4D1B597116A6?width=172&amp;height=172
Crispy Torched Salmon,"Crispy prawn tempura, tamago & avocado rolled with spicy torched salmon & topped with potato crisp",59.0,https://images.deliveryhero.io/image/talabat/Menuitems/0E1A95EC2E4DEBF585418069BED5C494?width=172&amp;height=172
Tempura Chips,Chef SuLi's ultimate combination of cheese & chips with crispy tempura,54.0,https://images.deliveryhero.io/image/talabat/Menuitems/905DDF8175219C1CAB66E85B276384FA?width=172&amp;height=172
Premium Box ( 16 Pieces ),"Chef SuLi's Supreme Roll 4 pcs  , Tempura Chips 4 pcs  , Crispy Kemuri 4 pcs  , Midori Tempura  4 pcs",129.0,https://images.deliveryhero.io/image/talabat/Menuitems/9E968AF57FBD428EA2635F2AEB5E3D84?width=172&amp;height=172
Premium Box ( 32 ( Pieces ),"Suli Supreme  4 pcs  ,Tempura Chips 4 pcs  , Crispy Torched Salmon 4 pcs ,  Crab N Cheese 4 pcs , Super Cali 4 pcs ,  Teriyaki Roll 4 pcs ,  Spicy Tuna Roll 4 pcs",229.0,https://images.deliveryhero.io/image/talabat/Menuitems/36C9F5810805782F9ECBB27C71012049?width=172&amp;height=172
Kemuri Sake,"Smoked salmon, crab & avocado rolled with tobiko",49.0,https://images.deliveryhero.io/image/talabat/Menuitems/4C3B7981097D3CE23E9A716A73792F7C?width=172&amp;height=172
Harmony,"Crispy prawn tempura, asparagus rolled & torched with crab n cheese drizzled with spicy mayo",49.0,https://images.deliveryhero.io/image/talabat/Menuitems/B4FA03B0C217C76B41894998E2212804?width=172&amp;height=172
Krunchy Cream,"Panko crusted roll with tamago, prawn & cheese",49.0,https://images.deliveryhero.io/image/talabat/Menuitems/E2729333134004882145EA8C1D9F059F?width=172&amp;height=172
Crispy Tempura Cali,"Traditional California roll filled with avocado, crab & cucumber",39.0,https://images.deliveryhero.io/image/talabat/Menuitems/426B91124C50432141D5F60A57BA23F4?width=172&amp;height=172
The Yanagi,"Crispy prawn tempura topped with slices of avocado, salmon, crab salad & tobiko",59.0,https://images.deliveryhero.io/image/talabat/Menuitems/DC53E10DF11D3EB1162800D1C68074AA?width=172&amp;height=172
Tempura Craze,"Prawn tempura, avocado, sweet chili, teriyaki sauce",44.0,https://images.deliveryhero.io/image/talabat/Menuitems/A80119773918442DD33A24CDE87F1929?width=172&amp;height=172
Crispy Kemuri,"Smoked salmon, cream cheese, crispy tempura",44.0,https://images.deliveryhero.io/image/talabat/Menuitems/0EF7C1E3DD54F61A1F3D4FC884B0CE85?width=172&amp;height=172
Kabayaki Roll,"Spicy crab, avocado, BBQ eel",54.0,https://images.deliveryhero.io/image/talabat/Menuitems/2AD78FA0B8B4F10B081155C59AF4BAAD?width=172&amp;height=172
Midori Tempura,"Prawn tempura, avocado, teriyaki sauce",44.0,https://images.deliveryhero.io/image/talabat/Menuitems/6977680323CA7AF87703E5310E4C0183?width=172&amp;height=172
Super California,"Traditional California roll filled with avocado, crab & cucumber and Tobikko",44.0,https://images.deliveryhero.io/image/talabat/Menuitems/2E61A189085770CDC58DAEE3D361B71B?width=172&amp;height=172
Crunchy Sweet Potato,"Avocado, crunchy sweet potatoes, prawn tempura",49.0,https://images.deliveryhero.io/image/talabat/Menuitems/959C6A8A91387FA906D38BAE426F4AC8?width=172&amp;height=172
Shibuya Roll,California roll with sashimis & avocado,49.0,https://images.deliveryhero.io/image/talabat/Menuitems/16FDEF33C1BA77AE8A512393C8D7CFF9?width=172&amp;height=172
California,"Traditional California roll filled with avocado, crab & cucumber",34.0,https://images.deliveryhero.io/image/talabat/Menuitems/5FCDE68B41C6A62894D931D1727AD648?width=172&amp;height=172
Chicken Teriyaki Roll,"Teriyaki chicken, cucumber, creamy chicken teriyaki mayonnaise",49.0,https://images.deliveryhero.io/image/talabat/Menuitems/94C837E1B208F0FE2E0C213E44E52C14?width=172&amp;height=172
Spicy Salmon Roll,"Salmon, avocado, spicy salmon tartare",54.0,https://images.deliveryhero.io/image/talabat/Menuitems/919746008F311518A68BDA6B10E1BC52?width=172&amp;height=172
Spicy Tuna Roll,"Tuna , avocado, spicy salmon tartare",54.0,https://images.deliveryhero.io/image/talabat/Menuitems/F51CDD08F5DAB9F382DD4D95A36A5DDD?width=172&amp;height=172
Tori Gyoza Ramen,"Shoyu broth, chicken gyoza, ajitama egg, pakchoy",54.0,https://images.deliveryhero.io/image/talabat/Menuitems/22B3FECB7AA8A691EF98977E826E95B1?width=172&amp;height=172
Chicken Karaage Ramen,"Karaage chicken, tantan chicken, gochujang, miso broth",59.0,https://images.deliveryhero.io/image/talabat/Menuitems/062EE1D3C954F568C120AACFEAFFAB51?width=172&amp;height=172
Chicken Tantanmen,"Tantan chicken, chicken chashu, gochujang, miso broth",59.0,https://images.deliveryhero.io/image/talabat/Menuitems/C76EAF6E70C35BF8122EC58D13575E58?width=172&amp;height=172
Koen Miso Ramen,"Tofu, kikurage, shiitake mushroom, miso broth",54.0,https://images.deliveryhero.io/image/talabat/Menuitems/1906E3F83D47614E2CEE65B14EEA09FC?width=172&amp;height=172
Grilled Chicken Chashu Ramen - Miso,"Choice of miso or shoyu broth, chicken chashu, ajitama egg",54.0,https://images.deliveryhero.io/image/talabat/Menuitems/5B819827EE0EE45D73B332A2389FF32C?width=172&amp;height=172
Grilled Chicken Chashu Ramen - Shoyu,"Choice of miso or shoyu broth, chicken chashu, ajitama egg",54.0,https://images.deliveryhero.io/image/talabat/Menuitems/7DE0EA5D4028EC39219AEA88B96285AF?width=172&amp;height=172
Braised Beef Ramen,Braised Beef Ramen,54.0,https://images.deliveryhero.io/image/talabat/Menuitems/4249AED8FA799FF9FFB028116197AA5F?width=172&amp;height=172
Shifudo Ramen,Shifudo Ramen,59.0,https://images.deliveryhero.io/image/talabat/Menuitems/EA52BC882345B27AA8B90ADABD776D25?width=172&amp;height=172
Crispy Soy Chicken,"Battered Chicken, Sesame Seeds, Roasted Sesame Shoyu Sauce",21.0,https://images.deliveryhero.io/image/talabat/Menuitems/996DB35A606622A41FF1083C6CEAA1A0?width=172&amp;height=172
Sake Maguro Ceviche,"Fresh tuna, salmon, avocado, ceviche sauce",49.0,https://images.deliveryhero.io/image/talabat/Menuitems/0F33D5C1ED0BEF3ED07423CD79F9B070?width=172&amp;height=172
El Taco's Sushi,El Taco's Sushi,39.0,https://images.deliveryhero.io/image/talabat/Menuitems/0AC208AC1CB6410BFE9E08A80AC59686?width=172&amp;height=172
Chicken Gyoza,Chicken Gyoza,34.0,https://images.deliveryhero.io/image/talabat/Menuitems/2B5605BEBCF1182780A2CA40F3426E94?width=172&amp;height=172
CSY EL Taco,CSY EL Taco,39.0,https://images.deliveryhero.io/image/talabat/Menuitems/20CA091A873871BB07A0739E0E8AD1FA?width=172&amp;height=172
CSY Prawns,"Crispy, spicy, yummy prawns!",39.0,https://images.deliveryhero.io/image/talabat/Menuitems/B9060E94F703708B13A15102E9B917AB?width=172&amp;height=172
Shrimp Gyoza,Shrimp Gyoza,39.0,https://images.deliveryhero.io/image/talabat/Menuitems/CB718AF4FE9326BF2B033FD0BBD6750B?width=172&amp;height=172
Tempura Wasabi (5pcs),Traditional prawn tempura with homemade wasabi mayo,59.0,https://images.deliveryhero.io/image/talabat/Menuitems/8A99CBFAB2CCC79F6C8D86589527ADD3?width=172&amp;height=172
Salted Edamame,Salted Edamame,24.0,https://images.deliveryhero.io/image/talabat/Menuitems/0E2B59B84A4D388BAF2A8E4256A77EFA?width=172&amp;height=172
Chicken & Shrimp Shumai,Chicken & Shrimp Shumai,34.0,https://images.deliveryhero.io/image/talabat/Menuitems/4905999CF6EF2517FD171BE381CAEB68?width=172&amp;height=172
Chili Garlic Edamame,Chili Garlic Edamame,29.0,https://images.deliveryhero.io/image/talabat/Menuitems/88B7FEF81A85431372D21B932187600B?width=172&amp;height=172
Prawn Tempura,Battered prawns with tempura dipping.,34.0,https://images.deliveryhero.io/image/talabat/Menuitems/78B38BF00373F98EF153DFEF879D1C69?width=172&amp;height=172
Sweet Sesame Edamame,Sweet Sesame Edamame,29.0,https://images.deliveryhero.io/image/talabat/Menuitems/B4C54341AD6A310F97F25CC291D3E259?width=172&amp;height=172
Garlic Roasted Edamame,Garlic Roasted Edamame,29.0,https://images.deliveryhero.io/image/talabat/Menuitems/19215C6521E9D114F43052FD6D9B9B69?width=172&amp;height=172
Calamari Rings,Calamari Rings,44.0,https://images.deliveryhero.io/image/talabat/Menuitems/774A41C9D79FD3163A1E0A0B128E4187?width=172&amp;height=172
Nagoya Wings,Nagoya Wings,44.0,https://images.deliveryhero.io/image/talabat/Menuitems/31077286C0FF56434DE9D93BE15840BD?width=172&amp;height=172
Tori Pops,Tori Pops,39.0,https://images.deliveryhero.io/image/talabat/Menuitems/D12CC830C43F7B33EC2B4E2D4DF01844?width=172&amp;height=172
Vegan Yakisoba,Vegan Yakisoba,49.0,https://images.deliveryhero.io/image/talabat/Menuitems/136BEECCEEA5856F752718A55D1A2CAA?width=172&amp;height=172
Avocado Maki,Avocado Maki,19.0,https://images.deliveryhero.io/image/talabat/Menuitems/24FECA3FED3C6914CF7A671F47F29D48?width=172&amp;height=172
Kappa Maki,Kappa Maki,19.0,https://images.deliveryhero.io/image/talabat/Menuitems/7D8EC4560AFAD87799A871303D9F9FE0?width=172&amp;height=172
Tofu Katsu,Tofu Katsu,29.0,https://images.deliveryhero.io/image/talabat/Menuitems/53F143414F1EAAD6E2ED8E3DA91EA61B?width=172&amp;height=172
Spring Roll,Spring Roll,29.0,https://images.deliveryhero.io/image/talabat/Menuitems/5A03A121FA042A1C23EA2C10AFB4F385?width=172&amp;height=172
Veggie Roll,Veggie Roll,29.0,https://images.deliveryhero.io/image/talabat/Menuitems/23F0672CF75F16A57B89A7EDBB948495?width=172&amp;height=172
Veggie Fried Rice,Veggie Fried Rice,34.0,https://images.deliveryhero.io/image/talabat/Menuitems/7371AD3F5EDBD7DA887724F3046C4137?width=172&amp;height=172
Crispy Veg Tempura,Crispy Veg Tempura,29.0,https://images.deliveryhero.io/image/talabat/Menuitems/C97C0A0D86FC9C712A82694BA64E456B?width=172&amp;height=172
A-ROLL,A-ROLL,44.0,https://images.deliveryhero.io/image/talabat/Menuitems/D40359CCC56BA27A2181BDBC681051B4?width=172&amp;height=172
Yasai El Taco,Yasai El Taco,34.0,https://images.deliveryhero.io/image/talabat/Menuitems/9BCF4108868B2EE82F39854082FA9305?width=172&amp;height=172
Veggie Dimsum,Veggie Dimsum,34.0,https://images.deliveryhero.io/image/talabat/Menuitems/F2A2604DB69206956167B70758ED3EEF?width=172&amp;height=172
Beef Yakiniku,BBQ beef marinated with in-house yakiniku sauce.,49.0,https://images.deliveryhero.io/image/talabat/Menuitems/07DF06CAE1D56AD619B6D3657FD1BF92?width=172&amp;height=172
Katsu Ritual - Chicken,Katsu Ritual - Chicken,69.0,https://images.deliveryhero.io/image/talabat/Menuitems/A1B9FAC305D9CA15F775A1AA06B27CD8?width=172&amp;height=172
Beef Donburi,"Tenderloin beef teriyaki, kimchee, corn",44.0,https://images.deliveryhero.io/image/talabat/Menuitems/FA540A1C3A05931D0DA284069B98072B?width=172&amp;height=172
Chicken Fried Rice,Chicken Fried Rice,34.0,https://images.deliveryhero.io/image/talabat/Menuitems/5AFA0387BD9B4D4F5830682D5AFD1A8E?width=172&amp;height=172
Chef SuLi's Fried Rice,Chef SuLi's Fried Rice,39.0,https://images.deliveryhero.io/image/talabat/Menuitems/F8E376A5CBAC020F6BCEE261F90019C2?width=172&amp;height=172
Sweet Chili Prawn,"Battered prawn with sweet chili sauce, teriyaki chicken, veggies",59.0,https://images.deliveryhero.io/image/talabat/Menuitems/5FD96323924E856E6C659D75786E1B18?width=172&amp;height=172
Yaki Udon,"Udon noodles, chicken, prawns",49.0,https://images.deliveryhero.io/image/talabat/Menuitems/FE46AFEE99AD99B40DA5B53322BB0D71?width=172&amp;height=172
Kimchee Stirfried Udon,Kimchee Stirfried Udon,49.0,https://images.deliveryhero.io/image/talabat/Menuitems/909048113E71D1AC3E0C6BD785639178?width=172&amp;height=172
Grilled Salmon Bento,Grilled salmon & choice of teriyaki chicken or tofu,79.0,https://images.deliveryhero.io/image/talabat/Menuitems/3F9E7D31E2057721CAF8B22DF51B903A?width=172&amp;height=172
Chicken Yakisoba,Chicken Yakisoba,44.0,https://images.deliveryhero.io/image/talabat/Menuitems/963D2199875A76DB49A8C1C85D2E9434?width=172&amp;height=172
Tempura Bento,"Prawn & mix tempura, teriyaki chicken, veggies",59.0,https://images.deliveryhero.io/image/talabat/Menuitems/C875813F2838A3F9EEF03BC2C1E3C127?width=172&amp;height=172
Prawn Yakisoba,Prawn Yakisoba,49.0,https://images.deliveryhero.io/image/talabat/Menuitems/6C93402E9B4CF83E72EBCB461B960BF6?width=172&amp;height=172
Teriyaki Chicken Bento,Grilled teriyaki chicken with our homemade sauce.,49.0,https://images.deliveryhero.io/image/talabat/Menuitems/D5AEACD1F839253CA2DCDE3DCA25CE37?width=172&amp;height=172
Yakisoba Mix,Yakisoba Mix,49.0,https://images.deliveryhero.io/image/talabat/Menuitems/2B5F2AB2036E2F84330FB2CE654B0F9A?width=172&amp;height=172
Salmon Donburi,"Grilled salmon, shrimp, pepper sauce",49.0,https://images.deliveryhero.io/image/talabat/Menuitems/08EA70B29C170501701B4D9451FEFD52?width=172&amp;height=172
Cucumber Crab Salad,"Cucumber, crab, tobiko, hiyashi wakame",34.0,https://images.deliveryhero.io/image/talabat/Menuitems/D1A36BD62C405997377F10DF8CB03A7C?width=172&amp;height=172
Garden Salad,"Avocado, mixed greens, pickled radish",34.0,https://images.deliveryhero.io/image/talabat/Menuitems/9DA2B7E931FF004CC143861314D25E63?width=172&amp;height=172
Crispy Crab Salad,"Mango, avocado, cucumber, crab, mixed greens.",54.0,https://images.deliveryhero.io/image/talabat/Menuitems/2CDB8DD249ADCEB280E8C7D78CC5040A?width=172&amp;height=172
Sashimi Salad,"Sashimis, mixed greens with house dressing",59.0,https://images.deliveryhero.io/image/talabat/Menuitems/68297FD631961198B54947CF9D12BE3D?width=172&amp;height=172
Miso Soup,Homemade fresh miso broth.,12.0,https://images.deliveryhero.io/image/talabat/Menuitems/5CB27515280357894E2ECD3BDFF431EF?width=172&amp;height=172
Tom Yum Soup,Tom Yum Soup,34.0,https://images.deliveryhero.io/image/talabat/Menuitems/200220F9A1F88C4C00D8A7688585B2BB?width=172&amp;height=172
Hamachi Sashimi,Japanese delicacy - fresh cuts of fish,49.0,https://images.deliveryhero.io/image/talabat/Menuitems/3D0C7E1CE87F781CB91A8BB7B35F6B88?width=172&amp;height=172
Torched Salmon Nigiri,Torched Salmon Nigiri,24.0,https://images.deliveryhero.io/image/talabat/Menuitems/DDD5C336E6E1F22C68CE9A0E9F0C2A07?width=172&amp;height=172
Tuna Sashimi,Japanese delicacy - fresh cuts of fish,44.0,https://images.deliveryhero.io/image/talabat/Menuitems/B8C8F957750B50D174A5F41CFB819950?width=172&amp;height=172
Salmon Sashimi,Japanese delicacy - fresh cuts of fish,49.0,https://images.deliveryhero.io/image/talabat/Menuitems/92C2B233F9BCB366F5B610F624CC15CC?width=172&amp;height=172
Crab Nigiri,Crab Nigiri,19.0,https://images.deliveryhero.io/image/talabat/Menuitems/475E9117040070B2F62E2F5E97DB8D4B?width=172&amp;height=172
Sashimi Combo,"Salmon, Tuna & Hamachi (9 slices)",69.0,https://images.deliveryhero.io/image/talabat/Menuitems/AC89481C9E4EB2D32CBCA7F0047F19FD?width=172&amp;height=172
Tuna Nigiri,Tuna Nigiri,19.0,https://images.deliveryhero.io/image/talabat/Menuitems/5F70EC64774CE0ED86F377C01DE4193E?width=172&amp;height=172
Salmon Nigiri,Salmon Nigiri,19.0,https://images.deliveryhero.io/image/talabat/Menuitems/528D131121B5D26E1DAA8A50CCAA890C?width=172&amp;height=172
Tako Nigiri,Tako Nigiri,24.0,https://images.deliveryhero.io/image/talabat/Menuitems/ACD21DED90AD83B84B0BA4F5CF032345?width=172&amp;height=172
Tamago Nigiri,Tamago Nigiri,14.0,https://images.deliveryhero.io/image/talabat/Menuitems/4C5CBB6D8F0A511E6C6016D2FD4745AA?width=172&amp;height=172
Unagi Nigiri,Unagi Nigiri,34.0,https://images.deliveryhero.io/image/talabat/Menuitems/585A3F93E2B913E256A5F36DCA72AAAA?width=172&amp;height=172
Hamachi Nigiri,Hamachi Nigiri,19.0,https://images.deliveryhero.io/image/talabat/Menuitems/FF635693579DD676CF23ABFCE1A42923?width=172&amp;height=172
Sprite,Sprite,11.0,https://images.deliveryhero.io/image/talabat/Menuitems/899658EFCDE295B4FF6EBC1DF59B32E7?width=172&amp;height=172
Coke Light,Coke Light,11.0,https://images.deliveryhero.io/image/talabat/Menuitems/963EC3708D56AD9D5DFEB099FDBAD27B?width=172&amp;height=172
Coke,Coke,11.0,https://images.deliveryhero.io/image/talabat/Menuitems/4C96AC0138DE0EC086D63953A78D69C6?width=172&amp;height=172
San Pellegrino Small,San Pellegrino Small,14.0,https://images.deliveryhero.io/image/talabat/Menuitems/166E1564754D7AC0AFBA98188F79E0B4?width=172&amp;height=172
San Pellegrino Large,San Pellegrino Large,24.0,https://images.deliveryhero.io/image/talabat/Menuitems/AD48605E1008333963E2384DE86F00DC?width=172&amp;height=172
Sprite Lite,Sprite Lite,11.0,
Fanta,Fanta,11.0,https://images.deliveryhero.io/image/talabat/Menuitems/858BA61D15B195E02B5456D4537D3395?width=172&amp;height=172
Aqua Panna Small,Aqua Panna Small,14.0,https://images.deliveryhero.io/image/talabat/Menuitems/86333E67D08A1149C0857468DC04C83A?width=172&amp;height=172
Aqua Panna Large,Aqua Panna Large,22.0,https://images.deliveryhero.io/image/talabat/Menuitems/246F0BB3EF8A68F07DD1FB22A5285911?width=172&amp;height=172
Miso Soup (S),Miso Soup,12.0,https://images.deliveryhero.io/image/talabat/Menuitems/E5CEE7D8B2CFBEB88B3E493614BA84D2?width=172&amp;height=172
Coke Light (S),Coke Light,11.0,
Coke Zero (S),Coke Zero,11.0,
Coke (S),Coke,11.0,
