item_name,item_description,item_price,item_image
Cooked box -16 Pieces,"4 pieces Crazy California, 4 Pcs Cheesy Oman Chips, 4 Pcs Spider Rill, 4 Pcs sweet backed Tuna.",109.0,https://images.deliveryhero.io/image/talabat/Menuitems/C36E7C46DCE9F52CC3042EA93D6219FC?width=172&amp;height=172
Exclusive box - 12 Pieces,"Selection of 3 different kinds of roll ( 4 pcs crazy California, 4 pcs crunchy salmon roll , 4 pcs cheesy Oman )",73.0,https://images.deliveryhero.io/image/talabat/Menuitems/B30DD8B4DDDA91CF3D9C7DD42E8EFB35?width=172&amp;height=172
Buzz Your Box - 12 PCs,"4 pieces Oceanic rainbow, 4 pieces Salmon truffle, 4 pieces Oops dynamite",88.0,https://images.deliveryhero.io/image/talabat/Menuitems/10889120CA45B5030A824229573B3BDA?width=172&amp;height=172
Dynamite Shrimp,Buttered shrimp tossed in Sriracha aioli & topped with spring onions.,46.0,https://images.deliveryhero.io/image/talabat/Menuitems/01F798DA0AC761DF69F5B4A5467AC6E5?width=172&amp;height=172
Crabby Salad,"Shredded Crab Stick mixed with shredded Carrots, Cucumber, Mango, Lettuce, & Avocado mixed with our traditional sesame dressing",57.0,https://images.deliveryhero.io/image/talabat/Menuitems/4507C3D02CD732C2B99A71BE78734291?width=172&amp;height=172
Exclusive box - 12 Pieces,"Selection of 3 different kinds of roll ( 4 pcs crazy California, 4 pcs crunchy salmon roll , 4 pcs cheesy Oman )",73.0,https://images.deliveryhero.io/image/talabat/Menuitems/B30DD8B4DDDA91CF3D9C7DD42E8EFB35?width=172&amp;height=172
Buzz Your Box - 12 PCs,"4 pieces Oceanic rainbow, 4 pieces Salmon truffle, 4 pieces Oops dynamite",88.0,https://images.deliveryhero.io/image/talabat/Menuitems/10889120CA45B5030A824229573B3BDA?width=172&amp;height=172
Buzz Your Box - 16 PCs 🍱®️,"4 pieces smoked salmon, 4 pieces dragon forest, 4 pieces spider roll, 4 pieces black samurai",111.0,https://images.deliveryhero.io/image/talabat/Menuitems/51E27F1B253BC9551E0CB72B235DC016?width=172&amp;height=172
Buzz Signature Box - 24 PCs,"4 pieces Salmon truffle, 4 pieces special tuna buzz, 4 pieces Oops dynamite, 4 pieces salmon Philadelphia, 4 pieces super stix, 4 pieces oceanic rainbow",136.0,https://images.deliveryhero.io/image/talabat/Menuitems/905A24DD242A7EB64774F66B5961748D?width=172&amp;height=172
Magnificent 12,"Box Of 12 Pieces, 4 pcs Salmon Crabby, 4 pcs of Avocado Eel, 4 pcs of salmon Oman Chips.",88.0,https://images.deliveryhero.io/image/talabat/Menuitems/6EE0CBB0D323BEDD2F8E983CDA4696FB?width=172&amp;height=172
Ocean's 16,"Box Of 16 Pieces ,4 pcs of cheesy salmon, 4 pcs of Tuna Guacamole, 4 pcs of Dragon forest, 4 pcs of crazy California.",111.0,https://images.deliveryhero.io/image/talabat/Menuitems/296FCC3C857767A159A921F595144727?width=172&amp;height=172
24 Pieces of Heaven,"Box of 24 pieces, 4 pcs of Oceanic Rainbow, 4 Pcs of Boston Truffle, 4 pcs of sweet backed, 4 pcs of rock & Roll, 4 Pcs of sweet backed tuna, 4 pcs of special California, 4 pcs of tasty crunchy shrimp.",136.0,https://images.deliveryhero.io/image/talabat/Menuitems/E91E17EAE12A49D07AEF73D75830382C?width=172&amp;height=172
Game of 32'ones - 32 Pieces,"Box Of 32 Pcs roll ,4 Pcs of Opzz Dynamite, 4 Pcs of Tuna Guacamole, 4 pcs of Avocado Eel, 4 pcs of Salmon Cheesy, 4 Pcs of salmon hoso, 4 Pcs of Crab hoso, 4 pcs of sweet backed tuna, 4 pcs of salmon Crabby,",169.0,https://images.deliveryhero.io/image/talabat/Menuitems/1541183A7907BDF02FC17F3E5C1425C0?width=172&amp;height=172
The Rolls of the rings - 48 Pcs,"Enjoy with 48 Pcs from our selection of elevated infused roll, 4 pcs of salmon crabby, 4 pcs of rock & roll, 4 pcs of Oceanic rainbow, 4 pcs of salmon hoso maki, 4 pcs of tuna hoso maki, 4 pcs of crabby shrimp, 4 pcs of tasty crunchy salmon, 4 pcs of crazy California, 3 pcs salmon Nigiri, 3 pcs of tuna nigiri, 2 pcs shrimp nigiri, 3 pcs Tuna sashimi, 3 pcs Salmon sashimi.",210.0,https://images.deliveryhero.io/image/talabat/Menuitems/1F27F82DE94D5EB143746D4367EDAC82?width=172&amp;height=172
Salmon Box - 16 Pieces,"4 pieces Truffle salmon Roll, 4 pieces salmon Philadelphia, 4 pieces Salmon California, 4 pieces Rock Roll.",116.0,https://images.deliveryhero.io/image/talabat/Menuitems/1523D42B9BFEE6E21995051EF1B11B5D?width=172&amp;height=172
Salmon Box 24 Pieces,"Selection of 4 pcs of salmon truffle, 4 pcs of salmon Philadelphia, 4 pcs of salmon California, 3 pcs of salmon hoso Maki, 3 pcs salmon sashimi, 2 pcs salmon nigiri.",149.0,https://images.deliveryhero.io/image/talabat/Menuitems/8FC49297BF00879920258F6A96894F45?width=172&amp;height=172
Cooked box -16 Pieces,"4 pieces Crazy California, 4 Pcs Cheesy Oman Chips, 4 Pcs Spider Rill, 4 Pcs sweet backed Tuna.",109.0,https://images.deliveryhero.io/image/talabat/Menuitems/C36E7C46DCE9F52CC3042EA93D6219FC?width=172&amp;height=172
Cooked Box - 24 Pieces,"4 pieces taste crunchy salmon, 4 pieces super stix roll, 4 pieces Spider Roll, 4 pieces Sweet backed tuna roll 4pieces Crazy California, 4 pics Cheesy Oman chips.",137.0,https://images.deliveryhero.io/image/talabat/Menuitems/F55F05A3185E15802D7F5E50E7B564C7?width=172&amp;height=172
Build your box - 12 pieces 1️⃣2️⃣🥢🍱,Choose 3 rolls you love from our different fusion rolls (Modifiers options ) all classic and fusion rolls to be listed as choices with 0 and to Max 4 kinds.,96.0,https://images.deliveryhero.io/image/talabat/Menuitems/94C73CDFD94791EDF53E0BD522250DEA?width=172&amp;height=172
Build your box - 16 pieces 1️⃣6️⃣🥢🍱,Choose 4 rolls you love from our different fusion rolls (Modifiers options ) all classic and fusion rolls to be listed as choices with 0 and to Max 4 kinds.,104.0,https://images.deliveryhero.io/image/talabat/Menuitems/7859E09DC0E626FEE21C1A7F3B723FA6?width=172&amp;height=172
Build your box - 24 pieces 2️⃣4️⃣🥢🍱 #SUSHI,Choose 6 rolls you love from our different fusion rolls (Modifiers options ) all classic and fusion rolls to be listed as a choice with 0 and to choose Max 6 kinds.,149.0,https://images.deliveryhero.io/image/talabat/Menuitems/70956F74D9B4A1CA5BF42B38EFC94677?width=172&amp;height=172
Dynamite Shrimp,Buttered shrimp tossed in Sriracha aioli & topped with spring onions.,46.0,https://images.deliveryhero.io/image/talabat/Menuitems/01F798DA0AC761DF69F5B4A5467AC6E5?width=172&amp;height=172
Chicken Gyoza,Traditional Japanese gyoza filled with chicken served with our homemade sesame soya sauce.,38.0,https://images.deliveryhero.io/image/talabat/Menuitems/682627D5BEF239DAB0F0A080619CE842?width=172&amp;height=172
Beef Gyoza,Traditional Japanese gyoza filled with beef served with our homemade sesame soya sauce,38.0,https://images.deliveryhero.io/image/talabat/Menuitems/B5F28819898DE4637DB63E6795C4725E?width=172&amp;height=172
Shrimp Gyoza,"5 pieces. Traditional Japanese gyoza filled with shrimp shitake, shitake mushroom, with our special marination, served with sesame soy.",44.0,https://images.deliveryhero.io/image/talabat/Menuitems/EC006E838D6F1C100D6748D92DECEEAE?width=172&amp;height=172
Edamame,Edamame seasoned with sea salt.,28.0,https://images.deliveryhero.io/image/talabat/Menuitems/FDA47E4706EE4156F7D36FBAC21A40B3?width=172&amp;height=172
Garlic Spicy Edamame,Edamame seasoned with sea salt in a spicy Garlic sauce.,29.0,https://images.deliveryhero.io/image/talabat/Menuitems/DC7006515D3CDEA3892BE6E46D1AEE88?width=172&amp;height=172
Chicken Karaage,Marinated traditional Japanese fried chicken served with lemon slices and tasty sauce.,38.0,https://images.deliveryhero.io/image/talabat/Menuitems/446CEFEA5621FB544B004A3E1D884A03?width=172&amp;height=172
Fried sesame Chicken,"Chicken tempura strips , Tossed with sesame sauce , springs onion and sesame seeds.",36.0,https://images.deliveryhero.io/image/talabat/Menuitems/6E83E54554CAF2003A9B8458C8E399E3?width=172&amp;height=172
Veggie Spring Rolls,Sauteed mixed vegetables rolled with our homemade wrapper served with your choice of sauces,35.0,https://images.deliveryhero.io/image/talabat/Menuitems/287FEAECCB2F9E80DE429690ACAA0594?width=172&amp;height=172
Angus Beef brisket bao,"Slow Cooked Angus beef, served with coleslaw and home made barbecue sauce.",44.0,https://images.deliveryhero.io/image/talabat/Menuitems/F1A8A71A37900F57F11D4E71FDA81538?width=172&amp;height=172
Chicken BBQ Bao,"2 pieces, Grilled chicken BBQ with coleslaw barbecue sauce and spring onion",38.0,https://images.deliveryhero.io/image/talabat/Menuitems/0E8665C28E2D39CEB875EC9280556A57?width=172&amp;height=172
Shrimp Dynamite Bao,"2 pieces. Fried Shrimp with dynamite sauce, Avocado iceberg lettuce",44.0,https://images.deliveryhero.io/image/talabat/Menuitems/852388A2D41A5615150DCA86D90BA108?width=172&amp;height=172
Grilled Salmon Salad ( Healthy ),"Grilled salmon with teriyaki glazed, mix lettuce, carrot, peaches, cashew nut, edamame beans, cherry tomatoes, special lime dressing and chives.",83.0,https://images.deliveryhero.io/image/talabat/Menuitems/A937943998EDD5D6DEE3EC980D448B7A?width=172&amp;height=172
Grilled Shrimp BBQ salad,"Grilled shrimp BBQ, with mix lettuce, avocado, black beans, cherry tomato, yellow capsicum, sweet corn, barbeque dressing and tempura onion.",68.0,https://images.deliveryhero.io/image/talabat/Menuitems/3317C1107A310B14CCF339E75A04C32E?width=172&amp;height=172
Grilled BBQ Chicken Salad,"Grilled chicken barbeque with barbecue sauce, mix lettuce, corn, avocado, black beans, cherry tomatoes, crispy gyoza wrap, chives and secret sauce.",63.0,https://images.deliveryhero.io/image/talabat/Menuitems/77CA8AB80B8C2F5D685238608D71CD71?width=172&amp;height=172
Crabby Salad,"Shredded Crab Stick mixed with shredded Carrots, Cucumber, Mango, Lettuce, & Avocado mixed with our traditional sesame dressing",57.0,https://images.deliveryhero.io/image/talabat/Menuitems/4507C3D02CD732C2B99A71BE78734291?width=172&amp;height=172
Crispy Salmon Tartar,"Salmon mixed with our diced Avocado🥑, Cucumber🥒, Red Onion🧅, Mango🥭, fresh greens,& red radish, mixed in our signature dynamite sauce.",56.0,https://images.deliveryhero.io/image/talabat/Menuitems/5D88973EE121034703240D23492597C1?width=172&amp;height=172
Green Seawed Salad 🥗🍏🥑,"Marinated seaweed mixed with mixed greens, Apple green🍏, Avocado🥑, edamame & Sesame dressing",57.0,https://images.deliveryhero.io/image/talabat/Menuitems/A5C8399E51104223048BA50C47F11C0C?width=172&amp;height=172
Angus Beef Katsu,"Slow Cooked Angus Beef Brisket, Topped with authentic katsu curry, served with steamed rice.",81.0,https://images.deliveryhero.io/image/talabat/Menuitems/DC2A506F6EC16D5AFE746B308A4142FC?width=172&amp;height=172
Crispy Chicken Katsu,"Marinated breaded chicken ,topped with authentic katsu curry sauce &steamed rice",70.0,https://images.deliveryhero.io/image/talabat/Menuitems/0166BF275AECE6330C8C298268B642F9?width=172&amp;height=172
Grilled Salmon,"Char grilled salmon, glazed teriyaki sauce served with steamed & vegetable sauteed.",93.0,https://images.deliveryhero.io/image/talabat/Menuitems/76EB036E8DDEBDA5BB9D28432D8D9968?width=172&amp;height=172
Grilled Chicken BBQ...,"Char grilled chicken, glazed BBQ sauce served with sautéed vegetable, served with steamed rice .",70.0,https://images.deliveryhero.io/image/talabat/Menuitems/203AE5AF144F4CA74E948D9F12BFD9D9?width=172&amp;height=172
Vegetable Noodles,"Traditional Asian wok noodles, mix with shitake mushroom, white cabbage, red capsicum, carrot, snow peas, homemade sauce, spring onion & nuts.",48.0,https://images.deliveryhero.io/image/talabat/Menuitems/613B9F5A2B70DBD2CDA9AA68EEC05BA8?width=172&amp;height=172
Chicken Noodles,"Traditional Asian wok noodles, chicken breast, shitake mushroom, white cabbage, snow peas, carrot, red capsicum, homemade sauces, Spring onion & roasted nuts.",54.0,https://images.deliveryhero.io/image/talabat/Menuitems/3E6192986D4BE018B5F7D9AEAF09280E?width=172&amp;height=172
Shrimp Noodles,"Traditional Asian wok noodles, marinated shrimp, shitake mushroom, white cabbage, snow peas, carrot, red capsicum, homemade sauce, spring onion & roasted nuts.",59.0,https://images.deliveryhero.io/image/talabat/Menuitems/BE35FCC412CA96B2652139C15EB0E3B8?width=172&amp;height=172
Tropical Tornado,"6 pieces. Fried shrimp tempura, cream cheese, mango, topped with creamy crab, fresh salmon, tuna, unagi, shrimp, orange tobiko, topped with spring onion.",52.0,https://images.deliveryhero.io/image/talabat/Menuitems/5DA9D4F25BE80A18C0EE68B111AE1D64?width=172&amp;height=172
Oceanic Rainbow,"Cucumber spicy crabstick, topped with salmon, tuna, mango, avocado, volcano sauce, drizzle black, orange tobiko and sprinkle spring onion.",54.0,https://images.deliveryhero.io/image/talabat/Menuitems/34CCEAC5D0A93882FA9441AD73A2C86E?width=172&amp;height=172
Crispy California Roll,"6 Pieces Crabstick, cucumber, & avocado roll. Rolled in a Japanese-style crumb.",46.0,https://images.deliveryhero.io/image/talabat/Menuitems/39857DE3D1B481334651447A2C7EB504?width=172&amp;height=172
Special California Roll,"6 pieces wrapped with orange tobiko, cucumber, avocado, topped with special crab mix",52.0,https://images.deliveryhero.io/image/talabat/Menuitems/EFE8B30E812E46CF7CD9D0CA3BD017D7?width=172&amp;height=172
New Wave Salmon,6 Pieces Rolled in Crispy crumbs mixed with our Sweat and Spicy🌶️ Sauce topped with wasabi Mayo,52.0,https://images.deliveryhero.io/image/talabat/Menuitems/710194968DADA12F1CEACF2BD94AD88E?width=172&amp;height=172
Philadelphia Salmon,"6 Pieces Rolled with Salmon, philadiphia cheese, asparagus, Cucumber topped with Avocado philadilphia cheese and black tobiko",58.0,https://images.deliveryhero.io/image/talabat/Menuitems/3CBD28B59D4C8971648121162B0D320F?width=172&amp;height=172
Flamin' Tuna,"6 Pieces Rolled with shrimp tempura and cucumber, topped with fresh tuna, spicy chili mayo, teriyaki sauce, onion leek and orange tobiko.",52.0,https://images.deliveryhero.io/image/talabat/Menuitems/911F97C9F7895737040711BFE5D04A33?width=172&amp;height=172
Shrimp Tempura,"6 pieces stuffed with fried shrimp tampura, asparagus, cucumber topped with chili mayo, teryaki sauce and sesame seads.",52.0,https://images.deliveryhero.io/image/talabat/Menuitems/6FC048E2AC8F69964199759FDDC9643F?width=172&amp;height=172
Super Veggie Roll,"6 pieces. Asparagus, carrot, mango, cucumber, lettuce, topped with avocado, mango salsa and special sauce. lazy vigas",35.0,https://images.deliveryhero.io/image/talabat/Menuitems/AF59AC965A23C44191C7CE69C131E54D?width=172&amp;height=172
Dragon Roll,"6 Pieces Rolled with Shrimp Tempura, Mango, iceberg Lettuce, Topped with Avocado, chili🌶️ mayo, teriyaki & Yellow Capsicum",52.0,https://images.deliveryhero.io/image/talabat/Menuitems/AD4A007CB8C918FB405D39E3828E25C5?width=172&amp;height=172
Sweet Bake Tuna Salmon,"6 pieces. Baked Tuna Cream Cheese, Wrapped with baked salmon🍣 drizzle teriyaki sauce on top.",40.0,https://images.deliveryhero.io/image/talabat/Menuitems/8ACFFDBEA235C30B2817CDF0227C42B5?width=172&amp;height=172
Tasty Crunchy Salmon,"6 pieces. Crunchy Salmon🍣 skin, Rolled with Asparagus Spring Onion🧅, Topped teriyaki sauce and creamy Chili mayo.",49.0,https://images.deliveryhero.io/image/talabat/Menuitems/864BCE8958DEBE420E9202648540F533?width=172&amp;height=172
Smoked Salmon Roll,"6 pieces. Rolled with cream cheese, Mango, Rocca leaves, wrapped with smoked salmon topped with Mix crabsticks & Sweet sauce.",54.0,https://images.deliveryhero.io/image/talabat/Menuitems/02C20B53CCEF71D0B18F74EFB4F62CEB?width=172&amp;height=172
Spider Roll,"6 pieces. Fried tempura crab, cucumber, cream cheese, topped with ebi shrimp, avocado, spicy shrimp, tobiko and chives.",52.0,https://images.deliveryhero.io/image/talabat/Menuitems/E3E9400D3ED3E60D9C19D6CE8800144A?width=172&amp;height=172
Overloaded Roll,"6 pieces fried roll. Fresh salmon, unagi ,tuna, shrimp, cream cheese, topped with chili mayo, teriyaki, orange tobiko and spring onion.",48.0,https://images.deliveryhero.io/image/talabat/Menuitems/718BA8676818B0817E0DE33D998EDF2E?width=172&amp;height=172
Spicy Salmon Roll,"6 pieces rolled in sesame seeds, salmon, Mixed with our favorite traditional spicy 🌶️ sauce topped with kimchi mayo",52.0,https://images.deliveryhero.io/image/talabat/Menuitems/91529BF125375664EECE4D815941ECAD?width=172&amp;height=172
Spicy Tuna Buzz,"6 pieces rolled in sesame seeds, Tuna🍣, mixed with our favorite traditional spicy sauce topped with kimchi mayo.",54.0,https://images.deliveryhero.io/image/talabat/Menuitems/DAA52DB6D1911210AFB05F19370C91D8?width=172&amp;height=172
Crabby Octopus,"6 pieces rolled in crispy crumbs, chopped Octopus Crab mixed with spicy sesame dressing and onion leek",54.0,https://images.deliveryhero.io/image/talabat/Menuitems/179784E079F6D7297BA47212F39A9DB1?width=172&amp;height=172
Crispy Veggie Roll,"6 pieces. Asparagus, cucumber, lettuce, carrot, red capsicum, topped with crispy crumbs, mango salsa.",35.0,https://images.deliveryhero.io/image/talabat/Menuitems/A1B768847A4A36A93D7AC51F8C250112?width=172&amp;height=172
Salmon Truffle Roll,"6 pieces rolled in smoked Salmon, cream cheese, Mango🥭, Crab 🦀 mixed, topped with truffle sauce teriyaki sauce, red chili & Parmesan 🧀 cheese",54.0,https://images.deliveryhero.io/image/talabat/Menuitems/3E2E16CD642A760E8627D5B32ED6052C?width=172&amp;height=172
Half Baked Salmon,"6 pieces. Fresh salmon mix, avocado, iceberg lettuce, wrapped with baked salmon, topped shredded white radish, orange tobiko, spring onion",59.0,https://images.deliveryhero.io/image/talabat/Menuitems/2C919169B5BCEBA7E697AD42CD127DEB?width=172&amp;height=172
Special Buzz Roll,"6 pieces. Salmon, tuna, unagi, shrimp, wrapped with tuna topped kimchi mayo and black tobiko.",52.0,https://images.deliveryhero.io/image/talabat/Menuitems/3CCA9E5FBBD09F25D646DF72C1A6A6C2?width=172&amp;height=172
Super Stix Roll,"6 pieces. Rolled in crunchy stix, tempura, shrimp ,cream cheese, mango drizzled creamy sauce.",49.0,https://images.deliveryhero.io/image/talabat/Menuitems/FCF3E540DAFB659244E4A6FE6D94CA14?width=172&amp;height=172
Crabbing Mango,"6 pieces. Creamy crab, shrimp, cream cheese, wrapped with mango topped crabby shrimp.",52.0,https://images.deliveryhero.io/image/talabat/Menuitems/5587A933B15EF04FB4C5D7954AEEE438?width=172&amp;height=172
OopzZ Dynamite,"6 pieces avocado, cucumber, lettuce, spicy crabstick, rolled in tempura crumbs topped with shrimp tempura and spring onion",56.0,https://images.deliveryhero.io/image/talabat/Menuitems/D1951D26DFC47EB3ED218DD39759A346?width=172&amp;height=172
Samurai Roll,"6 pieces. Fried crab tempura, asparagus, cream cheese, topped with creamy crab, avocado, shredded cucumber, tobiko, creamy sauce.",54.0,https://images.deliveryhero.io/image/talabat/Menuitems/F9A95033CC1F4579B1D0C8E8FE86BFEC?width=172&amp;height=172
Cheessy Oman Chips,"6 pieces. Avocado, cucumber, creamy crab, topped with oman chips, cream cheese, white cheddar cheese, chives.",46.0,https://images.deliveryhero.io/image/talabat/Menuitems/854854A23D01406B0E0D236BE9EB6FEB?width=172&amp;height=172
Above the Sea Roll,"6 pieces. Fresh salmon, tuna, unagi, shrimp, topped with seaweed., creamy crab, orange tobiko and special sauce.",54.0,https://images.deliveryhero.io/image/talabat/Menuitems/9870E6F5417DC4B6A7BE03D2F5665366?width=172&amp;height=172
Corn Shrimp Tempura Roll,"6 pieces. Fried shrimp tempura, cucumber, avocado, topped with tempura corn, chilli mayo, teriyaki, chives, togarashi.",54.0,https://images.deliveryhero.io/image/talabat/Menuitems/AB67A667ABAF8080464D3E654D5CE2C0?width=172&amp;height=172
Crabby Shrimp Roll,"6 pieces. Creamy Crab, Asparagus, wrapped boiled Shrimp🦐, topped creamy spicy crab",54.0,https://images.deliveryhero.io/image/talabat/Menuitems/F81EA75CE0D9B7F0FA5D05B6FAA89BD2?width=172&amp;height=172
Incredible Volcano,"6 pieces rolled in Orange🍊, green tobiko & mixed spicy seafood🦐🦀 topped with spicy crab.",54.0,https://images.deliveryhero.io/image/talabat/Menuitems/37F8D9F891A49A714A4878971EC38FD1?width=172&amp;height=172
Salmon California,"6 pieces wrapped in fresh salmon slices with cucumber, avocado, crab mix topped with ponzu mayo, sesame seeds and onion leek",52.0,https://images.deliveryhero.io/image/talabat/Menuitems/49015E85E8CDD267C142DD22DFBB0DF9?width=172&amp;height=172
Salmon Aburi,"6 pieces. Fried shrimp tempura, flamed salmon, avocado, cream cheese, topped with spicy mayo, teriyaki, crispy crumbs and spring onion.",54.0,https://images.deliveryhero.io/image/talabat/Menuitems/49F10872A9654BF465CBBCEEAC5C4527?width=172&amp;height=172
Salmon Crabby - Signature,"6 Pieces of Salmon, crab mixed, orange tobiko, avocado, spicy sweet sauce, Sesame seeds, spring onion",56.0,https://images.deliveryhero.io/image/talabat/Menuitems/14EF8E02520BC5EC139A8EA72FCA0419?width=172&amp;height=172
Tuna Crabby,"6 Pieces , Spicy Tuna, avocado, asparagus, crab mixed, spicy sweet sauce.",54.0,https://images.deliveryhero.io/image/talabat/Menuitems/60595C46BF51419E411E877942B12E6C?width=172&amp;height=172
Tuna Guacamole,"6 Pieces , Spicy Tuna, Cucumber, Guacamole, sesame seeds ,chives, crispy crumbs.",54.0,https://images.deliveryhero.io/image/talabat/Menuitems/141613DFD41664E750EF72AD5DCDAAA0?width=172&amp;height=172
Avocado Eel,"Tempura shrimp, cream cheese, asparagus, teriyaki sauce, chili mayo, orange tobiko, spring onion, salmon skin.",54.0,https://images.deliveryhero.io/image/talabat/Menuitems/530ECF4DE2EC6DF24AE377D707F69050?width=172&amp;height=172
Rock & Roll,"6 Pieces, Salmon, Mango, Lettuce, Avocado, Asparagus, Sesame Seeds, Teriyaki, chili mayo, crispy crumbs.",49.0,https://images.deliveryhero.io/image/talabat/Menuitems/5B21A8F6C160A57E2AB5D2C6464152EB?width=172&amp;height=172
Salmon Cheesy,"6 Pieces of Salmon, asparagus, cream cheese, avocado, chives, crispy crumbs.",52.0,https://images.deliveryhero.io/image/talabat/Menuitems/ACA50CF4D3BD72FF56BB048FBE8450D3?width=172&amp;height=172
Salmon Hoso Maki,6 Pieces of Salmon Wrapped in rice and nori.,38.0,https://images.deliveryhero.io/image/talabat/Menuitems/6DDAD02CAD9EA9AE9CEF839768AF5CB7?width=172&amp;height=172
Tuna Hoso MakI,6 pieces of tuna wrapped in rice and nori,33.0,https://images.deliveryhero.io/image/talabat/Menuitems/D212B7B59A6683E592964DFCEF290A98?width=172&amp;height=172
Shrimp Hoso Maki,6 pieces of boiled shrimp 🦐 wrapped in rice and nori🇯🇵⛩️,33.0,https://images.deliveryhero.io/image/talabat/Menuitems/836BBC9EFFC28E558A88F05FBB4930F5?width=172&amp;height=172
Crab Hoso Maki,6 pieces of crabstick wrapped in rice and nori,33.0,https://images.deliveryhero.io/image/talabat/Menuitems/F9E47DCF1600510696E7752FF297B4C6?width=172&amp;height=172
Unagi Hoso maki,6 pieces of unagi wrapped in rice and nori with teriyaki drizzle 🇯🇵🎣⛩️,33.0,https://images.deliveryhero.io/image/talabat/Menuitems/33D43715E7713C9978FFA59D2DBBC37B?width=172&amp;height=172
Salmon Avocoado Hoso,"6 Pcs of salmon hoso maki roll, stuffed with salmon, Avocado, wrapped in Nori",39.0,https://images.deliveryhero.io/image/talabat/Menuitems/42C682D6F7D46C657B36D5603DF1CF99?width=172&amp;height=172
Shrimp Tempura Hoso,"6 pcs fried shrimp tempura maki roll, teriyaki, sesame seeds wrapped in Nori",39.0,https://images.deliveryhero.io/image/talabat/Menuitems/9204B8AE5A5F967293CBD8CAAA9D6734?width=172&amp;height=172
Salmon Sashimi,"4 slices of fresh Salmon served with Cucumber, Wasabi & Ginger.",49.0,https://images.deliveryhero.io/image/talabat/Menuitems/9BA0E5AFEE0F9548842877AB677244D4?width=172&amp;height=172
Tuna Sashimi,"4 slices of fresh tuna served with cucumber, Wasabi & Ginger.",42.0,https://images.deliveryhero.io/image/talabat/Menuitems/B9082EB7839F7B3D656B6E8207FE1FFA?width=172&amp;height=172
Shrimp Sashimi,"4 shrimp sashimi served with cucumber, Wasabi & Ginger.",39.0,https://images.deliveryhero.io/image/talabat/Menuitems/02D71D41DF403283D3F3B8C7E7DF550C?width=172&amp;height=172
Crabstick Sashimi 👌🦀,"4 slices crabstick 🦀 served with slice Cucumber, Shredded Carrots🥕, Ginger & Wasabi",39.0,https://images.deliveryhero.io/image/talabat/Menuitems/CDE52B5B668B71E07C49B79A5EAFD0D6?width=172&amp;height=172
Octopus Sashimi,"4 slices of octopus served with a slice of cucumber, shredded carrots, Ginger & Wasabi",39.0,https://images.deliveryhero.io/image/talabat/Menuitems/293CD61CEFF3D81D1639C00670DC6AEC?width=172&amp;height=172
Unagi Sashimi,"4 slices of unagi served with sesame, cucumber, Wasabi & Ginger.",39.0,https://images.deliveryhero.io/image/talabat/Menuitems/6A5FDB1E32342967513C473923947026?width=172&amp;height=172
Salmon Nigiri,Two pieces of salmon on a dome of rice.,36.0,https://images.deliveryhero.io/image/talabat/Menuitems/80DD34262AC4B0DE74F20B0AE5359194?width=172&amp;height=172
Tuna Nigiri,Two pieces of tuna on a dome of rice.,32.0,https://images.deliveryhero.io/image/talabat/Menuitems/FC8DB60A9D1933EE9FFD75484113E58D?width=172&amp;height=172
Shrimp Nigiri,Two pieces of shrimp on a dome of rice.,29.0,https://images.deliveryhero.io/image/talabat/Menuitems/E654B331B208DF895C2FADD7081C7625?width=172&amp;height=172
Crabstick Nigiri,Two pieces of crabstick on a dome of rice,29.0,https://images.deliveryhero.io/image/talabat/Menuitems/BC0181319F7EAC18A80A4768F7595B4B?width=172&amp;height=172
Octopus Nigiri,Two pieces of Octopus on a dome of rice,29.0,https://images.deliveryhero.io/image/talabat/Menuitems/487F0EF8C2DDD61C06FF5D7438B2446B?width=172&amp;height=172
Unagi Nigiri,Two pieces of unagi on a dome of rice.,29.0,https://images.deliveryhero.io/image/talabat/Menuitems/B0E90E2331EB380D813D164F7FFA63D4?width=172&amp;height=172
Flamin' Salmon Nigiri,"2 pieces. Salmon seared on a dome of rice, fried leek, chili mayo, teriyaki, red chili and black tobiko.",38.0,https://images.deliveryhero.io/image/talabat/Menuitems/486150D6CA3E1949407375D4B8C431EE?width=172&amp;height=172
Flamin' Tuna Nigiri,"2 pieces. Tuna seared on a dome of rice, shredded leek, chili mayo, teriyaki sauce, black and orange tobiko.",24.0,https://images.deliveryhero.io/image/talabat/Menuitems/71884968C112F0017CE6DCE2235DA994?width=172&amp;height=172
Miso Soup,Tofu and dried wakame in a light miso soup.,29.0,https://images.deliveryhero.io/image/talabat/Menuitems/29E43675E4A3645EBDF579004BB096CB?width=172&amp;height=172
Tom Yum,"Prawns, wild mushrooms, lemongrass, Spicy chili, ginger & fresh coriander.",44.0,https://images.deliveryhero.io/image/talabat/Menuitems/AD69C0BBAC8BB543FFBB0E71C529BE79?width=172&amp;height=172
Garlic Fried Rice,"Fried Rice with eggs, crispy garlic🧄 bits, seasoning & spring onion",21.0,https://images.deliveryhero.io/image/talabat/Menuitems/5F7635F8807C1A951D7048E83A5D594B?width=172&amp;height=172
Vegetable Fried Rice 🍛,"Fried Rice with eggs, sauteed vegetable in wok, seasoning & spring onion",24.0,https://images.deliveryhero.io/image/talabat/Menuitems/7DDB1A40ED1705DEC7A774083D9C9223?width=172&amp;height=172
"Crepe, Pistachio Banana 🥞🍌","Freshly homemade crepe, Pistachio spread, banana, cream mascarpone, strawberry drzzle caramel sauce",37.0,https://images.deliveryhero.io/image/talabat/Menuitems/0317A7ADB25088653C1762EBFA29575C?width=172&amp;height=172
"Crepe, Choco Oreo Berry 🥞","Freshly Homemade crepe, Oreo, berry sauce, banana, cream mascarpone, chocolate sauce,",37.0,https://images.deliveryhero.io/image/talabat/Menuitems/C98974E09A80552901A6F4C6B62E5EAB?width=172&amp;height=172
Pepsi,,11.0,https://images.deliveryhero.io/image/talabat/Menuitems/C5C5021BA9728B11994E5FB96DF1A30B?width=172&amp;height=172
Diet Pepsi,,11.0,https://images.deliveryhero.io/image/talabat/Menuitems/8D402BEBB5D22337EFDFE4BC0F2CA419?width=172&amp;height=172
7_up,,11.0,https://images.deliveryhero.io/image/talabat/Menuitems/BBD56E12EE56B90B58D8F4C27B17269C?width=172&amp;height=172
Merinda,,11.0,https://images.deliveryhero.io/image/talabat/Menuitems/F8BD9F9BD24B4F7943E3ADD01F458C2C?width=172&amp;height=172
Diet 7 Up,,11.0,https://images.deliveryhero.io/image/talabat/Menuitems/FA5CBD935F58B0517600A3AE9E316F62?width=172&amp;height=172
Mountain Dew,,11.0,https://images.deliveryhero.io/image/talabat/Menuitems/90AEB4CAF18D205C64A04E7043B49579?width=172&amp;height=172
Water 500ML,,7.0,https://images.deliveryhero.io/image/talabat/Menuitems/C9E5784D7083652CDDDD6DFAE4A03493?width=172&amp;height=172
Lipton Ice Tea,,12.0,https://images.deliveryhero.io/image/talabat/Menuitems/D1C4F69222FA0A3458F7E4B29DD42291?width=172&amp;height=172
San Pellegrino 500ml,San Pellegrino 500ml,15.0,https://images.deliveryhero.io/image/talabat/Menuitems/0382A964B6500DDD318E7BF3E4643914?width=172&amp;height=172
