item_name,item_description,item_price,item_image
Sweet Vegan Pancake,"homemade pancakes topped with caramelised walnuts, banana and strawberry. served with your choice of berry compote, maple syrup or nutella",43.0,https://images.deliveryhero.io/image/talabat/Menuitems/mmw_637912354449224612?width=172&amp;height=172
Bluebonnets Acai Bowl,Acai bowl topped with blueberry and a choice of granola,0.0,https://images.deliveryhero.io/image/talabat/Menuitems/Bluebonnet_top_344049637849330963507828.jpg?width=172&amp;height=172
Spicy Chicken Poke Bowl,"Coconut rice base with chicken strips, tomato, edamame beans, avocado, red cabbage, with a touched of caramelized walnuts, chilli and sesame seeds served with spicy vegan sauce",60.0,https://images.deliveryhero.io/image/talabat/Menuitems/Spicy_Chicken_bowl_44637849330963509227.jpg?width=172&amp;height=172
Healthy Pancake,"Soft, chewy tapioca pancakes stacked with strawberry, blueberries, raspberry, vegan brownie crumble. drizzled with homemade peanut butter, honey, pistachio and almond sticks",57.0,https://images.deliveryhero.io/image/talabat/Menuitems/mmw_637912354661014048?width=172&amp;height=172
Secret Garden Smoothie,"apple, ginger, lemon cucumber and celery",23.0,https://images.deliveryhero.io/image/talabat/Menuitems/Secret_Garden_20637849330963509182.jpg?width=172&amp;height=172
Americano,"Made with freshly brewed espresso and hot water, it's the perfect choice for coffee lovers who appreciate a strong and robust taste.",15.0,https://images.deliveryhero.io/image/talabat/Menuitems/mmw_637965863963769311?width=172&amp;height=172
Espresso,Experience the bold and intense flavor of our freshly brewed espresso.,14.0,https://images.deliveryhero.io/image/talabat/Menuitems/mmw_637965864292023667?width=172&amp;height=172
Cappuccino,"Made with espresso and steamed milk creating rich, velvety taste.",15.0,https://images.deliveryhero.io/image/talabat/Menuitems/mmw_637965872427298634?width=172&amp;height=172
Café Latte,"Made with espresso and steamed milk, it's the perfect way to start your day or take a break during the day.",15.0,https://images.deliveryhero.io/image/talabat/Menuitems/mmw_637965872635287827?width=172&amp;height=172
Café Mocha,"Beverage that combines the rich flavors of chocolate and coffee made of rich and creamy blend of espresso, chocolate, and milk.",19.0,https://images.deliveryhero.io/image/talabat/Menuitems/mmw_637965872849956319?width=172&amp;height=172
Hot Chocolate,"Made with rich cocoa powder, it's the perfect treat when you just want to indulge in something sweet.",19.0,https://images.deliveryhero.io/image/talabat/Menuitems/mmw_637965873034058985?width=172&amp;height=172
Spanish Latte,"Made with espresso, steamed milk, and a touch of cinnamon, it's a perfect blend of flavors that will satisfy your sweet tooth and pick you up any time of the day.",19.0,https://images.deliveryhero.io/image/talabat/Menuitems/mmw_637965873201008817?width=172&amp;height=172
Caramel Macchiato,"Made with rice blend of espresso, caramel sauce and steamed milk with a drizzle of caramel in every sip.  it's the perfect way to start your day or take a break during the day.",19.0,https://images.deliveryhero.io/image/talabat/Menuitems/mmw_637965873444092440?width=172&amp;height=172
Double Mocha Macchiato,,21.0,https://images.deliveryhero.io/image/talabat/Menuitems/mmw_637965873826254450?width=172&amp;height=172
Hazelnut Caramel Mocha,,21.0,https://images.deliveryhero.io/image/talabat/Menuitems/mmw_637965874169315030?width=172&amp;height=172
Ice Mocha,"Elevate your coffee game with the rich and creamy blend of espresso, chocolate, and milk in our Iced Mocha, the perfect treat to cool you down and perk you up on a hot day.",20.0,https://images.deliveryhero.io/image/talabat/Menuitems/mmw_637965874348238280?width=172&amp;height=172
Ice Latte,"Made with rich espresso, milk, and ice, it's the perfect way to cool down and refresh yourself during the hot summer days, or any time you crave a refreshing coffee.",19.0,https://images.deliveryhero.io/image/talabat/Menuitems/mmw_637965874534233212?width=172&amp;height=172
Ice Cappuccino,"A velvty coffee and creamy, frothed milk served over ice.",19.0,https://images.deliveryhero.io/image/talabat/Menuitems/mmw_637965874723850918?width=172&amp;height=172
Ice Americano,Iced Americano is a refreshing coffee drink made by pouring a shot of espresso over ice and adding cold water or milk.,17.0,https://images.deliveryhero.io/image/talabat/Menuitems/mmw_637965874964732010?width=172&amp;height=172
Ice White Mocha,"A cold coffee beverage made with espresso, milk, and white chocolate",22.0,https://images.deliveryhero.io/image/talabat/Menuitems/mmw_637965875141430611?width=172&amp;height=172
Ice Caramel Macchiato,"A creamy espresso-based beverage with a sweet caramel flavor, served over ice.",22.0,https://images.deliveryhero.io/image/talabat/Menuitems/mmw_637965875325645674?width=172&amp;height=172
Ice Spanish Latte,Shot of espresso that condensed cold milk adds a creamy sweetness to the coffee .,20.0,https://images.deliveryhero.io/image/talabat/Menuitems/mmw_637965875522220204?width=172&amp;height=172
Dark Chocolate Frappe,,24.0,https://images.deliveryhero.io/image/talabat/Menuitems/mmw_637965875759431120?width=172&amp;height=172
Caramel Frappe,Made with rich caramel sauce and ice-cold milk for a refreshing treat.,24.0,https://images.deliveryhero.io/image/talabat/Menuitems/mmw_637965875986856488?width=172&amp;height=172
White Chocolate Frappé,,24.0,https://images.deliveryhero.io/image/talabat/Menuitems/mmw_637965876773503034?width=172&amp;height=172
Vanilla Frappe,"A blend of smooth and velvety milk, rich espresso, and sweet vanilla syrup, topped with whipped cream and a drizzle of caramel sauce, delivering a decadent and irresistible treat for your taste buds.",24.0,https://images.deliveryhero.io/image/talabat/Menuitems/mmw_637965876957871417?width=172&amp;height=172
Flat White,"Made with a double shot of espresso and steamed milk, it's a perfect balance of strength and creaminess that will keep you going throughout the day.",15.0,https://images.deliveryhero.io/image/talabat/Menuitems/mmw_637965877164622023?width=172&amp;height=172
Turmeric Latte ,Warm and comforting latte infused with turmeric and spices.,15.0,
Eggs Benedict,eggs benedict topped with hollandaise sauce and served on english muffin,43.0,https://images.deliveryhero.io/image/talabat/Menuitems/Eggs_Benedict_35637849330963508044.jpg?width=172&amp;height=172
Eggs Florentine,eggs florentine topped with hollandaise sauce with a touch of baby spinach on english muffin,50.0,https://images.deliveryhero.io/image/talabat/Menuitems/Eggs_Florentine_top_49637849330963508111.jpg?width=172&amp;height=172
Sweet Oat Bowl,"overnight peanut oats topped with banana, strawberry, cocoa nibs, homemade berry compote and a choice of granola",53.0,https://images.deliveryhero.io/image/talabat/Menuitems/Sweet_Oat_bowl_40637849330963509304.jpg?width=172&amp;height=172
Oat Chia Bowl,"oatmeal and chia seeds in cinnamon almond milk topped with strawberry, banana, dates, coconut flakes and a choice of granola",46.0,https://images.deliveryhero.io/image/talabat/Menuitems/Oat_Chia_bowl_35637849330963508795.jpg?width=172&amp;height=172
Fruitica Pudding Bowl,coconut chia pudding topped with mango and a choice of granola,42.0,https://images.deliveryhero.io/image/talabat/Menuitems/Fruitica_pudding_bowl_33637849330963508256.jpg?width=172&amp;height=172
Mediterranean Omelette,"omelette with free range eggs, mixed peppers, sauteed onions and tomatoes with whole wheat sunflower bread",41.0,https://images.deliveryhero.io/image/talabat/Menuitems/mmw_637964078080788684?width=172&amp;height=172
Freestyle Egg,"3 eggs in your style with whole wheat sunflower bread. choose between poached, scrambled or fried with a seasonal salad",41.0,https://images.deliveryhero.io/image/talabat/Menuitems/FreeStyle_Egg_39637849330963508226.jpg?width=172&amp;height=172
Fluffy Vegan Egg,"turmeric tofu, tomato, onions and pepper scramble served with whole wheat sunflower bread",41.0,https://images.deliveryhero.io/image/talabat/Menuitems/Fluffy_Vegan_Egg_33637849330963508163.jpg?width=172&amp;height=172
Sweet French Toast,"topped with caramelised walnut, stuffed with your choice of berry compote or nutella and strawberry",53.0,https://images.deliveryhero.io/image/talabat/Menuitems/Sweet_French_toast_35637849330963509285.jpg?width=172&amp;height=172
Sweet Vegan Pancake,"homemade pancakes topped with caramelised walnuts, banana and strawberry. served with your choice of berry compote, maple syrup or nutella",43.0,https://images.deliveryhero.io/image/talabat/Menuitems/mmw_637912354449224612?width=172&amp;height=172
Healthy Pancake,"Soft, chewy tapioca pancakes stacked with strawberry, blueberries, raspberry, vegan brownie crumble. drizzled with homemade peanut butter, honey, pistachio and almond sticks",57.0,https://images.deliveryhero.io/image/talabat/Menuitems/mmw_637912354661014048?width=172&amp;height=172
Cheese Grilled Sandwich ,"Mozzarella cheese, feta cheese, cream cheese, tomato and basil with pesto sauce grilled between multi cereal bread. Served with seasonal salad ",42.0,https://images.deliveryhero.io/image/talabat/Menuitems/Grilled_Cheese_Sandwich_3637849330963508353.jpg?width=172&amp;height=172
Mango Frango Sandwich,"Grilled chicken, vegan mayo, mango chunk and smashed avocado in multi cereal bread. served with seasonal salad.",49.0,https://images.deliveryhero.io/image/talabat/Menuitems/Mango_Frango_sandwich_40637849330963508622.jpg?width=172&amp;height=172
Chicken Club Sandwich,"chicken, tomatoes, sliced turkey, avocado and egg layered between multi cereal bread. served with seasonal salad",58.0,https://images.deliveryhero.io/image/talabat/Menuitems/Chicken_club_sandwich_44637849330963507905.jpg?width=172&amp;height=172
Frango Wrap,"grilled chicken, tomato salsa, smashed avocado, romaine lettuce, red onion and cream cheese. served with seasonal salad",45.0,https://images.deliveryhero.io/image/talabat/Menuitems/Frango_wrap_top637849330963508205.jpg?width=172&amp;height=172
Hummus Sandwich,"Smashed spicy chickpeas, sliced avocado, rocket leaves and tomato between multi cereal bread, served with seasonal salad.",49.0,https://images.deliveryhero.io/image/talabat/Menuitems/Hummus_sandwich_40637849330963508433.jpg?width=172&amp;height=172
Smoked Salmon Wrap,"Smoked salmon, cream cheese, fresh cucumber, slide mexican avocado, red onion, red reddish and tomato salsa in less carb wrap with seasonal salad	",58.0,https://images.deliveryhero.io/image/talabat/Menuitems/mmw_637919091513226795?width=172&amp;height=172
Healthy Toast,"smashed mexican avocado, spring onion and sliced tomato on whole wheat sunflower bread. served with seasonal salad",51.0,https://images.deliveryhero.io/image/talabat/Menuitems/Healthy_toast_44637849330963508413.jpg?width=172&amp;height=172
Feta Walnut Toast,"smashed mexican avocado topped with feta cheese, caramelised walnuts and spring onion on whole wheat sunflower bread. served with seasonal salad",56.0,https://images.deliveryhero.io/image/talabat/Menuitems/Feta_Walnut_toast_50637849330963508139.jpg?width=172&amp;height=172
Poached Egg Toast,smashed mexican avocado on sliced tomato topped with poached eggs on whole wheat sunflower bread. served with seasonal salad,56.0,https://images.deliveryhero.io/image/talabat/Menuitems/Poached_Eggs_50637849330963508944.jpg?width=172&amp;height=172
Salmon Cheese Toast,half sliced mexican avocado in cream cheese topped with sliced smoked salmon on whole wheat sunflower bread. served with seasonal salad,64.0,https://images.deliveryhero.io/image/talabat/Menuitems/Salmon_cheese_toast_53637849330963509090.jpg?width=172&amp;height=172
S&H Caesar Salad,"Mexican avocado, romaine lettuce, asparagus, almond sticks and croutons with tangy mustard dressing",46.0,https://images.deliveryhero.io/image/talabat/Menuitems/S_H_Caesar_salad_42637849330963509330.jpg?width=172&amp;height=172
Quinoa Halloumi Salad,"mixed greens with grilled halloumi cheese, quinoa. pomegranate seeds and a lemon dressing",56.0,https://images.deliveryhero.io/image/talabat/Menuitems/Quinoa_Halloumi_salad_49637849330963508979.jpg?width=172&amp;height=172
Mango Frango Salad,"grilled chicken, mexican avocado, mango, romaine lettuce, cucumber, tomato with honey mustard dressing",56.0,https://images.deliveryhero.io/image/talabat/Menuitems/Mango_Frango_salad_44637849330963508601.jpg?width=172&amp;height=172
Picnic Salad,"Roasted potato, grilled chicken, rocket leaves, feta cheese, tomato drizzled with lemon and pesto dressing.",56.0,https://images.deliveryhero.io/image/talabat/Menuitems/Picnic_salad_44637849330963508908.jpg?width=172&amp;height=172
The Boss Tapioca Crepe,"tapioca filled with your choice of chicken, turkey ham or smoked salmon, avocado, sliced chilli, tomato salsa, coriander and mozzarella cheese. served with seasonal salad",0.0,
Rock & Roll Tapioca Crepe,"tapioca filled with spicy chickpea puree, sliced chilli, tomato salsa, rocket leaves and avocado. served with seasonal salad",37.0,https://images.deliveryhero.io/image/talabat/Menuitems/Rock___Roll_44637849330963509032.jpg?width=172&amp;height=172
Omega Hunter Tapioca Crepe,"tapioca filled with smoked salmon, cream cheese, avocado. served with seasonal salad",51.0,https://images.deliveryhero.io/image/talabat/Menuitems/Omega_Hunter_55637849330963508813.jpg?width=172&amp;height=172
Koko Tapioca Crepe,"tapioca filled with pesto sauce, parsley, tomato salsa and mozzarella cheese. served with seasonal salad",40.0,https://images.deliveryhero.io/image/talabat/Menuitems/Koko_Tapioca_44637849330963508525.jpg?width=172&amp;height=172
Sweet Bite Tapioca Crepe,"tapioca filled with nutella, strawberries and banana",40.0,https://images.deliveryhero.io/image/talabat/Menuitems/Sweet_Bite_44637849330963509266.jpg?width=172&amp;height=172
Nunu Tapioca Crepe,"tapioca filled with homemade peanut butter, strawberries and banana",40.0,https://images.deliveryhero.io/image/talabat/Menuitems/NuNu_Tapioca_42637849330963508759.jpg?width=172&amp;height=172
Jojo Tapioca Crepe,"Tapioca filled with mozzarella cheese, sliced turkey ham and scrambled egg and tomato sauce",48.0,https://images.deliveryhero.io/image/talabat/Menuitems/Jojo_Tapioca_47637849330963508475.jpg?width=172&amp;height=172
Linaria Acai Bowl,"Acai bowl topped with banana, mango, homemade peanut butter and a choice of granola",0.0,https://images.deliveryhero.io/image/talabat/Menuitems/Linaria_top_343948637849330963508579.jpg?width=172&amp;height=172
Bluebonnets Acai Bowl,Acai bowl topped with blueberry and a choice of granola,0.0,https://images.deliveryhero.io/image/talabat/Menuitems/Bluebonnet_top_344049637849330963507828.jpg?width=172&amp;height=172
Dianthus Acai Bowl,"Acai bowl topped with strawberry, pomegranate, raspberry and choice of granola",0.0,https://images.deliveryhero.io/image/talabat/Menuitems/Dianthus_top_394957637849330963508014.jpg?width=172&amp;height=172
Black Eyed Susan Acai Bowl,"Acai bowl topped with strawberry, mango, vegan brownie chunks and choice of granola",0.0,https://images.deliveryhero.io/image/talabat/Menuitems/BlackEyed_Susan_top_40505637849330963507765.jpg?width=172&amp;height=172
Chocolate Cosmos Acai Bowl,"Acai bowl topped with coconut flakes, homemade berry compote, vegan brownie chunks, and your choice of granola",0.0,https://images.deliveryhero.io/image/talabat/Menuitems/Chocolate_Cosmos_404854_t637849330963507933.jpg?width=172&amp;height=172
Passion Flower Acai Bowl,"acai bowl topped with banana, strawberry, blueberry, almond flakes, almond butter and coconut chia pudding",0.0,https://images.deliveryhero.io/image/talabat/Menuitems/Passion_Flower_top_384555637849330963508873.jpg?width=172&amp;height=172
Make Your Own Bowl,acai with 2 free classic toppings,0.0,
Salmon Buddha Poke Bowl,"coconut rice base with fresh salmon topped with edamame beans, avocado, cucumber and mango. with a touched of sesame seeds, sliced chilli and caramelized walnuts served with sesame shoyu sauce",67.0,https://images.deliveryhero.io/image/talabat/Menuitems/Salmon_Buddha_bowl_55637849330963509070.jpg?width=172&amp;height=172
Salmon Noodle Poke Bowl,"buckwheat noodles base with fresh salmon topped with edamame beans, cucumber, mango and avocado. with a touched of sesame seeds, spring onion and coriander served with sesame shoyu sauce",67.0,https://images.deliveryhero.io/image/talabat/Menuitems/Salmon_noodle_bowl_55637849330963509137.jpg?width=172&amp;height=172
Salmon Quinoa Poke Bowl,"white quinoa and mix green base with fresh salmon topped with edamame beans, tomato, red cabbage, cucumber and avocado. with a touched of spring onion, sliced chilli and sesame seeds served with lime ginger sauce",67.0,https://images.deliveryhero.io/image/talabat/Menuitems/Salmon_Quinoa_bowl_55637849330963509163.jpg?width=172&amp;height=172
Veggie Poke Bowl,"roasted potato and mixed greens base with spicy chickpea puree and vegan tofu topped edamame beans, tomato, mango and avocado. with a touched of coriander, sliced pistachio and sliced chilli served with sweet ponzu sauce",60.0,https://images.deliveryhero.io/image/talabat/Menuitems/Veggie_bowl_55637849330963509450.jpg?width=172&amp;height=172
Tuna Buddha Poke Bowl,"coconut rice base with fresh tuna topped with edamame beans, avocado, cucumber and mango with a touch of sesame seeds, sliced chili and caramelized walnuts served with sesame shoyu sauce.",60.0,https://images.deliveryhero.io/image/talabat/Menuitems/Tuna_Buddha_bowl_50637849330963509432.jpg?width=172&amp;height=172
Spicy Chicken Poke Bowl,"Coconut rice base with chicken strips, tomato, edamame beans, avocado, red cabbage, with a touched of caramelized walnuts, chilli and sesame seeds served with spicy vegan sauce",60.0,https://images.deliveryhero.io/image/talabat/Menuitems/Spicy_Chicken_bowl_44637849330963509227.jpg?width=172&amp;height=172
Smoothie Queen,"acai, blueberries, banana, coconut milk, flax seeds and chia seeds",46.0,https://images.deliveryhero.io/image/talabat/Menuitems/Smoothie_Queen_40637849330963509199.jpg?width=172&amp;height=172
Sunshine Smoothie,"acai, strawberries, banana, almond milk and homemade peanut butter",46.0,
Boozeberry Smoothie,"strawberries, blueberries, almond milk and honey",46.0,https://images.deliveryhero.io/image/talabat/Menuitems/Boozeberry637849330963507856.jpg?width=172&amp;height=172
Smash Time Smoothie,"banana, dates, almond milk and homemade peanut butter",46.0,https://images.deliveryhero.io/image/talabat/Menuitems/Sunshine_39637849330963509248.jpg?width=172&amp;height=172
Green Field Smoothie,"Avocado, mango, coconut milk and honeh",35.0,https://images.deliveryhero.io/image/talabat/Menuitems/Green_Field_23637849330963508336.jpg?width=172&amp;height=172
Funki Fruit Smoothie,"orange juice, apple, banana, kiwi, pineapple and strawberries",35.0,https://images.deliveryhero.io/image/talabat/Menuitems/Funki_Fruit_23637849330963508317.jpg?width=172&amp;height=172
Secret Garden Smoothie,"apple, ginger, lemon cucumber and celery",23.0,https://images.deliveryhero.io/image/talabat/Menuitems/Secret_Garden_20637849330963509182.jpg?width=172&amp;height=172
Mango Mint Smoothie,"banana, mint leaves, mango, honey and almond milk",46.0,https://images.deliveryhero.io/image/talabat/Menuitems/Mango_Mint_31637849330963508683.jpg?width=172&amp;height=172
Fresh Energy Smoothie,"mango, strawberry and orange",35.0,
Skin Detox Smoothie,"lemon juice, mint leaves, banana, green apple and kiwi",35.0,
Yummy Addiction Smoothie,"strawberry, banana, blueberry, coconut milk and baby spinach",40.0,https://images.deliveryhero.io/image/talabat/Menuitems/Yummy_Addiction637849330963509468.jpg?width=172&amp;height=172
In-House Made Peanut Butter Jar,"Fresh roasted peanuts, coconut oil ",23.0,https://images.deliveryhero.io/image/talabat/Menuitems/mmw_637956431082739325?width=172&amp;height=172
In-House Made Almond Butter ,"Freshly roasted almonds, sunflower oil, coconut oil ",33.0,https://images.deliveryhero.io/image/talabat/Menuitems/mmw_637956388015886930?width=172&amp;height=172
Energy Balls ,"Almond butter, cocoa nibs and white oats",14.0,https://images.deliveryhero.io/image/talabat/Menuitems/mmw_637956387532083356?width=172&amp;height=172
Protein Balls ,"Protein powder, walnut, carrot, dates, coconut flakes and cinnamon ",17.0,https://images.deliveryhero.io/image/talabat/Menuitems/mmw_637956387069739142?width=172&amp;height=172
In-house Made Granola Bag Wih Nuts,"Fresh dates, maple syrup, rolled oats, almond flakes, walnuts, flax seeds, and natural dates syrup.",33.0,https://images.deliveryhero.io/image/talabat/Menuitems/mmw_637956590566504173?width=172&amp;height=172
Fresh Orange Juice,"Made with freshly squeezed oranges, it's a great source of Vitamin C and perfect for any time of the day.",23.0,
Fresh Pineapple Juice,"A sweet, tropical drink made by blending the flesh of a pineapple. It is a rich source of vitamin C and contains enzymes that can aid digestion.",23.0,
Fresh Mango Juice,"Made from the freshest, ripest mangos, carefully selected for the perfect balance of sweetness and tanginess.",26.0,
Kiwi Pineapple Mint Juice,,29.0,
Fresh Tropical Juice,,29.0,
Fresh Lemon Mint Juice,"Made with a blend of fresh lemons, mint, and a touch of sweetness, it's a perfect thirst quencher and great to enjoy anytime of the day.",26.0,https://images.deliveryhero.io/image/talabat/Menuitems/mmw_637853876930215828?width=172&amp;height=172
Fresh Lemonade Juice,A refreshing and tangy drink made from freshly squeezed lemons.,23.0,
Classic Mojito cocktail,"Lemon juice, mint leaves and sparkling water.",23.0,https://images.deliveryhero.io/image/talabat/Menuitems/mmw_637853876986851901?width=172&amp;height=172
Raspberry Mojito Cocktail,"Lemon juice, raspberries, mint leaves and sparkling water.",35.0,https://images.deliveryhero.io/image/talabat/Menuitems/mmw_637853877077924346?width=172&amp;height=172
Local Bottled Water,,7.0,https://images.deliveryhero.io/image/talabat/Menuitems/Mineral_Water637848652584837004.jpg?width=172&amp;height=172
Sparkling Water,Stay hydrated and refreshed with our sparkling water. ,14.0,
