item_name,item_description,item_price,item_image
Chicken Quesadillas,"Grilled Chicken, cheddar cheese, mozzarella, mushroom, mixed bell pepper, onion, Served with a side of salsa, guacamole, sour Cream",42.0,https://images.deliveryhero.io/image/talabat/Menuitems/E13F7F3A251588FFB89D60F109E5A8FE?width=172&amp;height=172
Grilled Shrimp Tacos,"(2 Tacos Per Order) Grilled shrimp, topped with Guacamole, salsa, mixed cabbage, garnished with pickled cabbage lemon aioli sauce in a 6 Inch Flour Tortilla",43.0,https://images.deliveryhero.io/image/talabat/Menuitems/D5B076B80809594A33324973021080EF?width=172&amp;height=172
Beef Tacos,"(2 Tacos Per Order) Ground beef, salsa, sour cream, cheddar cheese, laid on a lulu Rosso leaf drizzled with a mild Spicy sauce in a 6 Inch Flour Tortilla",42.0,https://images.deliveryhero.io/image/talabat/Menuitems/A2CCDA39846C436933954E112EDBFBDA?width=172&amp;height=172
Single Taco Combo,Choose any Taco ( Total of 2 Tacos)  + Any Drink + Your choice of starter.,62.0,https://images.deliveryhero.io/image/talabat/Menuitems/25E98C1975DBB1E80089EE2F480E138A?width=172&amp;height=172
Single Burrito Bowl Combo,Choose any Burrito Bowl + Any Drink + Your choice of starter.,65.0,https://images.deliveryhero.io/image/talabat/Menuitems/951C9A4D1EF598B2060781FC6671F1DE?width=172&amp;height=172
Double Burrito Bowl Combo,Choose any 2 Burrito Bowls + Any 2 Drinks + Your choice of 2 starters.,99.0,https://images.deliveryhero.io/image/talabat/Menuitems/49038B20C53E33AA8131F4EAEFF6B940?width=172&amp;height=172
Double Taco Combo,Choose any 2 Tacos ( Total of 4 Tacos ) + Any 2 Drinks + Your choice of 2 starters.,99.0,https://images.deliveryhero.io/image/talabat/Menuitems/3A4F80755795C61B53A9EB6C6CAF12FC?width=172&amp;height=172
Chili Cheese Fries,"Crinkled cut fries topped with chilli con carne minced beef, mozzarella and cheddar cheese, garnished with red chilli served with sour cream",38.0,https://images.deliveryhero.io/image/talabat/Menuitems/7D229ED986122503883E8553BD03E653?width=172&amp;height=172
Chili Cheese Nachos,"Crispy corn tortilla chips topped with chilli con carne minced beef, mozzerella and cheddar cheese drizzled with sour cream and a special sauce garnished with red chilis and green onion.",39.0,https://images.deliveryhero.io/image/talabat/Menuitems/1CD5FA1390FCB4415E5298347B99F655?width=172&amp;height=172
Cheese Fries,Crinkled cut fries topped with mozzerella and cheddar cheese garnished with green onions served with sour cream,28.0,https://images.deliveryhero.io/image/talabat/Menuitems/56A0731A7FD1058C84337EC05F7DE39C?width=172&amp;height=172
Chips & Guacamole,"Crispy corn tortilla chips  with Mexican seasoning, melted cheddar and mozzarella cheese, served guacamole dip.",29.0,https://images.deliveryhero.io/image/talabat/Menuitems/F5A51FB37C0C85C5CDDAC62F8F4B7606?width=172&amp;height=172
Chips & Salsa,"Crispy corn tortilla chips with Mexican seasoning, melted cheddar and mozzarella cheese, served with our house salsa dip.",24.0,https://images.deliveryhero.io/image/talabat/Menuitems/AEAAE33CBB8077768CEDFA714224300D?width=172&amp;height=172
Crinkle Fries Mex.,Crinkled cut fries with Mexican seasoning served with a side of our house thousand island.,17.0,https://images.deliveryhero.io/image/talabat/Menuitems/965FB1415D2BFBCB699C29435479789F?width=172&amp;height=172
Grilled Chicken Tacos,"(2 Tacos Per Order) Marinated grilled chicken topped with salsa, guacamole, cheddar cheese, laid on a lulu rosso leaf, signature sauce and sriracha sauce in a 6 Inch Flour Tortilla.",41.0,https://images.deliveryhero.io/image/talabat/Menuitems/12D3EB2AFD2C50742DBF9060BE5B07EA?width=172&amp;height=172
Beef Tacos,"(2 Tacos Per Order) Ground beef, salsa, sour cream, cheddar cheese, laid on a lulu Rosso leaf drizzled with a mild Spicy sauce in a 6 Inch Flour Tortilla",42.0,https://images.deliveryhero.io/image/talabat/Menuitems/A2CCDA39846C436933954E112EDBFBDA?width=172&amp;height=172
Grilled Shrimp Tacos,"(2 Tacos Per Order) Grilled shrimp, topped with Guacamole, salsa, mixed cabbage, garnished with pickled cabbage lemon aioli sauce in a 6 Inch Flour Tortilla",43.0,https://images.deliveryhero.io/image/talabat/Menuitems/D5B076B80809594A33324973021080EF?width=172&amp;height=172
Fried Shrimp Tacos,"(2 Tacos Per Order) Fried shrimp, laid on lulu rosso leaf topped with guacamole, drizzled with signature dynamite sauce garnished with pickled cabbage and green onion and in a 6 Inch Flour Tortilla",43.0,https://images.deliveryhero.io/image/talabat/Menuitems/ED33086378407863492BDFEE53648E3D?width=172&amp;height=172
Pulled Beef Tacos,"(2 Tacos Per Order) Marinated Pulled Beef topped with shredded cheddar cheese, salsa, guacamole, cucumbers, lollo rosso and our special sweet & savory sauce.",43.0,https://images.deliveryhero.io/image/talabat/Menuitems/EFA13689D13DE443E5129D99EB09728D?width=172&amp;height=172
Vegan Tacos,"(2 Tacos Per Order) A mix of red bean, zucchini, mixed bell pepper, corn, guacamole, salsa, layed on a bed of lulu Rosso drizzled with a signature sauce in a 6 Inch Flour Tortilla",39.0,https://images.deliveryhero.io/image/talabat/Menuitems/6DF767B58FA5181E3B65E9383EAF7506?width=172&amp;height=172
Grilled Chicken Burrito Bowl,"Rice, marinated grilled chicken, guacamole, salsa, lulu rosso, lulu verde, corn, red beans, cheddar cheese, drizzled with our signature sauce and sriracha sauce",42.0,https://images.deliveryhero.io/image/talabat/Menuitems/800F6FB6E44A2EB80B913E33342D792D?width=172&amp;height=172
Beef Burrito Bowl,"Rice, ground beef, lolo rosso, corn, red beans, salsa, sour cream, cheddar cheese, jalapenos drizzled with a mild spicy sauce.",44.0,https://images.deliveryhero.io/image/talabat/Menuitems/9851A115D047BA5B58F01CAD8B90D2AC?width=172&amp;height=172
Grilled Shrimp Burrito Bowl,"Rice, grilled shrimp, guacamole, pickled cabbage, avocado, salsa, mozzarella and signature lemon aioli sauce",45.0,https://images.deliveryhero.io/image/talabat/Menuitems/55322B0161A5EB9256B4EF27E80BFAFA?width=172&amp;height=172
Fried Shrimp Burrito Bowl,"Rice, fried shrimp, guacamole, pickled cabbage, carrots and cucmber garnished with green onions and drizzled with our signature dynamite sauce",45.0,https://images.deliveryhero.io/image/talabat/Menuitems/21281D818308446B5B34BED1E47E7F1F?width=172&amp;height=172
Pulled Beef Burrito Bowl,"Meixcan Rice, Marinated Pulled Beef topped with shredded cheddar cheese, salsa, guacamole, cucumbers, lollo rosso and our special sweet & savory sauce.",45.0,https://images.deliveryhero.io/image/talabat/Menuitems/AA0CC0079217A543091A55FA2839B519?width=172&amp;height=172
Vegan Burrito Bowl,"Rice, a mix of red bean, zucchini, mixed bell pepper, corn, guacamole, salsa, lettuce, cucumber, carrots drizzled with our signature sauce.",41.0,https://images.deliveryhero.io/image/talabat/Menuitems/3067E72E562F98AA2295411E9D0F4977?width=172&amp;height=172
Chicken Quesadillas,"Grilled Chicken, cheddar cheese, mozzarella, mushroom, mixed bell pepper, onion, Served with a side of salsa, guacamole, sour Cream",42.0,https://images.deliveryhero.io/image/talabat/Menuitems/E13F7F3A251588FFB89D60F109E5A8FE?width=172&amp;height=172
Beef Quesadillas,"Ground beef cheddar cheese and mozzarella served with a side of salsa, guacamole, sour cream",44.0,https://images.deliveryhero.io/image/talabat/Menuitems/B90309CD16F680292099DB4BD16BFF5A?width=172&amp;height=172
Shrimp Quesadillas,"Marinated grilled shrimps, cheddar cheese and mozzarella, green pepper, served with a side of salsa, guacamole, sour cream",45.0,https://images.deliveryhero.io/image/talabat/Menuitems/1AC9C4883BB25F6509DD702475897FAB?width=172&amp;height=172
Chicken Fajita Wrap,"Marinated grilled chicken cheddar cheese, guacamole, sour cream, corn, mixed bell pepper, mushroom, onion and lettuce.",41.0,https://images.deliveryhero.io/image/talabat/Menuitems/205F54966B80E42B85FC3474931F3AB1?width=172&amp;height=172
Chocolate Churros,Fried Mexican dough coated with sugar and cinnamon with a side of chocolate sauce,26.0,https://images.deliveryhero.io/image/talabat/Menuitems/15A0B5365C1AACBB63F914ED83AEB037?width=172&amp;height=172
Caramel Churros,Fried Mexican dough coated with sugar and cinnamon with a side of caramel sauce,25.0,https://images.deliveryhero.io/image/talabat/Menuitems/01C1E9FC1CDCBC876B42637AB31B34A7?width=172&amp;height=172
Fruity Choco Taco,"( 2 Tacos Per Order) Nutella, Banana, Strawberry",36.0,https://images.deliveryhero.io/image/talabat/Menuitems/4AB09F69A180E50D64C0AF76DD1C9273?width=172&amp;height=172
Coca Cola,Soft Drink,9.0,https://images.deliveryhero.io/image/talabat/Menuitems/339950FED49B619C5099778FDA50DD98?width=172&amp;height=172
Coca Cola Diet,Soft Drink,9.0,https://images.deliveryhero.io/image/talabat/Menuitems/9C5D8625C2F62EA932DF2DAEDC67566F?width=172&amp;height=172
Coca Cola Zero,Soft Drink,9.0,https://images.deliveryhero.io/image/talabat/Menuitems/02350C8359B98CCECD06985F6C3FACA8?width=172&amp;height=172
Fanta,Soft drink,9.0,https://images.deliveryhero.io/image/talabat/Menuitems/D21645C2553C0E27A9CA2BA0CA732399?width=172&amp;height=172
Sprite,Soft Drink,9.0,https://images.deliveryhero.io/image/talabat/Menuitems/8497E846849BDEE8A711C5C75607371C?width=172&amp;height=172
Water,Mineral water.,7.0,https://images.deliveryhero.io/image/talabat/Menuitems/7D7F60F8B0FECD7D22A8F1A2BB080970?width=172&amp;height=172
Caramel Sauce,"A sweet, sticky sauce made from caramelized sugar, perfect for drizzling over desserts.",5.0,
Chocolate Sauce,"A sweet and rich sauce made from chocolate, used as a topping for desserts or drinks.",7.0,
Guacamole,House made avocado dip,7.0,
Lemon Aioli,,5.0,
Salsa,House made tomato based dip,5.0,
Sour Cream,Creamy house made sour cream,5.0,
Thousand island,"Mayonnaise, Ketchup, Onion, Paprika, Worcestershire sauce, Lemon juice, Salt, Pepper",5.0,
