item_name,item_description,item_price,item_image
SHISH TAWOOK,"Marinated chicken, garlic Mayo and roasted potato",52.0,https://images.deliveryhero.io/image/talabat/Menuitems/mmw_638077271665971280?width=172&amp;height=172
LENTIL Soup,"Made with a blend of lentils, vegetables, and spices.",25.2,https://images.deliveryhero.io/image/talabat/Menuitems/mmw_638082535186323882?width=172&amp;height=172
Zataar flat Bread,Homemade flat bread topped with fresh zaatar,25.2,https://images.deliveryhero.io/image/talabat/Menuitems/20221224_Talabat_UAE_Tara638076477931468706.jpg?width=172&amp;height=172
Fattet Bathenjan,"Tahina yogurt dish with eggplant, pita bread croutons and bit of garlic, topped with pine nuts",37.8,https://images.deliveryhero.io/image/talabat/Menuitems/mmw_638073862490482298?width=172&amp;height=172
Make My Omelette Eggs,"Your choice of scrambled egg, poached egg, omelet egg, boiled egg or sunnyside egg",25.2,https://images.deliveryhero.io/image/talabat/Menuitems/20221224_Talabat_UAE_Tara638076478899838332.jpg?width=172&amp;height=172
Foul With Oil Or Tahina,"Cooked fava beans, topped with tomato, parsley, lemon and your choice of olive oil or labban tahina sauce",24.15,https://images.deliveryhero.io/image/talabat/Menuitems/mmw_638073862217704768?width=172&amp;height=172
Shakshoka With Sweet Potato,"Traditional shakshoka twisted, tomato salsa and spices, topped with poached eggs and mashed sweet potato",37.8,https://images.deliveryhero.io/image/talabat/Menuitems/20221224_Talabat_UAE_Tara638076477898206924.jpg?width=172&amp;height=172
Loaded Mediterranean Omelette,"Egg, kalamat olive, mint, parsley, feta cheese and artichoke",35.7,https://images.deliveryhero.io/image/talabat/Menuitems/mmw_638082534276240197?width=172&amp;height=172
Hallomi Shakshoka ,"Traditional shakshoka twisted, tomato salsa, spices, black olives and onion, topped with eggs and halloumi",39.9,https://images.deliveryhero.io/image/talabat/Menuitems/20221224_Talabat_UAE_Tara638076477842683281.jpg?width=172&amp;height=172
Mfaraket Batat,"Fried potato cubes mixed with minced beef, onions and eggs",37.8,https://images.deliveryhero.io/image/talabat/Menuitems/20221224_Talabat_UAE_Tara638076477881358011.jpg?width=172&amp;height=172
Fattet Jaj,"Roasted bread smothered with chicken stock over layers of tender chicken slices, covered with labban tahini sauce, fresh parsley, fried garlic, pine nuts and pomegranate seeds",37.8,https://images.deliveryhero.io/image/talabat/Menuitems/mmw_638073862893681807?width=172&amp;height=172
Fattet Lahem,"Roasted bread and beef stock over layers of beef cuts smothered with labban tahini garlic sauce, garnished with chopped parsley, pine nuts and pomegranate seeds",44.1,https://images.deliveryhero.io/image/talabat/Menuitems/mmw_638077266567928385?width=172&amp;height=172
Fattet Hummus,"Toasted arabic pita bread, soaked with chickpeas, topped with labban tahini sauce and garnished with pine nuts",35.7,https://images.deliveryhero.io/image/talabat/Menuitems/mmw_638077266403677273?width=172&amp;height=172
Fattet Bathenjan,"Tahina yogurt dish with eggplant, pita bread croutons and bit of garlic, topped with pine nuts",37.8,https://images.deliveryhero.io/image/talabat/Menuitems/mmw_638073862490482298?width=172&amp;height=172
The Granola,"Fresh mix raspberries, strawberries, blueberries, blackberries with honey, yogurt and granola",37.8,
Oats Banana,,35.7,
LENTIL Soup,"Made with a blend of lentils, vegetables, and spices.",25.2,https://images.deliveryhero.io/image/talabat/Menuitems/mmw_638082535186323882?width=172&amp;height=172
KABAB WRAP,"2 skewers grilled Kabab wrapped in homemade bread, hummus, parsley, tomato, onion, colslow and french fries.",46.2,https://images.deliveryhero.io/image/talabat/Menuitems/20221224_Talabat_UAE_Tara638076477849826226.jpg?width=172&amp;height=172
SHISH TAWOOK WRAP,"2 skewers shish taouk wrapped in homemade bread, shredded iceberg, garlic paste, pickles, colslow, french fries.",46.2,https://images.deliveryhero.io/image/talabat/Menuitems/20221224_Talabat_UAE_Tara638076477901134999.jpg?width=172&amp;height=172
MARY MONTANYA,"Shrimp and Chicken Sea and Mountain a Catalan classic combining shellfish and chicken, green beans, sausage on top of saffron rice.",71.4,https://images.deliveryhero.io/image/talabat/Menuitems/mmw_638077271030314914?width=172&amp;height=172
Spaghetti Alfredo,,47.25,
Spaghetti Prawns,,51.45,
Spaghetti Seafood ,,51.45,
Spaghetti Tomato,,35.7,
Spaghetti arrabbiata,,35.7,
Penne Arrabbiata,"classic Italian pasta dish made with penne pasta, a spicy tomato sauce, and garlic",35.7,
Penne Seafood,,51.45,
Penne Prawns,,51.45,
Penne Tomato Sauce ,,35.7,
Penne Alfredo,Penne pasta served with a creamy Alfredo sauce.,47.25,
Traditional Cheese,Mixture of mozzarella and akawi cheese,27.3,https://images.deliveryhero.io/image/talabat/Menuitems/20221224_Talabat_UAE_Tara638076477912476699.jpg?width=172&amp;height=172
Zataar flat Bread,Homemade flat bread topped with fresh zaatar,25.2,https://images.deliveryhero.io/image/talabat/Menuitems/20221224_Talabat_UAE_Tara638076477931468706.jpg?width=172&amp;height=172
Muhammara flat Bread,Homemade flat bread topped with muhammara,25.2,https://images.deliveryhero.io/image/talabat/Menuitems/20221224_Talabat_UAE_Tara638076477884442032.jpg?width=172&amp;height=172
Labneh flat Bread,Homemade flat bread topped with fresh labneh and mint,25.2,https://images.deliveryhero.io/image/talabat/Menuitems/20221224_Talabat_UAE_Tara638076477847421761.jpg?width=172&amp;height=172
Mix Cheese,"Mixture of mozzarella, akawi and cheddar cheese",25.2,https://images.deliveryhero.io/image/talabat/Menuitems/20221224_Talabat_UAE_Tara638076477935448089.jpg?width=172&amp;height=172
Cheese Zataar flat Bread,Homemade flat bread topped with fresh zaatar and cheese,25.2,
Cheese Muhammara flat Bread,Homemade flat bread topped with muhammara and cheese,25.2,https://images.deliveryhero.io/image/talabat/Menuitems/20221224_Talabat_UAE_Tara638076477845081302.jpg?width=172&amp;height=172
Cheese Egg flat Bread,Homemade flat bread topped with egg and cheese,24.0,https://images.deliveryhero.io/image/talabat/Menuitems/20221224_Talabat_UAE_Tara638076477845741809.jpg?width=172&amp;height=172
Viggi flat Bread,"Homemade flat bread topped with tomato sauce, mozzarella and akawi cheese, oregano, cherry tomato, asparagus, parmesan crackers and basil pesto",25.2,https://images.deliveryhero.io/image/talabat/Menuitems/20221224_Talabat_UAE_Tara638076477928376238.jpg?width=172&amp;height=172
Lahem Bil Ajeen,Spiced minced meat mixed with chopped onion and tomato topped with pomegranate molasses,44.0,https://images.deliveryhero.io/image/talabat/Menuitems/20221224_Talabat_UAE_Tara638076477849579411.jpg?width=172&amp;height=172
Lahem Bil Ajeen 1kg,Spiced minced meat mixed with chopped onion and tomato topped with pomegranate molasses.,129.0,
SHISH TAWOOK,"Marinated chicken, garlic Mayo and roasted potato",52.0,https://images.deliveryhero.io/image/talabat/Menuitems/mmw_638077271665971280?width=172&amp;height=172
ANDALUSIAN CHICKEN,"Chicken cubes on skewers saffron infused recipe with cumin seeds, fennel seeds, garlic, coriander seeds, paprika, oregano and bay leaves. Served with Couscous and yogurt dill dip.",52.0,https://images.deliveryhero.io/image/talabat/Menuitems/mmw_638077271842957294?width=172&amp;height=172
HALF CHICHEN,Our own marinated chicken in chef special spices with olive oil and roasted to perfection served with pickles and fries.,46.0,
MUSHROOM CHICKEN,Herby Flavour And creamy Texture Chicken served with mashed potato or rice,58.0,https://images.deliveryhero.io/image/talabat/Menuitems/mmw_638077272180640480?width=172&amp;height=172
FLATTEN CHICKEN,Grilled Marinated chicken breast served with Peri Peri Sauce and Rice of your choice,46.0,https://images.deliveryhero.io/image/talabat/Menuitems/mmw_638077272377772148?width=172&amp;height=172
THAI CHICKEN CURRY,"Chicken Cubs, Coconut milk, Zucchini, Eggplant  served with yoiur choice of rice",48.0,https://images.deliveryhero.io/image/talabat/Menuitems/mmw_638077272598248706?width=172&amp;height=172
HUMMUS,Arabic appetizer made of pureed chickpeas and Tahina.,25.0,https://images.deliveryhero.io/image/talabat/Menuitems/mmw_638073789774689193?width=172&amp;height=172
KIBBEH SAJIEH,"Chargrilled Kibbeh stuffed with lamb meat, pistacho and walnuts",42.0,https://images.deliveryhero.io/image/talabat/Menuitems/mmw_638073790069471393?width=172&amp;height=172
LAHME BIL BANDORA,"Skillet of meat cubes cooked with onion, tomato sauce and wild thyme",37.0,https://images.deliveryhero.io/image/talabat/Menuitems/mmw_638073790584121927?width=172&amp;height=172
SOUJOUQ,Spiced Middle Eastern sausage cooked with pomegranate molasses,46.0,https://images.deliveryhero.io/image/talabat/Menuitems/mmw_638073791011519845?width=172&amp;height=172
MAKANEK,Fried Sausage with lemon juice,36.0,https://images.deliveryhero.io/image/talabat/Menuitems/mmw_638073793188579822?width=172&amp;height=172
CHICKEN LIVER,"Quality spiced chicken liver sauteed with onion, coriander in pomegranate syrup, tossed with lemon and garlic.",36.0,https://images.deliveryhero.io/image/talabat/Menuitems/mmw_638073805690760684?width=172&amp;height=172
MUSAKHAN ROLL,"Hand Pulled Chicken, Sumac and Onions Rolled In Thin Bread Then Lightly Fried",28.0,https://images.deliveryhero.io/image/talabat/Menuitems/mmw_638073805985060876?width=172&amp;height=172
CALAMARI 5 SPICES,"Crispy Coated Deep Fried Calamari, Served With Tartar Sauce And Toast With Five Spice and Fried Garlic.",38.0,https://images.deliveryhero.io/image/talabat/Menuitems/mmw_638094482297836358?width=172&amp;height=172
GAMBAS,Spicy garlic shrimps with olive oil garnished with chopped fresh parsley,39.0,
DAYNAMITE SHRIMPS,Crispy fried prawns tossed in spicy sauce,42.0,https://images.deliveryhero.io/image/talabat/Menuitems/mmw_638073857194110825?width=172&amp;height=172
ZAHRA TAHINI,Deep Fried Cauliflower Drizzled with Tahini Sauce,25.0,https://images.deliveryhero.io/image/talabat/Menuitems/mmw_638073865140141918?width=172&amp;height=172
BATAT CROQUETTES,"Mashed Potato Stuffed With Mozzarella Cheese, Drizzled With Aioli Sauce.",25.0,https://images.deliveryhero.io/image/talabat/Menuitems/mmw_638077274126081144?width=172&amp;height=172
BATATA HARRA,"Fried Of Cubes Potatoes Sauteed With Garlic, Fresh Coriander, Red and Green Peppers, Spices and  Chilli",25.0,https://images.deliveryhero.io/image/talabat/Menuitems/mmw_638077279925769206?width=172&amp;height=172
SPINACH SAUTEED,"Levant traditional sauteed spinach with garlic, lemon, sumac, pomegranate seeds topped with crispy onion",29.0,https://images.deliveryhero.io/image/talabat/Menuitems/mmw_638073855250226905?width=172&amp;height=172
PASTRY COMBO,"1 EACH, A selection of spinach, cheese, zaatar and meat",36.0,
HALLOUMI,Grilled or Fried Mediterranean Cheese,32.0,https://images.deliveryhero.io/image/talabat/Menuitems/mmw_638082536806588855?width=172&amp;height=172
FALAFEL,"Mixture of ground chickpeas. Broad beans, spices and croquettes served with tahini, pickles and vegetables",24.0,https://images.deliveryhero.io/image/talabat/Menuitems/mmw_638073822597674744?width=172&amp;height=172
MUHAMARA,"puree of red chilies, onions and walnuts, toped with pomegranate molasses",25.0,https://images.deliveryhero.io/image/talabat/Menuitems/mmw_638073856424139606?width=172&amp;height=172
WARAQ ENAB,Vine leaves stuffed with rice,32.0,https://images.deliveryhero.io/image/talabat/Menuitems/mmw_638073823040892931?width=172&amp;height=172
LABNEH,Middle Eastern sour cream,19.0,https://images.deliveryhero.io/image/talabat/Menuitems/mmw_638073830771352408?width=172&amp;height=172
MUTABBAL,garlic infused eggplant puree mixed with tahina and drizzled with olive oil,25.0,https://images.deliveryhero.io/image/talabat/Menuitems/mmw_638073831261230979?width=172&amp;height=172
MUTABBAL BETROOT,"garlic infused eggplant puree mixed with Betroot, tahina and drizzled with olive oil",25.0,https://images.deliveryhero.io/image/talabat/Menuitems/mmw_638073831614815010?width=172&amp;height=172
BABA GHANOUJ,"garlic infused eggplant puree with parsley, tomato, mint leaves, pomegranate, mix capsicum and olive oil",25.0,https://images.deliveryhero.io/image/talabat/Menuitems/mmw_638073831834075724?width=172&amp;height=172
Hummus With Meat,"Hummus topped with beef, toasted pine nuts and virgin olive oil",42.0,https://images.deliveryhero.io/image/talabat/Menuitems/mmw_638073859204976189?width=172&amp;height=172
HUMMUS BEIRUTI,"Our classic creamy hummus topped with garlic, lemon juice, cumin, parsley toped with olive oil.",25.0,https://images.deliveryhero.io/image/talabat/Menuitems/mmw_638073853589367662?width=172&amp;height=172
Hummus Avocado,Our own hummus mixed with fresh avocado and olive oil,34.0,https://images.deliveryhero.io/image/talabat/Menuitems/mmw_638073853337889079?width=172&amp;height=172
KIBBEH MAKLIEH,"Homestyle croquette stuffed with minced meat, onion and pine nuts",29.0,
NAKRASHAT,"All In One Dynamite, Calamari, Spice Potato Wedges, Chicken Fries, Loaded Potato and Chicken Cracker.",64.0,
KABAB BATHENJAN,Minced Meat With Chili Past And Eggplant Cubs,62.0,https://images.deliveryhero.io/image/talabat/Menuitems/mmw_638082542470034767?width=172&amp;height=172
ARAYES KAFTA,"Minced Meat Mixed With Parsley, Mint, Onion Stuffed With Arabic Bread Grilled On Charcoal Served With Lemon",44.0,https://images.deliveryhero.io/image/talabat/Menuitems/20221224_Talabat_UAE_Tara638076477873456060.jpg?width=172&amp;height=172
LAHEM MASHWI,"Char grilled veal tenderlion, Bewaz, grilled tomato and onion, Hummus Dip",86.0,https://images.deliveryhero.io/image/talabat/Menuitems/mmw_638094493531558219?width=172&amp;height=172
FLATTEN MEAT,Marinated Flat Meat Grilled Served With Vegetable And Rice of your choice,58.0,https://images.deliveryhero.io/image/talabat/Menuitems/mmw_638094481994974371?width=172&amp;height=172
LAMB CHOPS,Char grilled herbs marinated lamb chops. served with mashed potato topped with chimichurri.,89.0,https://images.deliveryhero.io/image/talabat/Menuitems/mmw_638082543977687279?width=172&amp;height=172
MASHAWI MIX 300 Gm,"GRILLED OF 1 SHISH TAWOOK, 1 Kabab, 1 lahme Shaqaf Served With Garlic Past and Hummus Dip",77.0,https://images.deliveryhero.io/image/talabat/Menuitems/mmw_638082755602430663?width=172&amp;height=172
KABAB MASHWI,"Char grilled 4 skewers beef mixed with lamb and bell pepper, onion. served with hummus, grilled tomato and bewaze.",62.0,https://images.deliveryhero.io/image/talabat/Menuitems/mmw_638073777795245095?width=172&amp;height=172
C FOOD SOLO,"Jumbo prawns, mussels, grilled baby calamari with head, hammour with saffron rice and French fries. served with homemade lemon butter sauce.",116.0,https://images.deliveryhero.io/image/talabat/Menuitems/mmw_638073736107437056?width=172&amp;height=172
MASKOOF C BASS,Fresh Seabass Fish Charcoal Grilled Served With Sayadia Rice And Taratour Sauce,93.0,https://images.deliveryhero.io/image/talabat/Menuitems/mmw_638094493067053974?width=172&amp;height=172
MY SUPREAM,Oven Baked Supream With chef marination served with Mashed potato and Veg,93.0,https://images.deliveryhero.io/image/talabat/Menuitems/mmw_638082757090364657?width=172&amp;height=172
SALMON TAHINI,,86.0,https://images.deliveryhero.io/image/talabat/Menuitems/mmw_638082756765819757?width=172&amp;height=172
Feta Betroot Salad,"Roasted beetroot, Feta cheese, mix lettuce and walnut, Topped with citronate dressing.",44.0,https://images.deliveryhero.io/image/talabat/Menuitems/mmw_638073745346159418?width=172&amp;height=172
Woldrof Salad,"Iceberg lettuce, celery, red and green apple, raisin and walnut in honey mustard mayonnaise dressing.",39.0,https://images.deliveryhero.io/image/talabat/Menuitems/mmw_638073745825272558?width=172&amp;height=172
Apple Salad,"Green apple sliced with Feta cheese and wild rocca leaves, Garnished with roasted pine nuts and balsamic dressing.",42.0,https://images.deliveryhero.io/image/talabat/Menuitems/mmw_638073746395564642?width=172&amp;height=172
MAD Greek Salad,"Assorted of lettuce with tomato, cucumber and onion, Enriched with Feta cheese, chicken, black olive in balsamic dressing, flat bread and tzatziki.",52.0,https://images.deliveryhero.io/image/talabat/Menuitems/mmw_638073746610676191?width=172&amp;height=172
Black Quinoa Kale Salad,"Fresh crispy healthy multi colored kale leaves with mix quinoa, cherry tomato, cabbage leaves and onion, Infused with lemon olive oil dressing and avocado on top.",52.0,https://images.deliveryhero.io/image/talabat/Menuitems/mmw_638073749293281257?width=172&amp;height=172
The Rocca Salad,"Rocca leaves, strawberry, pomegranta, cherry tomato, onion and sumac.",42.0,https://images.deliveryhero.io/image/talabat/Menuitems/mmw_638073749714050619?width=172&amp;height=172
Quinoa Avo Salad,"Multi colored quinoa with edamame, broccoli, radish, avocado, red and yellow peppers, With flakes of manchego cheese and crushed walnuts, Drizzled with honey lemon dressing.",44.0,https://images.deliveryhero.io/image/talabat/Menuitems/mmw_638073750261958795?width=172&amp;height=172
Plain Ceasar Salad,Romaine lettuce tossed in our Caesar dressing and shaved parmesan cheese with toasted garlic bread.,36.0,https://images.deliveryhero.io/image/talabat/Menuitems/mmw_638073769688500294?width=172&amp;height=172
Chicken Mandarin Salad,"Mixed lettuce, Orange mandarin Slices and mixed capsicum with marinated chicken and citrus dressing.",42.0,https://images.deliveryhero.io/image/talabat/Menuitems/mmw_638073769975376709?width=172&amp;height=172
Tabbouleh Salad,"Traditional Levant salad plate consisting of minced parsley, mint, onion, crushed wheat, bulgur, tomato, lime lemon juice and olive oil.",32.0,https://images.deliveryhero.io/image/talabat/Menuitems/mmw_638073770226787684?width=172&amp;height=172
Fattoush Salad,"Traditional salad consisting of tomato, cucumber, lettuce, radish, onion, mint, capsicum, parsley, green pepper, toasted bread, summaq, herbs and pomegranate molasses syrup, Served with lemon olive oil dressing.",32.0,https://images.deliveryhero.io/image/talabat/Menuitems/mmw_638073770504015669?width=172&amp;height=172
Truffle Fries,french fries that are infused with truffle oil,22.0,https://images.deliveryhero.io/image/talabat/Menuitems/mmw_638073770989964792?width=172&amp;height=172
French Fries,"Fried to a golden crisp perfection and perfectly seasoned, perfect accompaniment to any meal.",15.0,https://images.deliveryhero.io/image/talabat/Menuitems/mmw_638073771167102271?width=172&amp;height=172
Moms Mashed Potato,,16.0,https://images.deliveryhero.io/image/talabat/Menuitems/mmw_638073771449972132?width=172&amp;height=172
Grilled Veg,,22.0,
Saffron Rice,"Fragrant basmati rice, infused with the exotic essence of saffron",18.0,https://images.deliveryhero.io/image/talabat/Menuitems/mmw_638073772934922804?width=172&amp;height=172
Steamed Veg,,15.0,https://images.deliveryhero.io/image/talabat/Menuitems/mmw_638073772580860368?width=172&amp;height=172
Sauteed Mushroom,,16.0,https://images.deliveryhero.io/image/talabat/Menuitems/mmw_638073773429456058?width=172&amp;height=172
Machboos Rice,"Emirati condiments, onion pickle, mango pickle, yogurt and cucumber.",15.0,https://images.deliveryhero.io/image/talabat/Menuitems/mmw_638073773819364322?width=172&amp;height=172
PUDDING RICE ,,26.0,https://images.deliveryhero.io/image/talabat/Menuitems/20221224_Talabat_UAE_Tara638076477891021212.jpg?width=172&amp;height=172
UMM ALI,"Made with rich, buttery puff pastry, creamy milk, and a sprinkle of sweet, raisins, and nuts",26.0,https://images.deliveryhero.io/image/talabat/Menuitems/20221224_Talabat_UAE_Tara638076477907228530.jpg?width=172&amp;height=172
Orange Juice,"Made capturing all the natural sweetness and tangy citrus flavor. Packed with Vitamin C, it's the perfect thirst quencher and a healthy addition to your daily diet.",26.0,https://images.deliveryhero.io/image/talabat/Menuitems/mmw_638094483637292432?width=172&amp;height=172
Lemonada Juice,,23.0,
Apple Juice,Made with a blend of juicy apples,26.0,https://images.deliveryhero.io/image/talabat/Menuitems/mmw_638094484326456686?width=172&amp;height=172
Pinapple Juice,,26.0,https://images.deliveryhero.io/image/talabat/Menuitems/mmw_638094484542592200?width=172&amp;height=172
Carrot Juice,"Made with freshly squeezed carrots, it's a rich source of Vitamin A and other essential nutrients, perfect for those looking for a healthy and delicious drink.",23.0,
Watermelon Juice,Refreshing and hydrating beverage made from freshly squeezed watermelon. It is a natural source of vitamins and minerals,23.0,
Pomegranate Juice,"Made from carefully selected, ripe pomegranates, it's a perfect balance of sweet and tangy that's packed with antioxidants, making it a healthy and delicious drink option.",34.0,https://images.deliveryhero.io/image/talabat/Menuitems/mmw_638094485866147707?width=172&amp;height=172
Mango Juice,"Made from the freshest, ripest mangos, carefully selected for the perfect balance of sweetness and tanginess.",26.0,https://images.deliveryhero.io/image/talabat/Menuitems/mmw_638094485539281002?width=172&amp;height=172
CLASSIC MOJITO,"Made with lime, mint and a splash of soda water.",36.0,https://images.deliveryhero.io/image/talabat/Menuitems/mmw_638094489267908203?width=172&amp;height=172
PASSION FRUIT MOJITO,Refreshing beverage made of soda and passion fruit flavor.,36.0,https://images.deliveryhero.io/image/talabat/Menuitems/mmw_638073785945885675?width=172&amp;height=172
STRAWBERRY MOJITO,"Made with fresh strawberries, mint leaves, lime juice and a splash of soda.",36.0,https://images.deliveryhero.io/image/talabat/Menuitems/mmw_638073786478327671?width=172&amp;height=172
BERRIES MOJITO,A refreshing and fruity mojito made with berries,36.0,https://images.deliveryhero.io/image/talabat/Menuitems/mmw_638073786661424466?width=172&amp;height=172
Healthy Green Mocktail,"Apple, mint leaves, cucumber and celery",23.0,
Good Day Mocktail,"Orange, carrot and ginger",33.0,
Energy Cocktail,"Baby carrot, orange, apple and lemon",33.0,
Four Fruit Mocktail,"Pineapple, orange, carrot and apple",33.0,
Tara Mocktail Juice,"Orange, baby carrot and passion fruit with mint.",34.0,
Pomegranate Punch Mocktail,"Pomegranate, orange, pineapple and Lemon",34.0,
Honey Soother Mocktail,"Mandarin, lemon and honey",33.0,
Watermelon Kick Mocktail,"Watermelon, pineapple, orange and lemon",33.0,
