item_name,item_description,item_price,item_image
Dirty Bubble Tea,Brown sugar milk tea,0.0,https://images.deliveryhero.io/image/talabat/Menuitems/mmw_638321410437109856?width=172&amp;height=172
Peach Oolong Iced Tea,,0.0,https://images.deliveryhero.io/image/talabat/Menuitems/mmw_638321420808143840?width=172&amp;height=172
Lychee Iced Tea,,0.0,https://images.deliveryhero.io/image/talabat/Menuitems/mmw_638321179278938885?width=172&amp;height=172
Mango Iced Tea,Iced tea infused with mango flavor.,0.0,https://images.deliveryhero.io/image/talabat/Menuitems/Mango_Iced_Tea637898527173138111.jpg?width=172&amp;height=172
Mango Pamelo Sago,"Fresh Mango Bits,white sago,pomelo,mango puree,concentrated coconut and full fat milk",38.0,https://images.deliveryhero.io/image/talabat/Menuitems/mmw_638321145775168996?width=172&amp;height=172
Dirty Bubble Tea,Brown sugar milk tea,0.0,https://images.deliveryhero.io/image/talabat/Menuitems/mmw_638321410437109856?width=172&amp;height=172
Mango Pamelo Sago,"Fresh Mango Bits,white sago,pomelo,mango puree,concentrated coconut and full fat milk",38.0,https://images.deliveryhero.io/image/talabat/Menuitems/mmw_638321145775168996?width=172&amp;height=172
Oreo Jasmine Bubble Tea,"Oreo, jasmine green tea, milk, salted cream cheese",0.0,https://images.deliveryhero.io/image/talabat/Menuitems/mmw_638322450186353210?width=172&amp;height=172
Signature Boba Coffee,,0.0,https://images.deliveryhero.io/image/talabat/Menuitems/mmw_638322326994084129?width=172&amp;height=172
Coffee Latte,,0.0,https://images.deliveryhero.io/image/talabat/Menuitems/mmw_638322332100085137?width=172&amp;height=172
Oat Latte,,0.0,https://images.deliveryhero.io/image/talabat/Menuitems/mmw_638322340258022255?width=172&amp;height=172
Coconut Latte,,0.0,https://images.deliveryhero.io/image/talabat/Menuitems/mmw_638322349308477844?width=172&amp;height=172
Passion Fruit Iced Tea,Iced tea infused with the tropical flavor of passion fruit.,0.0,https://images.deliveryhero.io/image/talabat/Menuitems/mmw_638321414754401241?width=172&amp;height=172
Strawberry Iced Tea,A refreshing and fruity beverage made by infusing strawberries with iced tea.,0.0,https://images.deliveryhero.io/image/talabat/Menuitems/mmw_638321413745364031?width=172&amp;height=172
Lychee Iced Tea,,0.0,https://images.deliveryhero.io/image/talabat/Menuitems/mmw_638321179278938885?width=172&amp;height=172
Peach Oolong Iced Tea,,0.0,https://images.deliveryhero.io/image/talabat/Menuitems/mmw_638321420808143840?width=172&amp;height=172
Mango Iced Tea,Iced tea infused with mango flavor.,0.0,https://images.deliveryhero.io/image/talabat/Menuitems/Mango_Iced_Tea637898527173138111.jpg?width=172&amp;height=172
Lemon Jasmine,,23.0,https://images.deliveryhero.io/image/talabat/Menuitems/mmw_638321454079386623?width=172&amp;height=172
Sweet Melon,,20.0,https://images.deliveryhero.io/image/talabat/Menuitems/mmw_638321202811190036?width=172&amp;height=172
Orange,,20.0,https://images.deliveryhero.io/image/talabat/Menuitems/mmw_638321203669591792?width=172&amp;height=172
Grape,,20.0,https://images.deliveryhero.io/image/talabat/Menuitems/mmw_638321205730743409?width=172&amp;height=172
Rose,,0.0,
Mint ,,0.0,https://images.deliveryhero.io/image/talabat/Menuitems/mmw_638322290228909429?width=172&amp;height=172
Plain Black Coffee,,0.0,https://images.deliveryhero.io/image/talabat/Menuitems/mmw_638322333066218730?width=172&amp;height=172
Blue Mandarin,,0.0,https://images.deliveryhero.io/image/talabat/Menuitems/mmw_638322366120379276?width=172&amp;height=172
Mango Jasmine Smootea,,36.0,https://images.deliveryhero.io/image/talabat/Menuitems/blob_637681055490193014?width=172&amp;height=172
Strawberry Jasmine Smootea,,36.0,https://images.deliveryhero.io/image/talabat/Menuitems/blob_637681055865303582?width=172&amp;height=172
Bayberry Smootea,,39.0,
Mulberry Jasmine Smoothie,,39.0,
Earl Grey Classic Bubble Tea,,0.0,https://images.deliveryhero.io/image/talabat/Menuitems/mmw_638322156051577767?width=172&amp;height=172
Jasmine Classic Bubble Tea,,0.0,https://images.deliveryhero.io/image/talabat/Menuitems/mmw_638322191225483794?width=172&amp;height=172
Oolong Classic Bubble Tea,,0.0,https://images.deliveryhero.io/image/talabat/Menuitems/mmw_638322194316343748?width=172&amp;height=172
Rooibos Classic,,0.0,https://images.deliveryhero.io/image/talabat/Menuitems/mmw_638322194728094631?width=172&amp;height=172
Peach Oolong Classic,,0.0,https://images.deliveryhero.io/image/talabat/Menuitems/mmw_638322195283524126?width=172&amp;height=172
Matcha Classic ,,0.0,https://images.deliveryhero.io/image/talabat/Menuitems/mmw_638322196683623911?width=172&amp;height=172
Ceylone Classic,,0.0,
Chocolate Classic,,0.0,https://images.deliveryhero.io/image/talabat/Menuitems/mmw_638322197579405758?width=172&amp;height=172
Taro Bubble Tea,,0.0,
Purple Potato,,0.0,https://images.deliveryhero.io/image/talabat/Menuitems/mmw_638322439303447441?width=172&amp;height=172
Oreo Ceylone,,0.0,https://images.deliveryhero.io/image/talabat/Menuitems/mmw_638322440476210989?width=172&amp;height=172
Burnt Sugar Oolong ,,0.0,https://images.deliveryhero.io/image/talabat/Menuitems/mmw_638322440944738244?width=172&amp;height=172
Oreo Jasmine,,0.0,
Rooibos Cranberry,,0.0,
Chocolate Oolong,,0.0,
Dry Fruits,,0.0,https://images.deliveryhero.io/image/talabat/Menuitems/mmw_638322443977225962?width=172&amp;height=172
Matcha Bubble Tea,,0.0,https://images.deliveryhero.io/image/talabat/Menuitems/mmw_638322444052432606?width=172&amp;height=172
Fresh Taro Bubble Tea,"Fresh taro, black tea, salted cream, and peanuts on top",0.0,
Rooibos Cranberry Bubble Tea,"Decaf red tea with milk, salted cream and cranberries",0.0,https://images.deliveryhero.io/image/talabat/Menuitems/mmw_638322451954343600?width=172&amp;height=172
Yakult Jasmine Tea,,33.0,https://images.deliveryhero.io/image/talabat/Menuitems/mmw_638322389403834344?width=172&amp;height=172
Yakult Strawberry Jasmine Tea,,33.0,https://images.deliveryhero.io/image/talabat/Menuitems/mmw_638322391276177614?width=172&amp;height=172
Yakult Peach Tea,,33.0,https://images.deliveryhero.io/image/talabat/Menuitems/mmw_638322390801214563?width=172&amp;height=172
Yakult Mango Tea,,33.0,https://images.deliveryhero.io/image/talabat/Menuitems/mmw_638322390606112408?width=172&amp;height=172
Oolong Macchiato,,0.0,https://images.deliveryhero.io/image/talabat/Menuitems/mmw_638322398939433513?width=172&amp;height=172
Mango Macchiato,,0.0,https://images.deliveryhero.io/image/talabat/Menuitems/mmw_638322400422173177?width=172&amp;height=172
Grape Macchiato,,0.0,https://images.deliveryhero.io/image/talabat/Menuitems/mmw_638322406230900909?width=172&amp;height=172
Lychee Macchiato,,0.0,https://images.deliveryhero.io/image/talabat/Menuitems/mmw_638322406383701358?width=172&amp;height=172
White Peach Macchiato,,0.0,https://images.deliveryhero.io/image/talabat/Menuitems/mmw_638322415439392841?width=172&amp;height=172
Oolong Latte,Black tea with milk,0.0,https://images.deliveryhero.io/image/talabat/Menuitems/mmw_638322362586038919?width=172&amp;height=172
Ceylone Latte,,0.0,https://images.deliveryhero.io/image/talabat/Menuitems/mmw_638322371880594399?width=172&amp;height=172
Rooibos Latte,,0.0,https://images.deliveryhero.io/image/talabat/Menuitems/mmw_638322374541878816?width=172&amp;height=172
Matcha Latte,,0.0,https://images.deliveryhero.io/image/talabat/Menuitems/mmw_638322380394469258?width=172&amp;height=172
White Peach Oolong Latte,,0.0,https://images.deliveryhero.io/image/talabat/Menuitems/mmw_638322381291008269?width=172&amp;height=172
Earl Grey Latte,,0.0,https://images.deliveryhero.io/image/talabat/Menuitems/mmw_638322382850071163?width=172&amp;height=172
Jasmine Latte,,0.0,https://images.deliveryhero.io/image/talabat/Menuitems/mmw_638322384058992801?width=172&amp;height=172
Earl Grey Tea,,19.0,https://images.deliveryhero.io/image/talabat/Menuitems/mmw_638322418141355009?width=172&amp;height=172
Rooibos Tea,,19.0,https://images.deliveryhero.io/image/talabat/Menuitems/mmw_638322418829134176?width=172&amp;height=172
Jasmine Tea,,19.0,https://images.deliveryhero.io/image/talabat/Menuitems/mmw_638322419311018126?width=172&amp;height=172
Ceylone Tea,,19.0,https://images.deliveryhero.io/image/talabat/Menuitems/mmw_638322421693890333?width=172&amp;height=172
Oolong Tea,,19.0,https://images.deliveryhero.io/image/talabat/Menuitems/mmw_638322596379885401?width=172&amp;height=172
Mango Boba,Popping boba is popular for its burst of real fruit juice when chewing and bringing the idea of flavored boba to the next level.,5.0,https://images.deliveryhero.io/image/talabat/Menuitems/blob_637712011697869520?width=172&amp;height=172
Peach Boba,Popping boba is popular for its burst of real fruit juice when chewing and bringing the idea of flavored boba to the next level.,5.0,https://images.deliveryhero.io/image/talabat/Menuitems/blob_637712011974177329?width=172&amp;height=172
Lychee Boba,Popping boba is popular for its burst of real fruit juice when chewing and bringing the idea of flavored boba to the next level.,5.0,https://images.deliveryhero.io/image/talabat/Menuitems/blob_637712012608363641?width=172&amp;height=172
Strawberry Boba,Popping boba is popular for its burst of real fruit juice when chewing and bringing the idea of flavored boba to the next level.,5.0,https://images.deliveryhero.io/image/talabat/Menuitems/blob_637712012917626964?width=172&amp;height=172
Blueberry Boba,Popping boba is popular for its burst of real fruit juice when chewing and bringing the idea of flavored boba to the next level.,5.0,https://images.deliveryhero.io/image/talabat/Menuitems/blob_637712013264786112?width=172&amp;height=172
Passion Fruit Boba,Popping boba is popular for its burst of real fruit juice when chewing and bringing the idea of flavored boba to the next level.,5.0,https://images.deliveryhero.io/image/talabat/Menuitems/blob_637712013887766198?width=172&amp;height=172
Mango Pudding,,5.0,
Strawberry Pudding,,5.0,
Black Pudding,,5.0,
Taro Pudding,,5.0,
Mango Crystal Ball,,5.0,
Strawberry Crystal Ball,,5.0,
Original Crystal Ball,,5.0,https://images.deliveryhero.io/image/talabat/Menuitems/mmw_638322208652974786?width=172&amp;height=172
Grape Crystal Ball,,5.0,
Peach Crystal Ball,,5.0,
Brown Sugar Pearls,,5.0,https://images.deliveryhero.io/image/talabat/Menuitems/mmw_638322210078324259?width=172&amp;height=172
Nata De Coco,,5.0,https://images.deliveryhero.io/image/talabat/Menuitems/mmw_638322210549074943?width=172&amp;height=172
Boba,,5.0,https://images.deliveryhero.io/image/talabat/Menuitems/mmw_638322212022475983?width=172&amp;height=172
Sweet Red Beans,,5.0,https://images.deliveryhero.io/image/talabat/Menuitems/mmw_638322212178497706?width=172&amp;height=172
