item_name,item_description,item_price,item_image
Bihari Chicken Roll,All rolls sliced in pieces ,26.0,https://images.deliveryhero.io/image/talabat/Menuitems/798F3A0D9E5008B157A51AAC4F8D232E?width=172&amp;height=172
Bihari Chicken,Melt- in mouth soft chicken boti kebab ,48.0,https://images.deliveryhero.io/image/talabat/Menuitems/14F4D97F46BBDD6A18E6D10774CFCFA7?width=172&amp;height=172
Chicken Tikka Biryani,Served with raita and tiger sauce ,40.0,https://images.deliveryhero.io/image/talabat/Menuitems/2D4111A28F9534FEAA07C0007EE8B1C3?width=172&amp;height=172
Kebab Special Lamb,Seekh kebab in rumali roti grilled on the BBQ ,46.0,https://images.deliveryhero.io/image/talabat/Menuitems/9A70F23EC3A5080E513D351727C35649?width=172&amp;height=172
Lamb Paratha,Minced lamb paratha cooked on the BBQ ,54.0,https://images.deliveryhero.io/image/talabat/Menuitems/CE565E595917BE1F820A682781DFF393?width=172&amp;height=172
Paneer Pepper Tikka,Indian cottage cheese marinated & cooked on charcoal ,48.0,https://images.deliveryhero.io/image/talabat/Menuitems/B42CC7CEB606662E2B29154FEAD44B01?width=172&amp;height=172
The Meating Room Platter,"Lamb Chops 2 Pcs, Chicken Tikka 5 Pcs, Atomic Prawns 5 Pcs, Lamb Paratha, Grilled Corn, Biryani Rice, Fries & Dips ",146.0,https://images.deliveryhero.io/image/talabat/Menuitems/87199605D70CE1ED4BB4E7167B7A2ABF?width=172&amp;height=172
Bihari Chicken,Melt- in mouth soft chicken boti kebab ,48.0,https://images.deliveryhero.io/image/talabat/Menuitems/14F4D97F46BBDD6A18E6D10774CFCFA7?width=172&amp;height=172
Chicken Tikka,Chicken tikka served with yoghurt mint dip ,48.0,https://images.deliveryhero.io/image/talabat/Menuitems/A9D72AB3AEA232708C6C43D6AC293B98?width=172&amp;height=172
Malai chicken,Creamy Boti Kebab ,48.0,https://images.deliveryhero.io/image/talabat/Menuitems/331230A3B24848A2C713DC78CCA70A42?width=172&amp;height=172
Daal Makhani,Black Lentils Slow-Cooked Overnight On The Tandoor ,32.0,https://images.deliveryhero.io/image/talabat/Menuitems/ED2B519D2D6B17E9CF0EBA7006C32C3A?width=172&amp;height=172
Paneer Makhani,"Indian cottage cheese chargrilled with bell peppers, cooked in cashew gravy ",44.0,https://images.deliveryhero.io/image/talabat/Menuitems/F36CC92E1ED32186B6D8E19119ED8E19?width=172&amp;height=172
Paneer Tikka Masala,Marinated cottage cheese cooked in spiced smokey gravy ,46.0,https://images.deliveryhero.io/image/talabat/Menuitems/BD3242A3A68BE5EA0A8A4D9403D465C7?width=172&amp;height=172
Madras Prawn Curry,Plain rice & Papad & Kuchumber ,54.0,
Lamb Chops,Served With Yoghurt Dip & Fries ,79.0,https://images.deliveryhero.io/image/talabat/Menuitems/671E3A4208A29474DAA286B28B8E3AD6?width=172&amp;height=172
Lamb Boti,Juicy tender pieces of lamb marinated in our special spices ,54.0,https://images.deliveryhero.io/image/talabat/Menuitems/1E3772222E1E3B38CEAF8315056324C6?width=172&amp;height=172
Lamb Paratha,Minced lamb paratha cooked on the BBQ ,54.0,https://images.deliveryhero.io/image/talabat/Menuitems/CE565E595917BE1F820A682781DFF393?width=172&amp;height=172
Lamb Chops Kilo,Kilo Lamb Chops With Fries & Dip ,220.0,
Lamb Seekh Kebab,Minced lamb kebabs served with yoghurt dip ,58.0,https://images.deliveryhero.io/image/talabat/Menuitems/57214F16D368F24F5EEB590F3932D11C?width=172&amp;height=172
Butter Chicken,"Delectable, classic butter chicken ",48.0,https://images.deliveryhero.io/image/talabat/Menuitems/7CB8277E0B2A4FD4C599951BE11B4284?width=172&amp;height=172
Chicken Tikka Masala,Marinated chicken tikka in a spiced smoked gravy ,50.0,https://images.deliveryhero.io/image/talabat/Menuitems/F0490ACD28EAB7DE85C5BFF942A85EBF?width=172&amp;height=172
Rumali Roti,Rumali Roti ,5.0,https://images.deliveryhero.io/image/talabat/Menuitems/CD2F67D7B41B9C335FB1085DABD53CFE?width=172&amp;height=172
Naan,Naan ,5.0,https://images.deliveryhero.io/image/talabat/Menuitems/E27A9DEB176D6EE10FF9255AE41296AA?width=172&amp;height=172
Butter Naan,Butter Naan ,6.0,https://images.deliveryhero.io/image/talabat/Menuitems/B509C5F929EC9419D79708AD9D10DC34?width=172&amp;height=172
Garlic Naan,Garlic Naan ,6.0,https://images.deliveryhero.io/image/talabat/Menuitems/601411FA2464ACDBC6E911B3C2A2F9DE?width=172&amp;height=172
Garlic Butter Naan,Garlic Butter Naan ,7.0,https://images.deliveryhero.io/image/talabat/Menuitems/FD2499099587A9D543E01CF97783B692?width=172&amp;height=172
Cheese Naan,Cheese Naan ,12.0,https://images.deliveryhero.io/image/talabat/Menuitems/A559FCD3C91F9235279F3DB63E0461C0?width=172&amp;height=172
Chilli Cheese Garlic Butter Naan,Naan stuffed with cheese topped with green chillies & garlic butter ,14.0,https://images.deliveryhero.io/image/talabat/Menuitems/3A1E8E73DA9D0CE003FA2D7E6BE2885B?width=172&amp;height=172
Beef Seekh Kebabs,Minced beef kebabs served with yoghurt dip ,52.0,https://images.deliveryhero.io/image/talabat/Menuitems/28A102B3FC81CA4A6045468088D99A52?width=172&amp;height=172
BBQ Bone Marrow,Slow cooked BBQ bone marrow served with garlic naan & relish ,28.0,https://images.deliveryhero.io/image/talabat/Menuitems/307FC9AD8295E6F40F30FABD2F68279E?width=172&amp;height=172
Roasted Beef Marrow Special,Marrow Gravy & Smoked tomato Kuchumber & Naan ,40.0,
Plain Rice,Steamed basmati rice ,10.0,https://images.deliveryhero.io/image/talabat/Menuitems/70DFCE807BC1DE0F88E891D2B6562581?width=172&amp;height=172
Zeera Rice,Cummin rice ,12.0,https://images.deliveryhero.io/image/talabat/Menuitems/6F0C23998F6BC9141C68241136171A45?width=172&amp;height=172
Biryani Rice,Fragrant dum basmati rice ,14.0,https://images.deliveryhero.io/image/talabat/Menuitems/9162F6392A862C3084AB3F5D60ADFE9E?width=172&amp;height=172
Paneer Tikka Biryani,Paneer Tikka Biryani ,40.0,
Lamb Boti Biryani,Chill sauce & Raita ,46.0,
Atomic Prawns,Spicy grilled prawns marinated with chefs special ingredients ,56.0,https://images.deliveryhero.io/image/talabat/Menuitems/1DE8C098FAF171FB1059F96853367BD6?width=172&amp;height=172
Garlic Butter Prawns,Garlic Butter Prawns ,56.0,
Chicken Tikka Biryani,Served with raita and tiger sauce ,40.0,https://images.deliveryhero.io/image/talabat/Menuitems/2D4111A28F9534FEAA07C0007EE8B1C3?width=172&amp;height=172
Prawn  Dum Biryani,Prawn dum biryani served with raita & tiger sauce ,56.0,
Fries,Pretty self-explanatory we thinks! ,10.0,https://images.deliveryhero.io/image/talabat/Menuitems/58AFC1F92DC0965860E1DCBE02A2CADE?width=172&amp;height=172
Masala Fries,French fries tossed in masala ,14.0,https://images.deliveryhero.io/image/talabat/Menuitems/E6AAAFCFA31BFD61A5462E6C74513F51?width=172&amp;height=172
Butta Corn,"Corn on the cob with butter, lime & chilli seasoning ",18.0,https://images.deliveryhero.io/image/talabat/Menuitems/75707774C3B4E039A4F9F196F15E2469?width=172&amp;height=172
Crunch Karo,Deep fried cheese balls coated in crunchy papad kernels served with marinara sauce ,24.0,https://images.deliveryhero.io/image/talabat/Menuitems/B5D20472E3DFF6A5117948D23F54BD51?width=172&amp;height=172
Onion Bhajiya,Onion Bhajiya ,18.0,https://images.deliveryhero.io/image/talabat/Menuitems/2FBF4E479035F7F096F5DCE7A5072875?width=172&amp;height=172
Papad (2 pcs),Fried Poppadom ,5.0,
Fryums,Fryums ,12.0,https://images.deliveryhero.io/image/talabat/Menuitems/A95E7AB6CA34FE8C206275DD483B9D30?width=172&amp;height=172
Chicken Tikka Naan Tacos,Naan tacos loaded  grilled chicken tikka served with makhani sauce ,26.0,https://images.deliveryhero.io/image/talabat/Menuitems/29C277C93FCE911EF40C468A529C542D?width=172&amp;height=172
Chicken Samosa,Crispy fried  minced chicken samosa served with dip ,24.0,https://images.deliveryhero.io/image/talabat/Menuitems/94A8D478A7711530D70AE7F8041E432B?width=172&amp;height=172
Shami Kebab,Fresh meat patties ,28.0,https://images.deliveryhero.io/image/talabat/Menuitems/69973E2C793EF5265533B16C4AA3D21C?width=172&amp;height=172
Chicken Samosa & Onion Bhajiya,Mix portion of samosa & onion bhajiya ,38.0,
Butter Chicken Loaded Fries,Kids favorite fries loaded with butter chicken sauce ,28.0,
Prawn Pakora,Prawn Pakora ,38.0,https://images.deliveryhero.io/image/talabat/Menuitems/684952B627BB804F913CA752C86057B9?width=172&amp;height=172
Chicken Nuggets & Fries,Chicken Nuggets & French Fries and Frooti Or Soft Drink ,20.0,
Bihari Chicken Naan Tacos,grilled chicken with makhani sauce ,28.0,
Paneer Tikka Roll,All Rolls Sliced In Pieces ,26.0,https://images.deliveryhero.io/image/talabat/Menuitems/C9BEDF1E69875D9DC77E8111A2B062E6?width=172&amp;height=172
Bihari Chicken Roll,All rolls sliced in pieces ,26.0,https://images.deliveryhero.io/image/talabat/Menuitems/798F3A0D9E5008B157A51AAC4F8D232E?width=172&amp;height=172
Kebab Special Lamb,Seekh kebab in rumali roti grilled on the BBQ ,46.0,https://images.deliveryhero.io/image/talabat/Menuitems/9A70F23EC3A5080E513D351727C35649?width=172&amp;height=172
Kebab Special,Seekh kebab in rumali roti grilled on the BBQ ,40.0,https://images.deliveryhero.io/image/talabat/Menuitems/59221A36E261EFBC3048D4D40E524324?width=172&amp;height=172
Butter Chicken Roll,Butter Chicken Roll ,26.0,
Water,500 ml local water ,5.0,https://images.deliveryhero.io/image/talabat/Menuitems/DE5836A3F3487581E942E680E4378229?width=172&amp;height=172
Sparkling Water,Sparkling Water ,10.0,https://images.deliveryhero.io/image/talabat/Menuitems/6946D49113DA9E2FD1719050A7ABFB61?width=172&amp;height=172
Soft Drinks,"Thumbs up, Coca Cola, Coca Cola Zero, Sprite, Fanta ",8.0,https://images.deliveryhero.io/image/talabat/Menuitems/83ABB3FFBE76B07022F26DA39A00946F?width=172&amp;height=172
Chai,Chai ,5.0,https://images.deliveryhero.io/image/talabat/Menuitems/A940B648BCA808A4C36D10EB3B81376C?width=172&amp;height=172
Lassi,Sweet or Salted ,15.0,https://images.deliveryhero.io/image/talabat/Menuitems/AC128D1779075B96F750F8D71DD74B83?width=172&amp;height=172
Frooti,Mango Juice ,6.0,https://images.deliveryhero.io/image/talabat/Menuitems/F5B7AEA0CE17CB52599A0FC99B86687B?width=172&amp;height=172
Lemon Ginger,Lemon Ginger ,18.0,
Sauce Jar,275ml of your favorite sauce ,22.0,https://images.deliveryhero.io/image/talabat/Menuitems/3D7091F45F048EB16A8761AEEB6E9C6D?width=172&amp;height=172
Raita,Raita ,10.0,
Lamb Chops (1KG),Uncooked marinated lamb chops ,190.0,
Lamb Chops (.5 KG),Uncooked marinated lamb chops ,95.0,
Lamb Boti (1KG),Uncooked marinated lamb boti ,160.0,
Lamb Boti (.5KG),Uncooked marinated lamb boti ,80.0,
Chicken (1KG),Uncooked marinated Chicken tikka ,90.0,
Chicken (.5KG),Uncooked marinated Chicken tikka ,45.0,
Veg (1KG),Uncooked marinated Paneer for your cooking ,70.0,
Seafood (1KG),Uncooked marinated atomic prawns ready for your cooking ,120.0,
Seafood (.5KG),Uncooked marinated atomic prawns ready for your cooking ,60.0,
Veg  (.5KG),Uncooked marinated Paneer for your cooking ,35.0,
