item_name,item_description,item_price,item_image
Chicken Schezwan Rice,"Contemporary rice of Chinese cuisine fried with egg and chicken, flavored with spicy szechwan. ",36.75,
Chicken Dumpling - Steamed,Crescent shaped dim sum filled with minced chicken and Chinese herbs served steamed	,33.6,https://images.deliveryhero.io/image/talabat/Menuitems/B6FF83B949D2A428DAECF8BBF64F5B27?width=172&amp;height=172
Vegetable Fried Rice,Contemporary rice of Chinese cuisine fried with vegetable. ,31.5,https://images.deliveryhero.io/image/talabat/Menuitems/71BD4BDC6F1DBCDDB5F4F3C9FF983933?width=172&amp;height=172
Chicken Crispy Spinach,"Slices of chicken stir fried in a chilly garlic combination, served with crunchy spinach. ",38.85,https://images.deliveryhero.io/image/talabat/Menuitems/7E4468B35F9BF682883F17A2A92F08A8?width=172&amp;height=172
Chicken Fried Rice,Contemporary rice of Chinese cuisine fried with chicken and egg. ,36.75,https://images.deliveryhero.io/image/talabat/Menuitems/F0C458C3160EE3B5FBC834412F0EC799?width=172&amp;height=172
Vegetable Clear Soup,"Spicy and flavorful chicken dish from Kerala, India.",24.15,
Vegetable Hot and Sour Soup,Spicy thick soup with vegetable and black mushroom	,24.15,https://images.deliveryhero.io/image/talabat/Menuitems/FD977392A4FCDC73B677C061F0B68028?width=172&amp;height=172
Vegetable Lemon Chilly Soup,,24.15,
Vegetable Manchow Soup,Medium spiced thick soup with chopped vegetable ,24.15,https://images.deliveryhero.io/image/talabat/Menuitems/B76F326B043F61E95102B036D25C728A?width=172&amp;height=172
Vegetable Monk Special Soup,Thick soup with vegetable.	 ,24.15,https://images.deliveryhero.io/image/talabat/Menuitems/D2D1A7B6F57E41CEAAFBE5AE10260411?width=172&amp;height=172
Vegetable Noodle Clear Soup,"Clear soup with steamed noodles, julienne vegetables. ",24.15,https://images.deliveryhero.io/image/talabat/Menuitems/3796D450EC4DE9DB64FCA0276A26F815?width=172&amp;height=172
Vegetable Sweet Corn Soup,An all time favourite soup with cream sweet corn and vegetables. ,24.15,https://images.deliveryhero.io/image/talabat/Menuitems/636C285A880D3D52BEF4FC9E1A84EEB8?width=172&amp;height=172
Vegetable Tom Yum Soup,Spicy Thai clear soup with lemongrass and galangal. ,24.15,https://images.deliveryhero.io/image/talabat/Menuitems/382644ED0CFCC37FD8D3399EB4C9B4D2?width=172&amp;height=172
Vegetable Dumpling - Fried,Crescent shaped dim sum filled with vegetables and Chinese herbs served deep fried ,26.25,https://images.deliveryhero.io/image/talabat/Menuitems/37AF3B6A6B6C810979B9D2587FE061EE?width=172&amp;height=172
Maan Thao,Soft handmade chinese bread served steamed or fried. ,18.9,https://images.deliveryhero.io/image/talabat/Menuitems/18C301D50ECBF263DB3E739AA558F27D?width=172&amp;height=172
Vegetable Dumpling - Steamed,Crescent shaped dim sum filled with vegetables and Chinese herbs served steamed	,26.25,https://images.deliveryhero.io/image/talabat/Menuitems/73139D9C4CDDA3961CF6DACDF96E35BA?width=172&amp;height=172
Vegetable Spring Rolls,Most popular appetizer in the Chinese menu with a filling of Vegetables	,26.25,https://images.deliveryhero.io/image/talabat/Menuitems/97284D5037C2A7C8BFBEBCB88D982A26?width=172&amp;height=172
Chicken Clear Soup,"A light and flavorful broth-based soup made with chicken, vegetables, and herbs",26.25,
Chicken Hot and Sour Soup,"Spicy thick soup with vegetable, black mushroom and chicken ",26.25,https://images.deliveryhero.io/image/talabat/Menuitems/A36A33F1993D4785A2594776B1C53A58?width=172&amp;height=172
Chicken Lemon Chilly Soup,,26.25,
Chicken Manchow Soup,Medium spiced thick soup with chicken ,26.25,https://images.deliveryhero.io/image/talabat/Menuitems/95D9DC811073E6DC5CD75BE2F67B3989?width=172&amp;height=172
Chicken Noodle Clear Soup,"Clear soup with steamed noodles, julienne vegetables and shredded chicken ",26.25,https://images.deliveryhero.io/image/talabat/Menuitems/EE95800A3D1E34462831859C49606F9A?width=172&amp;height=172
Chicken Sweet Corn Soup,An all time favorite soup with cream sweet corn and chicken ,26.25,https://images.deliveryhero.io/image/talabat/Menuitems/3548B1ABE4E377E88A7D1D3B272D2E8E?width=172&amp;height=172
Chicken Tom Yum Soup,Spicy Thai clear soup with lemongrass and galangal with chicken ,26.25,https://images.deliveryhero.io/image/talabat/Menuitems/B9A618020F42141081756F5D0D1B55D9?width=172&amp;height=172
Chicken Monk Special Soup,Thick soup with vegetable and chopped chicken. ,26.25,https://images.deliveryhero.io/image/talabat/Menuitems/1D72E6D119BB045C83DE8A36F83FCA30?width=172&amp;height=172
Chicken Satay,Chicken slices marinated with Thai spices and grilled. ,38.85,https://images.deliveryhero.io/image/talabat/Menuitems/EA4AC97002C1834E2FF73A6609DE70B7?width=172&amp;height=172
Prawn Satay - 6pcs,Medium shrimp marinated with Thai spices and grilled ,55.65,https://images.deliveryhero.io/image/talabat/Menuitems/BCE3396A314BC13A07537CC6A2E53A59?width=172&amp;height=172
Chicken Spring Rolls,Most popular appetizer in the Chinese menu with the filling of Vegetables and chicken ,33.6,https://images.deliveryhero.io/image/talabat/Menuitems/424BC03DBB5DDE8AB66AD4DC78859CFD?width=172&amp;height=172
Chicken Dumpling - Steamed,Crescent shaped dim sum filled with minced chicken and Chinese herbs served steamed	,33.6,https://images.deliveryhero.io/image/talabat/Menuitems/B6FF83B949D2A428DAECF8BBF64F5B27?width=172&amp;height=172
Chicken Dumpling - Fried,Crescent shaped dim sum filled with fillings with chicken and Chinese herbs. ,33.6,https://images.deliveryhero.io/image/talabat/Menuitems/567D279EF08E58DD3AA55FFAF02DB461?width=172&amp;height=172
Spicy Crab Meat Soup,"Delicious thick soup with crab meat, chopped chilli and coriander leaves ",31.5,https://images.deliveryhero.io/image/talabat/Menuitems/B91A66793DA04A2942AE1BDDEE849BFD?width=172&amp;height=172
Seafood Tom Yum Soup,Spicy Thai clear soup with lemongrass and galangal with shrimp	,31.5,https://images.deliveryhero.io/image/talabat/Menuitems/FCDEE38B9F21CC8F6A7E0A5289DE2357?width=172&amp;height=172
Sea Food Clear Soup,,31.5,
Seafood Hot and Sour Soup,"Spicy thick soup with vegetable, black mushroom and shrimp	 ",31.5,https://images.deliveryhero.io/image/talabat/Menuitems/3E345CFA3B8C0433154D71F0F3B0B595?width=172&amp;height=172
Sea Food Lemon Chilly Soup,,31.5,
Seafood Manchow Soup,Medium spiced thick soup with mixed seafood ,31.5,https://images.deliveryhero.io/image/talabat/Menuitems/00E4BC790B9F42A3C9FC590F1579C286?width=172&amp;height=172
Seafood Monk Special Soup,Thick soup with vegetable and shrimp. ,31.5,https://images.deliveryhero.io/image/talabat/Menuitems/1DA8AB31BCD592D58AE9D3770D356332?width=172&amp;height=172
Seafood Sweet Corn Soup,An all time favourite soup with cream sweet corn and shrimp ,31.5,https://images.deliveryhero.io/image/talabat/Menuitems/60BE3B64628C7E899A0240CF90BF1AB0?width=172&amp;height=172
Seafood Noodle Clear Soup,"Clear soup with steamed noodles, julienne vegetables and shrimp. ",31.5,https://images.deliveryhero.io/image/talabat/Menuitems/458E43BB86120356A22FDE88A4DA705D?width=172&amp;height=172
Som Tam Salad,"A traditional Thai raw papaya salad with bird's eye chilli, peanut and palm sugar ",31.5,https://images.deliveryhero.io/image/talabat/Menuitems/C8AA059ADC908AD3C4458624468FF20B?width=172&amp;height=172
Crispy Duck Salad,Crispy roasted duck with green vegetables with a sweet and sour dressing. ,47.25,https://images.deliveryhero.io/image/talabat/Menuitems/0C3100AE523BA485E3AFEF06025BA6C6?width=172&amp;height=172
Mixed Seafood Salad,Seafood mixture in a hot and sweet dressing with Thai coriander. ,47.25,https://images.deliveryhero.io/image/talabat/Menuitems/B4EE1BC365333CAC96412230EBA09F58?width=172&amp;height=172
Seafood Spring Rolls,Most popular appetizer in the Chinese menu with a filling of Vegetables and shrimp	 ,40.95,https://images.deliveryhero.io/image/talabat/Menuitems/D77BEC7AB3358D39A1033F611378DC18?width=172&amp;height=172
Seafood Dumpling - Steamed,Crescent shaped dim sum filled with minced prawn and Chinese herbs served steamed	,40.95,https://images.deliveryhero.io/image/talabat/Menuitems/44048DC2D8C1E46802C4C9C229F5F755?width=172&amp;height=172
Seafood Dumpling - Fried,Crescent shaped dim sum filled with minced chicken and Chinese herbs served deep fried ,40.95,https://images.deliveryhero.io/image/talabat/Menuitems/B5F7625168965578898679725A2B76BF?width=172&amp;height=172
Mixed Steamed Basket (12 Pieces),Mixed platter with a combination of steamed dimsum. ,68.25,https://images.deliveryhero.io/image/talabat/Menuitems/861DF4FAFB644DA204635C30A118E26D?width=172&amp;height=172
Corn Flitters,Batter fried corn cakes served in chefs special preparation. ,36.75,https://images.deliveryhero.io/image/talabat/Menuitems/CDA9EBB8F85B09D032E07361E831DEF0?width=172&amp;height=172
Crispy Corn with Waterchestnut,whole corn and crunchy water chestnut. ,36.75,https://images.deliveryhero.io/image/talabat/Menuitems/A26405F10AF898E27E5DE2C4D4FF03A1?width=172&amp;height=172
Crispy Potato Schezwan,"Special preparation of julienne potato, crispy fried and tossed in Szechwan sauce. ",36.75,https://images.deliveryhero.io/image/talabat/Menuitems/41AE7AD6A0C6284C02A38685AF91029C?width=172&amp;height=172
Crispy Spinach Vegetable,Crispy fried vegetables tossed in a tangy sauce with crispy fried spinach. ,36.75,https://images.deliveryhero.io/image/talabat/Menuitems/23794FABE1DBE7614FBEE9051DCC4130?width=172&amp;height=172
Crispy Veg Salt and Pepper,Assorted vegetables batter fried and tossed with herbs and spices. ,36.75,https://images.deliveryhero.io/image/talabat/Menuitems/38E50B7C3F68EDCD5D7269AD5C0EFE78?width=172&amp;height=172
Gobi Manchurian-Dry,,36.75,https://images.deliveryhero.io/image/talabat/Menuitems/9163FD5320572FF532343A01626349B0?width=172&amp;height=172
Mixed Veg Tempura,Combination of vegetables crispy fried Japanese style. ,36.75,https://images.deliveryhero.io/image/talabat/Menuitems/F817E65A6DE2496D4B4DF30A49168EEF?width=172&amp;height=172
Paneer Chilly - Dry,Fresh cottage cheese sauteed with fresh green chillies and soya. ,36.75,https://images.deliveryhero.io/image/talabat/Menuitems/D16F19D4169FE86DCB70F60B48F3FF87?width=172&amp;height=172
Tofu Chilly - Dry,,36.75,
Tofu Pepper Salt,,36.75,
Vegetable Manchurian-Dry,"Fried vegetable balls tossed with chilli, ginger, garlic and touch of soya ",36.75,https://images.deliveryhero.io/image/talabat/Menuitems/91BF3ECCDF05D4E64DEB8B9E8BF5C942?width=172&amp;height=172
Extra Pancake,,10.5,
Extra Spinach,,10.5,
Extra Crispy Noodle,,10.5,
Extra Gravy/Sauce,,15.75,
CRISPY NOODLE(1/2),CRISPY NOODLE(1/2) ,6.3,
Buddha's Delight Hunan Sauce,Mixed vegetables and greens cooked with garlic in rich soya sauce. ,38.85,https://images.deliveryhero.io/image/talabat/Menuitems/66CD36C55802A20F459ED85D2F7AF30F?width=172&amp;height=172
Gobi Manchurian With Gravy,,38.85,
Mix Veg Choice of Sauce,,38.85,
Mixed Vegetable Hunan Sauce,,38.85,
Mixed Vegetable Szechwan Sauce,,38.85,
Mixed Vegetable Chilly Garlic,,38.85,
Pan Choi Vegetable,Assorted exotic vegetables cooked in a special sauce prepared by our head chef. ,38.85,https://images.deliveryhero.io/image/talabat/Menuitems/F4D662F93E6B12632C0D651A6C332538?width=172&amp;height=172
Paneer Black Pepper Sauce,,38.85,
"Paneer Choice of Sauce( Chilly,Schezwan,Black pep,Manchurian,Chilly Garlic)",Assorted vegetables cooked in rich thai spices with coconut milk. ,38.85,https://images.deliveryhero.io/image/talabat/Menuitems/1A3B0CD5ECCD3218D6B4461F396304DE?width=172&amp;height=172
Stir Fried Chinese Greens,"Fresh green vegetables, tossed lightly with smashed garlic. ",38.85,https://images.deliveryhero.io/image/talabat/Menuitems/37FB2EA3C72D610F158FEEBA6CA66B28?width=172&amp;height=172
Vegetable Manchurian Sauce,Assorted vegetable balls cooked with chilly and ginger in rich soya sauce. ,38.85,https://images.deliveryhero.io/image/talabat/Menuitems/44BA301490E4DAB328E62689B8996991?width=172&amp;height=172
Vegetable Thai Curry - Red,Assorted vegetables cooked in rich thai spices with coconut milk. ,38.85,https://images.deliveryhero.io/image/talabat/Menuitems/65B68A3ECA2977C2D049E28530191FEE?width=172&amp;height=172
Vegetable Thai Curry - Green,Assorted vegetables cooked in rich thai spices with coconut milk. ,38.85,https://images.deliveryhero.io/image/talabat/Menuitems/ECABF5D05063A85E3087E038E5354CFD?width=172&amp;height=172
Paneer Chilly Gravy,Paneer Chilly Gravy ,38.85,
Crispy Peking Duck,"Crispy roasted duck served with pancakes, hoi sin and plum sauce. ",78.75,https://images.deliveryhero.io/image/talabat/Menuitems/9E434C39A197DBA04B9FA74595F2F8DA?width=172&amp;height=172
Chicken Black Pepper - Dry,Stir fried chicken with rich black pepper sauce and soya. ,38.85,https://images.deliveryhero.io/image/talabat/Menuitems/77A01B7922ACFB850AB9F8E1853AD8AA?width=172&amp;height=172
Chicken Chilly - Dry,Diced chicken sauteed with fresh green chillies and soya. ,38.85,https://images.deliveryhero.io/image/talabat/Menuitems/A5000400265F6E6E3BFB5D237BCEE4EF?width=172&amp;height=172
Chicken Crispy Spinach,"Slices of chicken stir fried in a chilly garlic combination, served with crunchy spinach. ",38.85,https://images.deliveryhero.io/image/talabat/Menuitems/7E4468B35F9BF682883F17A2A92F08A8?width=172&amp;height=172
Chicken Lollypop,An all time favourite chicken wings preparation ,38.85,https://images.deliveryhero.io/image/talabat/Menuitems/FF94114A1A92ECA1E672F02FF5D19CD0?width=172&amp;height=172
Chicken Szechwan - Dry,,38.85,
Mongolian Chicken,Tender cubes of chicken deep fried with garlic and chilies. ,38.85,https://images.deliveryhero.io/image/talabat/Menuitems/D4F44A698F42392F8A7304704224BC2D?width=172&amp;height=172
Pataya Chicken,Diced chicken pieces tossed in thai spice combination. ,38.85,https://images.deliveryhero.io/image/talabat/Menuitems/3982EFC413D09DA24B7F4C0330BEE5EE?width=172&amp;height=172
Sai Boo Chicken,Crispy chicken tossed in a tangy sauce. ,38.85,https://images.deliveryhero.io/image/talabat/Menuitems/3E9E891227D75EF7ED6B37A9E151E282?width=172&amp;height=172
Tengda Chicken - Dry,A rare delicacy of Kolkata Chinese cooked to perfection ,38.85,https://images.deliveryhero.io/image/talabat/Menuitems/358A7D8E84CEF89CBCF73DB72BC67D0B?width=172&amp;height=172
Extra Gravy,,15.75,
Crispy Fried Noodles [HALF],,6.3,
Extra Duck Pancake,,10.5,
Chicken Manchurian - Dry,"Chicken pieces tossed with chilli, ginger, garlic and touch of soya. ",38.85,https://images.deliveryhero.io/image/talabat/Menuitems/FF7D1482CA6420284206E1B4134D326C?width=172&amp;height=172
Vegetable Shantung Rice,"Soft rice cooked in clay pot and served with a topping of Vegetables, sauteed with mushroom in a mild sauce. ",34.65,https://images.deliveryhero.io/image/talabat/Menuitems/438CB19E22FF246209B750FA86A4B6F7?width=172&amp;height=172
Vegetable Mongolian Pot Noodle,Stir fried tangy noodle served with mild sauce on top with vegetables. ,34.65,https://images.deliveryhero.io/image/talabat/Menuitems/341F113016A34E6E1855B0F0D7ADCE35?width=172&amp;height=172
Vegetable Lemon Pot Rice,Rice cooked with utmost care with kaffir lime leaves and galangal topped with vegetables ,34.65,https://images.deliveryhero.io/image/talabat/Menuitems/5F9C27FB37EFA1D7BBBCA63D44DE4CC0?width=172&amp;height=172
Vegetable American Chopsuey,,34.65,
Vegetable Baby Pot Rice,Rice cooked in earthen pot with seven spices and star aniseeds topped with mushroom and vegetables. ,34.65,https://images.deliveryhero.io/image/talabat/Menuitems/2093621157F81135EDDD4F154AB1552E?width=172&amp;height=172
Vegetable Chinese Chopsuey,,34.65,
Vegetable Clay Pot Noodle,"Soft noodle tossed with baby bok choy, shiitake mushroom, leek and coriander and mixed vegetables. ",34.65,https://images.deliveryhero.io/image/talabat/Menuitems/BDBC24E495D22DF82D18DE15030D5DAC?width=172&amp;height=172
Tengda Chicken With Gravy,,42.0,
PAN CHOI CHICKEN,PAN CHOI CHICKEN ,42.0,
CHICKEN SESAME SC,CHICKEN SESAME SC ,42.0,
Chicken Sesame Sauce,Diced chicken cooked a chilly and ginger combination with freshly grouded sesame seeds,42.0,
Nalangi Chicken,Chef`s special recipe of chicken cooked in a mild spiced gravy. ,42.0,https://images.deliveryhero.io/image/talabat/Menuitems/DB25E87C10A9C898439BA4D6BA9F9B0F?width=172&amp;height=172
Kung Pao Chicken,"House special preparation of diced chicken tempered with burnt red chilies, capsicum and cashewnut in rich soya. ",42.0,https://images.deliveryhero.io/image/talabat/Menuitems/54B7E317B6318D810C30AF8D26B552E7?width=172&amp;height=172
Jade Chicken,"Szechwan specialty-cooked with ginger, garlic, peppers and minced spinach. ",42.0,https://images.deliveryhero.io/image/talabat/Menuitems/9F638AB9D212F17A7607162302BFAA26?width=172&amp;height=172
Dae Vil's Chicken,Medium spicy finger chicken tossed with peppers and fresh green chilly. ,42.0,https://images.deliveryhero.io/image/talabat/Menuitems/2E91767D00AFAA4C00C368B40EA43195?width=172&amp;height=172
Chicken Black Pepper With Gravy,,42.0,
Chicken Chilly Garlic Sauce,,42.0,
Chicken Chilly with Gravy,,42.0,https://images.deliveryhero.io/image/talabat/Menuitems/BCA855BA7197454B0F293900AB267F20?width=172&amp;height=172
Chicken Hot Garlic Sauce,,42.0,
Chicken Hunan Sauce,,42.0,
Chicken Lollipop Szechwan,,42.0,
Chicken Manchurian with Gravy,,42.0,https://images.deliveryhero.io/image/talabat/Menuitems/942C545D60AA7B3084C30733FF773312?width=172&amp;height=172
Chicken Soho,Finely sliced chicken cooked in medium spicy red chilly sauce flavored with celery leaves. ,42.0,https://images.deliveryhero.io/image/talabat/Menuitems/0EAFC2E5CDE3B020BE16565F2705F33F?width=172&amp;height=172
Chicken Sweet N Sour,,42.0,
Chicken Schezwan Sauce,,42.0,https://images.deliveryhero.io/image/talabat/Menuitems/C3C8B74434BE25CC2645212230EE4E56?width=172&amp;height=172
Chicken Thai Curry - Red,"Tender chicken pieces cooked in rich coconut gravy with thai spices, lemon grass and basil leaves. ",42.0,https://images.deliveryhero.io/image/talabat/Menuitems/8B399CC9BFC27B5BF0FCB9FC69F98CB3?width=172&amp;height=172
Chicken Thai Curry - Green,"Tender chicken pieces cooked in rich coconut gravy with thai spices, lemon grass and basil leaves. ",42.0,https://images.deliveryhero.io/image/talabat/Menuitems/8F3DC3DB2EC32F7BCC8F0C107E073626?width=172&amp;height=172
Chicken Wooly,"Finger sized chicken cooked in a rich sauce with green chilies, flavored with soy sauce. ",42.0,https://images.deliveryhero.io/image/talabat/Menuitems/770E3D72F9EB5001BAEF7C30D6341E9D?width=172&amp;height=172
Chicken Ginger Garlic Sauce,,42.0,
Tenderloin Herbal Pepper,Slices of beef tossed with finely chopped bell peppers and herbs. ,50.4,https://images.deliveryhero.io/image/talabat/Menuitems/A08015D735720B84A29BA0C158EE7329?width=172&amp;height=172
Tenderloin Chilly - Dry,"Tender slices of beef cooked with richy soya, fresh green chilly and spring onion. ",50.4,https://images.deliveryhero.io/image/talabat/Menuitems/0BEF1E578D5591400B1856ADE7A63590?width=172&amp;height=172
Stir Fried Tenderloin with Basil,Slices of beef cooked with basil leaves and garlic. ,50.4,https://images.deliveryhero.io/image/talabat/Menuitems/0E4BDA8EAA79FD93C2E17738EDD2B9C5?width=172&amp;height=172
Lamb Oyster Chilly - Dry,Slices of roasted lamb tossed with fresh red and green chilli in oyster sauce. ,50.4,https://images.deliveryhero.io/image/talabat/Menuitems/91F09047053D0BC157F53EB99DFF73D4?width=172&amp;height=172
Crispy Beef,Crispy fried beef.,50.4,
Crispy Shredded Lamb,Shredded lamb tossed with freshly sliced chilly and garlic in a mild sauce. ,50.4,https://images.deliveryhero.io/image/talabat/Menuitems/575D3A79165D580DA756E03299FC8CF8?width=172&amp;height=172
Vegetable Burnt Garlic Noodle,,31.5,
Vegetable Burnt Garlic Rice,,31.5,
Vegetable Chilly Garlic Noodle,,31.5,
Vegetable Chilly Garlic Rice,,31.5,
Vegetable Dan Mien Noodle,"Spicy noodles tossed with garlic, chilly and mixed vegetables. ",31.5,https://images.deliveryhero.io/image/talabat/Menuitems/8CE836D10D0D38C81179AC8033EAA60E?width=172&amp;height=172
Vegetable Fried Rice,Contemporary rice of Chinese cuisine fried with vegetable. ,31.5,https://images.deliveryhero.io/image/talabat/Menuitems/71BD4BDC6F1DBCDDB5F4F3C9FF983933?width=172&amp;height=172
Vegetable Mei Fun,Very thin rice noodle tossed with mixed vegetables. ,31.5,https://images.deliveryhero.io/image/talabat/Menuitems/FF6A532DF7508C7EA97E96DE4E117338?width=172&amp;height=172
Vegetable Pad Thai,"Thai specialty rice noodles dish of Thai cuisine, with exotic vegetables. ",31.5,https://images.deliveryhero.io/image/talabat/Menuitems/CAFB86D7BDA73A6C60A7E7F4ECF9BBB7?width=172&amp;height=172
Vegetable Pataya Noodle,Soft noodle dish with lots of spice and herbs tossed with vegetables. ,31.5,https://images.deliveryhero.io/image/talabat/Menuitems/49B434D2C52AC2D57661A6960A64518B?width=172&amp;height=172
Vegetable Shang-Hai Fried Rice,A combination of rice and noodle tossed to perfection with vegetables. ,31.5,https://images.deliveryhero.io/image/talabat/Menuitems/29B6E83B857EFF8CA414EBCB820AD50A?width=172&amp;height=172
Vegetable Schezwan Noodle,Wok tossed noodle with vegetables flavoured with spicy Szechwan. ,31.5,
Vegetable Schezwan Rice,Contemporary rice of Chinese cuisine fried with vegetable flavoured with spicy Szechwan. ,31.5,https://images.deliveryhero.io/image/talabat/Menuitems/C61440D60D0F95683955CDD35CD77826?width=172&amp;height=172
Vegetable Thai Fried Rice,"Rice fried with exotic vegetables, Thai herbs and spices. ",31.5,
Steamed Rice,"Indulge in the simple yet satisfying pleasure of perfectly steamed rice, featuring fluffy, tender grains with a delicate texture and subtle, comforting aroma!",15.75,https://images.deliveryhero.io/image/talabat/Menuitems/DE6462F045DB3CDE9FFC436AF1EEF1B2?width=172&amp;height=172
Vegetable Hakka Noodle,Wok tossed noodle with vegetables. ,31.5,https://images.deliveryhero.io/image/talabat/Menuitems/9B8C11A7E00C8E0F28D1FA001FA5E888?width=172&amp;height=172
Chicken Baby Pot Rice,Rice cooked in earthen pot with seven spices and star aniseeds topped with mushroom and chicken. ,40.95,
Chicken Chinese Chopsuey,Chicken with vegetable in Cantonese sauce on a bed of crispy fried noodles. ,40.95,
Chicken Clay Pot Noodle,"Soft noodles tossed with baby bok choy, shiitake mushroom, leek, coriander and chicken. ",40.95,
Chicken Lemon Pot Rice,Rice cooked with utmost care with kaffir lime leaves and galangal topped with diced chicken. ,40.95,
Chicken Mongolian Pot Noodle,Stir fried tangy noodles served with mild sauce on top with vegetables and chicken. ,40.95,https://images.deliveryhero.io/image/talabat/Menuitems/1845A4C379720D090C726165F75C04D0?width=172&amp;height=172
Chicken Shantung Rice,"Soft rice cooked in clay pot and served with a topping of vegetables and chicken, sauteed with mushroom in a mild sauce. ",40.95,
Chicken American Chopsuey,Sweet and sour vegetable and chicken on a bed of crispy fried noodle with sunny side up egg. ,40.95,
Prawn Cracker,deep fried snack made from starch and prawn,10.5,
Prawn Tshing Hai - Dry,,55.65,
Prawn Black Pepper - Dry,,55.65,
Prawn Chilly - Dry,,55.65,
Prawn Salt N Pepper,,55.65,
Prawn Szechwan - Dry,,55.65,
Tempura Prawn,Selected prawn dipped in a crispy batter and fried. ,55.65,https://images.deliveryhero.io/image/talabat/Menuitems/527ACC57EA77A5D994DFEB7E6C820C29?width=172&amp;height=172
Wasabi Prawn,"Medium prawn tossed with wasabi, chilly and garlic. ",55.65,https://images.deliveryhero.io/image/talabat/Menuitems/90520F16F5E36F972C7353AE38CFCDD7?width=172&amp;height=172
Prawn Crispy Spinach,"Medium prawn tossed in a chilly garlic combination, served with crunchy spinach. ",55.65,https://images.deliveryhero.io/image/talabat/Menuitems/50DFB056500BAE87457A52FD41097A78?width=172&amp;height=172
Fish Chilly - Dry,,46.2,
Fish Szechwan - Dry,,46.2,
Fish Black Pepper - Dry,,46.2,
Fish Salt N Pepper,,46.2,
Fish Tshing Hai - Dry,"Slices of fish stir-fried in chilly, ginger, garlic and celery. ",46.2,https://images.deliveryhero.io/image/talabat/Menuitems/9B642B4A52B5B85232D548377D164CC4?width=172&amp;height=172
Tempura Fish,Selected fish dipped in a crispy batter and fried. ,46.2,https://images.deliveryhero.io/image/talabat/Menuitems/CC1CC90445B66B3E4375CE208CF53A67?width=172&amp;height=172
Fish Hakka - Dry,Fish slices tossed with chopped chilly spring onion and ginger.	 ,46.2,https://images.deliveryhero.io/image/talabat/Menuitems/12A5CB14038461020DD8EDAC0D77D2C2?width=172&amp;height=172
Squid Rings,Fresh squid crispy fried and served with sweet chilly sauce.  ,42.0,https://images.deliveryhero.io/image/talabat/Menuitems/A5953A06952D86E07C3EFC7D130F8839?width=172&amp;height=172
Mixed Seafood Tempura,Selected seasoned seafoods dipped in batter and crispy fried.	 ,73.5,
Duck with Vegetables,Roasted duck with exotic vegetables in Cantonese or sweet and sour sauce. ,78.75,https://images.deliveryhero.io/image/talabat/Menuitems/ACA73293AE3B62523D7D02B70C3525F0?width=172&amp;height=172
Duck Choice of Sauce,Diced roasted duck in your choice of sauce. ,78.75,
Roast Lamb Black Pepper Sauce,Sliced of lamb cooked with grounded pepper and spring onions. ,55.65,https://images.deliveryhero.io/image/talabat/Menuitems/8CD66FB4A6CAD0418BBB6747F63624F7?width=172&amp;height=172
Roast Lamb Ginger Garlic Sauce,Tender baby lamb cooked in a combination of ginger and soy sauce. ,55.65,https://images.deliveryhero.io/image/talabat/Menuitems/12D31FF7315517C6569BFF73A9472DF0?width=172&amp;height=172
Roast Lamb with Baby Pakchoi,,55.65,https://images.deliveryhero.io/image/talabat/Menuitems/A2B0DCF57A93DFE46299011A518C291A?width=172&amp;height=172
Tenderloin Black Bean Sauce,Pan fried slices of beef cooked with freshly grounded fermented beans and fresh red chilly. ,55.65,https://images.deliveryhero.io/image/talabat/Menuitems/A2DC8C24517A1A4CE8B679FFEBDE0A84?width=172&amp;height=172
Tenderloin Chilly With Gravy,,55.65,
Tenderloin Oyster Sauce,,55.65,
Tenderloin Thai Curry - Green,Tender beef slices cooked in rich coconut gravy with thai spices and basil leaves. ,55.65,https://images.deliveryhero.io/image/talabat/Menuitems/B8002A1060564F652DB2AB0CB8C197C6?width=172&amp;height=172
Tenderloin Thai Curry - Red,Tender beef slices cooked in rich coconut gravy with Thai spices and basil leaves. ,55.65,https://images.deliveryhero.io/image/talabat/Menuitems/B64C25356E2FEB28B168D3D671DAE30F?width=172&amp;height=172
Tenderloin with Bell Peppers,Slices of beef stir fried in a rich oyster sauce with bell peppers.	 ,55.65,https://images.deliveryhero.io/image/talabat/Menuitems/1AFF28E913A787ECB7F9C25A0DB6FF60?width=172&amp;height=172
Tenderloin with Brocoli,Beef cooked in cantonese style in white garlic sauce and garden fresh broccoli. ,55.65,https://images.deliveryhero.io/image/talabat/Menuitems/4181B8829E7DABD9DCF879E575DF3278?width=172&amp;height=172
Beef Chilly Gravy,,55.65,
Egg Fried Rice,Contemporary rice of chinese cuisine fried with egg. ,36.75,
Egg Hakka Noodle,,36.75,
Egg Mei Fun,Very thin rice noodles tossed with egg. ,36.75,
Egg Pad Thai,"Thai specialty rice noodles dish of Thai cuisine, with exotic vegetables and egg. ",36.75,
Egg Pataya Noodle,Soft noodles dish with lots of spice and Thai herbs tossed with eggs. ,36.75,
Egg Shang-Hai Fried Rice,A combination of rice and noodles tossed to perfection with eggs. ,36.75,
Egg Schezwan Noodle,"Wok tossed noodles with vegetables and egg, flavored with spicy szechwan. ",36.75,
Egg Schezwan Rice,"Contemporary rice of Chinese cuisine fried with egg, flavored with spicy szechwan. ",36.75,
Egg Thai Fried Rice,"Rice fried with egg, thai herbs and spices. ",36.75,
Egg Dan Mien Noodle,"Spicy noodles tossed with garlic, chilly, egg and mixed vegetables. ",36.75,
Egg Chilly Garlic Rice,,36.75,
Egg Chilly Garlic Noodle,,36.75,
Egg Burnt Garlic Rice,,36.75,
Egg Burnt Garlic Noodle,,36.75,
Lamb American Chopsuey,Sweet and sour vegetable and lamb on a bed of crispy fried noodle with sunny side up egg. ,40.95,
Lamb Baby Pot Rice,Rice cooked in earthen pot with seven spices and star anis seeds topped with mushroom and lamb. ,40.95,
Lamb Chinese Chopsuey,Lamb with vegetable in Cantonese sauce on a bed of crispy fried noodles. ,40.95,
Lamb Clay Pot Noodle,"Soft noodles tossed with baby bok choy, shiitake mushroom, leek, coriander and lamb. ",40.95,
Lamb Lemon Pot Rice,Rice cooked with utmost care with kaffir lime leaves and galangal topped with diced lamb. ,40.95,
Lamb Mongolian Pot Noodle,Stir fried tangy noodles served with mild sauce on top with vegetables and lamb. ,40.95,
Lamb Shantung Rice,"Soft rice cooked in clay pot and served with a topping of vegetables and lamb, sauteed with mushroom in a mild sauce. ",40.95,
Squid with Chinese Cabbages,Slices of squid cooked in a mild sauce with mashed garlic and chinese cabbage. ,44.1,https://images.deliveryhero.io/image/talabat/Menuitems/D6D24BE296B6F279D0F7770498836E4A?width=172&amp;height=172
Fish Black Bean Sauce,,48.3,
Fish Black Pepper Sauce,,48.3,
Fish Chilly Garlic Sauce,Fish slices cooked in a tangy sauce with a combination of garlic and chilli paste. ,48.3,https://images.deliveryhero.io/image/talabat/Menuitems/6CC93D7EEB6BA022E1254D5F9BC60B5B?width=172&amp;height=172
Fish Chilly With Gravy,,48.3,
Fish Hunan Sauce,"Slices of fish fried and tossed in a mild sauce of garlic and soy, seasoned with dry red chilli. ",48.3,https://images.deliveryhero.io/image/talabat/Menuitems/71B1C87AA75AF9C83F345D82DC4657E3?width=172&amp;height=172
Fish Manchurian Sauce,,48.3,
Fish Oyster Sauce,Sliced fish cooked in oyster flavoured sauce with vegetables. ,48.3,https://images.deliveryhero.io/image/talabat/Menuitems/6EED128EB6E319636E592F8EBD6C8E60?width=172&amp;height=172
Fish Sweet N Sour,,48.3,
Fish Szechwan Sauce,,48.3,
Fish Tshing Hai Sauce,,48.3,
Steamed Fish,Fish steamed with black mushroom and bamboo shoot in traditional method. ,48.3,https://images.deliveryhero.io/image/talabat/Menuitems/5590F365E5B092CD49239E6462D28709?width=172&amp;height=172
Mandarin Fish,Sliced fried fish cooked in rich soya sauce with vegetables. ,48.3,https://images.deliveryhero.io/image/talabat/Menuitems/85F3C1539DD4EF8C7BA70E76F0C6BBDA?width=172&amp;height=172
Kung Poa Fish,"Slices of FIsh Stir-Fried in Burnt Red Chilies ,Capsicum,Cashew Nut And Rich Soya",48.3,
Thumpsup,,7.35,
Coca Cola (300 ML),,7.35,
Coca Cola Light  (300 ML),,7.35,
Fanta (300 ML),,7.35,
Sprite (300 ML),,7.35,
Mineral Water,Stay hydrated and refreshed with our mineral water. ,0.0,
Chicken Burnt Garlic Noodle,,36.75,
Chicken Burnt Garlic Rice,,36.75,
Chicken Chilly Garlic Noodle,,36.75,
Chicken Chilly Garlic Rice,,36.75,
Chicken Dan Mien Noodle,"Spicy noodles tossed with garlic, chilly, chicken and mixed vegetables. ",36.75,
Chicken Fried Rice,Contemporary rice of Chinese cuisine fried with chicken and egg. ,36.75,https://images.deliveryhero.io/image/talabat/Menuitems/F0C458C3160EE3B5FBC834412F0EC799?width=172&amp;height=172
Chicken Hakka Noodle,Wok tossed noodles with shredded chicken and vegetables. ,36.75,https://images.deliveryhero.io/image/talabat/Menuitems/307C91BA6D67A6FA719442F156716276?width=172&amp;height=172
Chicken Mei Fun,Very thin rice noodles tossed with shredded chicken and egg. ,36.75,
Chicken Pad Thai,"Thai specialty rice noodles dish of Thai cuisine, with exotic vegetables and chicken. ",36.75,
Chicken Pataya Noodle,Soft noodles dish with lots of spice and Thai herbs tossed with chicken. ,36.75,
Chicken Shang-Hai Fried Rice,A combination of rice and noodles tossed to perfection with chicken. ,36.75,
Chicken Schezwan Noodle,"Wok tossed noodles with vegetables and chicken, flavored with spicy szechwan. ",36.75,
Chicken Schezwan Rice,"Contemporary rice of Chinese cuisine fried with egg and chicken, flavored with spicy szechwan. ",36.75,
Chicken Thai Fried Rice,"Rice fried with chicken, Thai herbs and spices. ",36.75,
Beef American Chopsuey,Sweet and sour vegetable and beef on a bed of crispy fried noodle with sunny side up egg. ,40.95,
Beef Baby Pot Rice,Rice cooked in earthen pot with seven spices and star anis seeds topped with mushroom and beef. ,40.95,
Beef Chinese Chopsuey,Beef with vegetable in Cantonese sauce on a bed of crispy fried noodles. ,40.95,
Beef Clay Pot Noodle,"Soft noodles tossed with baby bok choy, shiitake mushroom, leek, coriander and beef. ",40.95,
Beef Lemon Pot Rice,Rice cooked with utmost care with kaffir lime leaves and galangal topped with diced beef. ,40.95,
Beef Mongolian Pot Noodle,Stir fried tangy noodles served with mild sauce on top with vegetables and beef. ,40.95,
Beef Shantung Rice,"Soft rice cooked in clay pot and served with a topping of vegetables and beef, sauteed with mushroom in a mild sauce.	",40.95,
Celery Chilli Prawn,Medium prawn cooked with celery stalks and chilies. ,57.75,https://images.deliveryhero.io/image/talabat/Menuitems/436F240A0C481FB50B727E99E0C2A937?width=172&amp;height=172
Kung Pao Prawn,"Prawns tempered in burnt red chilies, capsicum, cashew nut and rich soya. ",57.75,https://images.deliveryhero.io/image/talabat/Menuitems/CA7C57986174762DF49ABAF766A4E6EF?width=172&amp;height=172
Prawn Black Pepper Sauce,,57.75,
Prawn Chilly With Gravy,,57.75,
Prawn Sweet N Sour,,57.75,
Prawn Szechwan Sauce,,57.75,
Prawn Thai Curry - Green,"Medium prawn cooked in rich coconut gravy and Thai spices, lemon grass and basil leaves. ",57.75,https://images.deliveryhero.io/image/talabat/Menuitems/EE05B959ABDD1A4B87EF7F6AE22AF30E?width=172&amp;height=172
Prawn Thai Curry - Red,"Medium prawn cooked in rich coconut gravy and Thai spices, lemon grass and basil leaves. ",57.75,https://images.deliveryhero.io/image/talabat/Menuitems/0758409012A6E381ECD181EC0B64B78F?width=172&amp;height=172
Prawn Tshing Hai Sauce,,57.75,
Crab Meat,Fresh sea crabs de shelled and pan fried in any sauce. ,84.0,
Prawn Mushroom Bamboo Shoot,Prawn cooked in cantonese style. ,57.75,https://images.deliveryhero.io/image/talabat/Menuitems/FC32B605FD9ABFAC732DA4801392C4E1?width=172&amp;height=172
Lamb Dan Mien Noodle,,36.75,
Lamb Fried Rice,,36.75,
Lamb Hakka Noodle,,36.75,
Lamb Mei Fun,,36.75,
Lamb Pad Thai,,36.75,
Lamb Pataya Noodle,,36.75,
Lamb Shang-Hai Fried Rice,,36.75,
Lamb Schezwan Noodle,,36.75,
Lamb Schezwan Rice,,36.75,
Lamb Thai Fried Rice,,36.75,
Seafood American Chopsuey,,46.2,
Seafood Baby Pot Rice,Rice cooked in earthen pot with seven spices and star aniseeds topped with mushroom and seafood. ,46.2,
Seafood Chinese Chopsuey,,46.2,
Seafood Clay Pot Noodle,"Soft noodle tossed with baby bok choy, shiitake mushroom, leek and coriander with with shrimps. ",46.2,
Seafood Lemon Pot Rice,Rice cooked with utmost care with kaffir lime leaves and galangal with shrimps. ,46.2,
Seafood Mongolian Pot Noodle,Stir fried tangy noodle served with mild sauce on top with choice of meat with shrimps. ,46.2,
Seafood Shantung Rice,"Soft rice cooked in clay pot and served with a topping of your choice, sauteed with mushroom in a mild sauce. ",46.2,
Beef Thai Fried Rice,"Rice fried with beef, Thai herbs and spices. ",36.75,
Beef Dan Mien Noodle,"Spicy noodles tossed with garlic, chilly, beef and mixed vegetables. ",36.75,
Beef Fried Rice,Contemporary rice of Chinese cuisine fried with beef and egg. ,36.75,
Beef Hakka Noodle,Wok tossed noodles with shredded beef and vegetables. ,36.75,
Beef Mei Fun,Very thin rice noodles tossed with beef and egg. ,36.75,
Beef Pad Thai,"Thai specialty rice noodles dish of Thai cuisine, with exotic vegetables and beef. ",36.75,
Beef Pataya Noodle,Soft noodles dish with lots of spice and Thai herbs tossed with beef. ,36.75,
Beef Shang-Hai Fried Rice,A combination of rice and noodles tossed to perfection with beef. ,36.75,
Beef Schezwan Noodle,"Wok tossed noodles with vegetables and beef, flavored with spicy szechwan. ",36.75,
Beef Schezwan Rice,"Contemporary rice of Chinese cuisine fried with egg and beef, flavored with spicy szechwan. ",36.75,
Mixed American Chopsuey,,46.2,
Mixed Chinese Chopsuey,,46.2,
Seafood Chilly Garlic Rice,,40.95,
Seafood Dan Mien Noodle,Spicy noodles tossed with garlic and chilly with shrimps. ,40.95,
Seafood Fried Rice,Contemporary rice of Chinese cuisine fried with shrimp. ,40.95,https://images.deliveryhero.io/image/talabat/Menuitems/8599E3B9221CF13C45397DDBC27634C6?width=172&amp;height=172
Seafood Hakka Noodle,Wok tossed noodle with vegetables and seafood. ,40.95,
Seafood Mei Fun,Very thin rice noodle tossed with shrimps. ,40.95,
Seafood Pad Thai,,40.95,https://images.deliveryhero.io/image/talabat/Menuitems/6EAE91B9F77DF343CF8585D043B75CC8?width=172&amp;height=172
Seafood Pataya Noodle,Soft noodle dish with lots of spice and herbs tossed with seafood. ,40.95,
Seafood Shang-Hai Fried Rice,A combination of rice and noodle tossed to perfection with seafood ,40.95,
Seafood Schezwan Noodle,"Wok tossed noodle with vegetables and seafood, flavored with spicy Szechwan. ",40.95,
Seafood Schezwan Rice,Contemporary rice of Chinese cuisine fried with shrimps flavored with spicy szechwan. ,40.95,https://images.deliveryhero.io/image/talabat/Menuitems/83C0BBC31FBBEB23F83E609ED6C501C5?width=172&amp;height=172
Seafood Thai Fried Rice,"Rice fried with shrimps, Thai herbs and spices. ",40.95,
Seafood Chilly Garlic Noodle,,40.95,
Seafood Burnt Garlic Rice,,40.95,
Seafood Burnt Garlic Noodle,,40.95,
Mixed Burnt Garlic Noodle,,40.95,
Mixed Burnt Garlic Rice,,40.95,
Mixed Chilly Garlic Noodle,,40.95,
Mixed Chilly Garlic Rice,,40.95,
Mixed Fried Rice,Contemporary rice of Chinese cuisine fried with egg and mixed seafood. ,40.95,
Mixed Hakka Noodle,Wok tossed noodles with vegetables and mixed seafood. ,40.95,
Mixed Mei Fun,Very thin rice noodles tossed with mixed seafood and egg. ,40.95,
Mixed Pad Thai,"Thai specialty rice noodles dish of Thai cuisine, with exotic vegetables and mixed seafood. ",40.95,
Mixed Szechwan Noodle,"Wok tossed noodles with vegetables and mixed seafood, flavored with spicy szechwan. ",40.95,
Mixed Szechwan Rice,Contemporary rice of Chinese cuisine fried with egg and mixed seafood flavored with spicy szechwan. ,40.95,
Mixed Thai Fried Rice,"Rice fried with mixed seafood, Thai herbs and spices. ",40.95,
