item_name,item_description,item_price,item_image
South African Peri Espetada + Spicy Rice + 1 Classic Fries,Flame-grilled South African Peri flavored chicken thigh chunks with spicy rice and classic fries.,53.0,https://images.deliveryhero.io/image/talabat/Menuitems/8E258ED736173D35CED87D5F722FBC19?width=172&amp;height=172
Quarter Peri Bone-In + 1 Side,South African Peri flavored juicy chicken in your choice of cut with a choice of side,39.0,https://images.deliveryhero.io/image/talabat/Menuitems/D00EDD5EE72966EDD5DD55C9AB4BE5A9?width=172&amp;height=172
Peri Chicken Wrap,"Flame-grilled Peri flavored chicken mixed with lettuce, tomato and cucumber wrapped in a freshly baked tortilla bread",36.0,https://images.deliveryhero.io/image/talabat/Menuitems/ED1BF326493C10EE117A62F08F7E6A90?width=172&amp;height=172
Half Peri Bone-In + 1 Side,1 Leg & Thigh + 1 Breast & Wing South African Peri flavored juicy chicken with a choice of side,62.0,https://images.deliveryhero.io/image/talabat/Menuitems/166884B9F477BB1A4044B3D7A2E59595?width=172&amp;height=172
Half Tandoori Bone-In + 1 Side,1 Leg & Thigh + 1 Breast & Wing Indian Tandoori flavored juicy chicken with a choice of side,62.0,https://images.deliveryhero.io/image/talabat/Menuitems/5F74CB8ADA9B479320E6D47978041516?width=172&amp;height=172
Quarter Chicken - Burger Combo,Quarter Chicken (choice of three flavors) + Burger (choice of three flavors) + Classic / Spicy Fries,78.0,https://images.deliveryhero.io/image/talabat/Menuitems/AC81A5750906AE45FDA220E5504E7C0C?width=172&amp;height=172
Quarter Peri Bone-In + 1 Side,South African Peri flavored juicy chicken in your choice of cut with a choice of side,39.0,https://images.deliveryhero.io/image/talabat/Menuitems/D00EDD5EE72966EDD5DD55C9AB4BE5A9?width=172&amp;height=172
Half Peri Bone-In + 1 Side,1 Leg & Thigh + 1 Breast & Wing South African Peri flavored juicy chicken with a choice of side,62.0,https://images.deliveryhero.io/image/talabat/Menuitems/166884B9F477BB1A4044B3D7A2E59595?width=172&amp;height=172
Quarter Tandoori Bone-In + 1 Side,Indian Tandoori flavored juicy chicken in your choice of cut with a choice of side,39.0,https://images.deliveryhero.io/image/talabat/Menuitems/BC776B2052ADE4C943504D399E42DF2D?width=172&amp;height=172
Half Tandoori Bone-In + 1 Side,1 Leg & Thigh + 1 Breast & Wing Indian Tandoori flavored juicy chicken with a choice of side,62.0,https://images.deliveryhero.io/image/talabat/Menuitems/5F74CB8ADA9B479320E6D47978041516?width=172&amp;height=172
Quarter Seven Spices Bone-In + 1 Side,Lebanese Seven Spices flavored juicy chicken in your choice of cut with a choice of side.,39.0,https://images.deliveryhero.io/image/talabat/Menuitems/FEF6F688A8F03FA574D9D0D7480B5E85?width=172&amp;height=172
Half Seven Spices Bone-In + 1 Side,1 Leg & Thigh + 1 Breast & Wing Lebanese Seven Spices flavored juicy chicken with a choice of side.,62.0,https://images.deliveryhero.io/image/talabat/Menuitems/B53BCB0E6C2A831DC7B34205C0F751FC?width=172&amp;height=172
South African Peri Espetada + Spicy Rice + 1 Classic Fries,Flame-grilled South African Peri flavored chicken thigh chunks with spicy rice and classic fries.,53.0,https://images.deliveryhero.io/image/talabat/Menuitems/8E258ED736173D35CED87D5F722FBC19?width=172&amp;height=172
Indian Tandoor Espetada + Spicy Rice + 1 Classic Fries,Flame-grilled Indian Tandoori flavored chicken thigh chunks with spicy rice and classic fries.,53.0,https://images.deliveryhero.io/image/talabat/Menuitems/12233165CC1BF62F6E537B6D6B37AA1E?width=172&amp;height=172
Lebanese Seven Spices Espetada + Spicy Rice + 1 Classic Fries,Flame-grilled Lebanese Seven Spices flavored chicken thigh chunks with spicy rice and classic fries.,55.0,https://images.deliveryhero.io/image/talabat/Menuitems/9915F0C92137EAEA11FB07669B63564F?width=172&amp;height=172
South African Peri Chicken Burger,"Flame-grilled Peri flavored chicken burger with layers of crispy lettuce, fresh tomato and homemade mayonnaise, with a side of Classic Fries",36.0,https://images.deliveryhero.io/image/talabat/Menuitems/4DBAAE10249F9B6B046D8190AA36CBA7?width=172&amp;height=172
Indian Tandoori Chicken Burger,"Flame-grilled Tandoori flavored chicken burger with layers of crispy lettuce, fresh tomato and homemade mayonnaise, with a side of Classic Fries",36.0,https://images.deliveryhero.io/image/talabat/Menuitems/169A09E4984E8DF7EF0CD717FFE01D73?width=172&amp;height=172
Lebanese Seven Spices Chicken Burger,"Flame-grilled Seven Spices flavored chicken burger with layers of crispy lettuce, fresh tomato and homemade mayonnaise, with a side of Classic Fries.",36.0,https://images.deliveryhero.io/image/talabat/Menuitems/6293351762FCAE3F2BC30C077DEBF957?width=172&amp;height=172
Peri Chicken Wrap,"Flame-grilled Peri flavored chicken mixed with lettuce, tomato and cucumber wrapped in a freshly baked tortilla bread",36.0,https://images.deliveryhero.io/image/talabat/Menuitems/ED1BF326493C10EE117A62F08F7E6A90?width=172&amp;height=172
Tandoori Chicken Wrap,"Flame-grilled Tandoori flavored chicken mixed with lettuce, tomato and cucumber wrapped in a freshly baked tortilla bread",35.0,https://images.deliveryhero.io/image/talabat/Menuitems/1FD05C76506686242D9681973EC10944?width=172&amp;height=172
Seven Spices Chicken Wrap,"Flame-grilled Seven Spices flavored chicken mixed with lettuce, tomato and cucumber wrapped in a freshly baked tortilla bread.",34.0,https://images.deliveryhero.io/image/talabat/Menuitems/2B2BD2A719DA3BB409DF5E18B2EFFF17?width=172&amp;height=172
Cheese Sticks,,26.0,https://images.deliveryhero.io/image/talabat/Menuitems/E3ACA952CEBA2BA49F6FAF1B84AE1CCD?width=172&amp;height=172
Truffle Parmesan Fries,Homemade fries topped with a generous portion of parmesan cheese shavings and a sprinkle of truffle oil,27.0,https://images.deliveryhero.io/image/talabat/Menuitems/A0599EDCED03FCB714C449E671E6537B?width=172&amp;height=172
Flaming Peri Fries,Homemade potato fries with a delicious South African spice garnish,18.0,https://images.deliveryhero.io/image/talabat/Menuitems/1DF9CB40838C4A484D4C413DA119822F?width=172&amp;height=172
Classic Fries,Homemade delicious potato fries,15.0,https://images.deliveryhero.io/image/talabat/Menuitems/FFAA13A490FCBA0B72D68F7D0F13830D?width=172&amp;height=172
Spicy Rice,Peri flavored rice,18.0,https://images.deliveryhero.io/image/talabat/Menuitems/C589BCA3F77E2A035D98EB327E5C6B28?width=172&amp;height=172
Mini Caesar Salad,Crunchy and fresh lettuce and crouton salad with caesar dressing and parmesan shavings,18.0,https://images.deliveryhero.io/image/talabat/Menuitems/AF9922CDE4845B5C9B63393AED0F04B2?width=172&amp;height=172
Classic Chicken Caesar Salad,Crunchy and fresh lettuce and crouton salad with caesar dressing and parmesan shavings,27.0,https://images.deliveryhero.io/image/talabat/Menuitems/C51C48BBE34A41973AEFE23A6231B3F9?width=172&amp;height=172
Chicken Avocado Salad,"Avocado chunks with grilled chicken, mango, tomatoes, cucumber, lettuce and a dressing of lemon vinaigrette.",33.0,https://images.deliveryhero.io/image/talabat/Menuitems/536DC7938FA0F53341815FEE37E59323?width=172&amp;height=172
Tobbouleh Salad,"Finely chopped parsley, mint, tomato and onion",27.0,https://images.deliveryhero.io/image/talabat/Menuitems/16C5BEA287C073AEAD96733F359A0790?width=172&amp;height=172
Chocolate Lava Cake,Hot and melting chocolate lava stuffed in a decadent chocolate cake.,32.0,https://images.deliveryhero.io/image/talabat/Menuitems/9DD5E5E31529E10B09729E8DCEF05ABA?width=172&amp;height=172
Chocolate Brownie,Delicious and gooey chocolate brownie.,25.0,https://images.deliveryhero.io/image/talabat/Menuitems/169313DAF7CF588117CD150AD97B181F?width=172&amp;height=172
Coca Cola,,8.0,https://images.deliveryhero.io/image/talabat/Menuitems/29B505417EED45A619622A2E8EDAA3A6?width=172&amp;height=172
Coca Cola Light,,8.0,https://images.deliveryhero.io/image/talabat/Menuitems/639E907DE0F8F7C1BA0C7A81F54305E1?width=172&amp;height=172
Sprite,,8.0,https://images.deliveryhero.io/image/talabat/Menuitems/8135E843E738CA3B5745FEDA1933716A?width=172&amp;height=172
