item_name,item_description,item_price,item_image
Mixed Hakka Noodles,"Stir fry noodles with mixed vegetables, chicken and prawns",38.0,https://images.deliveryhero.io/image/talabat/Menuitems/MIXED_HAKKA_NOODLES637973000145745937.jpg?width=172&amp;height=172
Chicken Fried Rice,"Fried rice with chicken, egg and vegetables.",27.5,
Chicken Hakka Noodles,"Stir fry noodles with chicken, egg and vegetables.",36.0,
Vegetable Hakka Noodles,Stir fry noodles with mixed vegetables.,30.5,
Mixed Fried Rice,"Fried rice with prawns, chicken and vegetables",31.5,https://images.deliveryhero.io/image/talabat/Menuitems/MIXED_FRIED_RICE637972997552720336.jpg?width=172&amp;height=172
Salt And Pepper Winglets,Pieces of chicken wings stir fry in dried chili,29.5,https://images.deliveryhero.io/image/talabat/Menuitems/SALT_AND_PEPPER_WINGLETS637973014175966561.jpg?width=172&amp;height=172
Potato Chili Fingers,Crispy potato in sweer chili sauce,26.5,https://images.deliveryhero.io/image/talabat/Menuitems/POTATO_CHILI_FINGERS_1637973014102693356.jpg?width=172&amp;height=172
Spring Roll Chicken Or Vegetable,Wrapped chicken with veg or Wrapped mixed veg.,28.5,https://images.deliveryhero.io/image/talabat/Menuitems/SPRING_ROLL__CHICKEN_OR_V637973013983124429.jpg?width=172&amp;height=172
Golden Fried Prawn,Deep fried breaded prawns,47.5,https://images.deliveryhero.io/image/talabat/Menuitems/GOLDEN_FRIED_PRAWN637973013869831824.jpg?width=172&amp;height=172
Crispy Fried Wonton Chicken Or Vegetable,Deep fried wonton,26.5,https://images.deliveryhero.io/image/talabat/Menuitems/CRISPY_FRIED_WONTON637973013743868114.jpg?width=172&amp;height=172
Steamed Dimsum Chicken Or Prawn,Steam or Pan Fried,30.5,https://images.deliveryhero.io/image/talabat/Menuitems/STEAMED_DIMSUM637973013641541351.jpg?width=172&amp;height=172
Honey Crispy Prawn,Crispy prawns with honey and mayonnaise,47.5,https://images.deliveryhero.io/image/talabat/Menuitems/HONEY_CRISPY_PRAWN637973013545719931.jpg?width=172&amp;height=172
The Desert Wok Chicken Lollipop,Deep fried chicken wings marinated in mix spices,27.5,https://images.deliveryhero.io/image/talabat/Menuitems/mmw_638296012372552347?width=172&amp;height=172
Poppers Fried Chicken ,Deep fried diced chicken marinated in mixed spices,34.0,
Prawn Crackers ,Deep fried prawn crakers chips,19.0,
Sweet Corn Soup Chicken Or Vegetable,Cream Style Corn with egg,18.0,https://images.deliveryhero.io/image/talabat/Menuitems/SWEET_CORN_SOUP637973012786723341.jpg?width=172&amp;height=172
Mixed Seafood Soup,"Prawn, Squid and Fish in a cream soup",22.0,https://images.deliveryhero.io/image/talabat/Menuitems/SEA_FOOD_SOUP637972996270097083.jpg?width=172&amp;height=172
Clear Wonton Soup Chicken Or Vegetable,Clear mixed vegetable or chicken soup,18.0,https://images.deliveryhero.io/image/talabat/Menuitems/WONTON_SOUP637973012985712569.jpg?width=172&amp;height=172
Manchow Soup Chicken Or Vegetable,Mixed vegetables or chicken with chili and soy sauce,18.0,https://images.deliveryhero.io/image/talabat/Menuitems/MANCHOW_SOUP637972996408254433.jpg?width=172&amp;height=172
The Desert Wok Hot And Clear Soup ,Clear soup with chicken and vegetables in spicy style,19.0,
Hot And Sour Soup Chicken,Chicken and mixed vegetables in Spicy Soya Sauce.,18.0,
Chili Dry,"Spicy chicken, fish or prawn with onion and capsicum semi dry style",0.0,https://images.deliveryhero.io/image/talabat/Menuitems/CHILI_DRY637973012627235481.jpg?width=172&amp;height=172
Pepper Crushed Garlic,"Chicken, beef or lamb in special seasoning with black pepper flavor",0.0,https://images.deliveryhero.io/image/talabat/Menuitems/PEPPER_CRUSHED_GARLIC637973012278468361.jpg?width=172&amp;height=172
General Tao's,"Chicken, beef or lamb with special homemade sauce",0.0,https://images.deliveryhero.io/image/talabat/Menuitems/GENERAL_TAOS_CHICKEN637973012152073117.jpg?width=172&amp;height=172
Sweet And Sour,With mixed veg. with pineapple in sweet and sour sauce,0.0,https://images.deliveryhero.io/image/talabat/Menuitems/SWEET__SOUR637973012081350112.jpg?width=172&amp;height=172
Hakka Style,Chicken or Fish with round green chili in brown semi dry style,0.0,https://images.deliveryhero.io/image/talabat/Menuitems/HAKKA_STYLE637973011961635530.jpg?width=172&amp;height=172
Shanghai Style,In special shanghai style sauce,0.0,https://images.deliveryhero.io/image/talabat/Menuitems/SHANGHAI_STYLE637973011861219945.jpg?width=172&amp;height=172
Stir Fried With Vegetables,Chicken or Fish with mixed vegetables semi dry,0.0,https://images.deliveryhero.io/image/talabat/Menuitems/STIR_FRIED_WITH_VEGETABLE637973011429273875.jpg?width=172&amp;height=172
Double Dragon,Sweet and Spicy style in hoisin sauce,0.0,https://images.deliveryhero.io/image/talabat/Menuitems/DOUBLE_DRAGON637973011302936996.jpg?width=172&amp;height=172
Kung Pao Chicken,Sweet and Spicy chicken with cashew nuts and dry chili,37.0,https://images.deliveryhero.io/image/talabat/Menuitems/KUNG_PAO_CHICKEN637973010850757702.jpg?width=172&amp;height=172
Crispy Chili Chicken Dry,Crispy chicken in sweet and hot chili sauce,39.0,https://images.deliveryhero.io/image/talabat/Menuitems/CRISPY_CHILI_CHICKEN_DRY637973010309387565.jpg?width=172&amp;height=172
Cruchy Beef,Crunchy beef or lamb in sweet and chili sauce,39.0,https://images.deliveryhero.io/image/talabat/Menuitems/CRUNCHY_BEEF_OR_LAMB637973010163200924.jpg?width=172&amp;height=172
Shredded Crispy Chicken,Crispy chicken with green chili and soy sauce,37.0,https://images.deliveryhero.io/image/talabat/Menuitems/SHREDDED_CRISPY_CHICKEN637973009923152426.jpg?width=172&amp;height=172
Chamba Chicken,with vegetable and cashewnut in sweet and spicy semi dry sauce,39.0,https://images.deliveryhero.io/image/talabat/Menuitems/CHAMBA_CHICKEN637973009344389921.jpg?width=172&amp;height=172
Special Duck In Honey Sauce,Duck in special honey style sauce,47.5,https://images.deliveryhero.io/image/talabat/Menuitems/SPECIAL_DUCK_IN_HONEY_SAU637973008971806710.jpg?width=172&amp;height=172
Chicken Lemon Sauce,Chicken with lemon in white sauce,37.0,
Stir Fried Dry Chili Prawns,Stir fry prawns with chilli and soya sauce,49.5,
Pepper Fried Prawns ,"Fried Prawns with pepper and fresh red, green chilli.",49.5,
Sweet And Chilli Duck,Sweet and Spicy Duck in  red sauce,46.5,
The Desert Wok Special Beef,Special Ingredients with Sambal Oelek Sauce and Cashewnuts.,42.0,
The Desert Wok Special,Special ingredients with sambal olek sauce in semi dry style with Cashewnuts.,0.0,
Chilli Gravy,Spicy in dark sauce,0.0,
Manchurian Gravy,Spicy in dark soya sauce,0.0,
Singapore Chicken,Special sauce with kashmiri chilli and cashew nuts in semi dry style.,39.0,
Chicken With Cashew Nuts,Chicken and cashew nuts in light white gravy.,39.0,
Crunchy Beef,In sweet and spicy sauce semi dry style,39.0,
Crunchy Lamb,In sweet and spicy sauce semi dry style,39.0,
Beef Mushroom ,Beef and mushroom in brown sauce gravy,39.0,
Hong Kong Style Chicken,Chicken in red dark sauce and spicy gravy,37.0,
Hong Kong Style Duck,Duck in red dark sauce spicy semi dry style.,46.5,
Lamb Double Mushroom ,With mixed mushroom and oyster sauce in gravy style,39.0,
Duck In Plum Sauce,Fried duck with beansprout in plum sauce flavor semi dry.,46.5,
Hot Garlic Sauce,Sweet and Spicy Garlic Sauce in Gravy Style.,0.0,
Broccoli In Oyster Sauce,In Oyster Sauce Gravy Style,0.0,
In Black Pepper Sauce,Black pepper in dark sauce spicy and gravy style.,0.0,
In Black Bean Sauce, Crushed Black Beans in Dark Sauce Spicy Gravy Style.,0.0,
With Mushroom And Vegetables,With mixed vegetables in white sauce gravy style.,0.0,
Szechuan Style,With mixed vegetables spicy in red sauce gravy style.,0.0,
Szechuan Beef,With mixed vegetables spicy in semi dry style.,39.0,
The Desert Wok Special Vegetables,Mixed Fresh Vegetables with Sambal Oelek Sauce and Cashew nuts.,31.5,
Shanghai Style Vegetables,Mixed fresh vegetables in special shanghai style sauce.,28.5,
Tofu In Hot Garlic Sauce,Tofu with Sweet and Spicy in Garlic Sauce,32.5,
Tofu Black Pepper Sauce,Tofu with Black Pepper in Spicy Sauce.,32.5,
Stir Fried Chinese Vegetables,"Mixed Fresh Vegetables with Oyster Sauce,Semi Dry Style.",32.5,
Sweet And Spicy Paneer,Sweet and spicy sauce in semi dry style.,29.5,
Szechuan Style Vegetables,Mixed vegetables in red sauce spicy gravy style.,28.5,
Stir Fried Tofu With ,Semi Dry Style in Dark Sauce,0.0,
Tofu Broccoli In Oyster Sauce,In oyster sauce gravy style.,33.0,
Vegetable Manchurian Gravy,In dark sauce spicy gravy style,28.5,
Stir Fried Celery With Cashewnuts,Celery and Carrots with Cashewnuts in White Sauce Semi Dry Style.,29.5,
Paneer Manchurian  Gravy,In Dark Soya Sauce Spicy Gravy Style.,29.5,
Stir Fried Paneer With Vegetables,Paneer with Mixed Vegetables in Semi Dry Style.,30.5,
Paneer Szechuan Sauce Gravy,Paneer with Mixed Vegetables in Spicy Red Sauce Gravy Style.,30.5,
Crispy Vegetables,Battered Fried Spicy Mixed Vegetables in Dry Style.,29.5,
Paneer Black Pepper Sauce,Paneer in Black Pepper Sauce Gravy,29.5,
Triple Szechuan,Stir fried rice and noodles with spicy chicken and vegetables,31.5,https://images.deliveryhero.io/image/talabat/Menuitems/TRIPLE_SZECHUAN_RICE637972997476461691.jpg?width=172&amp;height=172
Mixed Fried Rice,"Fried rice with prawns, chicken and vegetables",31.5,https://images.deliveryhero.io/image/talabat/Menuitems/MIXED_FRIED_RICE637972997552720336.jpg?width=172&amp;height=172
Steamed Rice,"Indulge in the simple yet satisfying pleasure of perfectly steamed rice, featuring fluffy, tender grains with a delicate texture and subtle, comforting aroma!",12.0,https://images.deliveryhero.io/image/talabat/Menuitems/rice_white637998838450608156.jpg?width=172&amp;height=172
The Desert Wok Spl Rice,"Fried rice with prawns, chicken, egg and vegetables in spicy style.",38.0,
Prawn Fried Rice,"Fried rice with prawns, egg and vegetables.",32.5,
Chicken Fried Rice,"Fried rice with chicken, egg and vegetables.",27.5,
Vegetable Fried Rice,Fried rice with mixed vegetables.,25.5,
Garlic Fried Rice,Fried rice with garlic and spring onion,24.5,
Egg Fried Rice,Fried rice with egg and vegetables.,26.5,
Mixed Hakka Noodles,"Stir fry noodles with mixed vegetables, chicken and prawns",38.0,https://images.deliveryhero.io/image/talabat/Menuitems/MIXED_HAKKA_NOODLES637973000145745937.jpg?width=172&amp;height=172
Cantonese Noodles,Pan fried noodles with chicken and vegetables in white sauce,36.0,https://images.deliveryhero.io/image/talabat/Menuitems/CANTONESE_NOODLES637973000763702343.jpg?width=172&amp;height=172
The Desert Wok Special Noodles,"Stir fry noodles with  prawns, chicken, egg and vegetables in spicy style.",38.0,
Vegetable Hakka Noodles,Stir fry noodles with mixed vegetables.,30.5,
Egg Hakka Noodles,Stir fry noodles with egg and vegetables.,32.5,
Chicken Hakka Noodles,"Stir fry noodles with chicken, egg and vegetables.",36.0,
Hong Kong Noodles,"Stir fry noodles with chicken, egg and vegetables in spicy style.",37.0,
Shanghai Hakka Noodles With Rice,"Stir fry rice and noodles mixed with chicken,egg and vegetables in spicy style.",39.0,
American Chopsuey Chicken,Crispy noodles with chicken and vegetables in red tomato sauce.,38.0,
Chinese Chopsuey Chicken,Crispy Noodles with Chicken and Vegetables in White Sauce.,38.0,
