item_name,item_description,item_price,item_image
BEEF STIR FRIED,"Tenderloin beef slice with vegetables, Served with Rice, Soup and Salad",45.0,https://images.deliveryhero.io/image/talabat/Menuitems/Beef_Stir638140351746043439.jpg?width=172&amp;height=172
SAMAKA HARA,"Hamour fish served with Chilli sauce and rice, Soup and Salad",45.0,https://images.deliveryhero.io/image/talabat/Menuitems/Samakeh_HArra638140351948349367.jpg?width=172&amp;height=172
FISH TAJIN,"Hamour fish with tahini sauce, served with rice, Soup and Salad",45.0,https://images.deliveryhero.io/image/talabat/Menuitems/Fish_Tajin638140352541843725.jpg?width=172&amp;height=172
CHICKEN ROSEMARY And BAKED POTATO,"Grilled Chicken Breast with rosemary sauce, served with baked potato, Soup and Salad",45.0,
ESCALOP MILANASE,"Fried Chicken Breast topped with cheese, served with baked potato, Soup and Salad",45.0,https://images.deliveryhero.io/image/talabat/Menuitems/Escalop_Melaneze638140355293272973.jpg?width=172&amp;height=172
STEAK PROVINCIAL,"Beef Steak served with Provencal sauce, served with Potato, Soup and Salad",45.0,https://images.deliveryhero.io/image/talabat/Menuitems/Steak_Provincal638140355631493160.jpg?width=172&amp;height=172
PASTA SEAFOOD,"Tagliatelle pasta with mix seafood, cream sauce, Soup and Salad",45.0,https://images.deliveryhero.io/image/talabat/Menuitems/Pasta_Seafood638140356142523537.jpg?width=172&amp;height=172
SHRIMPS MEXICAN DIABLO,"Shrimps Cooked with Buffalo sauce, served with rice, Soup and Salad",45.0,https://images.deliveryhero.io/image/talabat/Menuitems/Paella_Sea_food638140359411949447.jpg?width=172&amp;height=172
KIBBEH BIL SANIEH,"Crushed Wheat stuffed with Meat in the oven, served with yoghurt, Soup and Salad",45.0,https://images.deliveryhero.io/image/talabat/Menuitems/Kebbeh_blsynieh638140357490699711.jpg?width=172&amp;height=172
BEEF ROLL STUFFED CHEESE,"Sliced Beef rolled stuffed with Cheese and Vegetables, served with mashed potato and vegetables, Soup and Salad",45.0,
CHICKEN MUSHROOM,"Chicken breast Grilled with Mushroom sauce, served with rice, Soup and Salad",45.0,https://images.deliveryhero.io/image/talabat/Menuitems/Chicken_Mushroom638140357898807732.jpg?width=172&amp;height=172
MIX GRILLED,"Lamb tikka, Shish Taouk, kebab, Soup and Salad",45.0,https://images.deliveryhero.io/image/talabat/Menuitems/Mixed_Grill638140358049407415.jpg?width=172&amp;height=172
MOSAKHAN ROLL,"Grilled Chicken, onion, sumac, olive oil rolled in saj bread, Soup and Salad",45.0,https://images.deliveryhero.io/image/talabat/Menuitems/Musakhan_Rolls638140358213575263.jpg?width=172&amp;height=172
Chicken Mandi,"Roasted Chicken with mandi rice, Soup and Salad",45.0,
Grilled Salmon Fish,"Grilled Salmon Fillet, served with sauteed vegetable and Soup",45.0,https://images.deliveryhero.io/image/talabat/Menuitems/Grilled_Salmon638140358996372895.jpg?width=172&amp;height=172
Grilled Hammour Fish,"Grilled Hammour Fillet, served with Sauteed vegetable, Soup and Salad",45.0,
SEAFOOD PAELLA,"Rice with Mix Seafood, Soup and Salad",45.0,https://images.deliveryhero.io/image/talabat/Menuitems/Paella_Sea_food638140359475458095.jpg?width=172&amp;height=172
Jordanian mansaf,"Rice with Lamb meat, Jameed, Soup and Salad",45.0,https://images.deliveryhero.io/image/talabat/Menuitems/Jordanian_MAnsaf638140359613881980.jpg?width=172&amp;height=172
KIBBEH BEL LABAN,"Fried Meat Kibbeh in yoghurt, with rice, Soup and Salad",45.0,https://images.deliveryhero.io/image/talabat/Menuitems/Kebbeh_Bel_LAban638140359841143162.jpg?width=172&amp;height=172
KOUSA BIL LABAN,"Stuffed baby marrow with meat cooked in yoghurt, served with rice, Soup and Salad",45.0,https://images.deliveryhero.io/image/talabat/Menuitems/Kussa_bel_laban638140359951221535.jpg?width=172&amp;height=172
MOROCCAN CHICKEN TAJIN,"Chicken cooked with vegetables, chickpeas, tomato, Soup and Salad",45.0,https://images.deliveryhero.io/image/talabat/Menuitems/Tajin_Chicken_Moroco638140360299126689.jpg?width=172&amp;height=172
CHICKEN CASHEW NUT,"Chicken Breast Slice,soya sauce, oyster sauce, carrot and cashew nuts, served with rice, Soup and Salad",45.0,https://images.deliveryhero.io/image/talabat/Menuitems/Chicken_cashew638140360414974676.jpg?width=172&amp;height=172
CHICKEN STROGANOFF,"Chicken Slice cooked with capsicum and cream sauce, served with rice, Soup and Salad",45.0,https://images.deliveryhero.io/image/talabat/Menuitems/Chicken_Stoganof638140360502005571.jpg?width=172&amp;height=172
FREEKEH MOSAT LAMB,"Green Wheat cooked with lamb meat, served with yoghurt, Soup and Salad",45.0,
PASTA ALIO E OLIO PEPPERSSINO,"Spaghetti with oregano, parsley, garlic, olive oil and crushed chilli, Soup and Salad",45.0,https://images.deliveryhero.io/image/talabat/Menuitems/Pasta_Alio_olio_pepperssi638140361263712688.jpg?width=172&amp;height=172
KUSSA and WARRA INNAB,"baby marrow, vine leaves stuffed with meat and rice, served with yoghurt, Soup and Salad",45.0,https://images.deliveryhero.io/image/talabat/Menuitems/Kussa_Warak_inab638140361499062319.jpg?width=172&amp;height=172
ROASTED BEEF,"Roasted beef with gravy sauce, served with mashed potato, sauteed vegetables, Soup and Salad",45.0,https://images.deliveryhero.io/image/talabat/Menuitems/Roast_beef_with__mashed_p638140361665676772.jpg?width=172&amp;height=172
BEEF STEAK,"Beef tenderloin and gravy pepper sauce, served with mashed potato, sauteed vegetables, Soup and Salad",45.0,https://images.deliveryhero.io/image/talabat/Menuitems/Beef_steak_with_Mashed_po638140362091153683.jpg?width=172&amp;height=172
LAMB OUZI,"Rice with lamb meat, Green peas, served with yoghurt, Soup and Salad",45.0,
KAFTA BIL SANIEH,"Minced meat with spices, tomato, potato, capsicum in the oven, Soup and Salad",45.0,https://images.deliveryhero.io/image/talabat/Menuitems/Kafta_bel_synieh638140364925501143.jpg?width=172&amp;height=172
