item_name,item_description,item_price,item_image
Beef Stroganoff,Creamy beef dish with mushrooms and sour cream.,91.0,https://images.deliveryhero.io/image/talabat/Menuitems/BeefStroganoff6_1637955631255341877.jpg?width=172&amp;height=172
Russian Chicken Mushroom Julienne,Thinly sliced mushrooms and shallots sauteed and then baked in cream sauce and cheese,72.0,https://images.deliveryhero.io/image/talabat/Menuitems/mmw_637952230229634308?width=172&amp;height=172
Half Grilled chicken,Charcoal grilled chicken. Served with vegetables pulao rice and garlic sauce,71.0,https://images.deliveryhero.io/image/talabat/Menuitems/mmw_637952233759645899?width=172&amp;height=172
Pepperoni Pizza,Homemade pizza with tomato sauce and mozzarella cheese topped with pepperoni slices and sun dried tomato,78.0,https://images.deliveryhero.io/image/talabat/Menuitems/mmw_637953063977599509?width=172&amp;height=172
Lamb chops,Four pieces of charcoal grilled lamb chops. Served with Your choice of rice or mushed potatoes and demi mint sauce,103.0,https://images.deliveryhero.io/image/talabat/Menuitems/22JUL26_TALABAT_UAE_THE_F637945496361036816.jpg?width=172&amp;height=172
Classic Omelette,,38.0,https://images.deliveryhero.io/image/talabat/Menuitems/mmw_637952196135590419?width=172&amp;height=172
Arabian Pan Shakshuka,Tow eggs baked on our tomato sauce served with beef sausages,43.0,https://images.deliveryhero.io/image/talabat/Menuitems/Arabian_Pan_Shakshuka637955605408921167.jpg?width=172&amp;height=172
Eggs Benedict,"Choice of either smoked salmon or crispy veal bacon benedicts with wilted spinach, poached eggs and hollandaise sauce",40.0,https://images.deliveryhero.io/image/talabat/Menuitems/Eggs_Benedict637955606472682864.jpg?width=172&amp;height=172
Banana And Almond Pancakes,"Made with fresh batter, banana and almond",59.0,https://images.deliveryhero.io/image/talabat/Menuitems/Banana_And_Almond_Cake637955606795586068.jpg?width=172&amp;height=172
Mix Cold Appetizers,"Baba ghanoush, vine leaves, muhammarah, mutabbal and mummus served with fresh bread",90.0,https://images.deliveryhero.io/image/talabat/Menuitems/22JUL26_TALABAT_UAE_THE_F637945502328376197.jpg?width=172&amp;height=172
Mix Hot Appetizers,"2 Fried kibbeh, 2 cheese rolls, 2 spinash fatayer and 2 falafel served with tahini sauce",68.0,https://images.deliveryhero.io/image/talabat/Menuitems/22JUL26_TALABAT_UAE_THE_F637945503331384409.jpg?width=172&amp;height=172
Cajun Bacon Fries,"Straight cut fries with cajun spices, topped with cheddar cheese and veal bacon served with cocktail sauce",40.0,https://images.deliveryhero.io/image/talabat/Menuitems/Cajun_Bacon_Fries637955607402675435.jpg?width=172&amp;height=172
Falafel,Traditionl deep fried chickpeas falafel served with tahini sauce,37.0,https://images.deliveryhero.io/image/talabat/Menuitems/Falafel637955607642130312.jpg?width=172&amp;height=172
Kibbeh,Crushed wheat stuffed with beef minced and pine nuts served with tahini sauce,42.0,https://images.deliveryhero.io/image/talabat/Menuitems/Kibbeh637955612991117075.jpg?width=172&amp;height=172
Dynamite Shrimps,Crispy breaded shrimps with dynamite sauce,59.0,https://images.deliveryhero.io/image/talabat/Menuitems/dynamite_shrimps637955612721041953.jpg?width=172&amp;height=172
Mozzarella Sticks,Golden fried mozzarella sticks served with cocktail sauce,48.0,https://images.deliveryhero.io/image/talabat/Menuitems/mmw_637952202141402909?width=172&amp;height=172
Crispy Calamari Rings,Golden fried clamari with tartar sauce,48.0,https://images.deliveryhero.io/image/talabat/Menuitems/mmw_637952202792862452?width=172&amp;height=172
Chicken Wings,Fried chicken wings mixed with hot sauce,45.0,https://images.deliveryhero.io/image/talabat/Menuitems/Chicken_Wings637955612481022491.jpg?width=172&amp;height=172
Cheesy Garlic Bread,Toasted french bread with garlic topped with mazzarella cheese and oregano,37.0,https://images.deliveryhero.io/image/talabat/Menuitems/mmw_637952203035229279?width=172&amp;height=172
Hummus,Chickpeas blended with tahini sauce,36.0,https://images.deliveryhero.io/image/talabat/Menuitems/mmw_637952203993967989?width=172&amp;height=172
Baba Ganoush,"Savory blend of eggplant, lemon juice, olive oil and other seasonings",35.0,https://images.deliveryhero.io/image/talabat/Menuitems/Baba_Ghanoush637955609479307314.jpg?width=172&amp;height=172
Hummus With Meat,Traditionl plain hummus topped with small cut beef,43.0,https://images.deliveryhero.io/image/talabat/Menuitems/Hummus_With_Meat637955609188362986.jpg?width=172&amp;height=172
Mutabbal,Smoky flavored eggplant mixed with tahini and yogurt served with fresh bread,36.0,https://images.deliveryhero.io/image/talabat/Menuitems/mmw_637952205350096046?width=172&amp;height=172
Mushroom Soup,Creamy mushroom soup,35.0,https://images.deliveryhero.io/image/talabat/Menuitems/mmw_637952208369550318?width=172&amp;height=172
Sea And Land Soup,"Cocktail of seafood, garlic, onion, dill and green peas",51.0,https://images.deliveryhero.io/image/talabat/Menuitems/Sea_And_Land_Soup637955613672257632.jpg?width=172&amp;height=172
Lentil Soup,"Made with a blend of lentils, vegetables, and spices, it's a healthy and satisfying option.",30.0,https://images.deliveryhero.io/image/talabat/Menuitems/Lentil_Soup637955614478654249.jpg?width=172&amp;height=172
Chicken Soup,"Warm your soul with chunks of chicken and a rich broth, make perfect comfort food for any day ",37.0,https://images.deliveryhero.io/image/talabat/Menuitems/mmw_637952208671860374?width=172&amp;height=172
Borscht Soup,Soup of beef and varietal vegetable such as beetroot and cabbagr,45.0,https://images.deliveryhero.io/image/talabat/Menuitems/mmw_637952209630719823?width=172&amp;height=172
Beef Shawarma Sandwich,Beef shawarma roll sandwich. Served with french fries and garlic sauce,41.0,https://images.deliveryhero.io/image/talabat/Menuitems/BeefShawarmaWrap71637955614776546022.jpg?width=172&amp;height=172
Chicken Shawarma Sandwich,Chicken sandwich roll. Served with french fries and garlic sauce,40.0,https://images.deliveryhero.io/image/talabat/Menuitems/chicken_shawarma637955616167601423.jpg?width=172&amp;height=172
Steak Sandwich,"Beef Steak sandwich with mushrooms, capsicum and cheese. Served with fries on the side",55.0,https://images.deliveryhero.io/image/talabat/Menuitems/Steak_Sandwhich637955622666507950.jpg?width=172&amp;height=172
Beef Burger,"Homemade burger with tomato, onion and lettuce. Served with french fries",49.0,https://images.deliveryhero.io/image/talabat/Menuitems/Chicken_Burger637955617646538890.jpg?width=172&amp;height=172
Chicken Burger,"Burger bun stuffed with grilled chicken breast, pickles and mayonnaise. Served with french fries",46.0,https://images.deliveryhero.io/image/talabat/Menuitems/Chicken_Burger637955617499252702.jpg?width=172&amp;height=172
Chicken Scallop And Noodles,Freshly battered chicken mixed with homemade seasonal spices alongside with noodles based with special sauce and freshly cut vegetables on the side,69.0,https://images.deliveryhero.io/image/talabat/Menuitems/mmw_637952225721362559?width=172&amp;height=172
Chicken Breast,Grilled chicken breast marinated with pesto topped with mushroom sauce with mix of vegetables,76.0,https://images.deliveryhero.io/image/talabat/Menuitems/mmw_637952225904259602?width=172&amp;height=172
Lamb Shank,Sous vide cooked shank served on mashed potatoes with vegetables and special sauce,110.0,https://images.deliveryhero.io/image/talabat/Menuitems/22JUL26_TALABAT_UAE_THE_F637945499542036083.jpg?width=172&amp;height=172
Russian Chicken Mushroom Julienne,Thinly sliced mushrooms and shallots sauteed and then baked in cream sauce and cheese,72.0,https://images.deliveryhero.io/image/talabat/Menuitems/mmw_637952230229634308?width=172&amp;height=172
Butter Chicken,Indian style butter chicken served with rice medium spicy,73.0,https://images.deliveryhero.io/image/talabat/Menuitems/mmw_637952230821527240?width=172&amp;height=172
Beef Sizzler,"Marinated beef slice sauteed with onion, mix capsicum and mushroom served with flavored rice",79.0,https://images.deliveryhero.io/image/talabat/Menuitems/Beef_Sizzler637955631000089606.jpg?width=172&amp;height=172
Beef Stroganoff,Creamy beef dish with mushrooms and sour cream.,91.0,https://images.deliveryhero.io/image/talabat/Menuitems/BeefStroganoff6_1637955631255341877.jpg?width=172&amp;height=172
Rib Eye Steak,"Grilled steak served with mashed potato, sauteed vegetables and mushroom sauce",174.0,https://images.deliveryhero.io/image/talabat/Menuitems/22JUL26_TALABAT_UAE_THE_F637945495080155132.jpg?width=172&amp;height=172
Chicken Biryani,Biryani rice cooked with chicken topped with nuts served with yoghurt,72.0,https://images.deliveryhero.io/image/talabat/Menuitems/Chicken_Biryani637955631611449005.jpg?width=172&amp;height=172
Mutton Biryan,Biryani rice cooked with lamb and crispy onion served with yoghurt,92.0,https://images.deliveryhero.io/image/talabat/Menuitems/Chicken_Biryani637955631730768907.jpg?width=172&amp;height=172
Seafood Biryani,Biryani topped with seafood and sauce,95.0,https://images.deliveryhero.io/image/talabat/Menuitems/Chicken_Biryani637955631745217057.jpg?width=172&amp;height=172
Fried Rice,Chinese fried rice mixed with vegetables and eggs,59.0,https://images.deliveryhero.io/image/talabat/Menuitems/mmw_637952231357836810?width=172&amp;height=172
Veggie Noodles,"Boiled veg noodles, sauteed broccoli, mushroom, cabbage and green onion drizzled with soya sauce",55.0,https://images.deliveryhero.io/image/talabat/Menuitems/Veggie_Noodles637955632234364974.jpg?width=172&amp;height=172
Tofu Noodles,"Chinese noodles with chicken, grilled vegetables and tofu in unagi sauce",61.0,https://images.deliveryhero.io/image/talabat/Menuitems/Tofu_Noodles637955632508528820.jpg?width=172&amp;height=172
Chicken Kebab,"Four skewers of minced chicken kebab. Served with french fries, pickles and garlic cream",67.0,https://images.deliveryhero.io/image/talabat/Menuitems/22JUL26_TALABAT_UAE_THE_F637945497759597850.jpg?width=172&amp;height=172
Chicken Tawook,"Three Skewers of charcoal grilled chicken cubes. Served with fries, pickles and garlic cream.",71.0,https://images.deliveryhero.io/image/talabat/Menuitems/22JUL26_TALABAT_UAE_THE_F637945498202799922.jpg?width=172&amp;height=172
Lebanese Kafta,"Four skewers of daily minced kebab. Served with grilled vegetables, fries and biswaz",71.0,https://images.deliveryhero.io/image/talabat/Menuitems/22JUL26_TALABAT_UAE_THE_F637945497461611511.jpg?width=172&amp;height=172
Half Grilled chicken,Charcoal grilled chicken. Served with vegetables pulao rice and garlic sauce,71.0,https://images.deliveryhero.io/image/talabat/Menuitems/mmw_637952233759645899?width=172&amp;height=172
Grilled Eggplant Kebab,3 skewers of eggplant meatballs. Served with grilled vegetables and garlic tomato sauce,75.0,
Meat Tikka,Three skewers of charcoal grilled lamb cubes. Served with grilled vegetables and fries,75.0,https://images.deliveryhero.io/image/talabat/Menuitems/22JUL26_TALABAT_UAE_THE_F637945498796037542.jpg?width=172&amp;height=172
Lamb chops,Four pieces of charcoal grilled lamb chops. Served with Your choice of rice or mushed potatoes and demi mint sauce,103.0,https://images.deliveryhero.io/image/talabat/Menuitems/22JUL26_TALABAT_UAE_THE_F637945496361036816.jpg?width=172&amp;height=172
Half sharing Mix Grill,"Skewer of chicken tawook, lamb kofta, lamb chops, beef tikka and chicken kabab",110.0,https://images.deliveryhero.io/image/talabat/Menuitems/Half_Sharing_Mix_Grill637955633228244206.jpg?width=172&amp;height=172
Full Sharing Mix Grill,"Full Platter to share of two beef cubes skewers, two tawook, two chicken kebab, two kafta, and two pieces of lamb chops. Served with grilled vegetables, biswas parsley and garlic cream",240.0,https://images.deliveryhero.io/image/talabat/Menuitems/22JUL26_TALABAT_UAE_THE_F637945499348955051.jpg?width=172&amp;height=172
Risotto Seafood,"Mix seafood cooked with risotto rice, cream and
tomato sauce. Topped with tiger prawns and asparagus",91.0,https://images.deliveryhero.io/image/talabat/Menuitems/mmw_637952233471402876?width=172&amp;height=172
Stuffed Pineapple Seafood,"Freshly stuffed mix seafood, cooked with corn, garlic, lemon and Lemon butter sauce",94.0,
Grilled Salmon,"Grilled fillet of salmon fish, served with cherry tomato's, asparagus, creamy dill sauce and lemon",103.0,https://images.deliveryhero.io/image/talabat/Menuitems/22JUL26_TALABAT_UAE_THE_F637945495452656538.jpg?width=172&amp;height=172
Sea Bream,Freshly marinated grilled fish serve with Your choice of Steam vegetables or Rice,103.0,https://images.deliveryhero.io/image/talabat/Menuitems/22JUL26_TALABAT_UAE_THE_F637945499878326475.jpg?width=172&amp;height=172
Grilled Sea Bass,Whole sea bass fish grilled on charcoal. Served with pilaf rice,94.0,https://images.deliveryhero.io/image/talabat/Menuitems/22JUL26_TALABAT_UAE_THE_F637945500055180193.jpg?width=172&amp;height=172
Glazed Salmon,Pan seared salmon glazed with soya and honey. Served with white rice and avocado spinach topped with sesame seeds,103.0,https://images.deliveryhero.io/image/talabat/Menuitems/mmw_637952233361128294?width=172&amp;height=172
Sambal Oelek Shrimps' Spicy,"Pan seared shrimps, asparagus and sambal Oelek sauce",127.0,https://images.deliveryhero.io/image/talabat/Menuitems/22JUL26_TALABAT_UAE_THE_F637945496825417788.jpg?width=172&amp;height=172
Grilled Tiger Prawns,"Grilled tiger prawns, served with pilaf rice and lemon butter sauce",142.0,https://images.deliveryhero.io/image/talabat/Menuitems/22JUL26_TALABAT_UAE_THE_F637945495692092467.jpg?width=172&amp;height=172
Grilled Lobster,"Grilled whole lobsters, served with special sauce and a side of ricee",153.0,https://images.deliveryhero.io/image/talabat/Menuitems/22JUL26_TALABAT_UAE_THE_F637945500320624096.jpg?width=172&amp;height=172
Seafood Platter,"Sharing platter of full grilled lobster, five tiger shrimps, salmon filet and grilled calamari. Served with creamy lemon sauce",292.0,https://images.deliveryhero.io/image/talabat/Menuitems/22JUL26_TALABAT_UAE_THE_F637946084048498244.jpg?width=172&amp;height=172
Margherita Pizza,Homemade pizza with Napoli sauce and mozzarella cheese,63.0,https://images.deliveryhero.io/image/talabat/Menuitems/mmw_637953063737781200?width=172&amp;height=172
Pepperoni Pizza,Homemade pizza with tomato sauce and mozzarella cheese topped with pepperoni slices and sun dried tomato,78.0,https://images.deliveryhero.io/image/talabat/Menuitems/mmw_637953063977599509?width=172&amp;height=172
Fajitas Pizza Mexican,"Homemade pizza with Mexican Salsa sauce, cheddar and mozzarella cheese topped with chicken, bell pepper, mushroom and onion",76.0,https://images.deliveryhero.io/image/talabat/Menuitems/mmw_637953064240523792?width=172&amp;height=172
Four Chees Pizza,"Four melted cheese pizza mozzarella, cheddar, parmesan and greek cheese",82.0,https://images.deliveryhero.io/image/talabat/Menuitems/mmw_637953064846021778?width=172&amp;height=172
Vegetarian Pizza,"Homemade pizza with tomato sauce, eggplant, bell pepper, fresh mushroom, sun dried tomato, onion, sliced olives, mozzarella cheese and oregano",68.0,https://images.deliveryhero.io/image/talabat/Menuitems/mmw_637953896824954949?width=172&amp;height=172
Penne Arabiata Pasta,"Spicy flavoured penne with tomato sauce, sliced oli and cherry tomatoes",61.0,https://images.deliveryhero.io/image/talabat/Menuitems/22JUL26_TALABAT_UAE_THE_F637945503136338461.jpg?width=172&amp;height=172
Spaghetti Bolognaise Pasta,Spaghettis bolognese served with garlic bread,76.0,https://images.deliveryhero.io/image/talabat/Menuitems/22JUL26_TALABAT_UAE_THE_F637945500749766002.jpg?width=172&amp;height=172
Lasagne Pasta,Lasagne pasta stuffed with bolognese sauce topped with mozzarella cheese and bechamel cream,72.0,https://images.deliveryhero.io/image/talabat/Menuitems/mmw_637953065533912641?width=172&amp;height=172
Fettuccine Alfredo Pasta,Fettuccine pasta with creamy mushroom sauce topped with marinated chicken and parmesan cheese,72.0,https://images.deliveryhero.io/image/talabat/Menuitems/mmw_637953065797775787?width=172&amp;height=172
Carbonara Linguine Pasta,Served with white sauce and beef bacon topped with parmesan cheese,72.0,https://images.deliveryhero.io/image/talabat/Menuitems/mmw_637953073798403228?width=172&amp;height=172
Shrimps Ortolana Pasta,Pasta with shrimps and broccoli with cream and tomato sauce,82.0,https://images.deliveryhero.io/image/talabat/Menuitems/mmw_637953074195301119?width=172&amp;height=172
Winter Wonder Land Salad,"Mediterranea mix, topped with toasted pecan nuts, honey, cinnamon roast butternut, red cabbage, apple, goat cheese and a sweet orange vinaigrette",44.0,
Chicken Caesar Salad,Lceberg lettuce with crisp croutons and light casear sauce topped with chicken,52.0,https://images.deliveryhero.io/image/talabat/Menuitems/mmw_637953889945130750?width=172&amp;height=172
Shrimps Caesar Salad,Iceberg lettuce with crisp croutons and light caesar sauce topped with shrimps,55.0,https://images.deliveryhero.io/image/talabat/Menuitems/mmw_637953890158057797?width=172&amp;height=172
Tobbouleh,"Chopped parsley, onion, tomato, crushed wheat, fresh mint mixed with olive oil and lemon juice",41.0,https://images.deliveryhero.io/image/talabat/Menuitems/mmw_637953890410390057?width=172&amp;height=172
Fattoush,"Romaine lettuce, rocca, tomato, cucumber, onion, watercress, pomegranate seeds with lemon and pomegranate molasses dressing",41.0,https://images.deliveryhero.io/image/talabat/Menuitems/mmw_637953890653810202?width=172&amp;height=172
Atlantic Salad,"Lettuce mixed with avocado, smoked salmon, cream cheese and cappers with lemon mustard dressing",57.0,
Greek Salad,"Mixed lettuce with cherry tomato, cucumber, bell pepper, sliced olives, topped with feta cheese and lemon de jhon mustard dressing",38.0,
Shrimps Avocado Salad,Mix leves with avovado and shrimps drizzled in homemade dressing,60.0,https://images.deliveryhero.io/image/talabat/Menuitems/mmw_637953891240757281?width=172&amp;height=172
Steamed Broccoli,,18.0,
Mushed Potato,"Homemade mushed potato mix with cream, butter and parmesan cheese",19.0,
White Rice,"Get a perfect complement to your meal with our high-quality White Rice. Made from premium quality long-grain rice, it is carefully cleaned, processed to retain its natural taste and texture.",18.0,
Briyani Rice,,27.0,
TFS Mocktail,"Passion Fruit with lemon, orange and sparkling water",101.0,https://images.deliveryhero.io/image/talabat/Menuitems/Passion_Fruit_Mojito637961568068622472.jpg?width=172&amp;height=172
Berry Berry Pitcher,"Roseberry, Blueberry, Strawberry and Soda water",101.0,https://images.deliveryhero.io/image/talabat/Menuitems/blue_raspberry_mojito637961568161818457.jpg?width=172&amp;height=172
Passion Fruit Mojito,"Made with passion fruit, lime, mint and a splash of soda water and will transport you to a tropical paradise.",38.0,https://images.deliveryhero.io/image/talabat/Menuitems/mmw_637953901935534684?width=172&amp;height=172
Bluberry Rush,"Bluebrry, Rosemary Sprig, Lime and Soda water",37.0,
Oreo Milkshake,"Made with vanilla ice cream, milk and crushed Oreo cookies for a creamy and delicious treat.",34.0,
Banana Milkshake,"Made with ripe bananas, creamy milk for a tropical and satisfying experience in every sip.",34.0,
Chocolate Milkshake,"Satisfy your sweet tooth with our rich and creamy Chocolate Milkshake, made with chocolate ice cream and milk.",34.0,
Iced Coffee,"Made with freshly brewed coffee, ice and sweetened to perfection. it's the perfect way to cool down or any time you crave a refreshing coffee.",26.0,
