item_name,item_description,item_price,item_image
The Tap House Wagyu Burger,"200g Wagyu patty, tomato chutney, unsberg lettuce, white onion roundels, pickles, sharp cheddar cheese, toasted brioche bun",115.0,
Salt And Pepper Calamari,Lemon aioli,65.0,
Twiced Cooked Chicken Wings,"Classic buffalo sauce S, Sticky teriyaki sauce",65.0,
Forest Mushroom Arancini Vegetarian,Truffle aioli,59.0,
Edamame Pods Vegetarian Gluten Free Healthy ,"Maldon salt, Togarashi",35.0,
Southall Samosas Vegetarian,Mint yoghurt,45.0,
Drummond Street Onion Bhajis Vegetarian Gluten Free,Cilantro mint chutney,45.0,
Tom Yum Prawns Spicy,Kaffir lime and lemon grass scented spicy thai broth,69.0,
Classic Caesar,"Romaine lettuce, veal bacon, soft hen's egg, parmesan, croutons",59.0,
Thai Beef Salad Healthy Gluten Free Contains Nuts,"Roasted sirloin, cucumber ribbons, romaine lettuce, cherry tomatoes, crispy onion, lime leaf, coriander, crushed peanuts, thai nampla dressing.",85.0,
Hand Crafted Burrata Vegetarian Gluten Free,"Heirloom tomato, super seed pesto, aged balasamic reduction",89.0,
Hawaiian Poke Bowl Vegetarian Gluten Free Healthy ,"Organic quinoa, compressed honeydew, and watermelon, edamame, avocado, orange marmalade dressing.",69.0,
Buttermilk Chicken Pretzel,"Tender buttermilk fried chicken breast, smoked paprika aioli, streaky beef bacon, smoked cheddar cheese, crisp lettuce, tomato, dill pickles.",99.0,
The Tap House Wagyu Burger,"200g Wagyu patty, tomato chutney, unsberg lettuce, white onion roundels, pickles, sharp cheddar cheese, toasted brioche bun",115.0,
Farmers Choice Vegetarian,"Beyond meat patty, smashed avocado, lettuce, tomato, white onions, pickles, vegan multi seed bun",99.0,
Norwegian Salmon Teriyaki Healthy ,"Grilled salmon glazed with teriyaki sauce served with saffron, cous cous pilaf and brccoillini.",139.0,
Steak Frites,"200g grain fed Black Angus fillet mignon, confit vine tomatoes, steak fries",195.0,
Black Pepper Beef Spicy,"Wok tossed tender sluced beef with black pepper sauce and broccolli, served with egg fried rice",129.0,
Chicken Tikka Masala Spicy,"Pea's pulao, flaky paratha, papadum, papaya relish",119.0,
Nasi Goreng Spicy Contains Nuts,"Indonesian fried rice, peanut dip, sunny side egg, acar, prawn crackers, served with chicken satay",129.0,
Pad Thai Vegetarian Contains Nut,"Rice noodles with fried tofu, bean sprouts, tamarind sauce, peanuts",99.0,
Braised Back Ribs,"9hrs slow cooked oranged glazed back ribs, roasted new potatoes",169.0,
Kung Pao Chicken Spicy Contains Nuts ,Stir-fried chicken thigh tossed with sweet and tangy thai sauce,119.0,
Thai Green Curry Vegetarian Gluten Free,"Lemon grass and kaffir scented vegetable curry, with fragrant jasmine rice",99.0,
Black Truffle Risotto Vegetarian Gluten Free,"Wild mushroom medley, porcini cream, truffle essense",119.0,
Rigatoni Bolognese,"Slow cooked minced meat, tomato ragu tossed with rigatoni pasta and grated aged parmesan cheese",99.0,
Grilled Tiger Prawns,Garlic and lime marinate,175.0,
Vegan Rigatoni Bolognese,"Plant based vegan mince with tomato ragu, tossed with rigatoni pasta and extra virgin olive oil",109.0,
Truffle Mash	,Vegetarian and gluten free,39.0,
Grilled Asparagus Spears	,Vegetarian and gluten free,39.0,
Steamed Broccolli	,Vegetarian and gluten free,35.0,
Creamed Spinach	,Vegetarian and gluten free,35.0,
Truffle Paressan Fries	,Vegetarian and gluten free,45.0,
Mix Leaf Salad,,35.0,
Pepsi ,Soft drink,22.0,https://images.deliveryhero.io/image/talabat/Menuitems/Pepsi_1638282084385476139.jpg?width=172&amp;height=172
Diet Pepsi,Carbonated soft drink with zero sugar & zero calories,22.0,https://images.deliveryhero.io/image/talabat/Menuitems/Diet_Pepsi638282082549388918.jpg?width=172&amp;height=172
7 Up,Non-caffeinated soft drink,22.0,https://images.deliveryhero.io/image/talabat/Menuitems/7UP638282081563745994.jpg?width=172&amp;height=172
Mirinda,Carbonated soft drink,22.0,https://images.deliveryhero.io/image/talabat/Menuitems/Mirinda638282081938736850.jpg?width=172&amp;height=172
Tonic,"A carbonated beverage flavored with quinine, often mixed with other drinks as a mixer.",22.0,
Soda,"Quench your thirst with our refreshing Soda, effervescent bubbles dancing in a symphony of delightful flavors, offering a fizzy sensation that will invigorate your senses with every sip.",22.0,
Fever Tree Tonic,,25.0,
Red Bull ,Energy drink,38.0,https://images.deliveryhero.io/image/talabat/Menuitems/redbull250ml_1638282082327411886.jpg?width=172&amp;height=172
