item_name,item_description,item_price,item_image
Half Grilled Chicken With Fries,,29.0,https://images.deliveryhero.io/image/talabat/Menuitems/mmw_637825203917161334?width=172&amp;height=172
Small Spicy Shawerma,,10.0,https://images.deliveryhero.io/image/talabat/Menuitems/mmw_637924461541349261?width=172&amp;height=172
Chicken Strips,"Crispy on the outside and juicy on the inside, our succulent chicken strips are seasoned to perfection and sure to satisfy your cravings for a tasty and satisfying meal.",22.0,https://images.deliveryhero.io/image/talabat/Menuitems/mmw_637825201659217655?width=172&amp;height=172
Grilled Chicken And Avocado Salad,,24.0,https://images.deliveryhero.io/image/talabat/Menuitems/mmw_637825228606444471?width=172&amp;height=172
Mash Potato,"Creamy and smooth mashed potatoes, the ultimate comfort food.",15.0,https://images.deliveryhero.io/image/talabat/Menuitems/mmw_637825229330165595?width=172&amp;height=172
Taro Bubble Tea,"A popular beverage made with taro root, milk, and tapioca pearls.",17.0,https://images.deliveryhero.io/image/talabat/Menuitems/2021_03_02_Talabat_Bahrai638282186647507630.JPG?width=172&amp;height=172
Matcha Bubble Tea,Taiwanese teabased drink with chewy tapioca pearls.,17.0,https://images.deliveryhero.io/image/talabat/Menuitems/2021_03_02_Talabat_Bahrai638282186591537070.JPG?width=172&amp;height=172
Blueberry Bubble Tea,Fruit Based Bubble Tea,17.0,
Strawberry Bubble Tea,Fruit Based Bubble Tea,17.0,
Meal For 2,"1 half grill, 1 small shawarma, small fattoush salad and 2 500ml bottles of water",45.0,
Meal For 4," 1 full grill chicken, 2 small shawarmas, 1 fattoush salad and 1 1.5ltr bottle of water.",85.0,
Meal For 6,"1 Full Grill, 1 Half Grill, 2 Large Shawarmas, 1 Fattoush Salad and 1.5ltr of water.",125.0,
Dynamite Shrimps,"Made with succulent shrimp tossed in a spicy sauce and served with a side of cool, creamy dipping sauce.",32.0,https://images.deliveryhero.io/image/talabat/Menuitems/mmw_637825199176650305?width=172&amp;height=172
Dynamite Chicken,"Made with, tender chicken bites coated in a fiery sauce made spicy, and a hint of sweetness.",26.0,https://images.deliveryhero.io/image/talabat/Menuitems/mmw_637825200583325449?width=172&amp;height=172
Garlic Mayonnaise Fries,,16.0,https://images.deliveryhero.io/image/talabat/Menuitems/mmw_638263155585005665?width=172&amp;height=172
French Fries,"Fried to a golden crisp perfection and perfectly seasoned, perfect accompaniment to any meal.",10.0,https://images.deliveryhero.io/image/talabat/Menuitems/mmw_637825201226687730?width=172&amp;height=172
Veg Spring Rolls,,12.0,
Potato Wedges,"Made with potatoes, cut into wedges, and seasoned with a blend of herbs and spices, they're a perfect side dish or snack to enjoy with any meal.",14.0,https://images.deliveryhero.io/image/talabat/Menuitems/Potato_Wedges637867499870121602.jpg?width=172&amp;height=172
Hummus,"Made with the freshest ingredients, including chickpeas, tahini and lemon juice, resulting in a creamy and flavorful dip that's perfect for any occasion.",14.0,https://images.deliveryhero.io/image/talabat/Menuitems/Hummus637774378943792193.jpg?width=172&amp;height=172
Chicken Strips,"Crispy on the outside and juicy on the inside, our succulent chicken strips are seasoned to perfection and sure to satisfy your cravings for a tasty and satisfying meal.",22.0,https://images.deliveryhero.io/image/talabat/Menuitems/mmw_637825201659217655?width=172&amp;height=172
Lentil Soup,"Made with a blend of lentils, vegetables, and spices, it's a healthy and satisfying option.",16.0,https://images.deliveryhero.io/image/talabat/Menuitems/Lentil_Soup637774379615257808.jpg?width=172&amp;height=172
Mushroom Soup,Cream of Mushroom soup.,16.0,https://images.deliveryhero.io/image/talabat/Menuitems/20200308_Talabat_UAE_Thal638282188017390954.jpg?width=172&amp;height=172
Chicken And Mushroom,"A blend of chicken, mushroom in mushroom cream.",16.0,
Carrot and Corriander,,16.0,
Quarter Grilled Chicken With Fries,,20.0,https://images.deliveryhero.io/image/talabat/Menuitems/Quarter_Grilled_Chic_637230005172283201.jpg?width=172&amp;height=172
Half Grilled Chicken With Fries,,29.0,https://images.deliveryhero.io/image/talabat/Menuitems/mmw_637825203917161334?width=172&amp;height=172
Shish Tawouk With Fries,,30.0,https://images.deliveryhero.io/image/talabat/Menuitems/mmw_637924458197898547?width=172&amp;height=172
Shish Kebab With Fries.,,30.0,https://images.deliveryhero.io/image/talabat/Menuitems/mmw_637924458533475538?width=172&amp;height=172
Mixed Grill Platter With Fries,"Shish tawook, kebab and spicy chicken wings. ",35.0,https://images.deliveryhero.io/image/talabat/Menuitems/Mixed_Grill_637230006651262388.jpg?width=172&amp;height=172
Lamb Kebab With Fries.,,38.0,https://images.deliveryhero.io/image/talabat/Menuitems/mmw_637924459504311154?width=172&amp;height=172
Lamb Tikka With Fries,,38.0,https://images.deliveryhero.io/image/talabat/Menuitems/Mutton_Tikka637774381513181130.jpg?width=172&amp;height=172
TCS Special Mixed Grill.,"Mutton tikka, mutton kebab, shish tawook, chicken kebab and spicy chicken wings.",62.0,https://images.deliveryhero.io/image/talabat/Menuitems/mmw_637924458897657293?width=172&amp;height=172
Grilled Chicken With Mushroom And Cheese Sauce,Grilled chicken breast served with in house prepared cheese and mushroom sauce served alongside fries and sautéed vegetables.,35.0,https://images.deliveryhero.io/image/talabat/Menuitems/mmw_638054015036049604?width=172&amp;height=172
Grilled Chicken With Mexican Sauce,Grilled chicken breast served with in house prepared spicy mexican red sauce served alongside sauteed vegetables and french fries.,35.0,
Grilled Fish With Sauteed Vegetables,Served with chef's special sauce. ,35.0,https://images.deliveryhero.io/image/talabat/Menuitems/mmw_637825914909578900?width=172&amp;height=172
Single Fish And Chips,,20.0,https://images.deliveryhero.io/image/talabat/Menuitems/Fish__Chips637823338595068681.jpg?width=172&amp;height=172
Double Fish And Chips,,32.0,https://images.deliveryhero.io/image/talabat/Menuitems/Fish__Chips637823338618954529.jpg?width=172&amp;height=172
Oxford Chicken Burger,,19.0,https://images.deliveryhero.io/image/talabat/Menuitems/Smoke_House_Chicken__637230009236935309.jpg?width=172&amp;height=172
Mexican Spicy Chicken Burger,,19.0,https://images.deliveryhero.io/image/talabat/Menuitems/mmw_638263160149284983?width=172&amp;height=172
Crispy Chicken Burger,"uicy chicken coated in a crispy golden crust, topped with fresh veggies and tangy sauce",20.0,https://images.deliveryhero.io/image/talabat/Menuitems/mmw_637825218862891462?width=172&amp;height=172
Smoke House Chicken Burger,,20.0,https://images.deliveryhero.io/image/talabat/Menuitems/mmw_638263162177413569?width=172&amp;height=172
Mushroom Beef Burger,Burger with a beef patty and savory mushroom topping.,23.0,https://images.deliveryhero.io/image/talabat/Menuitems/mmw_637825219720542921?width=172&amp;height=172
Smoke House Beef Burger,,23.0,https://images.deliveryhero.io/image/talabat/Menuitems/mmw_638263162864430551?width=172&amp;height=172
Classic Beef Burger,"A savory sandwich made with a grilled beef patty, served with traditional toppings.",22.0,https://images.deliveryhero.io/image/talabat/Menuitems/mmw_638263161868732695?width=172&amp;height=172
Mexican Spicy Beef Burger,,22.0,https://images.deliveryhero.io/image/talabat/Menuitems/mmw_638263163688615842?width=172&amp;height=172
Great Indian Spicy Veg Burger,,18.0,https://images.deliveryhero.io/image/talabat/Menuitems/mmw_637825220899759555?width=172&amp;height=172
TCS Special Hot dog With Fries,,24.0,https://images.deliveryhero.io/image/talabat/Menuitems/mmw_637825221621069699?width=172&amp;height=172
Small Arabic Shawerma,,10.0,https://images.deliveryhero.io/image/talabat/Menuitems/mmw_637924461354684959?width=172&amp;height=172
Small Spicy Shawerma,,10.0,https://images.deliveryhero.io/image/talabat/Menuitems/mmw_637924461541349261?width=172&amp;height=172
Large Shawerma With Saj Bread,,16.0,https://images.deliveryhero.io/image/talabat/Menuitems/mmw_637924461834714988?width=172&amp;height=172
Spicy Shawerma Saj,,16.0,https://images.deliveryhero.io/image/talabat/Menuitems/mmw_637924462201679359?width=172&amp;height=172
Shawerma Plate.,,34.0,https://images.deliveryhero.io/image/talabat/Menuitems/mmw_637924462608692087?width=172&amp;height=172
Shawerma Combo,"large shawerma, french fries and soft drink.",28.0,https://images.deliveryhero.io/image/talabat/Menuitems/mmw_637825223228343066?width=172&amp;height=172
Traditional Small Chicken Shawarma,"Charcoal Chicken wrapped in arabic bread along with garlic paste, pickle and french fries.",10.0,https://images.deliveryhero.io/image/talabat/Menuitems/mmw_638054089230056776?width=172&amp;height=172
Traditional Large Chicken Shawarma,"Charcoal chicken shawarma wrapped in Saj bread along with fries, pickle and garlic paste",16.0,
Spaghetti Bolognese Pasta,"Spaghetti Bolognese Pasta, Al dente spaghetti tossed in a rich and savory meat sauce, topped with grated cheese,",32.0,https://images.deliveryhero.io/image/talabat/Menuitems/mmw_637825224803684610?width=172&amp;height=172
Fettuccine Alfredo Pasta,"A soup made with thin rice noodles, often combined with vegetables, meat, or broth.",34.0,https://images.deliveryhero.io/image/talabat/Menuitems/mmw_637825225063759704?width=172&amp;height=172
Penne Pasta,Tube-shaped pasta often served with various sauces.,32.0,https://images.deliveryhero.io/image/talabat/Menuitems/mmw_637825225588577749?width=172&amp;height=172
Shrimp Pasta,"Made with juicy shrimp, creamy sauce and cooked al dente, It's perfect meal for a gourmet seafood experience",35.0,https://images.deliveryhero.io/image/talabat/Menuitems/Shrimp_Pasta637774383817294656.jpg?width=172&amp;height=172
Buffalo Wings,"Chicken wings coated in a tangy and spicy buffalo sauce, served with a side of cooling ranch dressing.",22.0,https://images.deliveryhero.io/image/talabat/Menuitems/mmw_638263158076695184?width=172&amp;height=172
Honey BBQ Wings,,22.0,https://images.deliveryhero.io/image/talabat/Menuitems/mmw_637825226642489294?width=172&amp;height=172
Cajun Wings,,22.0,https://images.deliveryhero.io/image/talabat/Menuitems/mmw_637825227063010706?width=172&amp;height=172
Greek Salad,"Made with a mix of fresh vegetables such as tomatoes, cucumbers, onions, and feta cheese, it's a healthy and delicious option for those looking for a light meal or a side dish.",20.0,https://images.deliveryhero.io/image/talabat/Menuitems/mmw_637924464659051432?width=172&amp;height=172
Chicken And Caesar Salad,,22.0,https://images.deliveryhero.io/image/talabat/Menuitems/mmw_637825228021990237?width=172&amp;height=172
Grilled Chicken And Avocado Salad,,24.0,https://images.deliveryhero.io/image/talabat/Menuitems/mmw_637825228606444471?width=172&amp;height=172
Fattoush,"Made with fresh vegetables, herbs and toasted pita bread. Our Fattoush salad is made with crisp lettuce, tomatoes, cucumbers, onions, parsley and mint, making it a perfect side dish or a satisfying light meal.",20.0,https://images.deliveryhero.io/image/talabat/Menuitems/mmw_637825228861703435?width=172&amp;height=172
Falafel Salad,"Lettuce, tomato, cucumbers and green pepper topped with falafel and tahini sauce.",20.0,https://images.deliveryhero.io/image/talabat/Menuitems/mmw_638220897224413237?width=172&amp;height=172
Mash Potato,"Creamy and smooth mashed potatoes, the ultimate comfort food.",15.0,https://images.deliveryhero.io/image/talabat/Menuitems/mmw_637825229330165595?width=172&amp;height=172
White Rice,"Get a perfect complement to your meal with our high-quality White Rice. Made from premium quality long-grain rice, it is carefully cleaned, processed to retain its natural taste and texture.",8.0,https://images.deliveryhero.io/image/talabat/Menuitems/mmw_637825229498930061?width=172&amp;height=172
Mexican Rice,Rice dish cooked with Mexican spices and ingredients.,16.0,https://images.deliveryhero.io/image/talabat/Menuitems/mexican_rice637774380213703246.jpg?width=172&amp;height=172
Molten Chocolate,Cocoa cake with melted chocolate inside.,18.0,https://images.deliveryhero.io/image/talabat/Menuitems/mmw_637825229825497556?width=172&amp;height=172
Molten Red Velvet,,18.0,https://images.deliveryhero.io/image/talabat/Menuitems/mmw_637825230076645517?width=172&amp;height=172
Chocolate Mousse,"A a luscious dessert with a silky texture, made from whipped cream and rich, melted chocolate.",18.0,
Blue Lagoon Mojito,"Experience our Blue Lagoon Mojito, blending sweet and tart blueberries with zesty lime and refreshing mint, creating a visually stunning and deliciously refreshing cocktail.",16.0,https://images.deliveryhero.io/image/talabat/Menuitems/mmw_637825915671632460?width=172&amp;height=172
Strawberry Mojito,"Made with fresh strawberries, mint leaves, lime juice and a splash of soda. A perfect balance of sweet and tangy, it's a great way to quench your thirst.",16.0,https://images.deliveryhero.io/image/talabat/Menuitems/mmw_637825916419986851?width=172&amp;height=172
Mix Berry Mojito,"Fresh berries muddled with mint, tangy lime, and sparkling soda",16.0,https://images.deliveryhero.io/image/talabat/Menuitems/mmw_637825917061713567?width=172&amp;height=172
Passion Fruit Mojito,"Made with passion fruit, lime, mint and a splash of soda water and will transport you to a tropical paradise.",16.0,https://images.deliveryhero.io/image/talabat/Menuitems/mmw_637825917959861351?width=172&amp;height=172
Lemon Mint Mojito,"Made with lime, mint and a splash of soda water and will transport you to a tropical paradise.",16.0,https://images.deliveryhero.io/image/talabat/Menuitems/Lemon_Mint_Mojito637867499870121449.jpg?width=172&amp;height=172
Iced Americano,16 OZ.,15.0,https://images.deliveryhero.io/image/talabat/Menuitems/Iced_Americano637867499870121310.jpg?width=172&amp;height=172
Iced Latte,16 OZ.,16.0,https://images.deliveryhero.io/image/talabat/Menuitems/Iced_Latte637867501369416585.jpg?width=172&amp;height=172
Iced Spanish Latte,16 OZ.,17.0,https://images.deliveryhero.io/image/talabat/Menuitems/iced_spanish_latte637774379349136612.jpg?width=172&amp;height=172
Iced Caramel Macchiato,16 OZ.,17.0,https://images.deliveryhero.io/image/talabat/Menuitems/Iced_Caramel_Macchiato637867499870121343.jpg?width=172&amp;height=172
TCS Ice Shaken Espresso,16 OZ.,18.0,https://images.deliveryhero.io/image/talabat/Menuitems/TCS_Ice_Shaken_Espresso637867499870121783.jpg?width=172&amp;height=172
Strawberry Smoothie,16 OZ.,16.0,https://images.deliveryhero.io/image/talabat/Menuitems/Strawberry_Smoothie637867499870121753.jpg?width=172&amp;height=172
Mango Smoothie,16 OZ.,16.0,https://images.deliveryhero.io/image/talabat/Menuitems/Mango_Smoothie637867499870121507.jpg?width=172&amp;height=172
Avocado Smoothie,16 OZ.,16.0,https://images.deliveryhero.io/image/talabat/Menuitems/avocado_smoothie637774375700010398.jpg?width=172&amp;height=172
Mix Berry Smoothie,16 OZ.,16.0,https://images.deliveryhero.io/image/talabat/Menuitems/Mix_Berry_Smoothie637867499870121538.jpg?width=172&amp;height=172
Orange Juice,"Made capturing all the natural sweetness and tangy citrus flavor. Packed with Vitamin C, it's the perfect thirst quencher and a healthy addition to your daily diet.",14.0,https://images.deliveryhero.io/image/talabat/Menuitems/Orange_Juice637774381898696459.jpg?width=172&amp;height=172
Lemon Juice,"Made with real lemons and a hint of sweetness. Perfectly balanced, it's a great way to quench your thirst and enjoy the taste of fresh lemons any time of the day.",12.0,https://images.deliveryhero.io/image/talabat/Menuitems/Lemon_Juice637867499870121421.jpg?width=172&amp;height=172
Mango Juice,"Made from the freshest, ripest mangos, carefully selected for the perfect balance of sweetness and tanginess.",16.0,https://images.deliveryhero.io/image/talabat/Menuitems/Mango_Juice637867499870121482.jpg?width=172&amp;height=172
Watermelon Juice,Refreshing and hydrating beverage made from freshly squeezed watermelon. It is a natural source of vitamins and minerals,14.0,https://images.deliveryhero.io/image/talabat/Menuitems/Watermelon_Juice637867499870121061.jpg?width=172&amp;height=172
Strawberry Juice,"Refreshing and delicious, rich in natural vitamins and minerals. Healthy alternative to sugary drinks.",16.0,https://images.deliveryhero.io/image/talabat/Menuitems/Strawberry_Juice637774384448742426.jpg?width=172&amp;height=172
Avocado Juice,"Made from freshly pressed avocados, it's packed with healthy fats, vitamins and minerals, making it a nutritious and delicious drink option.",16.0,https://images.deliveryhero.io/image/talabat/Menuitems/Avocado_Juice637867499870121143.jpg?width=172&amp;height=172
Banana Juice,"Made with bananas and a touch of milk, it's a healthy and delicious alternative to other sugary drinks and perfect for breakfast or anytime you want something sweet.",12.0,https://images.deliveryhero.io/image/talabat/Menuitems/Banana_juice637867499870121173.jpg?width=172&amp;height=172
Vanilla Cream Frappe,,19.0,https://images.deliveryhero.io/image/talabat/Menuitems/Vanilla_Ice_Cream_Shakes637774384912140047.jpg?width=172&amp;height=172
Caramel Frappe,Made with rich caramel sauce and ice-cold milk for a refreshing treat.,19.0,https://images.deliveryhero.io/image/talabat/Menuitems/Caramel_Frappe637867499870121200.jpg?width=172&amp;height=172
Mocha Frappe,"A refreshing blend of smooth espresso, creamy chocolate syrup and ice, topped with whipped cream and chocolate shavings, for a sweet and indulgent pick-me-up treat.",19.0,https://images.deliveryhero.io/image/talabat/Menuitems/Mocha_Frappe637867499870121572.jpg?width=172&amp;height=172
Pepsi,250 ml.,4.0,https://images.deliveryhero.io/image/talabat/Menuitems/pepsi-Can_636996462940571938.jpg?width=172&amp;height=172
Diet Pepsi,250 ml.,4.0,https://images.deliveryhero.io/image/talabat/Menuitems/Diet_Pepsi_636996463105890492.jpg?width=172&amp;height=172
Mirinda,250 ml.,4.0,https://images.deliveryhero.io/image/talabat/Menuitems/Mirinda-Can_636996463564790613.jpg?width=172&amp;height=172
7 Up,250 ml.,4.0,https://images.deliveryhero.io/image/talabat/Menuitems/7up-Can_636996463824279484.jpg?width=172&amp;height=172
Mountain Dew,250 ml.,4.0,https://images.deliveryhero.io/image/talabat/Menuitems/Moutain_Dew-Can_636996463989419443.jpg?width=172&amp;height=172
Water,500 ml.,2.0,https://images.deliveryhero.io/image/talabat/Menuitems/Water637774385228993894.jpg?width=172&amp;height=172
