item_name,item_description,item_price,item_image
Egg Fried Rice,Marinated egg fried rice with green peas and spring onion garnished with fried garlic.,19.0,https://images.deliveryhero.io/image/talabat/Menuitems/mmw_638111346634085311?width=172&amp;height=172
Combo Meal 1 Person,"comes with Choice of Main Dish Protein Option, Choice of Rice or Noodles, 1 Veg Spring Roll and Choice of Drinks		",48.0,https://images.deliveryhero.io/image/talabat/Menuitems/mmw_638171562662894198?width=172&amp;height=172
Crispy chilly Stir Fry,Shredded proteins with sliced onion and mix capsicum sprinkled with sesame seed and complementary jasmine rice.,0.0,https://images.deliveryhero.io/image/talabat/Menuitems/mmw_638171551134074639?width=172&amp;height=172
Salt And Pepper Combo,Shrimps or chicken slices with chips ,0.0,https://images.deliveryhero.io/image/talabat/Menuitems/mmw_638129182118378588?width=172&amp;height=172
Black bean Stir Fry,"Fresh bites served with special black bean sauce stir fried with onion, mix capsicum and spring onion served with complementary jasmine rice.",0.0,https://images.deliveryhero.io/image/talabat/Menuitems/mmw_638171547992928317?width=172&amp;height=172
American Wings,,0.0,https://images.deliveryhero.io/image/talabat/Menuitems/mmw_638172357647734388?width=172&amp;height=172
Asian Wings,Asian style of wings flavour.,0.0,https://images.deliveryhero.io/image/talabat/Menuitems/mmw_638172358662459141?width=172&amp;height=172
Seasoned Wings,Wings With Special Seasoning,0.0,
Ranch Sauce,Hand Made Ranch Sauce,7.0,
Combo Meal 1 Person,"comes with Choice of Main Dish Protein Option, Choice of Rice or Noodles, 1 Veg Spring Roll and Choice of Drinks		",48.0,https://images.deliveryhero.io/image/talabat/Menuitems/mmw_638171562662894198?width=172&amp;height=172
Salt And Pepper Combo,Shrimps or chicken slices with chips ,0.0,https://images.deliveryhero.io/image/talabat/Menuitems/mmw_638129182118378588?width=172&amp;height=172
Fries with Special Sauce ,"- Steak Cut Fries 
- Special Curry Sauce (Cheese Option)
- Choice Of Drinks",32.0,https://images.deliveryhero.io/image/talabat/Menuitems/mmw_638171541564892086?width=172&amp;height=172
Wings Combo,,49.0,https://images.deliveryhero.io/image/talabat/Menuitems/mmw_638171540145029452?width=172&amp;height=172
Spring Roll,"Fresh hand made spring rolls with carrot, shitake mushroom, white cabbage, bamboo shoots, garlic, spring onion and glass noodles served with sauce",0.0,https://images.deliveryhero.io/image/talabat/Menuitems/mmw_638171541369486343?width=172&amp;height=172
Dynamite Shrimps,Dynamite Shrimps Served With Dynamite Sauce,39.0,https://images.deliveryhero.io/image/talabat/Menuitems/mmw_638172377581897047?width=172&amp;height=172
Shrimp Toast With Seasme Seeds,Shrimp Toast dipped in roasted Sesame Seeds,38.0,https://images.deliveryhero.io/image/talabat/Menuitems/mmw_638171543091275776?width=172&amp;height=172
Crispy Fry Tofu With Peanut Sauce,,35.0,https://images.deliveryhero.io/image/talabat/Menuitems/mmw_638110982642398557?width=172&amp;height=172
Chips,"Steak Cut / Skin on Crispy French Fries served with Choice of Sauce
",20.0,https://images.deliveryhero.io/image/talabat/Menuitems/mmw_638171542562362881?width=172&amp;height=172
Salt and pepper Wings,Crispy deep fried chicken wings tossed in salt and pepper seasoning with onion and bell pepper.,44.0,https://images.deliveryhero.io/image/talabat/Menuitems/mmw_638171543655525412?width=172&amp;height=172
Salt and pepper,"Fresh and Juicy Chicken or Shrimp tossed in salt and pepper seasoning with onion and bell pepper.
",0.0,https://images.deliveryhero.io/image/talabat/Menuitems/mmw_638171545060148626?width=172&amp;height=172
Sweet corn soup,Fresh corn served in sweet corn cream with sesame oil flavor with choice of protein,0.0,https://images.deliveryhero.io/image/talabat/Menuitems/mmw_638129187870652948?width=172&amp;height=172
wonton wrapper soup,Hand made fresh chicken wonton served with clear broth soup,0.0,https://images.deliveryhero.io/image/talabat/Menuitems/mmw_638129191020509901?width=172&amp;height=172
Dumplings Gyoza,"Steam dumplings, 8 pieces served with chili soya and chili oil",0.0,https://images.deliveryhero.io/image/talabat/Menuitems/mmw_638171544922644790?width=172&amp;height=172
Hargao,"Steam Hargao, 8 Pieces served with chili soya and home made chili oil",38.0,https://images.deliveryhero.io/image/talabat/Menuitems/mmw_638171547708797446?width=172&amp;height=172
Siu Mai,"Steam siu mai, 8 pieces served with chili soya and chili oil",0.0,https://images.deliveryhero.io/image/talabat/Menuitems/mmw_638171546387582985?width=172&amp;height=172
Pau Char Chicken BBQ Bun,"Steam bar b q bun, 4 pieces served with hoisin",39.0,https://images.deliveryhero.io/image/talabat/Menuitems/mmw_638171546328436357?width=172&amp;height=172
Chinese Curry with onion and peas,Chef special Thick Chinese curry served with onion and green peas with complementary jasmine rice and choice of protein.,0.0,https://images.deliveryhero.io/image/talabat/Menuitems/mmw_638171547602060869?width=172&amp;height=172
Ginger And Spring Onion,,0.0,https://images.deliveryhero.io/image/talabat/Menuitems/mmw_638172389703925338?width=172&amp;height=172
Black bean Stir Fry,"Fresh bites served with special black bean sauce stir fried with onion, mix capsicum and spring onion served with complementary jasmine rice.",0.0,https://images.deliveryhero.io/image/talabat/Menuitems/mmw_638171547992928317?width=172&amp;height=172
Stir Fry schezwan,"Fresh bites served with special Schezwan sauce stir fried with onion, mix capsicum and spring onion served with complementary rice, choices of protein as well.",0.0,https://images.deliveryhero.io/image/talabat/Menuitems/mmw_638171548541304924?width=172&amp;height=172
Stir Fry kung pao,"Fresh bites served with onion, carrot, ginger, dry chili, spring onion, and peanuts with complementary jasmine rice, and choices of proteins.

",0.0,https://images.deliveryhero.io/image/talabat/Menuitems/mmw_638171549628218226?width=172&amp;height=172
Crispy chilly Stir Fry,Shredded proteins with sliced onion and mix capsicum sprinkled with sesame seed and complementary jasmine rice.,0.0,https://images.deliveryhero.io/image/talabat/Menuitems/mmw_638171551134074639?width=172&amp;height=172
Stir fry Black pepper,"Ginger garlic, onion, capsicum, and Shimji mushroom with black pepper sauce garnished with spring onion, with complementary jasmine rice, and choice of protein.
",0.0,https://images.deliveryhero.io/image/talabat/Menuitems/mmw_638171551726967040?width=172&amp;height=172
Cashew Nut,"Stir fry onion, mix capsicum, baby corn, mushroom, spring onion, garlic and cashew nut served with complementary jasmine rice and options of proteins.",0.0,https://images.deliveryhero.io/image/talabat/Menuitems/mmw_638171551837749911?width=172&amp;height=172
Broccoli Stir Fry,,0.0,https://images.deliveryhero.io/image/talabat/Menuitems/mmw_638171563385201137?width=172&amp;height=172
sweet and sour,"Pineapple Slice, Mix Capsicum, Onion and green peas tossed with Sweet and Sour Sauce and Complementary Jasmine Rice, Choice of Proteins

",0.0,https://images.deliveryhero.io/image/talabat/Menuitems/mmw_638171564499154313?width=172&amp;height=172
Stir fry mix vegetables,"Stir Fry Fresh Mix 8 types of Vegetables with Complementary jasmine Rice

",39.0,https://images.deliveryhero.io/image/talabat/Menuitems/mmw_638171564065428232?width=172&amp;height=172
Chow Mein Hakka Noodles,"Stir Fry Egg Noodles mixed with beansprout, Mix Capsicum, Carrot, Onion, Spring onion, Mushroom and Ginger Garlic served with Chilli Oil and Ginger Soya

",0.0,https://images.deliveryhero.io/image/talabat/Menuitems/mmw_638171580260131949?width=172&amp;height=172
Pad Thai Noodle,"Fresh Pad Thai Noodles Tossed With Special Pad Thai Sauce, Carrot, Cabbage, Beans Sprout, Spring Onion, Sweet Radish, And Fried Tofu, Served With Lime, Chili Fresh, And Roasted Peanut",0.0,https://images.deliveryhero.io/image/talabat/Menuitems/mmw_638172371049626334?width=172&amp;height=172
Singapore Rice Noodles,"Vermicelli noodle tossed in onion, mix pepper, beansprout, carrot, cabbage, and egg tossed with special Singapore spices.",0.0,https://images.deliveryhero.io/image/talabat/Menuitems/mmw_638171599833494876?width=172&amp;height=172
Special Fried Rice,"Marinated rice tossed with egg, green peas, spring onion and served with fresh salad, chili soya sauce and choice of proteins",0.0,https://images.deliveryhero.io/image/talabat/Menuitems/mmw_638171608992404803?width=172&amp;height=172
Egg Fried Rice,Marinated egg fried rice with green peas and spring onion garnished with fried garlic.,19.0,https://images.deliveryhero.io/image/talabat/Menuitems/mmw_638111346634085311?width=172&amp;height=172
Garlic Fried Rice,"Garlic fried rice green peas, spring, and fresh chopped chili.",19.0,https://images.deliveryhero.io/image/talabat/Menuitems/mmw_638111346653445476?width=172&amp;height=172
Plain Soft Noodles,Soft noodles with beansprouts side portion.,19.0,https://images.deliveryhero.io/image/talabat/Menuitems/mmw_638111346819778937?width=172&amp;height=172
Jasmine Rice,Steam jasmine rice,15.0,https://images.deliveryhero.io/image/talabat/Menuitems/mmw_638111347412707268?width=172&amp;height=172
Special Curry ,Special British curry sauce in 400 ml container,13.0,https://images.deliveryhero.io/image/talabat/Menuitems/mmw_638171614412752540?width=172&amp;height=172
Water,Stay hydrated and refreshed with our water.,5.0,
Fanta ,Soft drink,6.0,https://images.deliveryhero.io/image/talabat/Menuitems/mmw_638111349654059926?width=172&amp;height=172
Sprite,Non-caffeinated soft drink,6.0,https://images.deliveryhero.io/image/talabat/Menuitems/mmw_638111352722551299?width=172&amp;height=172
Coke Light,Soft Drink,6.0,https://images.deliveryhero.io/image/talabat/Menuitems/mmw_638146482436907334?width=172&amp;height=172
Coke Zero,soft drink,6.0,https://images.deliveryhero.io/image/talabat/Menuitems/mmw_638146488130865520?width=172&amp;height=172
Coke,"Quench your thirst with the effervescent delight of Coke, a refreshing carbonated beverage that delivers the perfect balance of sweetness and fizz, invigorating your taste buds with every icy-cold sip.",6.0,https://images.deliveryhero.io/image/talabat/Menuitems/mmw_638111352271454195?width=172&amp;height=172
Lemon Ice Tea ,Lemon ice tea is a refreshing beverage made by brewing tea and adding lemon flavor.,9.0,https://images.deliveryhero.io/image/talabat/Menuitems/mmw_638111351689970322?width=172&amp;height=172
