item_name,item_description,item_price,item_image
Hazelnut,With hazelnut mousse,28.0,https://images.deliveryhero.io/image/talabat/Menuitems/blob_638273569676318544?width=172&amp;height=172
Mango,Mango mousse with fresh mango.,28.0,https://images.deliveryhero.io/image/talabat/Menuitems/blob_638273571578739933?width=172&amp;height=172
Tiramisu,,28.0,https://images.deliveryhero.io/image/talabat/Menuitems/blob_638273573084369844?width=172&amp;height=172
Cookies 1Kg,"Almond, pistachio, coconut and chocolate",40.0,https://images.deliveryhero.io/image/talabat/Menuitems/blob_638099038485368990?width=172&amp;height=172
Vanilla Cup Cake,,19.0,https://images.deliveryhero.io/image/talabat/Menuitems/mmw_637979031609062466?width=172&amp;height=172
Chocolate Cup Cake,,19.0,https://images.deliveryhero.io/image/talabat/Menuitems/mmw_637979032141139510?width=172&amp;height=172
Marble Cup Cake,,19.0,https://images.deliveryhero.io/image/talabat/Menuitems/mmw_637979033082782764?width=172&amp;height=172
Vanilla Loaf Cake,,40.0,https://images.deliveryhero.io/image/talabat/Menuitems/20220826_Talabat_UAE_The_637973770172680392.jpg?width=172&amp;height=172
Chocolate Loaf Cake,,40.0,https://images.deliveryhero.io/image/talabat/Menuitems/20220826_Talabat_UAE_The_637973770100035963.jpg?width=172&amp;height=172
Marble Loaf Cake,Loaf cake,40.0,https://images.deliveryhero.io/image/talabat/Menuitems/blob_638015312907944499?width=172&amp;height=172
Vanilla Mango Pyrex,,0.0,https://images.deliveryhero.io/image/talabat/Menuitems/mmw_637979014965761973?width=172&amp;height=172
Fruit Truffle Pyrex,,0.0,https://images.deliveryhero.io/image/talabat/Menuitems/blob_638236203872134364?width=172&amp;height=172
Pistachio Brulle Pyrex,,0.0,https://images.deliveryhero.io/image/talabat/Menuitems/mmw_637985818204375269?width=172&amp;height=172
Vanilla Mango Cake 8pax,8 pack,220.0,https://images.deliveryhero.io/image/talabat/Menuitems/20220826_Talabat_UAE_The_637973770138170931.jpg?width=172&amp;height=172
Hessa Crunch Pastry,,25.0,https://images.deliveryhero.io/image/talabat/Menuitems/20220826_Talabat_UAE_The_637973770103243519.jpg?width=172&amp;height=172
Vanilla Caramel Pastry,,25.0,https://images.deliveryhero.io/image/talabat/Menuitems/20220826_Talabat_UAE_The_637973770150256229.jpg?width=172&amp;height=172
Cintaly Pastry,,25.0,https://images.deliveryhero.io/image/talabat/Menuitems/20220826_Talabat_UAE_The_637973770093227179.jpg?width=172&amp;height=172
Fruits Truffle Glass 2 Oz,,15.0,https://images.deliveryhero.io/image/talabat/Menuitems/mmw_637975568446285748?width=172&amp;height=172
Pistachio Glass 2 Oz,,15.0,https://images.deliveryhero.io/image/talabat/Menuitems/mmw_637975568651066240?width=172&amp;height=172
Vanilla Mango Glass 2 Oz,,15.0,https://images.deliveryhero.io/image/talabat/Menuitems/mmw_637985850212616308?width=172&amp;height=172
