item_name,item_description,item_price,item_image
Cheese Cake,6 inch Piece,39.0,https://images.deliveryhero.io/image/talabat/Menuitems/Cheese_Cake_636931949436755646.jpg?width=172&amp;height=172
Chocolate Japanese Cheesecake,,44.0,https://images.deliveryhero.io/image/talabat/Menuitems/Chocolate_Japanese_C_637059083181001057.jpg?width=172&amp;height=172
Honey Japanese Cheesecake,,46.0,https://images.deliveryhero.io/image/talabat/Menuitems/honey_637122001700243576.jpg?width=172&amp;height=172
Chocolate Japanese Cheese Tart,6 pieces.,46.0,https://images.deliveryhero.io/image/talabat/Menuitems/choco_tart_637122002025701108.jpg?width=172&amp;height=172
Original Japanese Cheese Tart,6 pieces.,42.0,https://images.deliveryhero.io/image/talabat/Menuitems/cheese_tart_637122003372041927.jpg?width=172&amp;height=172
Toasted Cheesecake Rusk,Japanese Cheesecake Toasted Rusk,15.0,https://images.deliveryhero.io/image/talabat/Menuitems/Original_Toasted_Rus_637286004710468066.jpeg?width=172&amp;height=172
Testu Iced Americano,,22.0,https://images.deliveryhero.io/image/talabat/Menuitems/Tetsu_Iced_Americano_636936219352896667.jpg?width=172&amp;height=172
Testu Iced Latte,,26.0,https://images.deliveryhero.io/image/talabat/Menuitems/Testu_Iced_Latte_636931949463261044.jpg?width=172&amp;height=172
Testu Shake,,28.0,https://images.deliveryhero.io/image/talabat/Menuitems/Testu_Shake_636931949499235516.jpg?width=172&amp;height=172
Small Water,Stay hydrated and refreshed with our water. ,5.0,https://images.deliveryhero.io/image/talabat/Menuitems/water_636931949519484920.jpg?width=172&amp;height=172
Large Water,Stay hydrated and refreshed with our water.,10.0,https://images.deliveryhero.io/image/talabat/Menuitems/Large_water_636936219361364781.jpg?width=172&amp;height=172
Strawberry Milk Tea,,20.0,
Single Espresso,"Wake up to the bold, rich flavor of our Single Espresso, made with hand-selected Arabica beans to deliver a concentrated and satisfying coffee experience.",14.0,
Double Espresso,"Wake up to the bold, rich flavor of our Double Espresso, made with hand-selected Arabica beans to deliver a concentrated and satisfying coffee experience.",16.0,
Americano,"Made with freshly brewed espresso and hot water, it's the perfect choice for coffee lovers who appreciate a strong and robust taste.",16.0,
Cappuccino,"Made with espresso and steamed milk creating rich, velvety taste.",20.0,
Latte,"Made with espresso and steamed milk, it's the perfect way to start your day or take a break during the day.",20.0,
Matcha Latte,Tea-based beverage that is made by combining matcha powder with milk.,24.0,
