item_name,item_description,item_price,item_image
Mahashi 10 Pieces ,,0.0,
Kibbeh,6 pieces of crispy kibba stuffed with meat served with jujube sauce,35.0,https://images.deliveryhero.io/image/talabat/Menuitems/mmw_638289839695812497?width=172&amp;height=172
meat Bechamel,,0.0,https://images.deliveryhero.io/image/talabat/Menuitems/mmw_638289841801507901?width=172&amp;height=172
Shawarma Roll,4 pieces of shawarma roll with sauce.,28.0,https://images.deliveryhero.io/image/talabat/Menuitems/mmw_638148165996050083?width=172&amp;height=172
Sambosa,6 Pieces,30.0,https://images.deliveryhero.io/image/talabat/Menuitems/sambousa_ward_enab_638307304155582440.JPG?width=172&amp;height=172
Shawarma Roll Large,"Fresh chicken shawarma with garlic sauce, mexican sauce, fresh potato chips.",0.0,https://images.deliveryhero.io/image/talabat/Menuitems/mmw_638289828664621458?width=172&amp;height=172
Shawarma Roll,4 pieces of shawarma roll with sauce.,28.0,https://images.deliveryhero.io/image/talabat/Menuitems/mmw_638148165996050083?width=172&amp;height=172
Chicken Bun ,,40.0,https://images.deliveryhero.io/image/talabat/Menuitems/chicken_bun638307301790583419.JPG?width=172&amp;height=172
Roll Musakhan,"Chicken breasts with sumac
",35.0,https://images.deliveryhero.io/image/talabat/Menuitems/roll_mosakhan638290650646091348.jpg?width=172&amp;height=172
Kibbeh,6 pieces of crispy kibba stuffed with meat served with jujube sauce,35.0,https://images.deliveryhero.io/image/talabat/Menuitems/mmw_638289839695812497?width=172&amp;height=172
Sambosa,6 Pieces,30.0,https://images.deliveryhero.io/image/talabat/Menuitems/sambousa_ward_enab_638307304155582440.JPG?width=172&amp;height=172
Large Fatteh ,"Large Fatteh Box for 3 Persons, Pomegranate, Lemon, Toasted Bread, Grape Leaves",100.0,https://images.deliveryhero.io/image/talabat/Menuitems/mmw_637923541295463991?width=172&amp;height=172
Cold Vine Leaves,12 Pieces ,25.0,
Small Fatteh,,35.0,https://images.deliveryhero.io/image/talabat/Menuitems/mmw_638289832328138975?width=172&amp;height=172
chicken Bechamel,,0.0,https://images.deliveryhero.io/image/talabat/Menuitems/mmw_638289841553250123?width=172&amp;height=172
meat Bechamel,,0.0,https://images.deliveryhero.io/image/talabat/Menuitems/mmw_638289841801507901?width=172&amp;height=172
Potato Meat Balls,,0.0,https://images.deliveryhero.io/image/talabat/Menuitems/potato_balls638307301314963277.jpg?width=172&amp;height=172
Potato Chicken Balls,,0.0,https://images.deliveryhero.io/image/talabat/Menuitems/mmw_638289838426185069?width=172&amp;height=172
Half kilo Mahashi,,70.0,https://images.deliveryhero.io/image/talabat/Menuitems/kilo_mahashi638308888031571619.JPG?width=172&amp;height=172
kilo Mahashi,,120.0,https://images.deliveryhero.io/image/talabat/Menuitems/kilo_mahashi638307302534989029.JPG?width=172&amp;height=172
Mahashi box 2 kilo,,180.0,https://images.deliveryhero.io/image/talabat/Menuitems/20220621_Talabat_UAE_Ward637914958580694817.jpg?width=172&amp;height=172
Mahashi 10 Pieces ,,0.0,
Musakhan box,"30 pieces of musakhan crispy roll, in addition to 3 Musakhan sauces, suitable for gatherings",180.0,https://images.deliveryhero.io/image/talabat/Menuitems/mmw_637923566610604679?width=172&amp;height=172
small Koshary dish ,,35.0,https://images.deliveryhero.io/image/talabat/Menuitems/20220621_Talabat_UAE_Ward637914958607081182.jpg?width=172&amp;height=172
large Koshary dish ,,50.0,https://images.deliveryhero.io/image/talabat/Menuitems/20220621_Talabat_UAE_Ward637914958577779957.jpg?width=172&amp;height=172
Shish Barak,Meat dumplings cooked in a garlic yogurt sauce with rice,45.0,https://images.deliveryhero.io/image/talabat/Menuitems/mmw_638289837651727744?width=172&amp;height=172
