item_name,item_description,item_price,item_image
Za'atar Manakeesh,,0.0,https://images.deliveryhero.io/image/talabat/Menuitems/20220428_Talabat_UAE_Wild637870085911756321.jpg?width=172&amp;height=172
Falafel Wrap,"Organic baked Falafel wrap on Organic bread.
Prepared with Falafel, Tahina, Pickle Turnips, Tomatoes and Parsley.
",16.0,https://images.deliveryhero.io/image/talabat/Menuitems/mmw_637969270063416642?width=172&amp;height=172
Labneh Manakeesh,"Labneh, sliced green olives, tomatoes, cucumber and mint",0.0,https://images.deliveryhero.io/image/talabat/Menuitems/20220428_Talabat_UAE_Wild637870087542899144.jpg?width=172&amp;height=172
Cheese Manakeesh,"A flatbread topped with melted cheese, offering a simple and satisfying option.",0.0,https://images.deliveryhero.io/image/talabat/Menuitems/20220428_Talabat_UAE_Wild637870087976594484.jpg?width=172&amp;height=172
Mixed Cheese Manakeesh,"Mozzarella, akkawi and kashkaval",0.0,https://images.deliveryhero.io/image/talabat/Menuitems/20220428_Talabat_UAE_Wild637870087054772182.jpg?width=172&amp;height=172
Za'atar Manakeesh,,0.0,https://images.deliveryhero.io/image/talabat/Menuitems/20220428_Talabat_UAE_Wild637870085911756321.jpg?width=172&amp;height=172
Cheese Manakeesh,"A flatbread topped with melted cheese, offering a simple and satisfying option.",0.0,https://images.deliveryhero.io/image/talabat/Menuitems/20220428_Talabat_UAE_Wild637870087976594484.jpg?width=172&amp;height=172
Zaatar Cheese Manakeesh,,0.0,https://images.deliveryhero.io/image/talabat/Menuitems/20220428_Talabat_UAE_Wild637870086044097709.jpg?width=172&amp;height=172
Potato Manakeesh,"Potatoes, spring onions, mint, lemon and olive oil",0.0,https://images.deliveryhero.io/image/talabat/Menuitems/20220428_Talabat_UAE_Wild637870086560480896.jpg?width=172&amp;height=172
Labneh Manakeesh,"Labneh, sliced green olives, tomatoes, cucumber and mint",0.0,https://images.deliveryhero.io/image/talabat/Menuitems/20220428_Talabat_UAE_Wild637870087542899144.jpg?width=172&amp;height=172
Mixed Cheese Manakeesh,"Mozzarella, akkawi and kashkaval",0.0,https://images.deliveryhero.io/image/talabat/Menuitems/20220428_Talabat_UAE_Wild637870087054772182.jpg?width=172&amp;height=172
Kashkaval Feta Manakeesh,Kashkaval and feta cheese,0.0,https://images.deliveryhero.io/image/talabat/Menuitems/20220428_Talabat_UAE_Wild637870087621576216.jpg?width=172&amp;height=172
Spinach Fatayer,"Spinach, onion, lemon salt and sumac",0.0,https://images.deliveryhero.io/image/talabat/Menuitems/20220428_Talabat_UAE_Wild637870086477617317.jpg?width=172&amp;height=172
Zaatar With Vegetables Manakeesh,Organic and gluten free zaatar Manakeesh ,12.0,https://images.deliveryhero.io/image/talabat/Menuitems/mmw_637876761227695451?width=172&amp;height=172
Mini Zaatar,,0.0,https://images.deliveryhero.io/image/talabat/Menuitems/20220428_Talabat_UAE_Wild637870087131498074.jpg?width=172&amp;height=172
Mini Pizza,"A crispy golden crust, zesty tomato sauce, and gooey melted cheese.",0.0,https://images.deliveryhero.io/image/talabat/Menuitems/20220428_Talabat_UAE_Wild637870087322650511.jpg?width=172&amp;height=172
Mini Spinach,,0.0,https://images.deliveryhero.io/image/talabat/Menuitems/20220428_Talabat_UAE_Wild637870087364514368.jpg?width=172&amp;height=172
Mini Akawi Cheese,,0.0,https://images.deliveryhero.io/image/talabat/Menuitems/20220428_Talabat_UAE_Wild637870087448761857.jpg?width=172&amp;height=172
Mini Kashkaval Feta,,0.0,https://images.deliveryhero.io/image/talabat/Menuitems/20220428_Talabat_UAE_Wild637870087211767900.jpg?width=172&amp;height=172
Mini Dozen,,0.0,https://images.deliveryhero.io/image/talabat/Menuitems/20220428_Talabat_UAE_Wild637870087266326717.jpg?width=172&amp;height=172
Falafel Wrap,"Organic baked Falafel wrap on Organic bread.
Prepared with Falafel, Tahina, Pickle Turnips, Tomatoes and Parsley.
",16.0,https://images.deliveryhero.io/image/talabat/Menuitems/mmw_637969270063416642?width=172&amp;height=172
Halloumi Wrap,,18.0,
Cashew Coconut Date Balls,"Organic, gluten and free cashew coconut date balls 6 pieces.",27.0,https://images.deliveryhero.io/image/talabat/Menuitems/mmw_637877776647418529?width=172&amp;height=172
Cocoa Coconut Date Balls,"Organic, gluten and free cocoa coconut date balls 6 pieces.",27.0,https://images.deliveryhero.io/image/talabat/Menuitems/mmw_637877776726036825?width=172&amp;height=172
Superfood Breakfast Dragon Fruit Bowl,"Pink dragon fruit, banana and almond milk",35.0,https://images.deliveryhero.io/image/talabat/Menuitems/mmw_638046958921434734?width=172&amp;height=172
Superfood Breakfast Acai Bowl,"Acai, banana and almond milk",35.0,https://images.deliveryhero.io/image/talabat/Menuitems/mmw_638046969160458175?width=172&amp;height=172
Superfood Breakfast Mango Bowl,"Mango, banana and almond milk",35.0,https://images.deliveryhero.io/image/talabat/Menuitems/mmw_638047145752387260?width=172&amp;height=172
Acai Superfood Kick,"Pure healthy 100% all natural smoothies nothing added, nothing taken away, just good old fashion fruits, vegetables ingredients acai, blueberry, banana and mango.",25.0,https://images.deliveryhero.io/image/talabat/Menuitems/mmw_637884519716950542?width=172&amp;height=172
Avocadolicious,"Pure healthy 100% all natural smoothies nothing added, nothing taken away, just good old fashion fruits, vegetables, ingredients avocado, mint, lemon, mango and pear.",25.0,https://images.deliveryhero.io/image/talabat/Menuitems/mmw_637884519902328626?width=172&amp;height=172
Berry Love,"Pure healthy 100% all natural smoothies nothing added, nothing taken away, just good old fashion fruits, vegetables ingredients raspberry, blueberry and banana.",25.0,https://images.deliveryhero.io/image/talabat/Menuitems/mmw_637884520192779739?width=172&amp;height=172
Carribean Chiller,"Pure healthy 100% all natural smoothies.

Nothing added, nothing taken away, just good old fashion fruits and vegetables.

Ingredients melon, strawberry and mango",25.0,https://images.deliveryhero.io/image/talabat/Menuitems/mmw_637884520362401365?width=172&amp;height=172
Coco Loco,"Pure healthy 100% all natural smoothies nothing added, nothing taken away, just good old fashion fruits, vegetables. ingredients banana, pineapple and coconut.",25.0,https://images.deliveryhero.io/image/talabat/Menuitems/mmw_637884520573422626?width=172&amp;height=172
Green Detox Delight,"Pure healthy 100% all natural smoothies nothing added, nothing taken away, just good old fashion fruits, vegetables ingredients spinach, celery, broccoli, mango, banana and pineapple.",25.0,https://images.deliveryhero.io/image/talabat/Menuitems/mmw_637884520707784285?width=172&amp;height=172
Love Potion,"Pure healthy 100% all natural smoothies

Nothing added, nothing taken away, just good old fashion fruits and vegetables.

Ingredients strawberry, banana, papaya and cherry",25.0,https://images.deliveryhero.io/image/talabat/Menuitems/mmw_637884520842391897?width=172&amp;height=172
Power Up Beetroot,"Pure Healthy 100% all natural Smoothies
Nothing added & nothing taken away, Just good old fashion fruits & vegetables.

Ingredients : Beetroot, Ginger, Blueberry, Pineapple",25.0,https://images.deliveryhero.io/image/talabat/Menuitems/mmw_637884521004009185?width=172&amp;height=172
Vitamin Boom,"Pure healthy 100% all natural smoothies

Nothing added, nothing taken away, just good old fashion fruits and vegetables.

Ingredients mango, pineapple and passion fruit",25.0,https://images.deliveryhero.io/image/talabat/Menuitems/mmw_637884521664887990?width=172&amp;height=172
Organic Mamoul Dates Jar,,90.0,
Organic Loose Granola,,55.0,
Organic Granola Jar,,105.0,
