item_name,item_description,item_price,item_image
Jordanian Mansaf Lamb,Jordanian mansaf lamb served with jameed and green salad side.,77.0,https://images.deliveryhero.io/image/talabat/Menuitems/WhatsApp_Image_20230914_a638302963537020606.jpeg?width=172&amp;height=172
Stuffed Vine Leaves And Zucchini-Warak Enab,"Stuffed vine leaves and zucchini served with lamb chops, lemon and special yoghurt cucumber salad",71.5,https://images.deliveryhero.io/image/talabat/Menuitems/mmw_638254774890675828?width=172&amp;height=172
Musakhan Rolls,"5 pieces. Baked filo pastry filled with spiced minced chicken, onions, and pine nuts",25.0,https://images.deliveryhero.io/image/talabat/Menuitems/Musakhan_rolls638302939820473330.jpeg?width=172&amp;height=172
Mloukhiyeh with Chicken,Fine cut mloukhiyeh served with chicken and white rice with nuts,58.0,https://images.deliveryhero.io/image/talabat/Menuitems/mmw_638302893577066730?width=172&amp;height=172
Chicken Ouzi,"Special marinated half chicken, rice with minced meat and vegetables served with yogurt.",66.0,https://images.deliveryhero.io/image/talabat/Menuitems/mmw_638254764767718820?width=172&amp;height=172
Lentil Soup,Lentil soup served with pita chips and lemon,22.0,https://images.deliveryhero.io/image/talabat/Menuitems/Lentil_soup638302939507633046.jpeg?width=172&amp;height=172
Freekeh With Chicken Soup,Freekeh soup served with pita chips and lemon,27.0,https://images.deliveryhero.io/image/talabat/Menuitems/Freekeh_with_chicken_soup638302938767786815.jpeg?width=172&amp;height=172
Jordanian Mansaf Lamb,Jordanian mansaf lamb served with jameed and green salad side.,77.0,https://images.deliveryhero.io/image/talabat/Menuitems/WhatsApp_Image_20230914_a638302963537020606.jpeg?width=172&amp;height=172
Stuffed Lamb Neck,Stuffed lamb neck served with ouzi rice and yoghurt side.,75.0,https://images.deliveryhero.io/image/talabat/Menuitems/Stuffed_neck638302940451189258.jpeg?width=172&amp;height=172
Jordanian Fateet In Jameed-Lamb,"Lamb meat, shrak bread and jameed served with green salad side",66.0,https://images.deliveryhero.io/image/talabat/Menuitems/mmw_638260755524209762?width=172&amp;height=172
Palestinian Chicken Musakhan," Chicken, onion with sumak spice cooked in olive oil served with yoghurt side.",55.0,https://images.deliveryhero.io/image/talabat/Menuitems/mmw_638255211822735077?width=172&amp;height=172
Stuffed Cabbbage Leaves - Malfouf,Stuffed baladi cabbage leaves and lamb chops with lime sauce served with yogurt and onion,66.0,https://images.deliveryhero.io/image/talabat/Menuitems/mmw_638255213827165969?width=172&amp;height=172
Stuffed Vine Leaves And Zucchini-Warak Enab,"Stuffed vine leaves and zucchini served with lamb chops, lemon and special yoghurt cucumber salad",71.5,https://images.deliveryhero.io/image/talabat/Menuitems/mmw_638254774890675828?width=172&amp;height=172
Mixed Mahashi Stuffed Vegetables,Stuffed vegetable served with tomato sauce,57.0,https://images.deliveryhero.io/image/talabat/Menuitems/mmw_638254756783913798?width=172&amp;height=172
Lamb Ouzi,"Special marinated lamb piece from leg, rice with minced meat and vegetables served with yogurt.",70.0,https://images.deliveryhero.io/image/talabat/Menuitems/Lamb_ouzi638302939374828634.jpeg?width=172&amp;height=172
Chicken Ouzi,"Special marinated half chicken, rice with minced meat and vegetables served with yogurt.",66.0,https://images.deliveryhero.io/image/talabat/Menuitems/mmw_638254764767718820?width=172&amp;height=172
Mloukhiyeh with Chicken,Fine cut mloukhiyeh served with chicken and white rice with nuts,58.0,https://images.deliveryhero.io/image/talabat/Menuitems/mmw_638302893577066730?width=172&amp;height=172
Sheikh El Mahashi,"Zucchini stuffed with spiced meat, served with white rice and nuts",60.0,https://images.deliveryhero.io/image/talabat/Menuitems/Sheikh_Al_mahashi638302940346701089.jpeg?width=172&amp;height=172
Chicken Freekeh,Half chicken and freekeh served with yoghurt side.,64.0,https://images.deliveryhero.io/image/talabat/Menuitems/mmw_638260757060392425?width=172&amp;height=172
Kubbeh Labeniah,Kubbeh in labeniah sauce served with rice and nuts.,58.0,https://images.deliveryhero.io/image/talabat/Menuitems/mmw_638302894600491452?width=172&amp;height=172
Lamb Maqlobeh,"Special marinated lamb piece from leg, rice with vegetables served with yogurt side.",65.0,https://images.deliveryhero.io/image/talabat/Menuitems/Lamb_maqluba638302939262907930.jpeg?width=172&amp;height=172
Chicken Maqlobeh,"Chicken, rice with vegetables served with yogurt side",64.0,https://images.deliveryhero.io/image/talabat/Menuitems/maqluba638261220065191781.jpeg?width=172&amp;height=172
Lamb Kabseh,Saudi lamb kabseh with nuts and raisins served with special sauce,65.0,https://images.deliveryhero.io/image/talabat/Menuitems/Lamb_kabseh638302939162050115.jpeg?width=172&amp;height=172
Chicken Kabseh,Saudi chicken kabseh with nuts and raisins served with special sauce,64.0,https://images.deliveryhero.io/image/talabat/Menuitems/kabseh638261220134927675.jpeg?width=172&amp;height=172
Jordanian Mansaf ,Jordanian Mansaf served with jameed and green salad side- ,0.0,https://images.deliveryhero.io/image/talabat/Menuitems/Jordanian_Mansaf_bulk638302938961694942.jpeg?width=172&amp;height=172
Chicken Maqlubeh,Chicken Maqlubeh rice with vegetables and nuts served with yoghurt side,0.0,https://images.deliveryhero.io/image/talabat/Menuitems/maqluba638261216479333151.jpeg?width=172&amp;height=172
Chicken Kabseh,Saudi chicken Kabseh served with tomato sauce,0.0,https://images.deliveryhero.io/image/talabat/Menuitems/mmw_638246224258252945?width=172&amp;height=172
Palestinian Chicken Musakhan ," Chicken, onion and sumak spice in olive oil served with bread and yoghurt side.",0.0,https://images.deliveryhero.io/image/talabat/Menuitems/mmw_638254751373112256?width=172&amp;height=172
Chicken Auzi,,0.0,https://images.deliveryhero.io/image/talabat/Menuitems/Chicken_ouzi__item_missin638200786215479651.jpeg?width=172&amp;height=172
Freekeh With Chicken,Freekeh with chicken served with yoghurt,0.0,https://images.deliveryhero.io/image/talabat/Menuitems/mmw_638254705281869905?width=172&amp;height=172
Musakhan Rolls,"5 pieces. Baked filo pastry filled with spiced minced chicken, onions, and pine nuts",25.0,https://images.deliveryhero.io/image/talabat/Menuitems/Musakhan_rolls638302939820473330.jpeg?width=172&amp;height=172
Mixed Appetizer Platter,A mix of your favourite hot and cold appetizers served in one platter,50.0,https://images.deliveryhero.io/image/talabat/Menuitems/Appetizer_platter638302938616223634.jpeg?width=172&amp;height=172
Cheese Rolls,"5 pieces, cheese filled in spring roll wrappers",22.0,https://images.deliveryhero.io/image/talabat/Menuitems/mmw_638254690844025960?width=172&amp;height=172
Fried Kibbeh,5 pieces. Deep fried bulgur and ground meat mixture stuffed with spiced beef,25.0,https://images.deliveryhero.io/image/talabat/Menuitems/Yalla_Mansaf_Beef_Fried_K638198317124632893.jpg?width=172&amp;height=172
White Cheese Sambousek,5 pieces. Crispy pastry filled with creamy white cheese,20.0,https://images.deliveryhero.io/image/talabat/Menuitems/mmw_638255209996606299?width=172&amp;height=172
Meat Sambousek,5 pieces. Crispy pastry filled with seasoned ground beef,25.0,https://images.deliveryhero.io/image/talabat/Menuitems/1638203414018311100.jpg?width=172&amp;height=172
Vegetables Sambousek,5 pieces. Crispy pastry filled with a flavorful blend of mixed vegetables,20.0,https://images.deliveryhero.io/image/talabat/Menuitems/3638203413409254652.jpg?width=172&amp;height=172
Yoghurt,170 gram yoghurt,5.0,https://images.deliveryhero.io/image/talabat/Menuitems/mmw_638302978726785248?width=172&amp;height=172
Hummus,"Classic Middle Eastern dip made with mashed chickpeas, tahini, olive oil, and lemon juice",16.0,https://images.deliveryhero.io/image/talabat/Menuitems/Yalla_Mansaf_Hummus_prvn638198317137920175.jpg?width=172&amp;height=172
Muttabal,"Tangy eggplant dip made with roasted eggplant, garlic, lemon juice, and parsley",16.0,https://images.deliveryhero.io/image/talabat/Menuitems/Yalla_Mansaf_Muttabal_prv638198317135026692.jpg?width=172&amp;height=172
Yogurt with Cucumber Salad,"Refreshing salad made with yogurt, diced cucumber, mint, and garlic",16.0,https://images.deliveryhero.io/image/talabat/Menuitems/Yalla_Mansaf_Yogurt_with_638198317056456924.jpg?width=172&amp;height=172
Vegetable Platter,Platter with a variety of fresh vegetables.,20.0,https://images.deliveryhero.io/image/talabat/Menuitems/mmw_638258601046375163?width=172&amp;height=172
Date Salad,Our special fresh green salad with dates cheese and walnuts.,30.0,https://images.deliveryhero.io/image/talabat/Menuitems/mmw_638258603009208217?width=172&amp;height=172
Tabouleh,"Traditional salad made of bulgur, tomato, and finely chopped parsley and mint seasoned with olive oil, lemon juice and salt.",23.0,https://images.deliveryhero.io/image/talabat/Menuitems/mmw_638258602489715893?width=172&amp;height=172
Fattoush,"Salad made with mixed greens, vegetables, and crispy pieces of toasted bread.",20.0,https://images.deliveryhero.io/image/talabat/Menuitems/mmw_638258604681380633?width=172&amp;height=172
Rocca Salad,"Arugula leaves, cherry tomatoes, sliced red onions, and crumbled feta cheese.",20.0,https://images.deliveryhero.io/image/talabat/Menuitems/Rocco_salad638302940226702727.jpeg?width=172&amp;height=172
"Falahieh Salad
","Fresh and crunchy salad made with lettuce, tomatoes, cucumbers, radishes, and herbs, dressed with simple lemon and olive oil dressing",18.0,https://images.deliveryhero.io/image/talabat/Menuitems/Yalla_Mansaf_Falahieh_Sal638198317113298330.jpg?width=172&amp;height=172
Arabic Salad,"Colorful and flavorful salad made with mix of fresh vegetables, herbs, spices and dressed with lemon oil dressing.",16.0,https://images.deliveryhero.io/image/talabat/Menuitems/Yalla_Mansaf_Arabic_Salad638198316962222846.jpg?width=172&amp;height=172
Extra Jameed Bowl,400ml Jordanian Jameed,22.0,https://images.deliveryhero.io/image/talabat/Menuitems/Yalla_Mansaf_extra_jameed638198317059386540.jpg?width=172&amp;height=172
Extra Meat Lamb, 275gram lamb piece from leg marinated with jameed,28.0,https://images.deliveryhero.io/image/talabat/Menuitems/Yalla_Mansaf_extra_meat_p638198317103033732.jpg?width=172&amp;height=172
Extra Shrak Bread,,5.0,https://images.deliveryhero.io/image/talabat/Menuitems/Yalla_Mansaf_extra_shrak_638198317095548750.jpg?width=172&amp;height=172
Extra Nuts Small Box,,8.0,https://images.deliveryhero.io/image/talabat/Menuitems/Yalla_Mansaf_Extra_Nuts_p638198316981933620.jpg?width=172&amp;height=172
Extra Half Chicken,Half chicken marinated with our special sauce and spices.,23.0,https://images.deliveryhero.io/image/talabat/Menuitems/Yalla_Mansaf_Extra_Half_C638198317107316113.jpg?width=172&amp;height=172
Extra Musakhan Bread,Our special bread with onion and sumaq cooked in olive oil and drizzled with almonds ,20.0,https://images.deliveryhero.io/image/talabat/Menuitems/Yalla_Mansaf_Extra_Musakh638198317141469301.jpg?width=172&amp;height=172
Extra Molokheyyeh Bowl,400gram molokhiya bowl,15.0,https://images.deliveryhero.io/image/talabat/Menuitems/Yalla_Mansaf_Extra_Molokh638198317135681623.jpg?width=172&amp;height=172
Extra Freekeh Bowl,450 gram of freekeh,20.0,https://images.deliveryhero.io/image/talabat/Menuitems/Yalla_Mansaf_Extra_Freeke638198317133964656.jpg?width=172&amp;height=172
Extra Rice Plate,,12.0,https://images.deliveryhero.io/image/talabat/Menuitems/mmw_638200362648820995?width=172&amp;height=172
Extra Mansaf Rice,450 gram mansaf rice,16.5,https://images.deliveryhero.io/image/talabat/Menuitems/mmw_638259854122420276?width=172&amp;height=172
Mineral Water,Mineral water,6.0,https://images.deliveryhero.io/image/talabat/Menuitems/Yalla_Mansaf_Water_prvn3638198315697616874.jpg?width=172&amp;height=172
Shanineh,,8.0,
Laban Ayran,,8.0,https://images.deliveryhero.io/image/talabat/Menuitems/WhatsApp_Image_20230914_a638302941056648192.jpeg?width=172&amp;height=172
Perrier Sparkling Water,,12.0,https://images.deliveryhero.io/image/talabat/Menuitems/perrier638302939933791609.jpeg?width=172&amp;height=172
Orange Juice,,14.0,https://images.deliveryhero.io/image/talabat/Menuitems/WhatsApp_Image_20230914_a638302940889499444.jpeg?width=172&amp;height=172
Pepsi,Soft drink,8.0,https://images.deliveryhero.io/image/talabat/Menuitems/Yalla_Mansaf_Pepsi_prvn2638198315695307510.jpg?width=172&amp;height=172
Mirinda,Soft drink,8.0,https://images.deliveryhero.io/image/talabat/Menuitems/Yalla_Mansaf_miranda_prvn638198315683620713.jpg?width=172&amp;height=172
7 UP,Soft Drink,8.0,https://images.deliveryhero.io/image/talabat/Menuitems/Yalla_Mansaf_7_up_prvn638198315348912932.jpg?width=172&amp;height=172
7 Up Light,Soft Drink,8.0,https://images.deliveryhero.io/image/talabat/Menuitems/Yalla_Mansaf_7_up_light_p638201588621271509.jpg?width=172&amp;height=172
Pepsi Diet,Soft Drink,8.0,https://images.deliveryhero.io/image/talabat/Menuitems/Image638207034355152776.jpg?width=172&amp;height=172
Umm Ali,"Traditional Egyptian bread pudding, layered with puff pastry, milk, and cream, and sprinkled with lots of nuts, raisins and coconut ",18.0,https://images.deliveryhero.io/image/talabat/Menuitems/Umm_ali638302940581937090.jpeg?width=172&amp;height=172
