item_name,item_description,item_price,item_image
Ur Acai,"A cup of acai contains 3 types of fruits of your choice with a bottle of peanut butter sauce, and you can make it according to your taste.",0.0,https://images.deliveryhero.io/image/talabat/Menuitems/blob_637799057347766035?width=172&amp;height=172
Ur Destination Pan Cake,"Satisfy yourself with Ur Destination mini pancake, choose the sauce you want to put on your warm and fluffy mini pancakes.",0.0,https://images.deliveryhero.io/image/talabat/Menuitems/mmw_638240683158026910?width=172&amp;height=172
Spicy Guava,"Guava, lemon, chill and hot sauce.",35.0,https://images.deliveryhero.io/image/talabat/Menuitems/blob_637376296776218642?width=172&amp;height=172
Small Mixed Fruits Plate For Sharing,"An amazing small plate of mixed fruits in a wonderful design for 5 persons. You can gift it to your loved one!
",195.0,https://images.deliveryhero.io/image/talabat/Menuitems/mmw_638241524877203513?width=172&amp;height=172
Salty And Spicy Orange,Cup of orange with our secret sauce. You can shape it to suit your own taste.,35.0,https://images.deliveryhero.io/image/talabat/Menuitems/blob_637501527960931180?width=172&amp;height=172
Letter Biscuits,Delight your children with crisp and delicious biscuits in the shape of letters so that they can learn and enjoy eating it at the same time.,8.0,https://images.deliveryhero.io/image/talabat/Menuitems/mmw_638232676813456138?width=172&amp;height=172
Deluxe Dates Box,Gift yourself or your loved one this beautiful box containing the best types of dates.,70.0,https://images.deliveryhero.io/image/talabat/Menuitems/mmw_638213020140544656?width=172&amp;height=172
Signature Fruit Plate,"Signature fruit box from urdestination consists of a glass plate containing 5 layers of premium fruits. Share it with your loved one! Also you can add a special bouquet with this box.	
",400.0,https://images.deliveryhero.io/image/talabat/Menuitems/mmw_638245975755259327?width=172&amp;height=172
Love Box,"Love box is back!!! Gift box for ur love ones that consists of a red candle, a box of belgiaqn chocolate, glass cups & 2 delicious rose mojito. Also you can add a special bouquet with this box.",300.0,https://images.deliveryhero.io/image/talabat/Menuitems/mmw_638245977437270250?width=172&amp;height=172
Karkadeh Box,Treat yourself and your beloved ones with the delighted ur destination karkadeh juice along with a mouthwatering chocolate fondant in our special karkadeh box. Also you can add a special bouquet with this box.,300.0,https://images.deliveryhero.io/image/talabat/Menuitems/mmw_638246307682453617?width=172&amp;height=172
Hot Chocolate Box,"Special hot chocolate box from urdestination. Consists : 8 pcs belgian chocolate box , 1 bottle of whipped cream, and 1 ltr hot chocolate flask with 8 cups & 1 ur special bag.Also you can add a special bouquet with this box.
",300.0,https://images.deliveryhero.io/image/talabat/Menuitems/mmw_638245980607811588?width=172&amp;height=172
Special Box With Mini Fruits,"The luxurious fruit box contains 12 or 24 mini cups of fruits, according to your desire. Share it with your loved one! Also, you can add a special bouquet with this box.
",0.0,https://images.deliveryhero.io/image/talabat/Menuitems/mmw_638245979655857702?width=172&amp;height=172
Ur Acai,"A cup of acai contains 3 types of fruits of your choice with a bottle of peanut butter sauce, and you can make it according to your taste.",0.0,https://images.deliveryhero.io/image/talabat/Menuitems/blob_637799057347766035?width=172&amp;height=172
SMOOTHIE ACAI,"ACAI SMOOTHIE WITH STRAWBERRY AND MIXBERRY WITH PEANUT BUTTER, AND YOU CAN MAKE IT ACCORDING TO YOUR TASTE.",45.0,https://images.deliveryhero.io/image/talabat/Menuitems/mmw_638245924981164077?width=172&amp;height=172
Sharing Acai Box 5 Big Cups.,"Special ice box made up of 5 large cups of acai with topping of ur choice.
",300.0,https://images.deliveryhero.io/image/talabat/Menuitems/mmw_638245934263986164?width=172&amp;height=172
Acai Box ,A gallon of premium acai 3.2kg.,300.0,https://images.deliveryhero.io/image/talabat/Menuitems/blob_637368390964082142?width=172&amp;height=172
Organic Acai Box,A gallon of organic acai 2ltr.,200.0,https://images.deliveryhero.io/image/talabat/Menuitems/mmw_638240607459373336?width=172&amp;height=172
Salty And Spicy Mango,A cup of mango slices with our secret sauce. You can shape it to suit your own taste.,35.0,https://images.deliveryhero.io/image/talabat/Menuitems/blob_637501523278165691?width=172&amp;height=172
Spicy Guava,"Guava, lemon, chill and hot sauce.",35.0,https://images.deliveryhero.io/image/talabat/Menuitems/blob_637376296776218642?width=172&amp;height=172
Salty And Spicy Orange,Cup of orange with our secret sauce. You can shape it to suit your own taste.,35.0,https://images.deliveryhero.io/image/talabat/Menuitems/blob_637501527960931180?width=172&amp;height=172
Salty And Spicy Pineapple,A cup of pineapple cubes with our secret sauce. You can shape it to suit your own taste.,35.0,https://images.deliveryhero.io/image/talabat/Menuitems/blob_637501526763536462?width=172&amp;height=172
Guava Mix Mango Salty And Spicy,A cup of mango slices mix with guava cubes with our secret sauce. You can shape it to suit your own taste.,40.0,https://images.deliveryhero.io/image/talabat/Menuitems/blob_637538174040098217?width=172&amp;height=172
Nutella Banana,A cup of fresh banana slices with nutella chocolate.,38.0,https://images.deliveryhero.io/image/talabat/Menuitems/blob_637538163945750661?width=172&amp;height=172
Nutella Strawberries,"A cup of fresh strawberry slices with Nutella chocolate.
",42.0,https://images.deliveryhero.io/image/talabat/Menuitems/blob_637538162639788366?width=172&amp;height=172
Nutella Mix Tutifruiti,"A cup of mix fresh fresh fruit contains strawberry, watermelon, melon, pineapple, dragon fruit, kiwi and green grapes with Nutella chocolate",48.0,https://images.deliveryhero.io/image/talabat/Menuitems/blob_637538166778165669?width=172&amp;height=172
Mixed Berry Cup,"A cup of fresh mixed berry blueberry, blackberry and raspberry.",50.0,https://images.deliveryhero.io/image/talabat/Menuitems/mmw_638255238958225989?width=172&amp;height=172
Mix Tutifruiti Cup,"A cup of mix fresh fruit contains: strawberry, watermelon, melon, pineapple, dragon fruit, kiwi and green grapes",45.0,https://images.deliveryhero.io/image/talabat/Menuitems/blob_637501417267443633?width=172&amp;height=172
Dragon Fruit Cup,A cup of fresh dragon fruit,45.0,https://images.deliveryhero.io/image/talabat/Menuitems/blob_637501420718201960?width=172&amp;height=172
Water Melon Fruits Cup,A cup of fresh watermelon balls.,35.0,https://images.deliveryhero.io/image/talabat/Menuitems/blob_637501418201224453?width=172&amp;height=172
Melon Fruits Cup,A cup of fresh sweet melon balls,35.0,https://images.deliveryhero.io/image/talabat/Menuitems/blob_637501417900361828?width=172&amp;height=172
Pinapple Fruit Cup,A cup of fresh pineappple cubes.,35.0,https://images.deliveryhero.io/image/talabat/Menuitems/blob_637501418738998178?width=172&amp;height=172
Strawberry Fruit Salad,Strawberry fruit.,35.0,https://images.deliveryhero.io/image/talabat/Menuitems/blob_637501416631153186?width=172&amp;height=172
KIWI FRUIT CUP,A CUP OF FRESH KIWI SLICES.,35.0,https://images.deliveryhero.io/image/talabat/Menuitems/blob_637501416153721243?width=172&amp;height=172
Pomegranate Fruit Cup,A cup of fresh pomegranate fruit.,35.0,https://images.deliveryhero.io/image/talabat/Menuitems/Pomegranate_Fruit_Sa_637078624941436031.jpg?width=172&amp;height=172
Ur Destination Brownies,"Satisfy yourself with ur destination brownie, choose the sauce you want to put on your luxurious brownie and the delicious ice cream ball.",0.0,https://images.deliveryhero.io/image/talabat/Menuitems/Nutella_browinies_636860198484181877.jpg?width=172&amp;height=172
Ur Destination Pan Cake,"Satisfy yourself with Ur Destination mini pancake, choose the sauce you want to put on your warm and fluffy mini pancakes.",0.0,https://images.deliveryhero.io/image/talabat/Menuitems/mmw_638240683158026910?width=172&amp;height=172
Ur Destination Crepe,"Satisfy yourself with Ur Destination crepe, choose the sauce you want to put on your warm and fluffy crepe.",0.01,https://images.deliveryhero.io/image/talabat/Menuitems/mmw_638240710089922098?width=172&amp;height=172
Ur Destination Cheesecake,"Satisfy yourself with ur destination cheesecake, with the chocolate sauce of ur choice to put on the special cheesecake.",0.0,https://images.deliveryhero.io/image/talabat/Menuitems/mmw_638245940537983293?width=172&amp;height=172
Vanilla Icecream,"a cup of delicious vanilla ice cream, and you can add any flavour from ur choice.",32.5,https://images.deliveryhero.io/image/talabat/Menuitems/mmw_638245966940526910?width=172&amp;height=172
Sharing Fresh Box 100ml,"A wonderful box for sharing, to satisfy yourself and those around you, with our most delicious juices or mojitos or Spanish latte. In 100ml bottles. ",0.0,https://images.deliveryhero.io/image/talabat/Menuitems/WhatsApp_Image_2020-_637214616400266919.jpg?width=172&amp;height=172
SHARING FRESH BOX 200ml,"A WONDERFUL BASKET FOR SHARING, TO SATISFY YOURSELF AND THOSE AROUND YOU, WITH OUR MOST DELICIOUS JUICES OR MOJITOS OR SPANISH LATTE, IN 200 ML BOTTLES",0.0,https://images.deliveryhero.io/image/talabat/Menuitems/Fresh_box_medium_636860198446725922.jpg?width=172&amp;height=172
Vip Basket Fresh 100 Ml,"A wonderful basket for sharing, to satisfy yourself and those around you, with our most delicious juices or mojitos or spanish latte. In 100ml bottles. 
",0.0,https://images.deliveryhero.io/image/talabat/Menuitems/WhatsApp_Image_2020-_637214427892558248.jpg?width=172&amp;height=172
Vip Basket Fresh 200ml,"A wonderful basket for sharing, to satisfy yourself and those around you, with our most delicious juices or mojitos or spanish latte. In 200 ml bottles. ",0.0,https://images.deliveryhero.io/image/talabat/Menuitems/WhatsApp_Image_2020-_637214424864714181.jpg?width=172&amp;height=172
Watermelon Cake,"A watermelon plate in the shape of a cake, you can choose the number of floors you want and decorate with blueberries, fresh strawberries, melons and green grapes, to share with your loved ones! A special design can be added to this template.",0.0,https://images.deliveryhero.io/image/talabat/Menuitems/WhatsApp_Image_2020-_637225587268198505.jpg?width=172&amp;height=172
Banana And Watermelon And Strawberries With Nuttella,"A plate of banana and watermelon covered with nutella chocolate and garnished with fresh strawberries, to share with your loved ones!
",110.0,https://images.deliveryhero.io/image/talabat/Menuitems/WhatsApp_Image_2020-_637215460718811058.jpg?width=172&amp;height=172
Mix Fruit With Cones,"A special plate contains 8 pieces of ice cream biscuits, and inside each piece are different fruits strawberry, pineapple, watermelon, kiwi, dragon fruit, melon, blueberry, and mango, to share with your loved ones!
",150.0,https://images.deliveryhero.io/image/talabat/Menuitems/WhatsApp_Image_2020-_637215463000118393.jpg?width=172&amp;height=172
Mixed Fruits Meshkak,"A special plate contains 8 sticks of mishkak containing different fruits (watermelon, melon, pineapple, dragon fruit, blackberry) and decorated with kiwi and blueberries, to share with your loved ones! And you can increase the number of meshkak as you like.
",85.0,https://images.deliveryhero.io/image/talabat/Menuitems/WhatsApp_Image_2020-_637215476012441013.jpg?width=172&amp;height=172
Watermelon With Banana And BlueBerry Plate,"A plate of watermelon, strawberry, dragon fruit and kiwi with 4 sticks of banana and blueberry, to share with your loved ones!
",150.0,https://images.deliveryhero.io/image/talabat/Menuitems/WhatsApp_Image_2020-_637215459207499945.jpg?width=172&amp;height=172
Mango With Blueberry And Dragon Fruit Plate,"A plate decorated with 4 pieces of mango, dragon fruit and blueberries, to share with your loved ones",100.0,https://images.deliveryhero.io/image/talabat/Menuitems/WhatsApp_Image_2020-_637215455954098982.jpg?width=172&amp;height=172
BlueBerry With Kiwi And Drafon Fruit Plate,"A plate of blueberries and dragon fruits garnished with hearts of kiwi fruit, To share with your loved ones",100.0,https://images.deliveryhero.io/image/talabat/Menuitems/WhatsApp_Image_2020-_637215448939813647.jpg?width=172&amp;height=172
 Pineapple With Mix Fruit,"A plate contains two full halves of pineapple fruit, hollowed out, and mixed fruits inside watermelon, cantaloupe, pineapple, dragon fruit, mango, kiwi and blueberries to share with your loved ones",200.0,https://images.deliveryhero.io/image/talabat/Menuitems/WhatsApp_Image_2020-_637215445626455272.jpg?width=172&amp;height=172
Melon With Mix Fruit,"A plate contains two full halves of melon fruit, hollowed out, and mixed fruits inside (watermelon, cantaloupe, pineapple, dragon fruit, mango, kiwi and blueberries). To share with your loved ones!
",200.0,https://images.deliveryhero.io/image/talabat/Menuitems/WhatsApp_Image_2020-_637215437451228584.jpg?width=172&amp;height=172
Watermelon Heart With Strawberry And Blackberry Plate,"A wonderful serving plate that contains 12 wooden sticks of red watermelon in the shape of a heart, blueberries and 10 wooden sticks of strawberries, decorated with balls of dragon fruit. To share with your loved ones",165.0,https://images.deliveryhero.io/image/talabat/Menuitems/WhatsApp_Image_2020-_637225591335095627.jpg?width=172&amp;height=172
7 Mixed Fruits Cups,"A box of ice contains 7 cups of mix tutti frutti (strawberry, watermelon, melon, pineapple, dragon fruit, kiwi and green grapes), to share with your loved ones!
",250.0,https://images.deliveryhero.io/image/talabat/Menuitems/WhatsApp_Image_2020-_637215474031646072.jpg?width=172&amp;height=172
Special Nargill Box 6 PCS,"A box of ice contains 6 pieces of coconut, with mixed fruits inside (strawberry, watermelon, melon, pineapple, dragon fruit and kiwi) garnished with mango and strawberry, to share with your loved ones",250.0,https://images.deliveryhero.io/image/talabat/Menuitems/WhatsApp_Image_2020-_637215478961977840.jpg?width=172&amp;height=172
Small Mixed Fruits Plate For Sharing,"An amazing small plate of mixed fruits in a wonderful design for 5 persons. You can gift it to your loved one!
",195.0,https://images.deliveryhero.io/image/talabat/Menuitems/mmw_638241524877203513?width=172&amp;height=172
Medium Mixed Fruits Plate For Sharing,An amazing medium plate of mixed fruits in a wonderful design for 7 persons. You can gift it to your loved one,300.0,https://images.deliveryhero.io/image/talabat/Menuitems/mmw_638241507106954427?width=172&amp;height=172
Large Mixed Fruits Plate For Sharing,"An amazing big plate of mixed fruits in a wonderful design for 10 persons. You can gift it to your loved one!
",350.0,https://images.deliveryhero.io/image/talabat/Menuitems/mmw_638241510191138405?width=172&amp;height=172
Rabbit watermelon,"Watermelon plate on bunny shape garnished with dragon fruit and fresh melon.  To share with your loved ones!
",200.0,https://images.deliveryhero.io/image/talabat/Menuitems/WhatsApp_Image_2020-_637229908110109303.jpg?width=172&amp;height=172
Fresh Juices,"Choose any juice you want like avocado, strawberry, mango. We have the best and fresh fruits to offer you a natural and delicious juice.",0.0,https://images.deliveryhero.io/image/talabat/Menuitems/mmw_638245948229282035?width=172&amp;height=172
Monaesh,"Fresh juice made up of, kiwi, strawberry, mango and avocado.",0.0,https://images.deliveryhero.io/image/talabat/Menuitems/Refreshing_636625314456818937.jpg?width=172&amp;height=172
Flawed Heart,"Fresh juice made up fresh strawberry, fresh mango and vailla ice cream
",0.0,https://images.deliveryhero.io/image/talabat/Menuitems/Flawed_heart_636860195658784324.jpg?width=172&amp;height=172
Anta Omri,"Fresh juice made up of avocado, fresh mango and vanilla ice cream flavoured with peach",0.0,https://images.deliveryhero.io/image/talabat/Menuitems/blob_637501394031252336?width=172&amp;height=172
Florida,"Fresh juice that consists of 3 layers, first, fresh mango juice then a layer of fresh guava juice and finally a layer of fresh strawberry juice",0.0,https://images.deliveryhero.io/image/talabat/Menuitems/blob_637501394929248004?width=172&amp;height=172
Super Power,"Fresh juice made up of avocado mixed with our special natural honey and Aleppo pistachio nuts
",0.0,https://images.deliveryhero.io/image/talabat/Menuitems/Dite_time_6368601957_637216773929951401.jpg?width=172&amp;height=172
Wadimah,"Fresh juice made up of, avocado with our special pistachio sauce.",0.0,https://images.deliveryhero.io/image/talabat/Menuitems/Raai_mansoorh_636860201852430839.jpg?width=172&amp;height=172
Hamed,Fresh juice made up of guava flavoured with blueberries,0.0,https://images.deliveryhero.io/image/talabat/Menuitems/blob_637501394594702158?width=172&amp;height=172
Raai Mansorah,Fresh juice made up of guava flavoured with strawberry,0.0,https://images.deliveryhero.io/image/talabat/Menuitems/De_CAVARI_636860195689073408.jpg?width=172&amp;height=172
Ainawy,Fresh juice made up of guava flavoured with mix berries.,0.0,https://images.deliveryhero.io/image/talabat/Menuitems/ANAWY_636860195707831431.jpg?width=172&amp;height=172
Fatooma,FRESH JUICE MADE UP OF STRAWBERRY AND RASPBERRY.,0.0,https://images.deliveryhero.io/image/talabat/Menuitems/Fatoma_636860195678293060.jpg?width=172&amp;height=172
Jumairah,"Fresh juice made up of one floor guava juice, another floor with avocado juice and designed with peach flavour.",0.0,https://images.deliveryhero.io/image/talabat/Menuitems/Dite_time_6368601957_637216771336613236.jpg?width=172&amp;height=172
Dubai,"Fresh juice made up of avocado, mango, strawberry and ice cream.
",0.0,https://images.deliveryhero.io/image/talabat/Menuitems/WhatsApp_Image_2020-_637216772157715694.jpg?width=172&amp;height=172
Reem,"Fresh juice made up of pineapple, strawbeerry, banana and ice cream vanilla.",0.0,https://images.deliveryhero.io/image/talabat/Menuitems/Dite_time_6368601957_637216773404270834.jpg?width=172&amp;height=172
Mariam,Fresh juice made up of strawberry and avocado.,0.0,https://images.deliveryhero.io/image/talabat/Menuitems/Marina_gold_636860198504060959.jpg?width=172&amp;height=172
Crystal,"Fresh juice made up of sweet melon, mango and ice cream.",0.0,https://images.deliveryhero.io/image/talabat/Menuitems/mmw_638245968934271634?width=172&amp;height=172
Burning Fat,"A luxurious cup of vitamins containing fresh fruits pineapple, kiwi and orange.",0.0,https://images.deliveryhero.io/image/talabat/Menuitems/burningfat_636625311326150779.jpg?width=172&amp;height=172
Diet Destination,"A luxurious cup of vitamins containing fresh fruits ( pineapple, strawberry, pomegranate and orange)",0.0,https://images.deliveryhero.io/image/talabat/Menuitems/Dite_destination_636860195716709949.jpg?width=172&amp;height=172
Diet Time,A luxurious cup of vitamins containing fresh fruits  pineapple and kiwi,0.0,https://images.deliveryhero.io/image/talabat/Menuitems/Dite_time_636860195726849687.jpg?width=172&amp;height=172
Nutella Milk Shake,"Our special milkshake made with premium ice cream with nutella chocolate, it is the perfect treat to satisfy yourself.
",33.99,https://images.deliveryhero.io/image/talabat/Menuitems/NUTELLA_MILK_SHAKE_636860201861239312.jpg?width=172&amp;height=172
Kinder Milk Shake,"Our special milkshake made with premium ice cream with kinder sauce, it is the perfect treat to satisfy yourself",33.99,https://images.deliveryhero.io/image/talabat/Menuitems/mmw_638232690341605939?width=172&amp;height=172
Pistachio Milk Shake,Our special milkshake made with premium ice cream with pistachio sauce and it is the perfect treat to satisfy yourself,33.99,https://images.deliveryhero.io/image/talabat/Menuitems/PISTACHIO_MILK_SHAKE_636860201870388077.jpg?width=172&amp;height=172
Lotus Milk Shake,"Our special milkshake made with premium ice cream with lotus sauce, it is the perfect treat to satisfy yourself.",33.99,https://images.deliveryhero.io/image/talabat/Menuitems/lotus_milk_shake_636860198522138312.jpg?width=172&amp;height=172
Oreo Milk Shake,"OUR SPECIAL MILKSHAKE MADE WITH PREMIUM ICE CREAM WITH OREO CHOCOLATE, IT IS THE PERFECT TREAT TO SATISFY YOURSELF.",33.99,https://images.deliveryhero.io/image/talabat/Menuitems/Oreo_Milk_Shake_637075165990168059.jpg?width=172&amp;height=172
Oreo Strawberry Milk Shake,"OUR SPECIAL MILKSHAKE MADE WITH PREMIUM ICE CREAM WITH STRAWBERRY FRUIT AND OREO CHOCOLATE, IT IS THE PERFECT TREAT TO SATISFY YOURSELF.",35.0,https://images.deliveryhero.io/image/talabat/Menuitems/mmw_638232691951417603?width=172&amp;height=172
Nutella And Banana Milk Shake,"OUR SPECIAL MILKSHAKE MADE WITH PREMIUM ICE CREAM WITH BANANA FRUIT AND MILK, IT IS THE PERFECT TREAT TO SATISFY YOURSELF.",35.0,https://images.deliveryhero.io/image/talabat/Menuitems/Nutella_And_Banana_M_637075166000407880.jpg?width=172&amp;height=172
Mojito Rose,"Mojito made with either, 7up, redbull, or oronamin c, flavoured with strawberry, pomegranate with fresh mint and lemon juice",0.0,https://images.deliveryhero.io/image/talabat/Menuitems/mmw_638232686065205090?width=172&amp;height=172
Mojito Passion ,"Mojito made with either, 7up, Red Bull, or oronamin c, flavoured with passion fruit with fresh mint, and lemon juice.",0.0,
Mojito Strswberry,"Mojito made with either, 7Up,  Red Bull, or oronamin c, flavoured with strawberry with fresh mint, and lemon juice.",0.0,
Mojito Blueberry,"MOJITO MADE WITH EITHER, 7UP, REDBULL, OR ORONAMIN C, FLAVOURED WITH BLUEBERRY WITH FRESH MINT and LEMON JUICE",0.0,
Mojito Blackberry,"Mojito made with either, 7up, redbull, or oronamin c, flavoured with blackberry with fresh mint and lemon juice",0.0,
Mojito Mixberry,"Mojito made with either, 7up, redbull, or oronamin c, flavoured with mix berries with fresh mint and lemon juice",0.0,
Mojito Green Apple,"
Mojito made with either, 7 Up, Red Bull, or oronamin c, flavoured with green apple with fresh mint and lemon juice",0.0,https://images.deliveryhero.io/image/talabat/Menuitems/mmw_638245960751184570?width=172&amp;height=172
Mojito Pomegranate,"Mojito made with either, 7up, redbull, or ornament c, flavored with pomegranate with fresh mint  and lemon juice",0.0,
Classic Mojito,"Mojito made with either, 7 up, redbull, or oronamin c, flavoured with lemon mint with fresh mint and lemon juice",0.0,
Watermelon Mojito,"Mojito made with either 7up, redbull or oronamin c, flavoured with watermelon with fresh mint and lemon juice",0.0,https://images.deliveryhero.io/image/talabat/Menuitems/mmw_638232691066389423?width=172&amp;height=172
Ice Spanish Latte,"A sweet, creamy combination of sweetened milk, espresso and fresh milk served over ice, it's the perfect treat when you just want to indulge in something sweet. Regular size.",40.0,https://images.deliveryhero.io/image/talabat/Menuitems/WhatsApp_Image_2020-_637215480457422008.jpg?width=172&amp;height=172
Mini Spanish Latte,100 Ml,20.0,https://images.deliveryhero.io/image/talabat/Menuitems/WhatsApp_Image_2020-_637215482469062155.jpg?width=172&amp;height=172
Ice Pistachio Latte,"Made with pistachio cream, rich espresso, fresh milk and sweetened milk served over ice, it's the perfect treat when you just want to indulge in something sweet.",40.0,https://images.deliveryhero.io/image/talabat/Menuitems/mmw_638239858896307122?width=172&amp;height=172
Ice Saffron Latte,"Made with saffron flavored, rich espresso, fresh milk and sweetened milk served over ice, it's the perfect treat when you just want to indulge in something sweet.",40.0,https://images.deliveryhero.io/image/talabat/Menuitems/mmw_638239860458314877?width=172&amp;height=172
Ice Caramel Latte,"Made with rich espresso, fresh milk and caramel flavored served over ice, It's the perfect treat for those hot summer days.",40.0,https://images.deliveryhero.io/image/talabat/Menuitems/mmw_638239857836717751?width=172&amp;height=172
Cold Frappuccino,"Rich and roasted coffee beans to have the perfect espresso with fresh and sweetened milk, blended together with ice.",40.0,https://images.deliveryhero.io/image/talabat/Menuitems/mmw_638239872681255092?width=172&amp;height=172
Ice Latte,"Made with rich espresso and fresh milk served over ice, It's the perfect treat for those hot summer days.",33.0,https://images.deliveryhero.io/image/talabat/Menuitems/mmw_638239855010797687?width=172&amp;height=172
V60 COLD,Experience the bold and intense flavor of our freshly brewed V60 served over ice.,35.0,https://images.deliveryhero.io/image/talabat/Menuitems/mmw_638239867149288688?width=172&amp;height=172
Ice Amricano,"Rich espresso topped with cold water and served with ice, it's the perfect treat when you want to focus and do your studies, work or reading.",30.0,https://images.deliveryhero.io/image/talabat/Menuitems/mmw_638239870324063674?width=172&amp;height=172
Ur Iced Hot Chocolate,"Made with rich cocoa powder and fresh milk with sweetened milk, it's the perfect treat when you just want to indulge in something sweet.",30.0,https://images.deliveryhero.io/image/talabat/Menuitems/mmw_638239876976370520?width=172&amp;height=172
Al Ain Mineral Water,Water bottle 500 ml.,5.0,https://images.deliveryhero.io/image/talabat/Menuitems/blob_637503658791399786?width=172&amp;height=172
7 Up,Non-caffeinated soft drink,7.5,https://images.deliveryhero.io/image/talabat/Menuitems/7up_637089397465049207.jpg?width=172&amp;height=172
Oronamin C,Energy drink 120 ml.,12.5,https://images.deliveryhero.io/image/talabat/Menuitems/Oronamin_C_637089397445127355.jpg?width=172&amp;height=172
Red Bull,"Made with a blend of caffeine, taurine, and B-group vitamins, it's a perfect pick-me-up for those who need an extra energy boost to get through their day.",19.0,https://images.deliveryhero.io/image/talabat/Menuitems/red_bull_637089397475211417.jpg?width=172&amp;height=172
Rose Bouquet,"Gift yourself this red bouquet that was made with love, or gift it to your loved ones. 
",0.0,https://images.deliveryhero.io/image/talabat/Menuitems/mmw_638246294265531692?width=172&amp;height=172
Yellow Bouquet,"Gift yourself this yellow bouquet that was made with love, or gift it to your loved ones. 	",0.0,https://images.deliveryhero.io/image/talabat/Menuitems/mmw_638246295021868057?width=172&amp;height=172
White Bouquet,"Gift yourself this white bouquet that was made with love, or gift it to your loved ones.",0.0,https://images.deliveryhero.io/image/talabat/Menuitems/mmw_638246297412572014?width=172&amp;height=172
Mix Bouquet,"Gift yourself this bouquet mixed with many beautiful colors that was made with love, or gift it to your loved ones",0.0,https://images.deliveryhero.io/image/talabat/Menuitems/mmw_638246296055750824?width=172&amp;height=172
